ncols        102
nrows        193
xllcorner    477054.958769531222
yllcorner    6575719.071562499739
cellsize     500.000000000000
NODATA_value -1e100
 -1e100 -1e100 -1e100 -1e100 -1e100 -1e100 -1e100 -1e100 -1e100 -1e100 -1e100 -1e100 -1e100 -1e100 -1e100 -1e100 -1e100 -1e100 -1e100 -1e100 -1e100 -1e100 -1e100 -1e100 -1e100 -1e100 -1e100 -1e100 -1e100 -1e100 -1e100 -1e100 -1e100 -1e100 -1e100 -1e100 -1e100 -1e100 -1e100 -1e100 -1e100 -1e100 -1e100 -1e100 -1e100 -1e100 -1e100 -1e100 -1e100 -1e100 -1e100 -1e100 -1e100 -1e100 -1e100 -1e100 -1e100 -1e100 -1e100 -1e100 -1e100 -1e100 -1e100 -1e100 -1e100 -1e100 -1e100 -1e100 -1e100 -1e100 -1e100 -1e100 -1e100 -1e100 -1e100 -1e100 -1e100 -1e100 -1e100 -1e100 -1e100 -1e100 -1e100 -1e100 -1e100 -1e100 -1e100 -1e100 -1e100 -1e100 -1e100 -1e100 -1e100 -1e100 -1e100 -1e100 -1e100 -1e100 -1e100 -1e100 -1e100 -1e100
 -1e100 -1e100 -1e100 -1e100 -1e100 -1e100 -1e100 -1e100 -1e100 -1e100 -1e100 -1e100 -1e100 -1e100 -1e100 -1e100 -1e100 -1e100 -1e100 -1e100 -1e100 -1e100 -1e100 -1e100 -1e100 -1e100 -1e100 -1e100 -1e100 -1e100 -1e100 -1e100 -1e100 -1e100 -1e100 -1e100 -1e100 -1e100 -1e100 -1e100 -1e100 -1e100 -1e100 -1e100 -1e100 -1e100 -1e100 -1e100 -1e100 -1e100 -1e100 -1e100 -1e100 -1e100 -1e100 -1e100 -1e100 -1e100 -1e100 -1e100 -1e100 -1e100 -1e100 -1e100 -1e100 -1e100 -1e100 -1e100 -1e100 -1e100 -1e100 -1e100 -1e100 -1e100 -1e100 -1e100 -1e100 -1e100 -1e100 -1e100 -1e100 -1e100 -1e100 -1e100 -1e100 -1e100 -1e100 -1e100 -1e100 -1e100 -1e100 -1e100 -1e100 -1e100 -1e100 -1e100 -1e100 -1e100 -1e100 -1e100 -1e100 -1e100
 -1e100 -1e100 -1e100 -1e100 -1e100 -1e100 -1e100 -1e100 -1e100 -1e100 -1e100 -1e100 -1e100 -1e100 -1e100 -1e100 -1e100 -1e100 -1e100 -1e100 -1e100 -1e100 -1e100 -1e100 -1e100 -1e100 -1e100 -1e100 -1e100 -1e100 -1e100 -1e100 -1e100 -1e100 -1e100 -1e100 -1e100 -1e100 -1e100 -1e100 -1e100 -1e100 -1e100 -1e100 -1e100 -1e100 -1e100 -1e100 -1e100 -1e100 -1e100 -1e100 -1e100 20.171075820922851562 20.287691116333007812 20.452291488647460938 20.653322219848632812 -1e100 -1e100 -1e100 -1e100 -1e100 -1e100 -1e100 -1e100 -1e100 -1e100 -1e100 -1e100 -1e100 -1e100 -1e100 -1e100 -1e100 -1e100 -1e100 -1e100 -1e100 -1e100 -1e100 -1e100 -1e100 -1e100 -1e100 -1e100 -1e100 -1e100 -1e100 -1e100 -1e100 -1e100 -1e100 -1e100 -1e100 -1e100 -1e100 -1e100 -1e100 -1e100 -1e100 -1e100 -1e100
 -1e100 -1e100 -1e100 -1e100 -1e100 -1e100 -1e100 -1e100 -1e100 -1e100 -1e100 -1e100 -1e100 -1e100 -1e100 -1e100 -1e100 -1e100 -1e100 -1e100 -1e100 -1e100 -1e100 -1e100 -1e100 -1e100 -1e100 -1e100 -1e100 -1e100 -1e100 -1e100 -1e100 -1e100 -1e100 -1e100 -1e100 -1e100 -1e100 -1e100 -1e100 -1e100 -1e100 -1e100 -1e100 -1e100 -1e100 -1e100 -1e100 -1e100 -1e100 -1e100 19.51044464111328125 19.573244094848632812 19.696752548217773438 19.868106842041015625 20.073535919189453125 20.300264358520507812 -1e100 -1e100 -1e100 -1e100 -1e100 -1e100 -1e100 -1e100 -1e100 -1e100 -1e100 -1e100 -1e100 -1e100 -1e100 -1e100 -1e100 -1e100 -1e100 -1e100 -1e100 -1e100 -1e100 -1e100 -1e100 -1e100 -1e100 -1e100 -1e100 -1e100 -1e100 -1e100 -1e100 -1e100 -1e100 -1e100 -1e100 -1e100 -1e100 -1e100 -1e100 -1e100 -1e100 -1e100
 -1e100 -1e100 -1e100 -1e100 -1e100 -1e100 -1e100 -1e100 -1e100 -1e100 -1e100 -1e100 -1e100 -1e100 -1e100 -1e100 -1e100 -1e100 -1e100 -1e100 -1e100 -1e100 -1e100 -1e100 -1e100 -1e100 -1e100 -1e100 -1e100 -1e100 -1e100 -1e100 -1e100 -1e100 -1e100 -1e100 -1e100 -1e100 -1e100 -1e100 -1e100 -1e100 -1e100 -1e100 -1e100 -1e100 -1e100 -1e100 -1e100 -1e100 19.048389434814453125 18.956258773803710938 18.9476776123046875 19.015977859497070312 19.14697265625 19.324310302734375 19.532314300537109375 19.757762908935546875 19.990243911743164062 20.221759796142578125 -1e100 -1e100 -1e100 -1e100 -1e100 -1e100 -1e100 -1e100 -1e100 -1e100 -1e100 -1e100 -1e100 -1e100 -1e100 -1e100 -1e100 -1e100 -1e100 -1e100 -1e100 -1e100 -1e100 -1e100 -1e100 -1e100 -1e100 -1e100 -1e100 -1e100 -1e100 -1e100 -1e100 -1e100 -1e100 -1e100 -1e100 -1e100 -1e100 -1e100 -1e100 -1e100
 -1e100 -1e100 -1e100 -1e100 -1e100 -1e100 -1e100 -1e100 -1e100 -1e100 -1e100 -1e100 -1e100 -1e100 -1e100 -1e100 -1e100 -1e100 -1e100 -1e100 -1e100 -1e100 -1e100 -1e100 -1e100 -1e100 -1e100 -1e100 -1e100 -1e100 -1e100 -1e100 -1e100 -1e100 -1e100 -1e100 -1e100 -1e100 -1e100 -1e100 -1e100 -1e100 -1e100 -1e100 -1e100 -1e100 -1e100 -1e100 -1e100 18.761867523193359375 18.574636459350585938 18.474334716796875 18.466156005859375 18.53922271728515625 18.674869537353515625 18.853670120239257812 19.058816909790039062 19.277378082275390625 19.499790191650390625 19.718835830688476562 19.9293060302734375 20.12827301025390625 -1e100 -1e100 -1e100 -1e100 -1e100 -1e100 -1e100 -1e100 -1e100 -1e100 -1e100 -1e100 -1e100 -1e100 -1e100 -1e100 -1e100 -1e100 -1e100 -1e100 -1e100 -1e100 -1e100 -1e100 -1e100 -1e100 -1e100 -1e100 -1e100 -1e100 -1e100 -1e100 -1e100 -1e100 -1e100 -1e100 -1e100 -1e100 -1e100 -1e100
 -1e100 -1e100 -1e100 -1e100 -1e100 -1e100 -1e100 -1e100 -1e100 -1e100 -1e100 -1e100 -1e100 -1e100 -1e100 -1e100 -1e100 -1e100 -1e100 -1e100 -1e100 -1e100 -1e100 -1e100 -1e100 -1e100 -1e100 -1e100 -1e100 -1e100 -1e100 -1e100 -1e100 -1e100 -1e100 -1e100 -1e100 -1e100 -1e100 -1e100 -1e100 -1e100 -1e100 -1e100 -1e100 -1e100 -1e100 19.001558303833007812 18.69156646728515625 18.419681549072265625 18.219165802001953125 18.112768173217773438 18.103975296020507812 18.177675247192382812 18.311344146728515625 18.483608245849609375 18.677682876586914062 18.881624221801757812 19.08701324462890625 19.2874603271484375 19.478174209594726562 19.656423568725585938 19.822269439697265625 -1e100 -1e100 -1e100 -1e100 -1e100 -1e100 -1e100 -1e100 -1e100 -1e100 -1e100 -1e100 -1e100 -1e100 -1e100 -1e100 -1e100 -1e100 -1e100 -1e100 -1e100 -1e100 -1e100 -1e100 -1e100 -1e100 -1e100 -1e100 -1e100 -1e100 -1e100 -1e100 -1e100 -1e100 -1e100 -1e100 -1e100 -1e100 -1e100
 -1e100 -1e100 -1e100 -1e100 -1e100 -1e100 -1e100 -1e100 -1e100 -1e100 -1e100 -1e100 -1e100 -1e100 -1e100 -1e100 -1e100 -1e100 -1e100 -1e100 -1e100 -1e100 -1e100 -1e100 -1e100 -1e100 -1e100 -1e100 -1e100 -1e100 -1e100 -1e100 -1e100 -1e100 -1e100 -1e100 -1e100 -1e100 -1e100 -1e100 -1e100 -1e100 -1e100 -1e100 -1e100 -1e100 19.143474578857421875 18.825939178466796875 18.508554458618164062 18.228540420532226562 18.0209197998046875 17.909463882446289062 17.89642333984375 17.962804794311523438 18.083738327026367188 18.237874984741210938 18.410142898559570312 18.590105056762695312 18.770336151123046875 18.94499969482421875 19.109498977661132812 19.261198043823242188 19.400485992431640625 19.53087615966796875 19.658050537109375 -1e100 -1e100 -1e100 -1e100 -1e100 -1e100 -1e100 -1e100 -1e100 -1e100 -1e100 -1e100 -1e100 -1e100 -1e100 -1e100 -1e100 -1e100 -1e100 -1e100 -1e100 -1e100 -1e100 -1e100 -1e100 -1e100 -1e100 -1e100 -1e100 -1e100 -1e100 -1e100 -1e100 -1e100 -1e100 -1e100 -1e100
 -1e100 -1e100 -1e100 -1e100 -1e100 -1e100 -1e100 -1e100 -1e100 -1e100 -1e100 -1e100 -1e100 -1e100 -1e100 -1e100 -1e100 -1e100 -1e100 -1e100 -1e100 -1e100 -1e100 -1e100 -1e100 -1e100 -1e100 -1e100 -1e100 -1e100 -1e100 -1e100 -1e100 -1e100 -1e100 -1e100 -1e100 -1e100 -1e100 -1e100 -1e100 -1e100 -1e100 -1e100 19.56919097900390625 19.366399765014648438 19.102510452270507812 18.801273345947265625 18.49576568603515625 18.222537994384765625 18.0160980224609375 17.899900436401367188 17.876066207885742188 17.922849655151367188 18.015932083129882812 18.137012481689453125 18.27449798583984375 18.419605255126953125 18.565450668334960938 18.706249237060546875 18.837310791015625 18.956068038940429688 19.06346893310546875 19.163885116577148438 19.263858795166015625 19.370763778686523438 19.491130828857421875 -1e100 -1e100 -1e100 -1e100 -1e100 -1e100 -1e100 -1e100 -1e100 -1e100 -1e100 -1e100 -1e100 -1e100 -1e100 -1e100 -1e100 -1e100 -1e100 -1e100 -1e100 -1e100 -1e100 -1e100 -1e100 -1e100 -1e100 -1e100 -1e100 -1e100 -1e100 -1e100 -1e100 -1e100 -1e100
 -1e100 -1e100 -1e100 -1e100 -1e100 -1e100 -1e100 -1e100 -1e100 -1e100 -1e100 -1e100 -1e100 -1e100 -1e100 -1e100 -1e100 -1e100 -1e100 -1e100 -1e100 -1e100 -1e100 -1e100 -1e100 -1e100 -1e100 -1e100 -1e100 -1e100 -1e100 -1e100 -1e100 -1e100 -1e100 -1e100 -1e100 -1e100 -1e100 -1e100 -1e100 -1e100 -1e100 19.670351028442382812 19.580615997314453125 19.422573089599609375 19.203067779541015625 18.9433746337890625 18.674016952514648438 18.427837371826171875 18.23334503173828125 18.108507156372070312 18.06226348876953125 18.073169708251953125 18.12090301513671875 18.193368911743164062 18.282728195190429688 18.381711959838867188 18.4835357666015625 18.582044601440429688 18.672304153442382812 18.752065658569335938 18.8231201171875 18.89078521728515625 18.962205886840820312 19.044849395751953125 19.144685745239257812 19.264484405517578125 -1e100 -1e100 -1e100 -1e100 -1e100 -1e100 -1e100 -1e100 -1e100 -1e100 -1e100 -1e100 -1e100 -1e100 -1e100 -1e100 -1e100 -1e100 -1e100 -1e100 -1e100 -1e100 -1e100 -1e100 -1e100 -1e100 -1e100 -1e100 -1e100 -1e100 -1e100 -1e100 -1e100 -1e100
 -1e100 -1e100 -1e100 -1e100 -1e100 -1e100 -1e100 -1e100 -1e100 -1e100 -1e100 -1e100 -1e100 -1e100 -1e100 -1e100 -1e100 -1e100 -1e100 -1e100 -1e100 -1e100 -1e100 -1e100 -1e100 -1e100 -1e100 -1e100 -1e100 -1e100 -1e100 -1e100 -1e100 -1e100 -1e100 -1e100 -1e100 -1e100 -1e100 -1e100 -1e100 -1e100 19.694957733154296875 19.716564178466796875 19.687097549438476562 19.596033096313476562 19.445569992065429688 19.253887176513671875 19.047756195068359375 18.852375030517578125 18.680192947387695312 18.531459808349609375 18.446187973022460938 18.407482147216796875 18.395441055297851562 18.407001495361328125 18.4376220703125 18.48105621337890625 18.530347824096679688 18.57897186279296875 18.622076034545898438 18.658220291137695312 18.690366744995117188 18.724653244018554688 18.7682037353515625 18.827505111694335938 18.906797409057617188 19.007062911987304688 19.12618255615234375 19.260164260864257812 -1e100 -1e100 -1e100 -1e100 -1e100 -1e100 -1e100 -1e100 -1e100 -1e100 -1e100 -1e100 -1e100 -1e100 -1e100 -1e100 -1e100 -1e100 -1e100 -1e100 -1e100 -1e100 -1e100 -1e100 -1e100 -1e100 -1e100 -1e100 -1e100 -1e100 -1e100 -1e100
 -1e100 -1e100 -1e100 -1e100 -1e100 -1e100 -1e100 -1e100 -1e100 -1e100 -1e100 -1e100 -1e100 -1e100 -1e100 -1e100 -1e100 -1e100 -1e100 -1e100 -1e100 -1e100 -1e100 -1e100 -1e100 -1e100 -1e100 -1e100 -1e100 -1e100 -1e100 -1e100 -1e100 -1e100 -1e100 -1e100 -1e100 -1e100 -1e100 -1e100 -1e100 19.66009521484375 19.757558822631835938 19.839658737182617188 19.886758804321289062 19.8807525634765625 19.819091796875 19.716327667236328125 19.595254898071289062 19.472499847412109375 19.335803985595703125 19.136266708374023438 19.007518768310546875 18.904571533203125 18.82442474365234375 18.76876068115234375 18.734828948974609375 18.716775894165039062 18.707502365112304688 18.700674057006835938 18.692333221435546875 18.682573318481445312 18.675846099853515625 18.678747177124023438 18.697275161743164062 18.735202789306640625 18.7931976318359375 18.870082855224609375 18.963300704956054688 19.069110870361328125 19.183786392211914062 -1e100 -1e100 -1e100 -1e100 -1e100 -1e100 -1e100 -1e100 -1e100 -1e100 -1e100 -1e100 -1e100 -1e100 -1e100 -1e100 -1e100 -1e100 -1e100 -1e100 -1e100 -1e100 -1e100 -1e100 -1e100 -1e100 -1e100 -1e100 -1e100 -1e100 -1e100
 -1e100 -1e100 -1e100 -1e100 -1e100 -1e100 -1e100 -1e100 -1e100 -1e100 -1e100 -1e100 -1e100 -1e100 -1e100 -1e100 -1e100 -1e100 -1e100 -1e100 -1e100 -1e100 -1e100 -1e100 -1e100 -1e100 -1e100 -1e100 -1e100 -1e100 -1e100 -1e100 -1e100 -1e100 -1e100 -1e100 -1e100 -1e100 -1e100 -1e100 19.631221771240234375 19.752702713012695312 19.896654129028320312 20.050588607788085938 20.184366226196289062 20.272695541381835938 20.308012008666992188 20.29982757568359375 20.26665496826171875 20.223234176635742188 20.154153823852539062 19.943815231323242188 19.725765228271484375 19.5414581298828125 19.38973236083984375 19.266790390014648438 19.167728424072265625 19.086080551147460938 19.01514434814453125 18.949876785278320312 18.888368606567382812 18.833110809326171875 18.790285110473632812 18.766284942626953125 18.764495849609375 18.783460617065429688 18.817224502563476562 18.863348007202148438 18.921560287475585938 18.99021148681640625 19.066881179809570312 19.149639129638671875 19.236591339111328125 -1e100 -1e100 -1e100 -1e100 -1e100 -1e100 -1e100 -1e100 -1e100 -1e100 -1e100 -1e100 -1e100 -1e100 -1e100 -1e100 -1e100 -1e100 -1e100 -1e100 -1e100 -1e100 -1e100 -1e100 -1e100 -1e100 -1e100 -1e100 -1e100
 -1e100 -1e100 -1e100 -1e100 -1e100 -1e100 -1e100 -1e100 -1e100 -1e100 -1e100 -1e100 -1e100 -1e100 -1e100 -1e100 -1e100 -1e100 -1e100 -1e100 -1e100 -1e100 -1e100 -1e100 -1e100 -1e100 -1e100 -1e100 -1e100 -1e100 -1e100 -1e100 -1e100 -1e100 -1e100 -1e100 -1e100 -1e100 -1e100 19.71136474609375 19.803647994995117188 19.951971054077148438 20.151857376098632812 20.381261825561523438 20.601305007934570312 20.781137466430664062 20.907163619995117188 20.979654312133789062 21.005800247192382812 20.98917388916015625 20.913221359252929688 20.7281494140625 20.499776840209960938 20.276136398315429688 20.072711944580078125 19.892187118530273438 19.732118606567382812 19.587701797485351562 19.4543914794921875 19.32997894287109375 19.2158355712890625 19.11761474609375 19.043123245239257812 18.997831344604492188 18.980978012084960938 18.983089447021484375 18.986177444458007812 18.990566253662109375 19.002313613891601562 19.023647308349609375 19.05367279052734375 19.090579986572265625 19.132337570190429688 19.177442550659179688 19.22530364990234375 -1e100 -1e100 -1e100 -1e100 -1e100 -1e100 -1e100 -1e100 -1e100 -1e100 -1e100 -1e100 -1e100 -1e100 -1e100 -1e100 -1e100 -1e100 -1e100 -1e100 -1e100 -1e100 -1e100 -1e100 -1e100 -1e100 -1e100
 -1e100 -1e100 -1e100 -1e100 -1e100 -1e100 -1e100 -1e100 -1e100 -1e100 -1e100 -1e100 -1e100 -1e100 -1e100 -1e100 -1e100 -1e100 -1e100 -1e100 -1e100 -1e100 -1e100 -1e100 -1e100 -1e100 -1e100 -1e100 -1e100 -1e100 -1e100 -1e100 -1e100 -1e100 -1e100 -1e100 -1e100 -1e100 20.094034194946289062 20.015716552734375 20.143331527709960938 20.33062744140625 20.586519241333007812 20.882427215576171875 21.176855087280273438 21.435911178588867188 21.6383514404296875 21.773675918579101562 21.840120315551757812 21.83725738525390625 21.755361557006835938 21.58380126953125 21.358036041259765625 21.114879608154296875 20.874574661254882812 20.645320892333984375 20.42862701416015625 20.223081588745117188 20.027896881103515625 19.844953536987304688 19.67974853515625 19.541265487670898438 19.438617706298828125 19.375627517700195312 19.346754074096679688 19.3346405029296875 19.297613143920898438 19.245241165161132812 19.198551177978515625 19.163219451904296875 19.138843536376953125 19.123205184936523438 19.1136932373046875 19.108190536499023438 19.105548858642578125 19.106103897094726562 -1e100 -1e100 -1e100 -1e100 -1e100 -1e100 -1e100 -1e100 -1e100 -1e100 -1e100 -1e100 -1e100 -1e100 -1e100 -1e100 -1e100 -1e100 -1e100 -1e100 -1e100 -1e100 -1e100 -1e100 -1e100 -1e100
 -1e100 -1e100 -1e100 -1e100 -1e100 -1e100 -1e100 -1e100 -1e100 -1e100 -1e100 -1e100 -1e100 -1e100 -1e100 -1e100 -1e100 -1e100 -1e100 -1e100 -1e100 -1e100 -1e100 -1e100 -1e100 -1e100 -1e100 -1e100 -1e100 -1e100 -1e100 -1e100 -1e100 -1e100 -1e100 -1e100 -1e100 20.8517303466796875 20.849315643310546875 20.768892288208007812 20.818851470947265625 20.991319656372070312 21.269372940063476562 21.607545852661132812 21.957691192626953125 22.279483795166015625 22.54143524169921875 22.723255157470703125 22.817350387573242188 22.822528839111328125 22.737443923950195312 22.567998886108398438 22.339324951171875 22.0790557861328125 21.806421279907226562 21.53211212158203125 21.260915756225585938 20.995286941528320312 20.738849639892578125 20.49799346923828125 20.282352447509765625 20.10382843017578125 19.97217559814453125 19.88921356201171875 19.8468475341796875 19.822345733642578125 19.726680755615234375 19.606170654296875 19.493572235107421875 19.395753860473632812 19.312084197998046875 19.23961639404296875 19.174818038940429688 19.11457061767578125 19.056827545166015625 19.001346588134765625 18.950796127319335938 18.911664962768554688 -1e100 -1e100 -1e100 -1e100 -1e100 -1e100 -1e100 -1e100 -1e100 -1e100 -1e100 -1e100 -1e100 -1e100 -1e100 -1e100 -1e100 -1e100 -1e100 -1e100 -1e100 -1e100 -1e100 -1e100
 -1e100 -1e100 -1e100 -1e100 -1e100 -1e100 -1e100 -1e100 -1e100 -1e100 -1e100 -1e100 -1e100 -1e100 -1e100 -1e100 -1e100 -1e100 -1e100 -1e100 -1e100 -1e100 -1e100 -1e100 -1e100 -1e100 -1e100 -1e100 -1e100 -1e100 -1e100 -1e100 -1e100 -1e100 -1e100 -1e100 21.473482131958007812 21.785411834716796875 21.812709808349609375 21.7523651123046875 21.772974014282226562 21.934780120849609375 22.22203826904296875 22.587724685668945312 22.979467391967773438 23.348482131958007812 23.652858734130859375 23.865301132202148438 23.9751129150390625 23.981603622436523438 23.889461517333984375 23.71157073974609375 23.46985626220703125 23.18670654296875 22.879291534423828125 22.559041976928710938 22.233106613159179688 21.907457351684570312 21.589740753173828125 21.290285110473632812 21.022045135498046875 20.798788070678710938 20.630086898803710938 20.517019271850585938 20.44775390625 20.401075363159179688 20.229238510131835938 20.039890289306640625 19.862489700317382812 19.702671051025390625 19.559583663940429688 19.429595947265625 19.3082733154296875 19.191354751586914062 19.075702667236328125 18.960329055786132812 18.847871780395507812 18.745929718017578125 18.666749954223632812 18.62528228759765625 -1e100 -1e100 -1e100 -1e100 -1e100 -1e100 -1e100 -1e100 -1e100 -1e100 -1e100 -1e100 -1e100 -1e100 -1e100 -1e100 -1e100 -1e100 -1e100 -1e100 -1e100 -1e100
 -1e100 -1e100 -1e100 -1e100 -1e100 -1e100 -1e100 -1e100 -1e100 -1e100 -1e100 -1e100 -1e100 -1e100 -1e100 -1e100 -1e100 -1e100 -1e100 -1e100 -1e100 -1e100 -1e100 -1e100 -1e100 -1e100 -1e100 -1e100 -1e100 -1e100 -1e100 -1e100 -1e100 -1e100 -1e100 21.54438018798828125 22.403516769409179688 22.802293777465820312 22.900972366333007812 22.892763137817382812 22.942579269409179688 23.1238861083984375 23.433591842651367188 23.829769134521484375 24.25789642333984375 24.662059783935546875 24.99382781982421875 25.222499847412109375 25.335920333862304688 25.334310531616210938 25.226276397705078125 25.028484344482421875 24.762262344360351562 24.447418212890625 24.09943389892578125 23.729902267456054688 23.347646713256835938 22.9612884521484375 22.581148147583007812 22.22015380859375 21.893167495727539062 21.61415863037109375 21.390619277954101562 21.220060348510742188 21.08238983154296875 20.945560455322265625 20.739618301391601562 20.508199691772460938 20.279859542846679688 20.065851211547851562 19.867849349975585938 19.683000564575195312 19.506486892700195312 19.33306884765625 19.158504486083984375 18.980943679809570312 18.802967071533203125 18.63352203369140625 18.487689971923828125 18.38414764404296875 18.342105865478515625 -1e100 -1e100 -1e100 -1e100 -1e100 -1e100 -1e100 -1e100 -1e100 -1e100 -1e100 -1e100 -1e100 -1e100 -1e100 -1e100 -1e100 -1e100 -1e100 -1e100 -1e100
 -1e100 -1e100 -1e100 -1e100 -1e100 -1e100 -1e100 -1e100 -1e100 -1e100 -1e100 -1e100 -1e100 -1e100 -1e100 -1e100 -1e100 -1e100 -1e100 -1e100 -1e100 -1e100 -1e100 -1e100 -1e100 -1e100 -1e100 -1e100 -1e100 -1e100 -1e100 -1e100 -1e100 -1e100 20.677183151245117188 22.26024627685546875 23.266954421997070312 23.796918869018554688 24.0212249755859375 24.126569747924804688 24.265857696533203125 24.514879226684570312 24.878499984741210938 25.32000732421875 25.785675048828125 26.217739105224609375 26.566350936889648438 26.799732208251953125 26.905315399169921875 26.884531021118164062 26.749151229858398438 26.519046783447265625 26.216714859008789062 25.86116790771484375 25.466562271118164062 25.044301986694335938 24.604084014892578125 24.155656814575195312 23.710313796997070312 23.28206634521484375 22.886486053466796875 22.537008285522460938 22.239612579345703125 21.988470077514648438 21.764711380004882812 21.541700363159179688 21.285589218139648438 21.011247634887695312 20.737794876098632812 20.4757843017578125 20.227933883666992188 19.9920196533203125 19.762937545776367188 19.534576416015625 19.3015594482421875 19.0610504150390625 18.815538406372070312 18.575601577758789062 18.359800338745117188 18.191253662109375 18.093593597412109375 18.085824966430664062 -1e100 -1e100 -1e100 -1e100 -1e100 -1e100 -1e100 -1e100 -1e100 -1e100 -1e100 -1e100 -1e100 -1e100 -1e100 -1e100 -1e100 -1e100 -1e100 -1e100
 -1e100 -1e100 -1e100 -1e100 -1e100 -1e100 -1e100 -1e100 -1e100 -1e100 -1e100 -1e100 -1e100 -1e100 -1e100 -1e100 -1e100 -1e100 -1e100 -1e100 -1e100 -1e100 -1e100 -1e100 -1e100 -1e100 -1e100 -1e100 -1e100 -1e100 -1e100 -1e100 -1e100 18.567716598510742188 20.99893951416015625 22.779827117919921875 23.963077545166015625 24.682924270629882812 25.105312347412109375 25.398302078247070312 25.695812225341796875 26.0673675537109375 26.521135330200195312 27.026958465576171875 27.536478042602539062 27.995395660400390625 28.355670928955078125 28.585971832275390625 28.673978805541992188 28.6226348876953125 28.44712066650390625 28.171785354614257812 27.822711944580078125 27.419628143310546875 26.974836349487304688 26.498302459716796875 25.998792648315429688 25.485752105712890625 24.970155715942382812 24.466091156005859375 23.98949432373046875 23.55419158935546875 23.16652679443359375 22.821804046630859375 22.50522613525390625 22.196620941162109375 21.878747940063476562 21.5554656982421875 21.236654281616210938 20.929107666015625 20.63465118408203125 20.350778579711914062 20.071819305419921875 19.790727615356445312 19.5008697509765625 19.198175430297851562 18.884868621826171875 18.573526382446289062 18.287038803100585938 18.053586959838867188 17.901248931884765625 17.851720809936523438 17.913534164428710938 -1e100 -1e100 -1e100 -1e100 -1e100 -1e100 -1e100 -1e100 -1e100 -1e100 -1e100 -1e100 -1e100 -1e100 -1e100 -1e100 -1e100 -1e100 -1e100
 -1e100 -1e100 -1e100 -1e100 -1e100 -1e100 -1e100 -1e100 -1e100 -1e100 -1e100 -1e100 -1e100 -1e100 -1e100 -1e100 -1e100 -1e100 -1e100 -1e100 -1e100 -1e100 -1e100 -1e100 -1e100 -1e100 -1e100 -1e100 -1e100 -1e100 -1e100 -1e100 15.023252487182617188 18.3198394775390625 21.051424026489257812 23.02428436279296875 24.429224014282226562 25.415645599365234375 26.119691848754882812 26.677997589111328125 27.199462890625 27.743305206298828125 28.320766448974609375 28.911153793334960938 29.475315093994140625 29.96555328369140625 30.337358474731445312 30.560577392578125 30.623394012451171875 30.53046417236328125 30.301239013671875 29.967334747314453125 29.5627288818359375 29.109161376953125 28.6146087646484375 28.084257125854492188 27.524030685424804688 26.942104339599609375 26.348691940307617188 25.757936477661132812 25.186885833740234375 24.65146636962890625 24.160686492919921875 23.713434219360351562 23.299943923950195312 22.906108856201171875 22.521074295043945312 22.14354705810546875 21.776760101318359375 21.42343902587890625 21.083528518676757812 20.753513336181640625 20.426885604858398438 20.095556259155273438 19.751392364501953125 19.388650894165039062 19.009029388427734375 18.627702713012695312 18.272869110107421875 17.977996826171875 17.77490997314453125 17.686763763427734375 17.72139739990234375 17.87133026123046875 -1e100 -1e100 -1e100 -1e100 -1e100 -1e100 -1e100 -1e100 -1e100 -1e100 -1e100 -1e100 -1e100 -1e100 -1e100 -1e100 -1e100 -1e100
 -1e100 -1e100 -1e100 -1e100 -1e100 -1e100 -1e100 -1e100 -1e100 -1e100 -1e100 -1e100 -1e100 -1e100 -1e100 -1e100 -1e100 -1e100 -1e100 -1e100 -1e100 -1e100 -1e100 -1e100 -1e100 -1e100 -1e100 -1e100 -1e100 -1e100 -1e100 10.185150146484375 14.050960540771484375 17.67258453369140625 20.728330612182617188 22.922533035278320312 24.643312454223632812 25.992563247680664062 27.064119338989257812 27.957345962524414062 28.755826950073242188 29.510469436645507812 30.239147186279296875 30.933626174926757812 31.565893173217773438 32.095947265625 32.48328399658203125 32.699001312255859375 32.731624603271484375 32.58721160888671875 32.289966583251953125 31.882856369018554688 31.414661407470703125 30.9124603271484375 30.374073028564453125 29.790863037109375 29.16686248779296875 28.509157180786132812 27.8277587890625 27.137876510620117188 26.459154129028320312 25.811466217041015625 25.208452224731445312 24.653726577758789062 24.141996383666992188 23.663242340087890625 23.208341598510742188 22.772680282592773438 22.3548736572265625 21.95418548583984375 21.568460464477539062 21.192943572998046875 20.820245742797851562 20.441188812255859375 20.045919418334960938 19.626590728759765625 19.183977127075195312 18.736497879028320312 18.318622589111328125 17.968997955322265625 17.7216339111328125 17.599454879760742188 17.608575820922851562 17.739435195922851562 17.973175048828125 -1e100 -1e100 -1e100 -1e100 -1e100 -1e100 -1e100 -1e100 -1e100 -1e100 -1e100 -1e100 -1e100 -1e100 -1e100 -1e100 -1e100
 -1e100 -1e100 -1e100 -1e100 -1e100 -1e100 -1e100 -1e100 -1e100 -1e100 -1e100 -1e100 -1e100 -1e100 -1e100 -1e100 -1e100 -1e100 -1e100 -1e100 -1e100 -1e100 -1e100 -1e100 -1e100 -1e100 -1e100 -1e100 -1e100 -1e100 4.4840455055236816406 8.6953344345092773438 12.673027992248535156 16.315395355224609375 19.682788848876953125 22.405353546142578125 24.630659103393554688 26.460889816284179688 27.975606918334960938 29.25240325927734375 30.359668731689453125 31.347965240478515625 32.246692657470703125 33.061397552490234375 33.7751922607421875 34.35538482666015625 34.765071868896484375 34.976238250732421875 34.97740936279296875 34.774883270263671875 34.395755767822265625 33.89324188232421875 33.36510467529296875 32.82511138916015625 32.24314117431640625 31.6025238037109375 30.90703582763671875 30.162675857543945312 29.380346298217773438 28.578029632568359375 27.77979278564453125 27.011077880859375 26.291078567504882812 25.62772369384765625 25.018796920776367188 24.456142425537109375 23.930398941040039062 23.434232711791992188 22.962877273559570312 22.512842178344726562 22.08014678955078125 21.658954620361328125 21.24114990234375 20.816585540771484375 20.373884201049804688 19.903028488159179688 19.402866363525390625 18.895709991455078125 18.42238616943359375 18.027311325073242188 17.743970870971679688 17.59287261962890625 17.577737808227539062 17.6874542236328125 17.90245819091796875 18.199253082275390625 -1e100 -1e100 -1e100 -1e100 -1e100 -1e100 -1e100 -1e100 -1e100 -1e100 -1e100 -1e100 -1e100 -1e100 -1e100 -1e100
 -1e100 -1e100 -1e100 -1e100 -1e100 -1e100 -1e100 -1e100 -1e100 -1e100 -1e100 -1e100 -1e100 -1e100 -1e100 -1e100 -1e100 -1e100 -1e100 -1e100 -1e100 -1e100 -1e100 -1e100 -1e100 -1e100 -1e100 -1e100 -1e100      0 2.7205471992492675781 7.1730623245239257812 11.35279083251953125 15.191981315612792969 18.750856399536132812 21.897375106811523438 24.628320693969726562 26.96376800537109375 28.939487457275390625 30.607196807861328125 32.02562713623046875 33.251201629638671875 34.32668304443359375 35.270725250244140625 36.076038360595703125 36.715793609619140625 37.155620574951171875 37.368267059326171875 37.342548370361328125 37.08426666259765625 36.616901397705078125 36.00406646728515625 35.428203582763671875 34.8498382568359375 34.209747314453125 33.49771881103515625 32.7154083251953125 31.868173599243164062 30.9691314697265625 30.040945053100585938 29.113840103149414062 28.219682693481445312 27.382503509521484375 26.613056182861328125 25.910472869873046875 25.266735076904296875 24.671123504638671875 24.113834381103515625 23.587520599365234375 23.086622238159179688 22.60578155517578125 22.138372421264648438 21.675718307495117188 21.207078933715820312 20.72052001953125 20.204803466796875 19.654851913452148438 19.094194412231445312 18.577501296997070312 18.14893341064453125 17.837823867797851562 17.662023544311523438 17.623016357421875 17.709054946899414062 17.900997161865234375 18.176328659057617188 18.51245880126953125 -1e100 -1e100 -1e100 -1e100 -1e100 -1e100 -1e100 -1e100 -1e100 -1e100 -1e100 -1e100 -1e100 -1e100 -1e100
 -1e100 -1e100 -1e100 -1e100 -1e100 -1e100 -1e100 -1e100 -1e100 -1e100 -1e100 -1e100 -1e100 -1e100 -1e100 -1e100 -1e100 -1e100 -1e100 -1e100 -1e100 -1e100 -1e100 -1e100 -1e100 -1e100 -1e100 -1e100      0      0 0.93236517906188964844 5.7630610466003417969 10.281925201416015625 14.3818817138671875 18.18633270263671875 21.695676803588867188 24.8697662353515625 27.661298751831054688 30.056116104125976562 32.078670501708984375 33.78098297119140625 35.2268829345703125 36.471744537353515625 37.54503631591796875 38.446231842041015625 39.1519012451171875 39.628772735595703125 39.850460052490234375 39.808238983154296875 39.51322174072265625 38.9981231689453125 38.350749969482421875 37.684925079345703125 36.99945068359375 36.259151458740234375 35.446170806884765625 34.55280303955078125 33.581531524658203125 32.54852294921875 31.482606887817382812 30.421060562133789062 29.40154266357421875 28.451292037963867188 27.581941604614257812 26.792131423950195312 26.072498321533203125 25.410266876220703125 24.793354034423828125 24.212406158447265625 23.660369873046875 23.130908966064453125 22.616796493530273438 22.108846664428710938 21.595972061157226562 21.066883087158203125 20.512708663940429688 19.903650283813476562 19.312732696533203125 18.77249908447265625 18.3224639892578125 17.990808486938476562 17.793294906616210938 17.730257034301757812 17.790409088134765625 17.956079483032226562 18.206583023071289062 18.52095794677734375 18.880144119262695312 -1e100 -1e100 -1e100 -1e100 -1e100 -1e100 -1e100 -1e100 -1e100 -1e100 -1e100 -1e100 -1e100 -1e100
 -1e100 -1e100 -1e100 -1e100 -1e100 -1e100 -1e100 -1e100 -1e100 -1e100 -1e100 -1e100 -1e100 -1e100 -1e100 -1e100 -1e100 -1e100 -1e100 -1e100 -1e100 -1e100 -1e100 -1e100 -1e100 -1e100 -1e100      0      0      0      0 4.6064081192016601562 9.6565399169921875 14.114748954772949219 18.194837570190429688 22.009130477905273438 25.531145095825195312 28.680667877197265625 31.407899856567382812 33.715087890625 35.649150848388671875 37.28076934814453125 38.675678253173828125 39.870182037353515625 40.86608123779296875 41.639774322509765625 42.157115936279296875 42.3920440673828125 42.338291168212890625 42.012882232666015625 41.461223602294921875 40.76612091064453125 40.005645751953125 39.201480865478515625 38.3388671875 37.39874267578125 36.36887359619140625 35.25197601318359375 34.069614410400390625 32.85791015625 31.660890579223632812 30.520538330078125 29.46530914306640625 28.505617141723632812 27.637823104858398438 26.850006103515625 26.126863479614257812 25.454187393188476562 24.821044921875 24.219316482543945312 23.642000198364257812 23.081415176391601562 22.527811050415039062 21.969264984130859375 21.394229888916015625 20.793203353881835938 20.16353607177734375 19.552473068237304688 18.997837066650390625 18.533475875854492188 18.185682296752929688 17.968120574951171875 17.880859375 17.913984298706054688 18.05197906494140625 18.276447296142578125 18.568178176879882812 18.908857345581054688 19.281795501708984375 -1e100 -1e100 -1e100 -1e100 -1e100 -1e100 -1e100 -1e100 -1e100 -1e100 -1e100 -1e100 -1e100
 -1e100 -1e100 -1e100 -1e100 -1e100 -1e100 -1e100 -1e100 -1e100 -1e100 -1e100 -1e100 -1e100 -1e100 -1e100 -1e100 -1e100 -1e100 -1e100 -1e100 -1e100 -1e100 -1e100 -1e100 -1e100 -1e100 -1e100      0      0      0      0 3.9440584182739257812 9.7066059112548828125 14.596998214721679688 18.946607589721679688 22.980562210083007812 26.7230072021484375 30.098661422729492188 33.04184722900390625 35.539867401123046875 37.63613128662109375 39.4073638916015625 40.92620086669921875 42.229450225830078125 43.31467437744140625 44.15370941162109375 44.7097625732421875 44.9566650390625 44.890125274658203125 44.53167724609375 43.933582305908203125 43.171360015869140625 42.31262969970703125 41.385227203369140625 40.384700775146484375 39.2953338623046875 38.10652923583984375 36.826381683349609375 35.484409332275390625 34.124355316162109375 32.7958831787109375 31.54355621337890625 30.395013809204101562 29.35742950439453125 28.423343658447265625 27.577352523803710938 26.801343917846679688 26.079120635986328125 25.39844512939453125 24.750457763671875 24.127782821655273438 23.522640228271484375 22.92527008056640625 22.323841094970703125 21.707294464111328125 21.071081161499023438 20.425878524780273438 19.803691864013671875 19.239755630493164062 18.76525115966796875 18.40345001220703125 18.166639328002929688 18.055398941040039062 18.061754226684570312 18.172662734985351562 18.372058868408203125 18.642343521118164062 18.965688705444335938 19.324939727783203125 19.703983306884765625 20.087911605834960938 -1e100 -1e100 -1e100 -1e100 -1e100 -1e100 -1e100 -1e100 -1e100 -1e100 -1e100
 -1e100 -1e100 -1e100 -1e100 -1e100 -1e100 -1e100 -1e100 -1e100 -1e100 -1e100 -1e100 -1e100 -1e100 -1e100 -1e100 -1e100 -1e100 -1e100 -1e100 -1e100 -1e100 -1e100 -1e100 -1e100 -1e100 -1e100      0      0      0      0 4.1488709449768066406 10.697287559509277344 16.009500503540039062 20.548994064331054688 24.667789459228515625 28.474805831909179688 31.92718505859375 34.95539093017578125 37.538066864013671875 39.7182159423828125 41.579105377197265625 43.19548797607421875 44.595088958740234375 45.762226104736328125 46.659351348876953125 47.246326446533203125 47.497745513916015625 47.411281585693359375 47.01132965087890625 46.352588653564453125 45.508708953857421875 44.54177093505859375 43.48099517822265625 42.327480316162109375 41.070743560791015625 39.707012176513671875 38.25382232666015625 36.74965667724609375 35.245235443115234375 33.794525146484375 32.44307708740234375 31.21581268310546875 30.11486053466796875 29.127834320068359375 28.23535919189453125 27.4164581298828125 26.653039932250976562 25.931676864624023438 25.242956161499023438 24.579362869262695312 23.933353424072265625 23.295804977416992188 22.65622711181640625 22.005941390991210938 21.344768524169921875 20.685237884521484375 20.054773330688476562 19.484104156494140625 19.000684738159179688 18.625425338745117188 18.369874954223632812 18.235700607299804688 18.217061996459960938 18.303316116333007812 18.480499267578125 18.732265472412109375 19.040904998779296875 19.38852691650390625 19.757904052734375 20.1329803466796875 20.499986648559570312 -1e100 -1e100 -1e100 -1e100 -1e100 -1e100 -1e100 -1e100 -1e100 -1e100
 -1e100 -1e100 -1e100 -1e100 -1e100 -1e100 -1e100 -1e100 -1e100 -1e100 -1e100 -1e100 -1e100 -1e100 -1e100 -1e100 -1e100 -1e100 -1e100 -1e100 -1e100 -1e100 -1e100 -1e100 -1e100 -1e100 -1e100      0      0      0      0 5.6288800239562988281 12.812335968017578125 18.394857406616210938 22.95723724365234375 26.99163055419921875 30.708108901977539062 34.09470367431640625 37.08081817626953125 39.64299774169921875 41.830043792724609375 43.73398590087890625 45.4264373779296875 46.914295196533203125 48.156970977783203125 49.101970672607421875 49.706455230712890625 49.949413299560546875 49.83153533935546875 49.37884521484375 48.647125244140625 47.70818328857421875 46.62123870849609375 45.415996551513671875 44.097949981689453125 42.663776397705078125 41.11978912353515625 39.494052886962890625 37.83358001708984375 36.195087432861328125 34.63580322265625 33.20098876953125 31.911333084106445312 30.762269973754882812 29.736026763916015625 28.809429168701171875 27.958822250366210938 27.164150238037109375 26.410772323608398438 25.688800811767578125 24.99068450927734375 24.3093109130859375 23.63671875 22.964555740356445312 22.286769866943359375 21.60517120361328125 20.933261871337890625 20.295022964477539062 19.717275619506835938 19.224416732788085938 18.835565567016601562 18.562114715576171875 18.407007217407226562 18.366418838500976562 18.4318084716796875 18.590911865234375 18.82817840576171875 19.125616073608398438 19.4642791748046875 19.82567596435546875 20.192691802978515625 20.550884246826171875 20.890010833740234375 -1e100 -1e100 -1e100 -1e100 -1e100 -1e100 -1e100 -1e100 -1e100
 -1e100 -1e100 -1e100 -1e100 -1e100 -1e100 -1e100 -1e100 -1e100 -1e100 -1e100 -1e100 -1e100 -1e100 -1e100 -1e100 -1e100 -1e100 -1e100 -1e100 -1e100 -1e100 -1e100 -1e100 -1e100 -1e100      0      0      0      0      0 8.1492719650268554688 15.8603057861328125 21.520078659057617188 25.924501419067382812 29.73093414306640625 33.236827850341796875 36.44545745849609375 39.28511810302734375 41.7363739013671875 43.8606414794921875 45.7639923095703125 47.516307830810546875 49.0915374755859375 50.409580230712890625 51.394519805908203125 52.00238800048828125 52.223453521728515625 52.062946319580078125 51.5480499267578125 50.73439788818359375 49.6921539306640625 48.478725433349609375 47.1247100830078125 45.64044952392578125 44.031024932861328125 42.313350677490234375 40.525363922119140625 38.72167205810546875 36.96414947509765625 35.31258392333984375 33.81134796142578125 32.476062774658203125 31.293558120727539062 30.240938186645507812 29.292001724243164062 28.420879364013671875 27.605373382568359375 26.82961273193359375 26.08318328857421875 25.358430862426757812 24.648599624633789062 23.946990966796875 23.247409820556640625 22.546243667602539062 21.84682464599609375 21.1626434326171875 20.515359878540039062 19.928926467895507812 19.425481796264648438 19.02297210693359375 18.732931137084960938 18.559513092041015625 18.500642776489257812 18.5495147705078125 18.695135116577148438 18.92232513427734375 19.212388992309570312 19.544910430908203125 19.899845123291015625 20.259206771850585938 20.608509063720703125 20.93767547607421875 21.241193771362304688 -1e100 -1e100 -1e100 -1e100 -1e100 -1e100 -1e100 -1e100
 -1e100 -1e100 -1e100 -1e100 -1e100 -1e100 -1e100 -1e100 -1e100 -1e100 -1e100 -1e100 -1e100 -1e100 -1e100 -1e100 -1e100 -1e100 -1e100 -1e100 -1e100 -1e100 -1e100 -1e100 -1e100 -1e100      0      0      0      0 0.79868805408477783203 11.55271148681640625 19.499568939208984375 24.995086669921875 29.094409942626953125 32.582767486572265625 35.807621002197265625 38.77044677734375 41.394718170166015625 43.66509246826171875 45.658618927001953125 47.508358001708984375 49.30370330810546875 50.972743988037109375 52.381099700927734375 53.414539337158203125 54.024322509765625 54.219268798828125 54.01201629638671875 53.432415008544921875 52.53635406494140625 51.392589569091796875 50.057098388671875 48.5618438720703125 46.922321319580078125 45.151996612548828125 43.27748870849609375 41.3453521728515625 39.4167327880859375 37.558017730712890625 35.83124542236328125 34.280040740966796875 32.915790557861328125 31.71319580078125 30.6450347900390625 29.683477401733398438 28.801557540893554688 27.974819183349609375 27.186138153076171875 26.424364089965820312 25.681447982788085938 24.950702667236328125 24.226354598999023438 23.504037857055664062 22.782312393188476562 22.065980911254882812 21.368579864501953125 20.7103271484375 20.113313674926757812 19.598178863525390625 19.182149887084960938 18.876993179321289062 18.687938690185546875 18.614374160766601562 18.650897979736328125 18.787477493286132812 19.009006500244140625 19.295684814453125 19.625005722045898438 19.974727630615234375 20.326045989990234375 20.665615081787109375 20.984592437744140625 21.277698516845703125 21.543416976928710938 -1e100 -1e100 -1e100 -1e100 -1e100 -1e100 -1e100
 -1e100 -1e100 -1e100 -1e100 -1e100 -1e100 -1e100 -1e100 -1e100 -1e100 -1e100 -1e100 -1e100 -1e100 -1e100 -1e100 -1e100 -1e100 -1e100 -1e100 -1e100 -1e100 -1e100 -1e100 -1e100 -1e100      0      0      0      0 4.2287082672119140625 15.731289863586425781 23.397142410278320312 28.442150115966796875 32.120845794677734375 35.247806549072265625 38.1656646728515625 40.858112335205078125 43.23451995849609375 45.272212982177734375 47.0557098388671875 48.76491546630859375 50.575038909912109375 52.356689453125 53.898601531982421875 55.015491485595703125 55.6512451171875 55.835552215576171875 55.592624664306640625 54.95890045166015625 53.992702484130859375 52.762042999267578125 51.3216705322265625 49.705127716064453125 47.932952880859375 46.026187896728515625 44.0197296142578125 41.967334747314453125 39.93572235107421875 37.99541473388671875 36.210353851318359375 34.623321533203125 33.24686431884765625 32.03461456298828125 30.9582061767578125 29.990861892700195312 29.1055145263671875 28.275543212890625 27.482416152954101562 26.713846206665039062 25.96091461181640625 25.216527938842773438 24.4753265380859375 23.734348297119140625 22.994131088256835938 22.261066436767578125 21.549163818359375 20.878032684326171875 20.268743515014648438 19.74103546142578125 19.311687469482421875 18.99272918701171875 18.790302276611328125 18.70502471923828125 18.732694625854492188 18.864124298095703125 19.084249496459960938 19.37197113037109375 19.701831817626953125 20.047815322875976562 20.389698028564453125 20.717447280883789062 21.025289535522460938 21.308671951293945312 21.565057754516601562 21.7968292236328125 -1e100 -1e100 -1e100 -1e100 -1e100 -1e100
 -1e100 -1e100 -1e100 -1e100 -1e100 -1e100 -1e100 -1e100 -1e100 -1e100 -1e100 -1e100 -1e100 -1e100 -1e100 -1e100 -1e100 -1e100 -1e100 -1e100 -1e100 -1e100 -1e100 -1e100 -1e100 -1e100      0      0      0      0 9.4616651535034179688 20.524196624755859375 27.202829360961914062 31.520572662353515625 34.682331085205078125 37.443286895751953125 40.076000213623046875 42.522003173828125 44.6619415283203125 46.44400787353515625 47.930759429931640625 49.354434967041015625 51.13451385498046875 53.08864593505859375 54.85768890380859375 56.094898223876953125 56.793292999267578125 56.997241973876953125 56.744548797607421875 56.08148956298828125 55.070781707763671875 53.780040740966796875 52.2630615234375 50.55517578125 48.68161773681640625 46.669963836669921875 44.5618896484375 42.416942596435546875 40.306804656982421875 38.3063812255859375 36.481292724609375 34.870697021484375 33.493984222412109375 32.27661895751953125 31.193582534790039062 30.225717544555664062 29.342409133911132812 28.515611648559570312 27.725183486938476562 26.957212448120117188 26.201351165771484375 25.449558258056640625 24.69641876220703125 23.940074920654296875 23.182912826538085938 22.43306732177734375 21.705503463745117188 21.019941329956054688 20.3970489501953125 19.856044769287109375 19.413457870483398438 19.081569671630859375 18.867292404174804688 18.772302627563476562 18.793516159057617188 18.922710418701171875 19.145265579223632812 19.439151763916015625 19.775220870971679688 20.120578765869140625 20.450710296630859375 20.763120651245117188 21.057926177978515625 21.331676483154296875 21.580213546752929688 21.804718017578125 -1e100 -1e100 -1e100 -1e100 -1e100 -1e100
 -1e100 -1e100 -1e100 -1e100 -1e100 -1e100 -1e100 -1e100 -1e100 -1e100 -1e100 -1e100 -1e100 -1e100 -1e100 -1e100 -1e100 -1e100 -1e100 -1e100 -1e100 -1e100 -1e100 -1e100 -1e100 -1e100      0      0      0      0 16.253223419189453125 24.535524368286132812 29.743215560913085938 33.417827606201171875 36.257694244384765625 38.832363128662109375 41.314922332763671875 43.61522674560546875 45.596286773681640625 47.17229461669921875 48.344051361083984375 49.27497100830078125 51.193359375 53.40203857421875 55.32230377197265625 56.662654876708984375 57.43595123291015625 57.685150146484375 57.45383453369140625 56.79492950439453125 55.77379608154296875 54.457000732421875 52.897769927978515625 51.133544921875 49.193958282470703125 47.11212158203125 44.93502044677734375 42.726665496826171875 40.563323974609375 38.52603912353515625 36.687007904052734375 35.083614349365234375 33.691287994384765625 32.4562225341796875 31.3688201904296875 30.4037017822265625 29.526689529418945312 28.708171844482421875 27.9261322021484375 27.164609909057617188 26.4113311767578125 25.65683746337890625 24.895389556884765625 24.126064300537109375 23.353029251098632812 22.586299896240234375 21.842193603515625 21.141010284423828125 20.50341796875 19.948406219482421875 19.49237060546875 19.147821426391601562 18.922323226928710938 18.818445205688476562 18.834125518798828125 18.962308883666992188 19.189565658569335938 19.494245529174804688 19.844478607177734375 20.197378158569335938 20.513088226318359375 20.802087783813476562 21.082227706909179688 21.346668243408203125 21.588718414306640625 21.807842254638671875 22.007673263549804688 -1e100 -1e100 -1e100 -1e100 -1e100
 -1e100 -1e100 -1e100 -1e100 -1e100 -1e100 -1e100 -1e100 -1e100 -1e100 -1e100 -1e100 -1e100 -1e100 -1e100 -1e100 -1e100 -1e100 -1e100 -1e100 -1e100 -1e100 -1e100 -1e100 -1e100 -1e100      0      0      0      0 12.50344085693359375 22.264118194580078125 28.8045806884765625 33.19533538818359375 36.41307830810546875 39.18492889404296875 41.748630523681640625 44.06127166748046875 46.020725250244140625 47.55487823486328125 48.654399871826171875 49.69782257080078125 51.570903778076171875 53.621410369873046875 55.452953338623046875 56.804523468017578125 57.63106536865234375 57.937725067138671875 57.75537872314453125 57.133869171142578125 56.136539459228515625 54.827709197998046875 53.260288238525390625 51.474163055419921875 49.503173828125 47.385162353515625 45.171092987060546875 42.927822113037109375 40.7347564697265625 38.677410125732421875 36.831363677978515625 35.217159271240234375 33.811580657958984375 32.578723907470703125 31.49871063232421875 30.542165756225585938 29.675786972045898438 28.869684219360351562 28.100301742553710938 27.349462509155273438 26.602613449096679688 25.848598480224609375 25.081207275390625 24.300397872924804688 23.512096405029296875 22.728292465209960938 21.966875076293945312 21.249032974243164062 20.595720291137695312 20.025890350341796875 19.555894851684570312 19.198444366455078125 18.961591720581054688 18.848537445068359375 18.857931137084960938 18.983644485473632812 19.2136383056640625 19.528697967529296875 19.9042205810546875 20.26822662353515625 20.557645797729492188 20.827701568603515625 21.096849441528320312 21.354513168334960938 21.592071533203125 21.807621002197265625 22.00403594970703125 -1e100 -1e100 -1e100 -1e100 -1e100
 -1e100 -1e100 -1e100 -1e100 -1e100 -1e100 -1e100 -1e100 -1e100 -1e100 -1e100 -1e100 -1e100 -1e100 -1e100 -1e100 -1e100 -1e100 -1e100 -1e100 -1e100 -1e100 -1e100 -1e100 -1e100      0      0      0      0      0 6.0093994140625 17.731805801391601562 25.883579254150390625 31.34703826904296875 35.30896759033203125 38.5544891357421875 41.39261627197265625 43.856945037841796875 45.91294097900390625 47.5431671142578125 48.80193328857421875 50.0815887451171875 51.7575225830078125 53.5885009765625 55.2664947509765625 56.590320587158203125 57.456817626953125 57.828403472900390625 57.71514892578125 57.156780242919921875 56.21071624755859375 54.93790435791015625 53.39109039306640625 51.61284637451171875 49.641101837158203125 47.517822265625 45.296916961669921875 43.046787261962890625 40.84825897216796875 38.787628173828125 36.9361572265625 35.312717437744140625 33.903125762939453125 32.6767730712890625 31.606187820434570312 30.660701751708984375 29.80773162841796875 29.017002105712890625 28.263339996337890625 27.526132583618164062 26.788274765014648438 26.0367279052734375 25.264766693115234375 24.473234176635742188 23.66982269287109375 22.868534088134765625 22.088975906372070312 21.353435516357421875 20.683355331420898438 20.097810745239257812 19.61318206787109375 19.242336273193359375 18.99359893798828125 18.870412826538085938 18.871484756469726562 18.990520477294921875 19.21541595458984375 19.52991485595703125 19.901926040649414062 20.265056610107421875 20.55645751953125 20.83034515380859375 21.100248336791992188 21.356922149658203125 21.592912673950195312 21.806613922119140625 22.000871658325195312 22.180139541625976562 -1e100 -1e100 -1e100 -1e100
 -1e100 -1e100 -1e100 -1e100 -1e100 -1e100 -1e100 -1e100 -1e100 -1e100 -1e100 -1e100 -1e100 -1e100 -1e100 -1e100 -1e100 -1e100 -1e100 -1e100 -1e100 -1e100 -1e100 -1e100 -1e100      0      0      0      0      0 2.0103783607482910156 13.534120559692382812 22.371026992797851562 28.691877365112304688 33.4028167724609375 37.196868896484375 40.392181396484375 43.081485748291015625 45.29949951171875 47.090526580810546875 48.5727996826171875 49.982227325439453125 51.5431976318359375 53.205707550048828125 54.78462982177734375 56.096088409423828125 57.005290985107421875 57.446521759033203125 57.412342071533203125 56.931182861328125 56.053058624267578125 54.83504486083984375 53.329776763916015625 51.582469940185546875 49.634857177734375 47.532489776611328125 45.331470489501953125 43.100688934326171875 40.92010498046875 38.873077392578125 37.02557373046875 35.40241241455078125 33.992919921875 32.771358489990234375 31.709314346313476562 30.775873184204101562 29.9381866455078125 29.165172576904296875 28.429693222045898438 27.708383560180664062 26.981349945068359375 26.23355865478515625 25.457767486572265625 24.655750274658203125 23.836980819702148438 23.017515182495117188 22.218797683715820312 21.464384078979492188 20.776395797729492188 20.1741790771484375 19.674224853515625 19.289510726928710938 19.028436660766601562 18.894300460815429688 18.8852081298828125 18.993642807006835938 19.206005096435546875 19.50525665283203125 19.853372573852539062 20.205242156982421875 20.5209503173828125 20.817247390747070312 21.09801483154296875 21.358646392822265625 21.5953216552734375 21.808208465576171875 22.000873565673828125 22.178091049194335938 -1e100 -1e100 -1e100 -1e100
 -1e100 -1e100 -1e100 -1e100 -1e100 -1e100 -1e100 -1e100 -1e100 -1e100 -1e100 -1e100 -1e100 -1e100 -1e100 -1e100 -1e100 -1e100 -1e100 -1e100 -1e100 -1e100 -1e100 -1e100 -1e100      0      0      0      0      0      0 10.296309471130371094 19.137844085693359375 25.910976409912109375 31.1695404052734375 35.429821014404296875 38.962009429931640625 41.884372711181640625 44.279155731201171875 46.2320709228515625 47.866374969482421875 49.371185302734375 50.91518402099609375 52.5259552001953125 54.0836334228515625 55.414600372314453125 56.372333526611328125 56.88173675537109375 56.92529296875 56.522846221923828125 55.7177581787109375 54.563472747802734375 53.112415313720703125 51.411907196044921875 49.506786346435546875 47.445537567138671875 45.285839080810546875 43.096279144287109375 40.9539337158203125 38.936885833740234375 37.10730743408203125 35.49185943603515625 34.086574554443359375 32.871196746826171875 31.81903076171875 30.899358749389648438 30.079229354858398438 29.326559066772460938 28.611864089965820312 27.908723831176757812 27.19423675537109375 26.451290130615234375 25.672153472900390625 24.859571456909179688 24.024847030639648438 23.186170578002929688 22.366949081420898438 21.592210769653320312 20.884965896606445312 20.265012741088867188 19.74906158447265625 19.350185394287109375 19.076715469360351562 18.931550979614257812 18.911851882934570312 19.008480072021484375 19.20629119873046875 19.484468460083007812 19.8145599365234375 20.162433624267578125 20.496507644653320312 20.810739517211914062 21.101926803588867188 21.36682891845703125 21.604228973388671875 21.816066741943359375 22.006824493408203125 22.181753158569335938 22.345338821411132812 -1e100 -1e100 -1e100
 -1e100 -1e100 -1e100 -1e100 -1e100 -1e100 -1e100 -1e100 -1e100 -1e100 -1e100 -1e100 -1e100 -1e100 -1e100 -1e100 -1e100 -1e100 -1e100 -1e100 -1e100 -1e100 -1e100 -1e100 -1e100      0      0      0      0      0      0 7.9514861106872558594 16.464311599731445312 23.369533538818359375 28.943590164184570312 33.5281524658203125 37.326480865478515625 40.45299530029296875 43.00957489013671875 45.105655670166015625 46.871021270751953125 48.465816497802734375 50.037353515625 51.666900634765625 53.258724212646484375 54.632511138916015625 55.639003753662109375 56.20738983154296875 56.31780242919921875 55.985652923583984375 55.249736785888671875 54.1605224609375 52.76969146728515625 51.12566375732421875 49.275379180908203125 47.269390106201171875 45.166351318359375 43.033946990966796875 40.945343017578125 38.97245025634765625 37.1728057861328125 35.575550079345703125 34.182674407958984375 32.9789886474609375 31.940542221069335938 31.038034439086914062 30.239023208618164062 29.510339736938476562 28.8198699951171875 28.137826919555664062 27.438085556030273438 26.70134735107421875 25.91937255859375 25.09593963623046875 24.244291305541992188 23.384891510009765625 22.543317794799804688 21.74633026123046875 21.0180816650390625 20.379039764404296875 19.846263885498046875 19.432952880859375 19.147296905517578125 18.991674423217773438 18.962284088134765625 19.048604965209960938 19.234416961669921875 19.499240875244140625 19.817960739135742188 20.16127777099609375 20.501962661743164062 20.8245849609375 21.12088775634765625 21.3872528076171875 21.623645782470703125 21.833139419555664062 22.020956039428710938 22.19283294677734375 22.353551864624023438 -1e100 -1e100 -1e100
 -1e100 -1e100 -1e100 -1e100 -1e100 -1e100 -1e100 -1e100 -1e100 -1e100 -1e100 -1e100 -1e100 -1e100 -1e100 -1e100 -1e100 -1e100 -1e100 -1e100 -1e100 -1e100 -1e100 -1e100 -1e100      0      0      0      0      0      0 6.20379638671875 14.344605445861816406 21.213443756103515625 26.928142547607421875 31.707149505615234375 35.694091796875 38.98677825927734375 41.688777923583984375 43.917804718017578125 45.804698944091796875 47.486354827880859375 49.079864501953125 50.756317138671875 52.408840179443359375 53.82221221923828125 54.863948822021484375 55.47314453125 55.6326751708984375 55.356891632080078125 54.681758880615234375 53.65488433837890625 52.326351165771484375 50.7444915771484375 48.957118988037109375 47.015895843505859375 44.979946136474609375 42.91555023193359375 40.891719818115234375 38.9744415283203125 37.217037200927734375 35.649776458740234375 34.279048919677734375 33.09433746337890625 32.075298309326171875 31.195117950439453125 30.422334671020507812 29.722661972045898438 29.061092376708984375 28.404132843017578125 27.722137451171875 26.993429183959960938 26.209196090698242188 25.374349594116210938 24.504274368286132812 23.621953964233398438 22.755449295043945312 21.933576583862304688 21.181921005249023438 20.5218353271484375 19.970884323120117188 19.54242706298828125 19.244462966918945312 19.078805923461914062 19.040819168090820312 19.119050979614257812 19.296337127685546875 19.551900863647460938 19.861856460571289062 20.199457168579101562 20.539188385009765625 20.862401962280273438 21.158313751220703125 21.422626495361328125 21.655645370483398438 21.861009597778320312 22.044496536254882812 22.212284088134765625 22.369449615478515625 22.519298553466796875 -1e100 -1e100
 -1e100 -1e100 -1e100 -1e100 -1e100 -1e100 -1e100 -1e100 -1e100 -1e100 -1e100 -1e100 -1e100 -1e100 -1e100 -1e100 -1e100 -1e100 -1e100 -1e100 -1e100 -1e100 -1e100 -1e100 -1e100      0      0      0      0      0      0 4.9768471717834472656 12.769914627075195312 19.523500442504882812 25.26750946044921875 30.142190933227539062 34.246692657470703125 37.659801483154296875 40.479694366455078125 42.8262786865234375 44.83087921142578125 46.61675262451171875 48.288753509521484375 49.998126983642578125 51.640300750732421875 53.0419769287109375 54.08343505859375 54.70610809326171875 54.893619537353515625 54.65917205810546875 54.03582763671875 53.067729949951171875 51.80236053466796875 50.286731719970703125 48.56838226318359375 46.699161529541015625 44.738094329833984375 42.74971771240234375 40.7989654541015625 38.946392059326171875 37.241374969482421875 35.714282989501953125 34.374752044677734375 33.21666717529296875 32.223766326904296875 31.37230682373046875 30.63208770751953125 29.967647552490234375 29.340776443481445312 28.713850021362304688 28.053289413452148438 27.334743499755859375 26.548748016357421875 25.701473236083984375 24.81073760986328125 23.902435302734375 23.007516860961914062 22.157230377197265625 21.378887176513671875 20.6949462890625 20.123605728149414062 19.67842864990234375 19.367158889770507812 19.190967559814453125 19.144430160522460938 19.215429306030273438 19.386081695556640625 19.634790420532226562 19.937501907348632812 20.2685089111328125 20.603174209594726562 20.9221343994140625 21.213647842407226562 21.472936630249023438 21.700321197509765625 21.89977264404296875 22.077518463134765625 22.240171432495117188 22.393102645874023438 22.53974151611328125 -1e100 -1e100
 -1e100 -1e100 -1e100 -1e100 -1e100 -1e100 -1e100 -1e100 -1e100 -1e100 -1e100 -1e100 -1e100 -1e100 -1e100 -1e100 -1e100 -1e100 -1e100 -1e100 -1e100 -1e100 -1e100 -1e100      0      0      0      0      0      0      0 4.2344598770141601562 11.749194145202636719 18.372442245483398438 24.087352752685546875 28.98740386962890625 33.1416778564453125 36.6142578125 39.5007476806640625 41.92447662353515625 44.018146514892578125 45.897457122802734375 47.653865814208984375 49.356327056884765625 50.94488525390625 52.29341888427734375 53.30115509033203125 53.912014007568359375 54.109409332275390625 53.90441131591796875 53.3263092041015625 52.414958953857421875 51.214321136474609375 49.76911163330078125 48.125637054443359375 46.335113525390625 44.455707550048828125 42.549774169921875 40.678314208984375 38.89707183837890625 37.25191497802734375 35.772853851318359375 34.4721527099609375 33.347843170166015625 32.387912750244140625 31.571941375732421875 30.871103286743164062 30.248626708984375 29.662729263305664062 29.071155548095703125 28.43590545654296875 27.729623794555664062 26.942056655883789062 26.080738067626953125 25.166303634643554688 24.22803497314453125 23.3002777099609375 22.417123794555664062 21.607919692993164062 20.896432876586914062 20.301605224609375 19.837244033813476562 19.510822296142578125 19.322856903076171875 19.267187118530273438 19.331098556518554688 19.496007919311523438 19.739170074462890625 20.035608291625976562 20.35971832275390625 20.68741607666015625 20.999523162841796875 21.284107208251953125 21.536174774169921875 21.756082534790039062 21.948106765747070312 22.118938446044921875 22.275617599487304688 22.423814773559570312 22.567096710205078125 -1e100 -1e100
 -1e100 -1e100 -1e100 -1e100 -1e100 -1e100 -1e100 -1e100 -1e100 -1e100 -1e100 -1e100 -1e100 -1e100 -1e100 -1e100 -1e100 -1e100 -1e100 -1e100 -1e100 -1e100 -1e100 -1e100      0      0      0      0      0      0      0 3.9463481903076171875 11.301795005798339844 17.835577011108398438 23.506328582763671875 28.379991531372070312 32.508270263671875 35.9545135498046875 38.826862335205078125 41.257808685302734375 43.37969970703125 45.297557830810546875 47.077312469482421875 48.7476654052734375 50.265979766845703125 51.543476104736328125 52.49880218505859375 53.082942962646484375 53.280071258544921875 53.098674774169921875 52.5635833740234375 51.709789276123046875 50.577136993408203125 49.207477569580078125 47.645244598388671875 45.9402618408203125 44.149036407470703125 42.331233978271484375 40.544086456298828125 38.839191436767578125 37.259403228759765625 35.834346771240234375 34.578609466552734375 33.494167327880859375 32.573272705078125 31.799005508422851562 31.14388275146484375 30.569490432739257812 30.030115127563476562 29.47845458984375 28.871656417846679688 28.179071426391601562 27.389463424682617188 26.511768341064453125 25.56980133056640625 24.5967559814453125 23.63091278076171875 22.7096710205078125 21.864727020263671875 21.121343612670898438 20.499317169189453125 20.0127410888671875 19.668840408325195312 19.467561721801757812 19.402095794677734375 19.459064483642578125 19.618907928466796875 19.857404708862304688 20.148309707641601562 20.465631484985351562 20.785614013671875 21.0894775390625 21.365474700927734375 21.608713150024414062 21.81975555419921875 22.003263473510742188 22.166421890258789062 22.316686630249023438 22.459993362426757812 22.600053787231445312 -1e100 -1e100
 -1e100 -1e100 -1e100 -1e100 -1e100 -1e100 -1e100 -1e100 -1e100 -1e100 -1e100 -1e100 -1e100 -1e100 -1e100 -1e100 -1e100 -1e100 -1e100 -1e100 -1e100 -1e100 -1e100 -1e100      0      0      0      0      0      0      0 4.095928192138671875 11.450482368469238281 17.976680755615234375 23.610744476318359375 28.400411605834960938 32.401432037353515625 35.71183013916015625 38.471897125244140625 40.825748443603515625 42.8988800048828125 44.78098297119140625 46.520175933837890625 48.1256256103515625 49.560756683349609375 50.759002685546875 51.65569305419921875 52.209300994873046875 52.40476226806640625 52.247608184814453125 51.7579193115234375 50.965579986572265625 49.90618133544921875 48.618503570556640625 47.144702911376953125 45.53256988525390625 43.83624267578125 42.112293243408203125 40.414310455322265625 38.790233612060546875 37.28034210205078125 35.91394805908203125 34.70781707763671875 33.66779327392578125 32.79058837890625 32.062931060791015625 31.458421707153320312 30.9362030029296875 30.446477890014648438 29.936853408813476562 29.359491348266601562 28.680324554443359375 27.886951446533203125 26.98963165283203125 26.01556396484375 25.002302169799804688 23.9925994873046875 23.027622222900390625 22.141727447509765625 21.361864089965820312 20.70879364013671875 20.196931838989257812 19.8332977294921875 19.617376327514648438 19.541748046875 19.592205047607421875 19.747844696044921875 19.982692718505859375 20.268951416015625 20.579860687255859375 20.891729354858398438 21.186258316040039062 21.452268600463867188 21.685361862182617188 21.886548995971679688 22.060983657836914062 22.21630859375 22.36028289794921875 22.4990386962890625 22.63642120361328125 -1e100 -1e100
 -1e100 -1e100 -1e100 -1e100 -1e100 -1e100 -1e100 -1e100 -1e100 -1e100 -1e100 -1e100 -1e100 -1e100 -1e100 -1e100 -1e100 -1e100 -1e100 -1e100 -1e100 -1e100 -1e100 -1e100      0      0      0      0      0      0      0 4.6694188117980957031 12.190978050231933594 18.791223526000976562 24.374635696411132812 28.990724563598632812 32.750453948974609375 35.82257843017578125 38.38272857666015625 40.581279754638671875 42.532283782958984375 44.31122589111328125 45.954792022705078125 47.4631195068359375 48.802829742431640625 49.91982269287109375 50.7604522705078125 51.2880859375 51.4873199462890625 51.360294342041015625 50.9222259521484375 50.198024749755859375 49.219188690185546875 48.021381378173828125 46.6442108154296875 45.13297271728515625 43.538898468017578125 41.915134429931640625 40.311614990234375 38.7729034423828125 37.336956024169921875 36.032806396484375 34.879344940185546875 33.886455535888671875 33.05577850341796875 32.378170013427734375 31.827678680419921875 31.358732223510742188 30.917776107788085938 30.447963714599609375 29.897111892700195312 29.228101730346679688 28.427066802978515625 27.505458831787109375 26.493860244750976562 25.43447113037109375 24.37493896484375 23.360584259033203125 22.428676605224609375 21.608015060424804688 20.920385360717773438 20.380548477172851562 19.995370864868164062 19.76393890380859375 19.678236007690429688 19.723066329956054688 19.875894546508789062 20.108612060546875 20.39141082763671875 20.696310043334960938 20.999471664428710938 21.283296585083007812 21.537746429443359375 21.759511947631835938 21.950334548950195312 22.115846633911132812 22.263925552368164062 22.402429580688476562 22.537565231323242188 22.67328643798828125 -1e100 -1e100
 -1e100 -1e100 -1e100 -1e100 -1e100 -1e100 -1e100 -1e100 -1e100 -1e100 -1e100 -1e100 -1e100 -1e100 -1e100 -1e100 -1e100 -1e100 -1e100 -1e100 -1e100 -1e100 -1e100 -1e100      0      0      0      0      0      0      0 5.610660552978515625 13.42723846435546875 20.128004074096679688 25.597234725952148438 29.938951492309570312 33.3736114501953125 36.1453857421875 38.450618743896484375 40.438266754150390625 42.212188720703125 43.839061737060546875 45.34963226318359375 46.7402191162109375 47.979434967041015625 49.019786834716796875 49.81334686279296875 50.325229644775390625 50.5383148193359375 50.450931549072265625 50.073558807373046875 49.42649078369140625 48.537353515625 47.438716888427734375 46.167449951171875 44.76598358154296875 43.2822265625 41.765594482421875 40.262302398681640625 38.813610076904296875 37.455230712890625 36.215850830078125 35.1165008544921875 34.171478271484375 33.388416290283203125 32.76371002197265625 32.27109527587890625 31.853435516357421875 31.455339431762695312 31.016887664794921875 30.483716964721679688 29.817033767700195312 29.001016616821289062 28.04817962646484375 26.992341995239257812 25.880401611328125 24.765106201171875 23.696092605590820312 22.713659286499023438 21.848482131958007812 21.123365402221679688 20.553403854370117188 20.145360946655273438 19.898015975952148438 19.8028106689453125 19.843456268310546875 19.995487213134765625 20.228166580200195312 20.50897979736328125 20.808124542236328125 21.101490020751953125 21.372709274291992188 21.613933563232421875 21.823619842529296875 22.004350662231445312 22.161956787109375 22.304193496704101562 22.43877410888671875 22.571828842163085938 22.707378387451171875 22.8473052978515625 -1e100
 -1e100 -1e100 -1e100 -1e100 -1e100 -1e100 -1e100 -1e100 -1e100 -1e100 -1e100 -1e100 -1e100 -1e100 -1e100 -1e100 -1e100 -1e100 -1e100 -1e100 -1e100 -1e100 -1e100 -1e100      0      0      0      0      0      0      0 6.7806425094604492188 14.940276145935058594 21.6896209716796875 26.946773529052734375 30.939619064331054688 34.023670196533203125 36.488109588623046875 38.527591705322265625 40.283878326416015625 41.856201171875 43.309474945068359375 44.6732940673828125 45.942928314208984375 47.08808135986328125 48.064167022705078125 48.825153350830078125 49.335559844970703125 49.575588226318359375 49.539722442626953125 49.23410797119140625 48.674869537353515625 47.885997772216796875 46.89696502685546875 45.74169921875 44.459453582763671875 43.094470977783203125 41.692203521728515625 40.295047760009765625 38.9409332275390625 37.66323089599609375 36.490177154541015625 35.444889068603515625 34.5464630126953125 33.810016632080078125 33.240711212158203125 32.813899993896484375 32.442676544189453125 32.074947357177734375 31.65151214599609375 31.12036895751953125 30.442424774169921875 29.599637985229492188 28.605501174926757812 27.496900558471679688 26.325284957885742188 25.14837646484375 24.019998550415039062 22.983306884765625 22.070695877075195312 21.305849075317382812 20.70413970947265625 20.272298812866210938 20.008955001831054688 19.905124664306640625 19.943426132202148438 20.09720611572265625 20.332408905029296875 20.6127166748046875 20.905853271484375 21.187686920166015625 21.4443206787109375 21.671384811401367188 21.869388580322265625 22.041482925415039062 22.193235397338867188 22.331914901733398438 22.4648590087890625 22.597974777221679688 22.735315322875976562 22.879150390625 -1e100
 -1e100 -1e100 -1e100 -1e100 -1e100 -1e100 -1e100 -1e100 -1e100 -1e100 -1e100 -1e100 -1e100 -1e100 -1e100 -1e100 -1e100 -1e100 -1e100 -1e100 -1e100 -1e100 -1e100 -1e100      0      0      0      0      0      0      0 7.9564976692199707031 16.43090057373046875 23.119729995727539062 28.067081451416015625 31.689105987548828125 34.45880889892578125 36.655925750732421875 38.458538055419921875 39.99985504150390625 41.3805084228515625 42.66982269287109375 43.899623870849609375 45.065074920654296875 46.13607025146484375 47.068660736083984375 47.81658935546875 48.34273529052734375 48.62469482421875 48.653636932373046875 48.43204498291015625 47.972362518310546875 47.295192718505859375 46.426799774169921875 45.397945404052734375 44.24442291259765625 43.00655364990234375 41.72564697265625 40.440212249755859375 39.18479156494140625 37.9903564453125 36.88451385498046875 35.892230987548828125 35.0371856689453125 34.342174530029296875 33.8254547119140625 33.48035430908203125 33.146350860595703125 32.784088134765625 32.350772857666015625 31.80338287353515625 31.096527099609375 30.211345672607421875 29.16286468505859375 27.991161346435546875 26.7520599365234375 25.507886886596679688 24.316167831420898438 23.222423553466796875 22.260364532470703125 21.454267501831054688 20.819660186767578125 20.363309860229492188 20.083909988403320312 19.9723052978515625 20.010175704956054688 20.168460845947265625 20.408632278442382812 20.688882827758789062 20.974390029907226562 21.242471694946289062 21.483852386474609375 21.698238372802734375 21.887262344360351562 22.05394744873046875 22.203205108642578125 22.341648101806640625 22.476062774658203125 22.6120147705078125 22.753568649291992188 22.903474807739257812 -1e100
 -1e100 -1e100 -1e100 -1e100 -1e100 -1e100 -1e100 -1e100 -1e100 -1e100 -1e100 -1e100 -1e100 -1e100 -1e100 -1e100 -1e100 -1e100 -1e100 -1e100 -1e100 -1e100 -1e100 -1e100      0      0      0      0      0      0      0 8.8413705825805664062 17.608945846557617188 24.137706756591796875 28.705717086791992188 31.976346969604492188 34.493930816650390625 36.49005889892578125 38.112140655517578125 39.485645294189453125 40.716800689697265625 41.8824005126953125 43.01636505126953125 44.113292694091796875 45.142467498779296875 46.059520721435546875 46.81749725341796875 47.378322601318359375 47.71805572509765625 47.82561492919921875 47.70068359375 47.35259246826171875 46.798625946044921875 46.061737060546875 45.16928863525390625 44.153350830078125 43.05013275146484375 41.896728515625 40.727748870849609375 39.5744171142578125 38.465301513671875 37.427349090576171875 36.487186431884765625 35.671962738037109375 35.008296966552734375 34.523082733154296875 34.27780914306640625 33.941196441650390625 33.558773040771484375 33.102725982666015625 32.521396636962890625 31.766466140747070312 30.820896148681640625 29.70288848876953125 28.456418991088867188 27.141674041748046875 25.825037002563476562 24.566888809204101562 23.41432952880859375 22.40175628662109375 21.553600311279296875 20.885320663452148438 20.403783798217773438 20.107973098754882812 19.988964080810546875 20.027841567993164062 20.192737579345703125 20.438421249389648438 20.716167449951171875 20.990781784057617188 21.244472503662109375 21.4740142822265625 21.681180953979492188 21.86695098876953125 22.033567428588867188 22.185251235961914062 22.327955245971679688 22.467824935913085938 22.610017776489257812 22.7586212158203125 22.916950225830078125 -1e100
 -1e100 -1e100 -1e100 -1e100 -1e100 -1e100 -1e100 -1e100 -1e100 -1e100 -1e100 -1e100 -1e100 -1e100 -1e100 -1e100 -1e100 -1e100 -1e100 -1e100 -1e100 -1e100 -1e100 -1e100      0      0      0      0      0      0      0 9.0279321670532226562 18.141942977905273438 24.411041259765625 28.548336029052734375 31.581562042236328125 33.968601226806640625 35.866291046142578125 37.393802642822265625 38.676593780517578125 39.830478668212890625 40.93804168701171875 42.03357696533203125 43.110752105712890625 44.13808441162109375 45.07105255126953125 45.86338043212890625 46.477935791015625 46.890995025634765625 47.09059906005859375 47.0745849609375 46.84957122802734375 46.42958831787109375 45.834133148193359375 45.08695220947265625 44.2162017822265625 43.2538299560546875 42.232707977294921875 41.183658599853515625 40.134731292724609375 39.11229705810546875 38.142826080322265625 37.25487518310546875 36.47939300537109375 35.84690093994140625 35.380420684814453125 35.102069854736328125 34.771617889404296875 34.378772735595703125 33.89310455322265625 33.260372161865234375 32.43666839599609375 31.41089630126953125 30.20684814453125 28.873441696166992188 27.475172042846679688 26.081630706787109375 24.754955291748046875 23.542842864990234375 22.479587554931640625 21.58921051025390625 20.88681793212890625 20.3792877197265625 20.066097259521484375 19.93895721435546875 19.978651046752929688 20.149627685546875 20.3986053466796875 20.669857025146484375 20.931932449340820312 21.175222396850585938 21.40082550048828125 21.609350204467773438 21.799871444702148438 21.973545074462890625 22.133955001831054688 22.286409378051757812 22.436399459838867188 22.588670730590820312 22.74737548828125 22.916482925415039062 -1e100
 -1e100 -1e100 -1e100 -1e100 -1e100 -1e100 -1e100 -1e100 -1e100 -1e100 -1e100 -1e100 -1e100 -1e100 -1e100 -1e100 -1e100 -1e100 -1e100 -1e100 -1e100 -1e100 -1e100 -1e100      0      0      0      0      0      0      0 7.87282562255859375 16.569837570190429688 22.758279800415039062 27.055561065673828125 30.2602691650390625 32.759387969970703125 34.714080810546875 36.266208648681640625 37.562534332275390625 38.73217010498046875 39.861293792724609375 40.98430633544921875 42.094631195068359375 43.16101837158203125 44.1405792236328125 44.990192413330078125 45.6761322021484375 46.1768646240234375 46.480926513671875 46.5850677490234375 46.493503570556640625 46.217037200927734375 45.771575927734375 45.17706298828125 44.457553863525390625 43.64063262939453125 42.754993438720703125 41.827823638916015625 40.884273529052734375 39.9487152099609375 39.04698944091796875 38.20864105224609375 37.467151641845703125 36.855129241943359375 36.385223388671875 36.0355987548828125 35.678131103515625 35.25655364990234375 34.718135833740234375 34.008831024169921875 33.091888427734375 31.96445465087890625 30.65753173828125 29.225488662719726562 27.736646652221679688 26.2627105712890625 24.86637115478515625 23.5948486328125 22.481525421142578125 21.54940032958984375 20.81279754638671875 20.278360366821289062 19.945981979370117188 19.808061599731445312 19.845273971557617188 20.019220352172851562 20.270938873291015625 20.53545379638671875 20.787158966064453125 21.026885986328125 21.258260726928710938 21.477687835693359375 21.68175506591796875 21.870386123657226562 22.046461105346679688 22.214578628540039062 22.379564285278320312 22.545797348022460938 22.717565536499023438 22.899602890014648438 -1e100
 -1e100 -1e100 -1e100 -1e100 -1e100 -1e100 -1e100 -1e100 -1e100 -1e100 -1e100 -1e100 -1e100 -1e100 -1e100 -1e100 -1e100 -1e100 -1e100 -1e100 -1e100 -1e100 -1e100 -1e100      0      0      0      0      0      0      0 5.7036957740783691406 13.494397163391113281 19.768381118774414062 24.505435943603515625 28.130792617797851562 30.922573089599609375 33.074237823486328125 34.7742156982421875 36.195743560791015625 37.47736358642578125 38.706634521484375 39.91956329345703125 41.1110687255859375 42.252292633056640625 43.30466461181640625 44.23107147216796875 45.0036163330078125 45.60463714599609375 46.024166107177734375 46.258392333984375 46.309322357177734375 46.184528350830078125 45.896190643310546875 45.460247039794921875 44.89647674560546875 44.228031158447265625 43.4794464111328125 42.674488067626953125 41.8357391357421875 40.985797882080078125 40.149425506591796875 39.35552215576171875 38.637073516845703125 38.02417755126953125 37.523815155029296875 37.1089019775390625 36.692348480224609375 36.201671600341796875 35.573822021484375 34.755908966064453125 33.71843719482421875 32.4675750732421875 31.041856765747070312 29.50075531005859375 27.91546630859375 26.358592987060546875 24.892198562622070312 23.562082290649414062 22.399969100952148438 21.42724609375 20.65692138671875 20.094881057739257812 19.740901947021484375 19.587556838989257812 19.615713119506835938 19.787641525268554688 20.04798126220703125 20.308160781860351562 20.554264068603515625 20.800670623779296875 21.0477752685546875 21.287282943725585938 21.51334381103515625 21.724597930908203125 21.923038482666015625 22.112443923950195312 22.29693603515625 22.480596542358398438 22.667972564697265625 22.864635467529296875 -1e100
 -1e100 -1e100 -1e100 -1e100 -1e100 -1e100 -1e100 -1e100 -1e100 -1e100 -1e100 -1e100 -1e100 -1e100 -1e100 -1e100 -1e100 -1e100 -1e100 -1e100 -1e100 -1e100 -1e100 -1e100      0      0      0      0      0      0      0 3.2053487300872802734 10.211297035217285156 16.43080902099609375 21.510122299194335938 25.533376693725585938 28.660406112670898438 31.093358993530273438 33.040904998779296875 34.6829071044921875 36.156291961669921875 37.549114227294921875 38.90074920654296875 40.209625244140625 41.451923370361328125 42.5963287353515625 43.61437225341796875 44.485805511474609375 45.197765350341796875 45.742282867431640625 46.115207672119140625 46.316417694091796875 46.350189208984375 46.224788665771484375 45.951961517333984375 45.547031402587890625 45.028606414794921875 44.4170684814453125 43.732913970947265625 42.996456146240234375 42.2287445068359375 41.45311737060546875 40.69671630859375 39.990230560302734375 39.36067962646484375 38.814189910888671875 38.319843292236328125 37.808238983154296875 37.206501007080078125 36.45026397705078125 35.490482330322265625 34.305912017822265625 32.9118499755859375 31.353666305541992188 29.694917678833007812 28.008527755737304688 26.366847991943359375 24.830377578735351562 23.442834854125976562 22.233736038208007812 21.222322463989257812 20.419681549072265625 19.830259323120117188 19.45270538330078125 19.278688430786132812 19.28859710693359375 19.44713592529296875 19.701267242431640625 19.970760345458984375 20.231784820556640625 20.501369476318359375 20.775884628295898438 21.044591903686523438 21.300382614135742188 21.540981292724609375 21.767484664916992188 21.982755661010742188 22.190244674682617188 22.393892288208007812 22.598636627197265625 22.810924530029296875 -1e100
 -1e100 -1e100 -1e100 -1e100 -1e100 -1e100 -1e100 -1e100 -1e100 -1e100 -1e100 -1e100 -1e100 -1e100 -1e100 -1e100 -1e100 -1e100 -1e100 -1e100 -1e100 -1e100 -1e100 -1e100      0      0      0      0      0      0      0 0.64733856916427612305 7.104770660400390625 13.215315818786621094 18.477016448974609375 22.785181045532226562 26.223703384399414062 28.974081039428710938 31.228990554809570312 33.152126312255859375 34.86914825439453125 36.4661865234375 37.986537933349609375 39.433948516845703125 40.792446136474609375 42.040668487548828125 43.160678863525390625 44.140552520751953125 44.972370147705078125 45.65015411376953125 46.16939544677734375 46.52774810791015625 46.726001739501953125 46.768306732177734375 46.66201019287109375 46.417812347412109375 46.049640655517578125 45.573650360107421875 45.007076263427734375 44.368030548095703125 43.6761016845703125 42.95322418212890625 42.224636077880859375 41.517913818359375 40.855899810791015625 40.24178314208984375 39.645076751708984375 39.00553131103515625 38.255825042724609375 37.336483001708984375 36.205780029296875 34.851940155029296875 33.29877471923828125 31.597341537475585938 29.814098358154296875 28.02265167236328125 26.294309616088867188 24.68758392333984375 23.24376678466796875 21.989780426025390625 20.942264556884765625 20.109853744506835938 19.4947967529296875 19.093784332275390625 18.89696502685546875 18.884199142456054688 19.021886825561523438 19.259868621826171875 19.540880203247070312 19.836591720581054688 20.144914627075195312 20.457159042358398438 20.762538909912109375 21.05400848388671875 21.32880401611328125 21.587163925170898438 21.83103179931640625 22.06337738037109375 22.28820037841796875 22.51096343994140625 22.738981246948242188 -1e100
 -1e100 -1e100 -1e100 -1e100 -1e100 -1e100 -1e100 -1e100 -1e100 -1e100 -1e100 -1e100 -1e100 -1e100 -1e100 -1e100 -1e100 -1e100 -1e100 -1e100 -1e100 -1e100 -1e100 -1e100      0      0      0      0      0      0      0      0 4.3836846351623535156 10.358244895935058594 15.666914939880371094 20.148212432861328125 23.845373153686523438 26.905355453491210938 29.483287811279296875 31.713571548461914062 33.69971466064453125 35.519329071044921875 37.219913482666015625 38.813137054443359375 40.293582916259765625 41.65177154541015625 42.880825042724609375 43.976848602294921875 44.936405181884765625 45.75511932373046875 46.42780303955078125 46.949626922607421875 47.317626953125 47.531604766845703125 47.594326019287109375 47.51171875 47.292926788330078125 46.949741363525390625 46.495975494384765625 45.947357177734375 45.3219146728515625 44.64035797119140625 43.926158905029296875 43.203311920166015625 42.489898681640625 41.7858123779296875 41.06204986572265625 40.265850067138671875 39.338352203369140625 38.2288360595703125 36.905300140380859375 35.36576080322265625 33.64162445068359375 31.788455963134765625 29.874685287475585938 27.974016189575195312 26.156591415405273438 24.478921890258789062 22.979726791381835938 21.68304443359375 20.602510452270507812 19.74379730224609375 19.106420516967773438 18.68482208251953125 18.467687606811523438 18.434904098510742188 18.554841995239257812 18.78496551513671875 19.08058929443359375 19.411113739013671875 19.7603759765625 20.1138153076171875 20.459300994873046875 20.789310455322265625 21.100343704223632812 21.391683578491210938 21.664520263671875 21.921602249145507812 22.16721343994140625 22.407440185546875 22.650386810302734375 -1e100
 -1e100 -1e100 -1e100 -1e100 -1e100 -1e100 -1e100 -1e100 -1e100 -1e100 -1e100 -1e100 -1e100 -1e100 -1e100 -1e100 -1e100 -1e100 -1e100 -1e100 -1e100 -1e100 -1e100 -1e100      0      0      0      0      0      0      0      0 2.3716797828674316406 8.0633821487426757812 13.276479721069335938 17.817821502685546875 21.694734573364257812 25.0198516845703125 27.90911865234375 30.45220947265625 32.70867919921875 34.749019622802734375 36.625873565673828125 38.36164093017578125 39.96344757080078125 41.43426513671875 42.777675628662109375 43.996784210205078125 45.0916900634765625 46.05889129638671875 46.8920135498046875 47.583324432373046875 48.12580108642578125 48.514667510986328125 48.747997283935546875 48.826885223388671875 48.75562286376953125 48.54155731201171875 48.194889068603515625 47.728668212890625 47.15909576416015625 46.505615234375 45.789897918701171875 45.032398223876953125 44.246723175048828125 43.43018341064453125 42.556308746337890625 41.580108642578125 40.452777862548828125 39.134151458740234375 37.6027984619140625 35.866077423095703125 33.96195220947265625 31.94962310791015625 29.899145126342773438 27.8844757080078125 25.974977493286132812 24.225374221801757812 22.671672821044921875 21.334627151489257812 20.224397659301757812 19.343301773071289062 18.687946319580078125 18.250597000122070312 18.018758773803710938 17.972780227661132812 18.083711624145507812 18.314462661743164062 18.6265716552734375 18.9883270263671875 19.375730514526367188 19.769197463989257812 20.1543426513671875 20.522283554077148438 20.868379592895507812 21.1909637451171875 21.4907379150390625 21.770521163940429688 22.035070419311523438 22.291082382202148438 22.547260284423828125 -1e100
 -1e100 -1e100 -1e100 -1e100 -1e100 -1e100 -1e100 -1e100 -1e100 -1e100 -1e100 -1e100 -1e100 -1e100 -1e100 -1e100 -1e100 -1e100 -1e100 -1e100 -1e100 -1e100 -1e100 -1e100      0      0      0      0      0      0      0      0 1.131180882453918457 6.4007372856140136719 11.4113006591796875 15.913607597351074219 19.864105224609375 23.423099517822265625 26.601682662963867188 29.436609268188476562 31.9384307861328125 34.17902374267578125 36.216152191162109375 38.0841217041015625 39.80295562744140625 41.38733673095703125 42.84981536865234375 44.198894500732421875 45.4368896484375 46.560237884521484375 47.560688018798828125 48.427112579345703125 49.148090362548828125 49.714141845703125 50.118621826171875 50.35784149169921875 50.431278228759765625 50.3418426513671875 50.095973968505859375 49.703762054443359375 49.179195404052734375 48.54007720947265625 47.806018829345703125 46.994388580322265625 46.1155242919921875 45.165744781494140625 44.12236785888671875 42.948802947998046875 41.6068267822265625 40.06707763671875 38.318309783935546875 36.37627410888671875 34.284587860107421875 32.105846405029296875 29.912149429321289062 27.778476715087890625 25.774091720581054688 23.952119827270507812 22.345417022705078125 20.970735549926757812 19.834196090698242188 18.934530258178710938 18.2655487060546875 17.817626953125 17.57738494873046875 17.525638580322265625 17.6355133056640625 17.873384475708007812 18.203582763671875 18.593431472778320312 19.014814376831054688 19.4445648193359375 19.865774154663085938 20.267757415771484375 20.64466094970703125 20.994104385375976562 21.316646575927734375 21.615467071533203125 21.895877838134765625 22.165052413940429688 22.431974411010742188 -1e100
 -1e100 -1e100 -1e100 -1e100 -1e100 -1e100 -1e100 -1e100 -1e100 -1e100 -1e100 -1e100 -1e100 -1e100 -1e100 -1e100 -1e100 -1e100 -1e100 -1e100 -1e100 -1e100 -1e100 -1e100      0      0      0      0      0      0      0      0 0.34750458598136901855 5.2758069038391113281 10.095133781433105469 14.512587547302246094 18.449090957641601562 22.172155380249023438 25.642393112182617188 28.719335556030273438 31.420484542846679688 33.824039459228515625 35.99562835693359375 37.980548858642578125 39.810047149658203125 41.5083465576171875 43.094669342041015625 44.580806732177734375 45.9697723388671875 47.256839752197265625 48.43108367919921875 49.47743988037109375 50.379825592041015625 51.124057769775390625 51.69887542724609375 52.09593963623046875 52.310062408447265625 52.339778900146484375 52.18772125244140625 51.8607940673828125 51.370391845703125 50.732135772705078125 49.9634246826171875 49.07938385009765625 48.088756561279296875 46.988674163818359375 45.76143646240234375 44.37920379638671875 42.81390380859375 41.046192169189453125 39.073940277099609375 36.92023468017578125 34.6339263916015625 32.28165435791015625 29.938629150390625 27.681951522827148438 25.58148193359375 23.688568115234375 22.03186798095703125 20.623037338256835938 19.463518142700195312 18.548431396484375 17.869218826293945312 17.414875030517578125 17.171453475952148438 17.1201019287109375 17.235052108764648438 17.484186172485351562 17.83286285400390625 18.247669219970703125 18.698139190673828125 19.158418655395507812 19.609247207641601562 20.038393020629882812 20.43914794921875 20.808855056762695312 21.148326873779296875 21.461307525634765625 21.753591537475585938 22.032575607299804688 22.307142257690429688 -1e100
 -1e100 -1e100 -1e100 -1e100 -1e100 -1e100 -1e100 -1e100 -1e100 -1e100 -1e100 -1e100 -1e100 -1e100 -1e100 -1e100 -1e100 -1e100 -1e100 -1e100 -1e100 -1e100 -1e100 -1e100      0      0      0      0      0      0      0      0      0 4.617527008056640625 9.3418979644775390625 13.771184921264648438 17.848644256591796875 21.665372848510742188 25.202625274658203125 28.371234893798828125 31.182291030883789062 33.693561553955078125 35.9662933349609375 38.050159454345703125 39.98322296142578125 41.795810699462890625 43.510822296142578125 45.14105224609375 46.68854522705078125 48.146198272705078125 49.4995880126953125 50.729217529296875 51.814273834228515625 52.735980987548828125 53.4786529541015625 54.029506683349609375 54.37888336181640625 54.521099090576171875 54.455013275146484375 54.1842041015625 53.71717071533203125 53.067028045654296875 52.249179840087890625 51.27748870849609375 50.160625457763671875 48.898075103759765625 47.47797393798828125 45.88089752197265625 44.087932586669921875 42.088550567626953125 39.888561248779296875 37.51769256591796875 35.030643463134765625 32.499256134033203125 30.003082275390625 27.622358322143554688 25.427906036376953125 23.468385696411132812 21.766679763793945312 20.327951431274414062 19.14833831787109375 18.219676971435546875 17.531976699829101562 17.073564529418945312 16.830148696899414062 16.782873153686523438 16.9061279296875 17.168003082275390625 17.533853530883789062 17.969430923461914062 18.442537307739257812 18.925222396850585938 19.396612167358398438 19.843616485595703125 20.259294509887695312 20.641229629516601562 20.990818023681640625 21.312381744384765625 21.611995697021484375 21.896966934204101562 22.175645828247070312 -1e100
 -1e100 -1e100 -1e100 -1e100 -1e100 -1e100 -1e100 -1e100 -1e100 -1e100 -1e100 -1e100 -1e100 -1e100 -1e100 -1e100 -1e100 -1e100 -1e100 -1e100 -1e100 -1e100 -1e100 -1e100      0      0      0      0      0      0      0      0      0 4.3494763374328613281 9.0645046234130859375 13.571993827819824219 17.7628021240234375 21.631662368774414062 25.173318862915039062 28.362417221069335938 31.216913223266601562 33.786380767822265625 36.128299713134765625 38.293605804443359375 40.323421478271484375 42.250640869140625 44.098804473876953125 45.879405975341796875 47.5918121337890625 49.22536468505859375 50.76137542724609375 52.1756439208984375 53.44264984130859375 54.53922271728515625 55.44550323486328125 56.144489288330078125 56.622303009033203125 56.869220733642578125 56.880435943603515625 56.6562042236328125 56.20203399658203125 55.528564453125 54.64957427978515625 53.5785369873046875 52.325252532958984375 50.892574310302734375 49.274658203125 47.45983123779296875 45.4372711181640625 43.20415496826171875 40.773502349853515625 38.181995391845703125 35.49117279052734375 32.779132843017578125 30.130590438842773438 27.62931060791015625 25.346714019775390625 23.327527999877929688 21.586927413940429688 20.122211456298828125 18.9239654541015625 17.981756210327148438 17.28533935546875 16.823034286499023438 16.580343246459960938 16.538003921508789062 16.669763565063476562 16.942991256713867188 17.32224273681640625 17.77217864990234375 18.259174346923828125 18.753984451293945312 19.2350311279296875 19.689205169677734375 20.109989166259765625 20.495649337768554688 20.848264694213867188 21.172595977783203125 21.474761962890625 21.761636734008789062 22.0406494140625 -1e100
 -1e100 -1e100 -1e100 -1e100 -1e100 -1e100 -1e100 -1e100 -1e100 -1e100 -1e100 -1e100 -1e100 -1e100 -1e100 -1e100 -1e100 -1e100 -1e100 -1e100 -1e100 -1e100 -1e100 -1e100      0      0      0      0      0      0      0      0      0 4.4045548439025878906 9.1819810867309570312 13.781675338745117188 18.054872512817382812 21.956552505493164062 25.485773086547851562 28.657480239868164062 31.509771347045898438 34.098072052001953125 36.481807708740234375 38.7130279541015625 40.83336639404296875 42.87519073486328125 44.859943389892578125 46.795650482177734375 48.6774139404296875 50.48998260498046875 52.209850311279296875 53.807952880859375 55.254184722900390625 56.521213531494140625 57.585247039794921875 58.42534637451171875 59.023651123046875 59.366607666015625 59.445896148681640625 59.258571624755859375 58.807270050048828125 58.100360870361328125 57.15045166015625 55.971309661865234375 54.574642181396484375 52.967136383056640625 51.148799896240234375 49.115070343017578125 46.862415313720703125 44.39522552490234375 41.73384857177734375 38.922618865966796875 36.030742645263671875 33.142993927001953125 30.348978042602539062 27.735073089599609375 25.372484207153320312 23.300764083862304688 21.52596282958984375 20.036968231201171875 18.819463729858398438 17.861970901489257812 17.154851913452148438 16.686857223510742188 16.443302154541015625 16.404056549072265625 16.541522979736328125 16.82161712646484375 17.2075958251953125 17.662994384765625 18.153255462646484375 18.64864349365234375 19.127763748168945312 19.578227996826171875 19.99445343017578125 20.375576019287109375 20.72430419921875 21.045650482177734375 21.345523834228515625 21.630092620849609375 21.90552520751953125 -1e100
 -1e100 -1e100 -1e100 -1e100 -1e100 -1e100 -1e100 -1e100 -1e100 -1e100 -1e100 -1e100 -1e100 -1e100 -1e100 -1e100 -1e100 -1e100 -1e100 -1e100 -1e100 -1e100 -1e100 -1e100      0      0      0      0      0      0      0      0      0 4.7396078109741210938 9.644561767578125 14.356373786926269531 18.702676773071289062 22.620330810546875 26.117401123046875 29.239673614501953125 32.051830291748046875 34.62541961669921875 37.027256011962890625 39.3106842041015625 41.515636444091796875 43.671245574951171875 45.794429779052734375 47.887828826904296875 49.9409637451171875 51.93318939208984375 53.8358001708984375 55.614818572998046875 57.2357177734375 58.66722869873046875 59.881877899169921875 60.855037689208984375 61.565097808837890625 61.994892120361328125 62.132778167724609375 61.972805023193359375 61.514949798583984375 60.76560211181640625 59.736637115478515625 58.44261932373046875 56.897563934326171875 55.112152099609375 53.092071533203125 50.83950042724609375 48.3580474853515625 45.659572601318359375 42.772350311279296875 39.749095916748046875 36.666919708251953125 33.6166229248046875 30.690893173217773438 27.975713729858398438 25.540796279907226562 23.42028045654296875 21.611558914184570312 20.09612274169921875 18.85610198974609375 17.879852294921875 17.158565521240234375 16.681423187255859375 16.4333038330078125 16.392713546752929688 16.53012847900390625 16.809581756591796875 17.192989349365234375 17.643121719360351562 18.125104904174804688 18.609447479248046875 19.075586318969726562 19.512308120727539062 19.915163040161132812 20.284154891967773438 20.622488021850585938 20.935245513916015625 21.227975845336914062 21.50597381591796875 21.773881912231445312 -1e100
 -1e100 -1e100 -1e100 -1e100 -1e100 -1e100 -1e100 -1e100 -1e100 -1e100 -1e100 -1e100 -1e100 -1e100 -1e100 -1e100 -1e100 -1e100 -1e100 -1e100 -1e100 -1e100 -1e100 -1e100      0      0      0      0      0      0      0      0 0.30692374706268310547 5.337482452392578125 10.438310623168945312 15.292016983032226562 19.710271835327148438 23.627346038818359375 27.065799713134765625 30.103105545043945312 32.837249755859375 35.364715576171875 37.76328277587890625 40.086483001708984375 42.370075225830078125 44.637451171875 46.89890289306640625 49.150104522705078125 51.373996734619140625 53.543979644775390625 55.625942230224609375 57.58101654052734375 59.370410919189453125 60.95914459228515625 62.316280364990234375 63.413722991943359375 64.226348876953125 64.73358154296875 64.9206695556640625 64.7788543701171875 64.30570220947265625 63.505908966064453125 62.390960693359375 60.976531982421875 59.279186248779296875 57.3137359619140625 55.091602325439453125 52.6218719482421875 49.915920257568359375 46.99387359619140625 43.892719268798828125 40.673828125 37.421520233154296875 34.230831146240234375 31.194730758666992188 28.392040252685546875 25.889255523681640625 23.7171478271484375 21.868089675903320312 20.318689346313476562 19.049222946166992188 18.048248291015625 17.307361602783203125 16.815643310546875 16.556966781616210938 16.507923126220703125 16.636648178100585938 16.90529632568359375 17.27496337890625 17.708347320556640625 18.170909881591796875 18.633876800537109375 19.077741622924804688 19.492397308349609375 19.874437332153320312 20.22461700439453125 20.546518325805664062 20.845235824584960938 21.125974655151367188 21.393125534057617188 21.649675369262695312 -1e100
 -1e100 -1e100 -1e100 -1e100 -1e100 -1e100 -1e100 -1e100 -1e100 -1e100 -1e100 -1e100 -1e100 -1e100 -1e100 -1e100 -1e100 -1e100 -1e100 -1e100 -1e100 -1e100 -1e100 -1e100      0      0      0      0      0      0      0      0 0.83740061521530151367 6.1959333419799804688 11.569194793701171875 16.597051620483398438 21.083879470825195312 24.9766845703125 28.320735931396484375 31.232410430908203125 33.851200103759765625 36.304637908935546875 38.681537628173828125 41.0335845947265625 43.389911651611328125 45.765960693359375 48.16362762451171875 50.570453643798828125 52.962085723876953125 55.30565643310546875 57.561565399169921875 59.6861572265625 61.63655853271484375 63.374248504638671875 64.8650360107421875 66.07758331298828125 66.98346710205078125 67.5589141845703125 67.78626251220703125 67.6541290283203125 67.15782928466796875 66.30060577392578125 65.093780517578125 63.554355621337890625 61.7017059326171875 59.555072784423828125 57.13208770751953125 54.4496917724609375 51.52809906005859375 48.39670562744140625 45.10173797607421875 41.712680816650390625 38.318706512451171875 35.016796112060546875 31.899393081665039062 29.024517059326171875 26.45392608642578125 24.219324111938476562 22.315715789794921875 20.71855926513671875 19.407938003540039062 18.372652053833007812 17.603845596313476562 17.089544296264648438 16.8117828369140625 16.744638442993164062 16.853694915771484375 17.0997314453125 17.443933486938476562 17.849826812744140625 18.283735275268554688 18.717655181884765625 19.132625579833984375 19.519136428833007812 19.87451171875 20.20012664794921875 20.499967575073242188 20.779340744018554688 21.043291091918945312 21.295423507690429688 21.5370635986328125 -1e100
 -1e100 -1e100 -1e100 -1e100 -1e100 -1e100 -1e100 -1e100 -1e100 -1e100 -1e100 -1e100 -1e100 -1e100 -1e100 -1e100 -1e100 -1e100 -1e100 -1e100 -1e100 -1e100 -1e100 -1e100      0      0      0      0      0      0      0      0 1.5269925594329833984 7.32413482666015625 13.056698799133300781 18.280002593994140625 22.810144424438476562 26.632593154907226562 29.833829879760742188 32.57975006103515625 35.055126190185546875 37.4160919189453125 39.759723663330078125 42.133655548095703125 44.55854034423828125 47.040279388427734375 49.571224212646484375 52.130008697509765625 54.68465423583984375 57.1959228515625 59.618808746337890625 61.905055999755859375 64.0079193115234375 65.88556671142578125 67.500762939453125 68.81915283203125 69.80922698974609375 70.44423675537109375 70.70375823974609375 70.5738983154296875 70.04784393310546875 69.12749481201171875 67.82415771484375 66.15637969970703125 64.146697998046875 61.819393157958984375 59.1993408203125 56.312602996826171875 53.189434051513671875 49.869319915771484375 46.407840728759765625 42.88083648681640625 39.37811279296875 35.994091033935546875 32.830226898193359375 29.900079727172851562 27.249208450317382812 24.936031341552734375 22.959276199340820312 21.296545028686523438 19.929716110229492188 18.84761810302734375 18.040073394775390625 17.493022918701171875 17.185853958129882812 17.089620590209960938 17.16739654541015625 17.379102706909179688 17.687101364135742188 18.0567779541015625 18.455652236938476562 18.85591888427734375 19.23812103271484375 19.59250640869140625 19.9167327880859375 20.212770462036132812 20.485322952270507812 20.74030303955078125 20.982898712158203125 21.216142654418945312 21.439840316772460938 -1e100
 -1e100 -1e100 -1e100 -1e100 -1e100 -1e100 -1e100 -1e100 -1e100 -1e100 -1e100 -1e100 -1e100 -1e100 -1e100 -1e100 -1e100 -1e100 -1e100 -1e100 -1e100 -1e100 -1e100 -1e100      0      0      0      0      0      0      0      0 2.3758192062377929688 8.7261562347412109375 14.91265869140625 20.316440582275390625 24.818494796752929688 28.500270843505859375 31.508905410766601562 34.0615692138671875 36.383052825927734375 38.64904022216796875 40.959552764892578125 43.355953216552734375 45.849468231201171875 48.43592071533203125 51.097721099853515625 53.804416656494140625 56.516452789306640625 59.18842315673828125 61.7701873779296875 64.20922088623046875 66.45520782470703125 68.4633026123046875 70.1934814453125 71.60858154296875 72.674285888671875 73.36106109619140625 73.64583587646484375 73.51229095458984375 72.9515228271484375 71.9641265869140625 70.56146240234375 68.76383209228515625 66.59743499755859375 64.09246063232421875 61.282253265380859375 58.20323944091796875 54.896610260009765625 51.4122772216796875 47.81493377685546875 44.185504913330078125 40.609371185302734375 37.16464996337890625 33.99588775634765625 30.993566513061523438 28.250513076782226562 25.845165252685546875 23.778753280639648438 22.034276962280273438 20.596904754638671875 19.455425262451171875 18.59781646728515625 18.00738525390625 17.660602569580078125 17.525419235229492188 17.562135696411132812 17.7296600341796875 17.992656707763671875 18.319551467895507812 18.679353713989257812 19.043682098388671875 19.391117095947265625 19.710737228393554688 20.000200271606445312 20.262279510498046875 20.502872467041015625 20.72895050048828125 20.94618988037109375 21.15727996826171875 -1e100 -1e100
 -1e100 -1e100 -1e100 -1e100 -1e100 -1e100 -1e100 -1e100 -1e100 -1e100 -1e100 -1e100 -1e100 -1e100 -1e100 -1e100 -1e100 -1e100 -1e100 -1e100 -1e100 -1e100 -1e100 -1e100      0      0      0      0      0      0      0      0 3.3649830818176269531 10.337265968322753906 17.069597244262695312 22.581821441650390625 26.945648193359375 30.40027618408203125 33.189067840576171875 35.553348541259765625 37.7404022216796875 39.932804107666015625 42.227481842041015625 44.658191680908203125 47.22734832763671875 49.9214630126953125 52.713592529296875 55.5647735595703125 58.4284210205078125 61.25347900390625 63.985240936279296875 66.5673980712890625 68.94655609130859375 71.0751800537109375 72.91077423095703125 74.4136962890625 75.54706573486328125 76.27880859375 76.583343505859375 76.441986083984375 75.84369659423828125 74.7877197265625 73.2854766845703125 71.35919952392578125 69.03923797607421875 66.36260223388671875 63.3721771240234375 60.115634918212890625 56.64514923095703125 53.02034759521484375 49.31429290771484375 45.6144561767578125 42.010223388671875 38.585063934326171875 35.3573760986328125 32.2377166748046875 29.396841049194335938 26.893922805786132812 24.730472564697265625 22.8957061767578125 21.378538131713867188 20.16808319091796875 19.250766754150390625 18.607818603515625 18.21368408203125 18.033666610717773438 18.024196624755859375 18.14099884033203125 18.352375030517578125 18.631109237670898438 18.948637008666992188 19.275482177734375 19.586584091186523438 19.869123458862304688 20.120647430419921875 20.345033645629882812 20.549840927124023438 20.74349212646484375 20.932376861572265625 21.11899566650390625 -1e100 -1e100
 -1e100 -1e100 -1e100 -1e100 -1e100 -1e100 -1e100 -1e100 -1e100 -1e100 -1e100 -1e100 -1e100 -1e100 -1e100 -1e100 -1e100 -1e100 -1e100 -1e100 -1e100 -1e100 -1e100      0      0      0      0      0      0      0      0      0 4.4269442558288574219 11.888869285583496094 19.19818115234375 24.63543701171875 28.76677703857421875 32.03839111328125 34.657840728759765625 36.896968841552734375 39.01155853271484375 41.1817169189453125 43.4980316162109375 45.98834991455078125 48.648838043212890625 51.458843231201171875 54.38368988037109375 57.3772735595703125 60.38709259033203125 63.357387542724609375 66.22969818115234375 68.9446868896484375 71.44646453857421875 73.68529510498046875 75.6165924072265625 77.1986236572265625 78.39232635498046875 79.1633758544921875 79.48388671875 79.33281707763671875 78.6969451904296875 77.57401275634765625 75.9753570556640625 73.925201416015625 71.458404541015625 68.61942291259765625 65.461395263671875 62.0433807373046875 58.427433013916015625 54.6802825927734375 50.878753662109375 47.10931396484375 43.457111358642578125 39.96575927734375 36.649486541748046875 33.4925079345703125 30.596437454223632812 28.013576507568359375 25.760076522827148438 23.836236953735351562 22.236417770385742188 20.951351165771484375 19.967180252075195312 19.265056610107421875 18.819757461547851562 18.595403671264648438 18.542333602905273438 18.605981826782226562 18.761096954345703125 18.986202239990234375 19.257184982299804688 19.543811798095703125 19.815944671630859375 20.058557510375976562 20.269151687622070312 20.452974319458007812 20.619518280029296875 20.778791427612304688 20.937849044799804688 21.099035263061523438 -1e100 -1e100
 -1e100 -1e100 -1e100 -1e100 -1e100 -1e100 -1e100 -1e100 -1e100 -1e100 -1e100 -1e100 -1e100 -1e100 -1e100 -1e100 -1e100 -1e100 -1e100 -1e100 -1e100 -1e100 -1e100      0      0      0      0      0      0      0      0      0 5.4160456657409667969 12.735530853271484375 19.878330230712890625 25.4662933349609375 29.788974761962890625 33.091094970703125 35.699665069580078125 37.941669464111328125 40.086368560791015625 42.311008453369140625 44.703701019287109375 47.29097747802734375 50.066650390625 53.005901336669921875 56.06880950927734375 59.2041778564453125 62.3552093505859375 65.4627532958984375 68.46570587158203125 71.30263519287109375 73.91587066650390625 76.254058837890625 78.2710723876953125 79.92360687255859375 81.1709442138671875 81.9769134521484375 82.31158447265625 82.15157318115234375 81.48133087158203125 80.29683685302734375 78.609100341796875 76.4441375732421875 73.84123992919921875 70.85248565673828125 67.54144287109375 63.97796630859375 60.23255157470703125 56.37648773193359375 52.486583709716796875 48.644153594970703125 44.91739654541015625 41.34786224365234375 37.95694732666015625 34.758586883544921875 31.8104705810546875 29.157505035400390625 26.8229827880859375 24.815093994140625 23.13317108154296875 21.770166397094726562 20.713659286499023438 19.94736480712890625 19.449857711791992188 19.187593460083007812 19.103183746337890625 19.116489410400390625 19.207670211791992188 19.3697052001953125 19.591325759887695312 19.83431243896484375 20.064020156860351562 20.263683319091796875 20.431100845336914062 20.573072433471679688 20.701000213623046875 20.826152801513671875 20.955953598022460938 21.092464447021484375 -1e100 -1e100
 -1e100 -1e100 -1e100 -1e100 -1e100 -1e100 -1e100 -1e100 -1e100 -1e100 -1e100 -1e100 -1e100 -1e100 -1e100 -1e100 -1e100 -1e100 -1e100 -1e100 -1e100 -1e100 -1e100      0      0      0      0      0      0      0      0      0 6.0796713829040527344 13.014108657836914062 19.78708648681640625 25.528070449829101562 30.027257919311523438 33.476474761962890625 36.223117828369140625 38.607151031494140625 40.894695281982421875 43.259494781494140625 45.79119873046875 48.5191192626953125 51.4383392333984375 54.523052215576171875 57.73095703125 61.008159637451171875 64.29547882080078125 67.5319061279296875 70.65496826171875 73.60214996337890625 76.314849853515625 78.74083709716796875 80.8331298828125 82.547576904296875 83.84249114990234375 84.68039703369140625 85.02950286865234375 84.86409759521484375 84.1660919189453125 82.92934417724609375 81.16408538818359375 78.89759063720703125 76.17307281494140625 73.0498199462890625 69.60123443603515625 65.9071197509765625 62.045074462890625 58.08917236328125 54.114063262939453125 50.193881988525390625 46.389827728271484375 42.743114471435546875 39.279632568359375 36.024417877197265625 33.018253326416015625 30.298206329345703125 27.888416290283203125 25.800689697265625 24.037488937377929688 22.593885421752929688 21.459880828857421875 20.623319625854492188 20.069505691528320312 19.773212432861328125 19.681735992431640625 19.626377105712890625 19.645900726318359375 19.751354217529296875 19.925973892211914062 20.12407684326171875 20.309034347534179688 20.46404266357421875 20.587976455688476562 20.6893157958984375 20.780942916870117188 20.87477874755859375 20.978120803833007812 21.092538833618164062 -1e100 -1e100
 -1e100 -1e100 -1e100 -1e100 -1e100 -1e100 -1e100 -1e100 -1e100 -1e100 -1e100 -1e100 -1e100 -1e100 -1e100 -1e100 -1e100 -1e100 -1e100 -1e100 -1e100 -1e100 -1e100      0      0      0      0      0      0      0      0 0.52673470973968505859 6.3707714080810546875 12.88198089599609375 19.338758468627929688 25.015645980834960938 29.6201171875 33.26924896240234375 36.260570526123046875 38.89757537841796875 41.423542022705078125 44.005218505859375 46.734188079833984375 49.644290924072265625 52.734218597412109375 55.979763031005859375 59.33881378173828125 62.75705718994140625 66.1748046875 69.5307464599609375 72.7622833251953125 75.80690765380859375 78.6060028076171875 81.10732269287109375 83.2639312744140625 85.031707763671875 86.36878204345703125 87.23690032958984375 87.6026153564453125 87.43772125244140625 86.72127532958984375 85.44469451904296875 83.61701202392578125 81.2658538818359375 78.437225341796875 75.19658660888671875 71.62621307373046875 67.81487274169921875 63.846256256103515625 59.7965087890625 55.73810577392578125 51.73926544189453125 47.856708526611328125 44.13182830810546875 40.594676971435546875 37.274410247802734375 34.205020904541015625 31.417842864990234375 28.93536376953125 26.770147323608398438 24.9260406494140625 23.399580001831054688 22.182821273803710938 21.266828536987304688 20.642330169677734375 20.292261123657226562 20.149168014526367188 20.044183731079101562 20.024394989013671875 20.095342636108398438 20.231784820556640625 20.38713836669921875 20.527446746826171875 20.638544082641601562 20.7214202880859375 20.786165237426757812 20.846466064453125 20.914129257202148438 20.995777130126953125 21.092256546020507812 -1e100 -1e100
 -1e100 -1e100 -1e100 -1e100 -1e100 -1e100 -1e100 -1e100 -1e100 -1e100 -1e100 -1e100 -1e100 -1e100 -1e100 -1e100 -1e100 -1e100 -1e100 -1e100 -1e100 -1e100      0      0      0      0      0      0      0      0      0 0.74786221981048583984 6.2620224952697753906 12.389199256896972656 18.5197601318359375 24.06641387939453125 28.752124786376953125 32.6345062255859375 35.931873321533203125 38.888225555419921875 41.714702606201171875 44.567028045654296875 47.53609466552734375 50.659587860107421875 53.940395355224609375 57.357311248779296875 60.87018585205078125 64.426025390625 67.9662017822265625 71.43042755126953125 74.75716400146484375 77.8849029541015625 80.75600433349609375 83.3192138671875 85.52862548828125 87.3411102294921875 88.71540069580078125 89.61293792724609375 89.99857330322265625 89.84136962890625 89.11734771728515625 87.8155059814453125 85.94321441650390625 83.5269317626953125 80.61373138427734375 77.27388763427734375 73.59754180908203125 69.68149566650390625 65.614776611328125 61.475433349609375 57.334468841552734375 53.256282806396484375 49.29489898681640625 45.492282867431640625 41.8814239501953125 38.492824554443359375 35.3572540283203125 32.502254486083984375 29.948114395141601562 27.7068023681640625 25.782464981079101562 24.172437667846679688 22.869899749755859375 21.86731719970703125 21.157018661499023438 20.721406936645507812 20.487298965454101562 20.36029052734375 20.328809738159179688 20.382482528686523438 20.48694610595703125 20.601680755615234375 20.699064254760742188 20.769445419311523438 20.81638336181640625 20.851104736328125 20.887235641479492188 20.93564605712890625 21.001802444458007812 21.085680007934570312 -1e100 -1e100
 -1e100 -1e100 -1e100 -1e100 -1e100 -1e100 -1e100 -1e100 -1e100 -1e100 -1e100 -1e100 -1e100 -1e100 -1e100 -1e100 -1e100 -1e100 -1e100 -1e100 -1e100 -1e100      0      0      0      0      0      0      0      0      0 0.633457183837890625 5.8384914398193359375 11.615011215209960938 17.455297470092773438 22.886775970458984375 27.66364288330078125 31.788166046142578125 35.40390777587890625 38.697811126708984375 41.848453521728515625 44.99571990966796875 48.22592926025390625 51.57828521728515625 55.058872222900390625 58.64960479736328125 62.313076019287109375 65.998626708984375 69.64977264404296875 73.2082977294921875 76.61464691162109375 79.809295654296875 82.7365570068359375 85.34720611572265625 87.5973358154296875 89.445648193359375 90.8521728515625 91.77828216552734375 92.18695831298828125 92.04453277587890625 91.32440185546875 90.01366424560546875 88.1168212890625 85.65647125244140625 82.678802490234375 79.2578277587890625 75.49100494384765625 71.48232269287109375 67.32556915283203125 63.100841522216796875 58.878673553466796875 54.721698760986328125 50.682949066162109375 46.804779052734375 43.121524810791015625 39.663970947265625 36.4611663818359375 33.538135528564453125 30.913187026977539062 28.59735870361328125 26.594743728637695312 24.903188705444335938 23.516477584838867188 22.427614212036132812 21.628763198852539062 21.099016189575195312 20.78857421875 20.629175186157226562 20.580316543579101562 20.609577178955078125 20.678861618041992188 20.752679824829101562 20.809816360473632812 20.844839096069335938 20.863218307495117188 20.87638092041015625 20.896883010864257812 20.933917999267578125 20.991512298583984375 21.0687255859375 -1e100 -1e100
 -1e100 -1e100 -1e100 -1e100 -1e100 -1e100 -1e100 -1e100 -1e100 -1e100 -1e100 -1e100 -1e100 -1e100 -1e100 -1e100 -1e100 -1e100 -1e100 -1e100 -1e100 -1e100      0      0      0      0      0      0      0      0      0 0.35740232467651367188 5.2881193161010742188 10.769001960754394531 16.37993621826171875 21.731653213500976562 26.59647369384765625 30.93778228759765625 34.84439849853515625 38.457012176513671875 41.92218017578125 45.360759735107421875 48.850872039794921875 52.430225372314453125 56.10626220703125 59.863285064697265625 63.666538238525390625 67.468109130859375 71.21429443359375 74.849639892578125 78.31731414794921875 81.56061553955078125 84.52680206298828125 87.1695556640625 89.44763946533203125 91.32209014892578125 92.75450897216796875 93.70604705810546875 94.138641357421875 94.01757049560546875 93.31465911865234375 92.01407623291015625 90.11353302001953125 87.629180908203125 84.605499267578125 81.12030792236328125 77.2779693603515625 73.18885040283203125 68.9509429931640625 64.646575927734375 60.34686279296875 56.114223480224609375 52.001430511474609375 48.050937652587890625 44.29755401611328125 40.7720794677734375 37.502490997314453125 34.512126922607421875 31.817819595336914062 29.42987060546875 27.352390289306640625 25.583782196044921875 24.118322372436523438 22.949060440063476562 22.068227767944335938 21.458139419555664062 21.077531814575195312 20.86920166015625 20.782278060913085938 20.772741317749023438 20.80010986328125 20.832733154296875 20.85391998291015625 20.860836029052734375 20.859518051147460938 20.860399246215820312 20.87403106689453125 20.907526016235351562 20.963373184204101562 -1e100 -1e100 -1e100
 -1e100 -1e100 -1e100 -1e100 -1e100 -1e100 -1e100 -1e100 -1e100 -1e100 -1e100 -1e100 -1e100 -1e100 -1e100 -1e100 -1e100 -1e100 -1e100 -1e100 -1e100      0      0      0      0      0      0      0      0      0      0 0.12439504265785217285 4.8340358734130859375 10.084200859069824219 15.519316673278808594 20.806552886962890625 25.73520660400390625 30.248081207275390625 34.397022247314453125 38.286144256591796875 42.032501220703125 45.736812591552734375 49.466449737548828125 53.25498199462890625 57.10930633544921875 61.0149383544921875 64.93926239013671875 68.83705902099609375 72.65769195556640625 76.348846435546875 79.8570556640625 83.129180908203125 86.11614990234375 88.7750091552734375 91.0672607421875 92.9559173583984375 94.4034423828125 95.37212371826171875 95.8277435302734375 95.73738861083984375 95.0694122314453125 93.79897308349609375 91.91271209716796875 89.42055511474609375 86.36635589599609375 82.83228302001953125 78.9290618896484375 74.77239990234375 70.46385955810546875 66.087982177734375 61.717121124267578125 57.4142303466796875 53.232143402099609375 49.213409423828125 45.39306640625 41.801876068115234375 38.4671478271484375 35.411098480224609375 32.649608612060546875 30.192552566528320312 28.044286727905273438 26.203832626342773438 24.666162490844726562 23.424488067626953125 22.470319747924804688 21.786397933959960938 21.3360748291015625 21.067316055297851562 20.927053451538085938 20.867847442626953125 20.849475860595703125 20.8431396484375 20.834608078002929688 20.821786880493164062 20.809846878051757812 20.80718994140625 20.821826934814453125 20.8586578369140625 20.918680191040039062 -1e100 -1e100 -1e100
 -1e100 -1e100 -1e100 -1e100 -1e100 -1e100 -1e100 -1e100 -1e100 -1e100 -1e100 -1e100 -1e100 -1e100 -1e100 -1e100 -1e100 -1e100 -1e100 -1e100 -1e100      0      0      0      0      0      0      0      0      0      0 0.11452439427375793457 4.6610651016235351562 9.7355670928955078125 15.028211593627929688 20.249387741088867188 25.208406448364257812 29.84055328369140625 34.173862457275390625 38.284420013427734375 42.26358795166015625 46.19257354736328125 50.126766204833984375 54.09381866455078125 58.09847259521484375 62.126262664794921875 66.14598846435546875 70.11487579345703125 73.98537445068359375 77.7086334228515625 81.23492431640625 84.51523590087890625 87.5045166015625 90.1630096435546875 92.45391082763671875 94.34049224853515625 95.7858123779296875 96.7588043212890625 97.23760986328125 97.192230224609375 96.5794830322265625 95.3568572998046875 93.49791717529296875 91.0093841552734375 87.93695068359375 84.3677520751953125 80.41802978515625 76.20755767822265625 71.84055328369140625 67.403472900390625 62.97002410888671875 58.603977203369140625 54.3585357666015625 50.276508331298828125 46.3931884765625 42.73938751220703125 39.34203338623046875 36.22264862060546875 33.39654541015625 30.873483657836914062 28.658176422119140625 26.75028228759765625 25.145399093627929688 23.836797714233398438 22.814971923828125 22.061710357666015625 21.542236328125 21.207925796508789062 21.007663726806640625 20.895238876342773438 20.832366943359375 20.792293548583984375 20.761594772338867188 20.737422943115234375 20.723012924194335938 20.724124908447265625 20.746065139770507812 20.791599273681640625 20.860387802124023438 -1e100 -1e100 -1e100
 -1e100 -1e100 -1e100 -1e100 -1e100 -1e100 -1e100 -1e100 -1e100 -1e100 -1e100 -1e100 -1e100 -1e100 -1e100 -1e100 -1e100 -1e100 -1e100 -1e100      0      0      0      0      0      0      0      0      0      0      0 0.47499164938926696777 4.9086894989013671875 9.8455801010131835938 15.011004447937011719 20.153331756591796875 25.104887008666992188 29.801822662353515625 34.257877349853515625 38.528339385986328125 42.683185577392578125 46.785785675048828125 50.87944793701171875 54.98497772216796875 59.10379791259765625 63.220455169677734375 67.30448150634765625 71.31524658203125 75.20824432373046875 78.93820953369140625 82.4594879150390625 85.72740936279296875 88.70086669921875 91.34236907958984375 93.614776611328125 95.4793853759765625 96.90056610107421875 97.86122894287109375 98.36362457275390625 98.38021087646484375 97.842376708984375 96.68036651611328125 94.8567657470703125 92.37902069091796875 89.29770660400390625 85.70561981201171875 81.72341156005859375 77.473358154296875 73.0612030029296875 68.574676513671875 64.08866119384765625 59.667812347412109375 55.36594390869140625 51.226345062255859375 47.284717559814453125 43.572078704833984375 40.11521148681640625 36.935298919677734375 34.0474090576171875 31.46138763427734375 29.182386398315429688 27.2107391357421875 25.542661666870117188 24.171339035034179688 23.086116790771484375 22.267461776733398438 21.681390762329101562 21.282487869262695312 21.023380279541015625 20.86092376708984375 20.7592315673828125 20.692800521850585938 20.647867202758789062 20.619863510131835938 20.609539031982421875 20.619853973388671875 20.653524398803710938 20.711431503295898438 20.792102813720703125 -1e100 -1e100 -1e100
 -1e100 -1e100 -1e100 -1e100 -1e100 -1e100 -1e100 -1e100 -1e100 -1e100 -1e100 -1e100 -1e100 -1e100 -1e100 -1e100 -1e100 -1e100 -1e100 -1e100      0      0      0      0      0      0      0      0      0      0      0 1.3406183719635009766 5.6920251846313476562 10.507028579711914062 15.54277801513671875 20.5835113525390625 25.485677719116210938 30.191741943359375 34.707767486572265625 39.07393646240234375 43.342800140380859375 47.56214141845703125 51.763912200927734375 55.96169281005859375 60.1529083251953125 64.32041168212890625 68.433990478515625 72.45488739013671875 76.3415679931640625 80.05243682861328125 83.5460052490234375 86.7819366455078125 89.722625732421875 92.3314666748046875 94.5692901611328125 96.39386749267578125 97.770721435546875 98.6987152099609375 99.21923065185546875 99.3145294189453125 98.8704376220703125 97.77227020263671875 95.98455047607421875 93.51973724365234375 90.43567657470703125 86.8310394287109375 82.8294219970703125 78.5537872314453125 74.11006927490234375 69.5865020751953125 65.0587158203125 60.5921783447265625 56.24147796630859375 52.05060577392578125 48.05585479736328125 44.28864288330078125 40.77588653564453125 37.538738250732421875 34.592319488525390625 31.94672393798828125 29.607646942138671875 27.576189041137695312 25.84915924072265625 24.419528961181640625 23.275493621826171875 22.396432876586914062 21.749265670776367188 21.291919708251953125 20.980894088745117188 20.776226043701171875 20.644067764282226562 20.559474945068359375 20.50760650634765625 20.48177337646484375 20.480157852172851562 20.503093719482421875 20.551042556762695312 20.623321533203125 20.717540740966796875 -1e100 -1e100 -1e100
 -1e100 -1e100 -1e100 -1e100 -1e100 -1e100 -1e100 -1e100 -1e100 -1e100 -1e100 -1e100 -1e100 -1e100 -1e100 -1e100 -1e100 -1e100 -1e100 -1e100      0      0      0      0      0      0      0      0      0      0      0 2.8326880931854248047 7.1035542488098144531 11.787976264953613281 16.67420196533203125 21.58017730712890625 26.386768341064453125 31.045557022094726562 35.559040069580078125 39.9564666748046875 44.27648162841796875 48.5535888671875 52.809307098388671875 57.050121307373046875 61.26915740966796875 65.44722747802734375 69.55406951904296875 73.5526580810546875 77.40436553955078125 81.07122802734375 84.5158538818359375 87.7020263671875 90.59490966796875 93.15836334228515625 95.3521728515625 97.132049560546875 98.46149444580078125 99.3312530517578125 99.88140106201171875 100.073638916015625 99.7031707763671875 98.652099609375 96.8882293701171875 94.43111419677734375 91.34618377685546875 87.736663818359375 83.726898193359375 79.43851470947265625 74.97621917724609375 70.4277801513671875 65.86904144287109375 61.3661041259765625 56.97441864013671875 52.738861083984375 48.6965179443359375 44.8794403076171875 41.314952850341796875 38.024539947509765625 35.02364349365234375 32.32281494140625 29.928392410278320312 27.84228515625 26.061792373657226562 24.579591751098632812 23.38297271728515625 22.450803756713867188 21.751306533813476562 21.24532318115234375 20.892557144165039062 20.655607223510742188 20.502084732055664062 20.407003402709960938 20.354143142700195312 20.33469390869140625 20.344501495361328125 20.381650924682617188 20.444784164428710938 20.531984329223632812 20.64014434814453125 -1e100 -1e100 -1e100
 -1e100 -1e100 -1e100 -1e100 -1e100 -1e100 -1e100 -1e100 -1e100 -1e100 -1e100 -1e100 -1e100 -1e100 -1e100 -1e100 -1e100 -1e100 -1e100      0      0      0      0      0      0      0      0      0      0      0 1.4095114469528198242 5.0359787940979003906 9.1999883651733398438 13.723491668701171875 18.425283432006835938 23.154994964599609375 27.816791534423828125 32.3722686767578125 36.822719573974609375 41.189365386962890625 45.49967193603515625 49.776813507080078125 54.032878875732421875 58.26763916015625 62.469966888427734375 66.61853790283203125 70.6829681396484375 74.6278839111328125 78.41751861572265625 82.017425537109375 85.39409637451171875 88.5149383544921875 91.3475341796875 93.857818603515625 96.0086822509765625 97.7603912353515625 99.0774078369140625 99.9770355224609375 100.5600738525390625 100.75859832763671875 100.39292144775390625 99.3462066650390625 97.58074951171875 95.1191253662109375 92.0312042236328125 88.42177581787109375 84.4130401611328125 80.12310791015625 75.65395355224609375 71.091888427734375 66.51239776611328125 61.98201751708984375 57.557086944580078125 53.283519744873046875 49.199382781982421875 45.33759307861328125 41.726230621337890625 38.387439727783203125 35.3372955322265625 32.58697509765625 30.143541336059570312 28.009634017944335938 26.182897567749023438 24.655780792236328125 23.41503143310546875 22.439479827880859375 21.698581695556640625 21.155424118041992188 20.772100448608398438 20.513034820556640625 20.346668243408203125 20.247613906860351562 20.198228836059570312 20.187799453735351562 20.210210800170898438 20.26177215576171875 20.339746475219726562 20.441301345825195312 20.56281280517578125 -1e100 -1e100 -1e100
 -1e100 -1e100 -1e100 -1e100 -1e100 -1e100 -1e100 -1e100 -1e100 -1e100 -1e100 -1e100 -1e100 -1e100 -1e100 -1e100 -1e100 -1e100 -1e100      0      0      0      0      0      0      0      0      0      0 1.4357473850250244141 4.4295573234558105469 7.9808850288391113281 11.991412162780761719 16.308725357055664062 20.781667709350585938 25.289239883422851562 29.7569580078125 34.15601348876953125 38.487483978271484375 42.766338348388671875 47.0107879638671875 51.23421478271484375 55.4402923583984375 59.622592926025390625 63.766017913818359375 67.84723663330078125 71.83582305908203125 75.69805908203125 79.40097808837890625 82.91347503662109375 86.2055816650390625 89.247802734375 92.01027679443359375 94.46253204345703125 96.57342529296875 98.3114166259765625 99.64984893798828125 100.606689453125 101.19634246826171875 101.35558319091796875 100.94588470458984375 99.863372802734375 98.06978607177734375 95.5901336669921875 92.49597930908203125 88.89029693603515625 84.89023590087890625 80.60833740234375 76.14251708984375 71.5767822265625 66.98577880859375 62.436290740966796875 57.985553741455078125 53.6806182861328125 49.56072235107421875 45.659893035888671875 42.007282257080078125 38.626033782958984375 35.533107757568359375 32.74045562744140625 30.255884170532226562 28.082624435424804688 26.218557357788085938 24.655975341796875 23.381313323974609375 22.373504638671875 21.602970123291015625 21.03440093994140625 20.631504058837890625 20.359828948974609375 20.18814849853515625 20.090459823608398438 20.0477752685546875 20.04779815673828125 20.082895278930664062 20.148088455200195312 20.239679336547851562 20.35424041748046875 -1e100 -1e100 -1e100 -1e100
 -1e100 -1e100 -1e100 -1e100 -1e100 -1e100 -1e100 -1e100 -1e100 -1e100 -1e100 -1e100 -1e100 -1e100 -1e100 -1e100 -1e100 -1e100      0      0      0      0      0      0      0      0      0 0.28874048590660095215 2.6787564754486083984 5.2494273185729980469 8.2138204574584960938 11.632166862487792969 15.433793067932128906 19.494337081909179688 23.6921844482421875 27.933290481567382812 32.162029266357421875 36.35788726806640625 40.521762847900390625 44.663318634033203125 48.792816162109375 52.9150543212890625 57.02620697021484375 61.1143341064453125 65.16078948974609375 69.140533447265625 73.02327728271484375 76.77701568603515625 80.37148284912109375 83.77873992919921875 86.97196197509765625 89.92433929443359375 92.608612060546875 94.9982757568359375 97.06824493408203125 98.7937164306640625 100.15468597412109375 101.13654327392578125 101.71329498291015625 101.81755828857421875 101.3409576416015625 100.1968231201171875 98.3563385009765625 95.84954071044921875 92.748016357421875 89.1501007080078125 85.16553497314453125 80.899871826171875 76.44600677490234375 71.88510894775390625 67.2906646728515625 62.729587554931640625 58.26000213623046875 53.930202484130859375 49.780742645263671875 45.847011566162109375 42.159503936767578125 38.74263763427734375 35.61444091796875 32.787754058837890625 30.271074295043945312 28.0680999755859375 26.176830291748046875 24.58939361572265625 23.291988372802734375 22.2635955810546875 21.4752655029296875 20.892702102661132812 20.48053741455078125 20.204853057861328125 20.034358978271484375 19.942302703857421875 19.908517837524414062 19.919492721557617188 19.966548919677734375 20.043888092041015625 20.147268295288085938 20.272974014282226562 -1e100 -1e100 -1e100 -1e100
 -1e100 -1e100 -1e100 -1e100 -1e100 -1e100 -1e100 -1e100 -1e100 -1e100 -1e100 -1e100 -1e100 -1e100 -1e100 -1e100 -1e100 -1e100      0      0      0      0      0      0      0      0 1.4988577365875244141 4.5103578567504882812 7.1450052261352539062 9.7659330368041992188 12.642395973205566406 15.872358322143554688 19.414684295654296875 23.17484283447265625 27.059848785400390625 30.999904632568359375 34.955371856689453125 38.9123382568359375 42.871135711669921875 46.836551666259765625 50.811763763427734375 54.79401397705078125 58.772930145263671875 62.731838226318359375 66.64914703369140625 70.49851226806640625 74.24997711181640625 77.87329864501953125 81.34082794189453125 84.62754058837890625 87.7094879150390625 90.56237030029296875 93.16147613525390625 95.4838104248046875 97.508331298828125 99.21234893798828125 100.56878662109375 101.5420074462890625 102.08254241943359375 102.11772918701171875 101.5585784912109375 100.33837127685546875 98.44249725341796875 95.906463623046875 92.8000640869140625 89.21488189697265625 85.2520294189453125 81.00933837890625 76.5743255615234375 72.02509307861328125 67.4338836669921875 62.867694854736328125 58.385547637939453125 54.03704833984375 49.864223480224609375 45.904003143310546875 42.188449859619140625 38.743438720703125 35.588191986083984375 32.736446380615234375 30.197351455688476562 27.974927902221679688 26.067169189453125 24.465972900390625 23.15724945068359375 22.119894027709960938 21.325227737426757812 20.739404678344726562 20.3273773193359375 20.055253982543945312 19.891366958618164062 19.808164596557617188 19.784528732299804688 19.80615234375 19.86379241943359375 19.951292037963867188 20.064250946044921875 20.198930740356445312 -1e100 -1e100 -1e100 -1e100
 -1e100 -1e100 -1e100 -1e100 -1e100 -1e100 -1e100 -1e100 -1e100 -1e100 -1e100 -1e100 -1e100 -1e100 -1e100 -1e100 -1e100      0      0      0      0      0      0      0      0 1.8041579723358154297 6.0130023956298828125 9.3551607131958007812 12.128414154052734375 14.738696098327636719 17.485744476318359375 20.492139816284179688 23.746128082275390625 27.183473587036132812 30.738128662109375 34.361469268798828125 38.027042388916015625 41.72597503662109375 45.45754241943359375 49.221912384033203125 53.01596832275390625 56.83042144775390625 60.649486541748046875 64.45269775390625 68.21619415283203125 71.91277313232421875 75.5130615234375 78.988555908203125 82.3140411376953125 85.46724700927734375 88.42696380615234375 91.17142486572265625 93.67855072021484375 95.927825927734375 97.89862060546875 99.5648193359375 100.88858795166015625 101.81908416748046875 102.29488372802734375 102.24376678466796875 101.591949462890625 100.291778564453125 98.34151458740234375 95.7801361083984375 92.67388916015625 89.10665130615234375 85.17053985595703125 80.95566558837890625 76.5443115234375 72.011627197265625 67.4286651611328125 62.862506866455078125 58.373126983642578125 54.0114898681640625 49.82118988037109375 45.8408355712890625 42.10420989990234375 38.638729095458984375 35.46484375 32.597179412841796875 30.04543304443359375 27.813825607299804688 25.90023040771484375 24.296220779418945312 22.987308502197265625 21.952104568481445312 21.161808013916015625 20.582477569580078125 20.178842544555664062 19.916627883911132812 19.763551712036132812 19.69130706787109375 19.678144454956054688 19.709424972534179688 19.7758026123046875 19.871183395385742188 19.99134063720703125 20.132717132568359375 -1e100 -1e100 -1e100 -1e100
 -1e100 -1e100 -1e100 -1e100 -1e100 -1e100 -1e100 -1e100 -1e100 -1e100 -1e100 -1e100 -1e100 -1e100 -1e100 -1e100 -1e100      0      0      0      0      0      0      0 0.80167508125305175781 6.4488291740417480469 10.96474456787109375 14.443850517272949219 17.261890411376953125 19.82779693603515625 22.437200546264648438 25.220806121826171875 28.192163467407226562 31.315977096557617188 34.5509033203125 37.866641998291015625 41.24771881103515625 44.68912506103515625 48.188751220703125 51.7425994873046875 55.34221649169921875 58.973114013671875 62.6154022216796875 66.245880126953125 69.83916473388671875 73.36766815185546875 76.8027496337890625 80.117584228515625 83.28924560546875 86.2980499267578125 89.12548828125 91.75252532958984375 94.1598358154296875 96.32759857177734375 98.232025146484375 99.83960723876953125 101.1025543212890625 101.96114349365234375 102.3497772216796875 102.200927734375 101.45465087890625 100.078857421875 98.080902099609375 95.50084686279296875 92.40026092529296875 88.85509490966796875 84.948760986328125 80.764190673828125 76.3789215087890625 71.865478515625 67.29388427734375 62.73136138916015625 58.23883819580078125 53.86869049072265625 49.666141510009765625 45.6715545654296875 41.9204864501953125 38.441913604736328125 35.25748443603515625 32.38265228271484375 29.82756805419921875 27.596555709838867188 25.687253952026367188 24.09078216552734375 22.792102813720703125 21.76926422119140625 20.992910385131835938 20.428491592407226562 20.040065765380859375 19.7926483154296875 19.6532440185546875 19.592962265014648438 19.589811325073242188 19.629261016845703125 19.702291488647460938 19.803226470947265625 19.928255081176757812 20.074131011962890625 -1e100 -1e100 -1e100 -1e100
 -1e100 -1e100 -1e100 -1e100 -1e100 -1e100 -1e100 -1e100 -1e100 -1e100 -1e100 -1e100 -1e100 -1e100 -1e100 -1e100 -1e100      0      0      0      0      0      0      0 5.1467099189758300781 11.402043342590332031 15.906309127807617188 19.350210189819335938 22.164306640625 24.685613632202148438 27.184137344360351562 29.783670425415039062 32.5151824951171875 35.368194580078125 38.3231048583984375 41.365543365478515625 44.489410400390625 47.692783355712890625 50.972278594970703125 54.320575714111328125 57.725284576416015625 61.168323516845703125 64.62717437744140625 68.0770111083984375 71.491668701171875 74.843597412109375 78.10504913330078125 81.2508087158203125 84.2600555419921875 87.11553192138671875 89.8013916015625 92.3014984130859375 94.5987548828125 96.67261505126953125 98.4946441650390625 100.02368927001953125 101.204345703125 101.972259521484375 102.26214599609375 102.01329803466796875 101.17783355712890625 99.7351226806640625 97.69811248779296875 95.1060791015625 92.015350341796875 88.49420928955078125 84.6181488037109375 80.46378326416015625 76.104583740234375 71.61084747314453125 67.0517578125 62.494754791259765625 58.001750946044921875 53.626544952392578125 49.416015625 45.412303924560546875 41.6527252197265625 38.1677703857421875 34.980228424072265625 32.10628509521484375 29.55646514892578125 27.335084915161132812 25.439420700073242188 23.859966278076171875 22.58089447021484375 21.579359054565429688 20.825016021728515625 20.282268524169921875 19.9141693115234375 19.684865951538085938 19.560699462890625 19.51245880126953125 19.5182952880859375 19.564195632934570312 19.641809463500976562 19.746133804321289062 19.873922348022460938 20.022327423095703125 -1e100 -1e100 -1e100 -1e100
 -1e100 -1e100 -1e100 -1e100 -1e100 -1e100 -1e100 -1e100 -1e100 -1e100 -1e100 -1e100 -1e100 -1e100 -1e100 -1e100      0      0      0      0      0      0      0 1.6101611852645874023 9.2115964889526367188 16.175725936889648438 20.347721099853515625 23.715480804443359375 26.495748519897460938 29.005842208862304688 31.45336151123046875 33.94054412841796875 36.506927490234375 39.160839080810546875 41.90071868896484375 44.725887298583984375 47.63837432861328125 50.63901519775390625 53.723857879638671875 56.883686065673828125 60.103954315185546875 63.3648223876953125 66.6426544189453125 69.91210174560546875 73.14691162109375 76.31998443603515625 79.4045867919921875 82.3770904541015625 85.21858978271484375 87.914031982421875 90.4501495361328125 92.8136749267578125 94.98928070068359375 96.95549774169921875 98.6800384521484375 100.11591339111328125 101.2023468017578125 101.872314453125 102.0625457763671875 101.7191619873046875 100.80393218994140625 99.30426788330078125 97.2361907958984375 94.63702392578125 91.55780029296875 88.05983734130859375 84.211761474609375 80.08489227294921875 75.74932098388671875 71.27355194091796875 66.726104736328125 62.174724578857421875 57.682338714599609375 53.304195404052734375 49.08881378173828125 45.080089569091796875 41.3170318603515625 37.83156585693359375 34.647518157958984375 31.781719207763671875 29.244958877563476562 27.041400909423828125 25.167772293090820312 23.613689422607421875 22.3622283935546875 21.389280319213867188 20.663141250610351562 20.146863937377929688 19.802347183227539062 19.592897415161132812 19.484365463256835938 19.447526931762695312 19.461023330688476562 19.511669158935546875 19.592008590698242188 19.697866439819335938 19.82665252685546875 19.9759521484375 -1e100 -1e100 -1e100 -1e100
 -1e100 -1e100 -1e100 -1e100 -1e100 -1e100 -1e100 -1e100 -1e100 -1e100 -1e100 -1e100 -1e100 -1e100 -1e100 -1e100      0      0      0      0      0      0      0 4.0884251594543457031 12.076202392578125 19.557697296142578125 23.903072357177734375 27.154184341430664062 29.954126358032226562 32.54266357421875 35.03835296630859375 37.514190673828125 40.0139617919921875 42.56048583984375 45.167270660400390625 47.84551239013671875 50.604461669921875 53.448001861572265625 56.37294769287109375 59.37004852294921875 62.424610137939453125 65.51686859130859375 68.623565673828125 71.719757080078125 74.77974700927734375 77.7772369384765625 80.6866912841796875 83.4860076904296875 86.15798187255859375 88.68952178955078125 91.06981658935546875 93.2883758544921875 95.3318328857421875 97.17906951904296875 98.79607391357421875 100.132171630859375 101.12227630615234375 101.69701385498046875 101.79459381103515625 101.36664581298828125 100.38225555419921875 98.83451080322265625 96.74090576171875 94.13639068603515625 91.06713104248046875 87.58846282958984375 83.7633209228515625 79.6587371826171875 75.34206390380859375 70.8803558349609375 66.34168243408203125 61.7942047119140625 57.301914215087890625 52.921520233154296875 48.7031707763671875 44.69244384765625 40.929962158203125 37.448955535888671875 34.274166107177734375 31.42293548583984375 28.906167984008789062 26.727672576904296875 24.883335113525390625 23.361545562744140625 22.143922805786132812 21.204771041870117188 20.510766983032226562 20.0235137939453125 19.703851699829101562 19.514446258544921875 19.42093658447265625 19.394374847412109375 19.414155960083007812 19.468069076538085938 19.549663543701171875 19.655656814575195312 19.784130096435546875 -1e100 -1e100 -1e100 -1e100 -1e100
 -1e100 -1e100 -1e100 -1e100 -1e100 -1e100 -1e100 -1e100 -1e100 -1e100 -1e100 -1e100 -1e100 -1e100 -1e100 -1e100      0      0      0      0      0      0      0 5.4230704307556152344 13.073717117309570312 20.148511886596679688 25.224657058715820312 29.069665908813476562 32.286014556884765625 35.16339874267578125 37.84710693359375 40.428058624267578125 42.9666290283203125 45.501567840576171875 48.0603179931640625 50.664585113525390625 53.330318450927734375 56.065227508544921875 58.86852264404296875 61.732837677001953125 64.64522552490234375 67.5876617431640625 70.53839874267578125 73.47368621826171875 76.368896484375 79.19891357421875 81.939544677734375 84.570159912109375 87.0750274658203125 89.44269561767578125 91.66464996337890625 93.73323822021484375 95.63796234130859375 97.36022186279296875 98.86684417724609375 100.1049346923828125 101.005035400390625 101.4937744140625 101.50946807861328125 101.0078125 99.963470458984375 98.3736419677734375 96.256591796875 93.64501953125 90.58099365234375 87.114959716796875 83.305328369140625 79.21562957763671875 74.91103363037109375 70.45748138427734375 65.922821044921875 61.37575531005859375 56.881450653076171875 52.49810028076171875 48.277446746826171875 44.266666412353515625 40.5078582763671875 37.035419464111328125 33.87483978271484375 31.043794631958007812 28.553060531616210938 26.405775070190429688 24.5965728759765625 23.112195968627929688 21.932464599609375 21.029859542846679688 20.369371414184570312 19.91132354736328125 19.615825653076171875 19.445278167724609375 19.365434646606445312 19.347852706909179688 19.372720718383789062 19.428823471069335938 19.5107269287109375 19.6160125732421875 19.743417739868164062 -1e100 -1e100 -1e100 -1e100 -1e100
 -1e100 -1e100 -1e100 -1e100 -1e100 -1e100 -1e100 -1e100 -1e100 -1e100 -1e100 -1e100 -1e100 -1e100 -1e100 -1e100      0      0      0      0      0      0      0 6.0478577613830566406 13.244589805603027344 19.988615036010742188 25.501703262329101562 29.954332351684570312 33.6926727294921875 36.966411590576171875 39.936511993408203125 42.71532440185546875 45.3806304931640625 47.98595428466796875 50.570598602294921875 53.165088653564453125 55.79163360595703125 58.462459564208984375 61.18060302734375 63.9421844482421875 66.7374725341796875 69.55133819580078125 72.36431884765625 75.15448760986328125 77.89875030517578125 80.57347869873046875 83.15601348876953125 85.62714385986328125 87.9722747802734375 90.1812591552734375 92.24747467041015625 94.16613006591796875 95.9309844970703125 97.5291595458984375 98.93053436279296875 100.0799102783203125 100.90087890625 101.3142242431640625 101.2579498291015625 100.6910858154296875 99.59264373779296875 97.9629974365234375 95.82099151611328125 93.1975555419921875 90.1314849853515625 86.66938018798828125 82.865966796875 78.7819976806640625 74.48093414306640625 70.0279388427734375 65.49089813232421875 60.93926239013671875 56.439495086669921875 52.05130767822265625 47.827983856201171875 43.818206787109375 40.06539154052734375 36.60491943359375 33.462795257568359375 30.656766891479492188 28.197141647338867188 26.085939407348632812 24.3160552978515625 22.872182846069335938 21.73206329345703125 20.866250991821289062 20.238195419311523438 19.807378768920898438 19.5337677001953125 19.379961013793945312 19.312086105346679688 19.302204132080078125 19.331235885620117188 19.38890838623046875 19.470722198486328125 19.575052261352539062 19.701208114624023438 -1e100 -1e100 -1e100 -1e100 -1e100
 -1e100 -1e100 -1e100 -1e100 -1e100 -1e100 -1e100 -1e100 -1e100 -1e100 -1e100 -1e100 -1e100 -1e100 -1e100      0      0      0      0      0      0      0      0 6.3748216629028320312 13.17139434814453125 19.679319381713867188 25.4052276611328125 30.293033599853515625 34.4879150390625 38.15868377685546875 41.44995880126953125 44.47707366943359375 47.32584381103515625 50.059017181396484375 52.723934173583984375 55.357646942138671875 57.9877166748046875 60.63120269775390625 63.2958831787109375 65.98230743408203125 68.684814453125 71.39176177978515625 74.0865020751953125 76.74936676025390625 79.3592071533203125 81.8942413330078125 84.33353424072265625 86.6591949462890625 88.857452392578125 90.918853759765625 92.83803558349609375 94.61316680908203125 96.24492645263671875 97.7288360595703125 99.0377655029296875 100.11110687255859375 100.862640380859375 101.2076416015625 101.08483123779296875 100.4565582275390625 99.3054351806640625 97.63439178466796875 95.46283721923828125 92.82033538818359375 89.7431640625 86.27480316162109375 82.467010498046875 78.3783111572265625 74.0709228515625 69.60961151123046875 65.062591552734375 60.50031280517578125 55.99066925048828125 51.594913482666015625 47.367828369140625 43.35947418212890625 39.614398956298828125 36.1687164306640625 33.04866790771484375 30.271696090698242188 27.847192764282226562 25.77555084228515625 24.047458648681640625 22.645223617553710938 21.544342041015625 20.713460922241210938 20.114809036254882812 19.707750320434570312 19.45282745361328125 19.313188552856445312 19.255403518676757812 19.251947402954101562 19.284423828125 19.3434295654296875 19.425256729125976562 19.5289306640625 19.65421295166015625 -1e100 -1e100 -1e100 -1e100 -1e100
 -1e100 -1e100 -1e100 -1e100 -1e100 -1e100 -1e100 -1e100 -1e100 -1e100 -1e100 -1e100 -1e100 -1e100 -1e100      0      0      0      0      0      0      0 0.40619969367980957031 6.588787078857421875 13.072258949279785156 19.403812408447265625 25.221590042114257812 30.388971328735351562 34.93338775634765625 38.950496673583984375 42.551303863525390625 45.838016510009765625 48.894439697265625 51.78592681884765625 54.563503265380859375 57.26810455322265625 59.93141937255859375 62.5751495361328125 65.2119598388671875 67.847076416015625 70.479034423828125 73.0998687744140625 75.69598388671875 78.25030517578125 80.74404144287109375 83.15763092041015625 85.4721221923828125 87.67089080810546875 89.740692138671875 91.67214202880859375 93.4605712890625 95.10794830322265625 96.6239166259765625 98.0118255615234375 99.24466705322265625 100.252410888671875 100.938812255859375 101.216461181640625 101.02645111083984375 100.3349761962890625 99.1279296875 97.41034698486328125 95.20209503173828125 92.5316162109375 89.43303680419921875 85.94724273681640625 82.12354278564453125 78.01876068115234375 73.694305419921875 69.21495819091796875 64.64959716796875 60.0699310302734375 55.54541015625 51.13886260986328125 46.90648651123046875 42.899570465087890625 39.16356658935546875 35.735019683837890625 32.640026092529296875 29.895273208618164062 27.508741378784179688 25.478694915771484375 23.793243408203125 22.4321136474609375 21.368518829345703125 20.569307327270507812 19.995866775512695312 19.60836029052734375 19.368549346923828125 19.240282058715820312 19.190523147583007812 19.192148208618164062 19.227479934692382812 19.287872314453125 19.37023162841796875 19.474029541015625 19.59931182861328125 -1e100 -1e100 -1e100 -1e100 -1e100
 -1e100 -1e100 -1e100 -1e100 -1e100 -1e100 -1e100 -1e100 -1e100 -1e100 -1e100 -1e100 -1e100 -1e100 -1e100      0      0      0      0      0      0      0 0.75735437870025634766 6.7619471549987792969 13.022620201110839844 19.220872879028320312 25.073177337646484375 30.418439865112304688 35.220062255859375 39.51921844482421875 43.39156341552734375 46.92009735107421875 50.180721282958984375 53.236415863037109375 56.1383514404296875 58.929019927978515625 61.642848968505859375 64.30544281005859375 66.9337310791015625 69.537078857421875 72.1179046630859375 74.67169952392578125 77.1879730224609375 79.65250396728515625 82.0492706298828125 84.3613739013671875 86.57213592529296875 88.6663818359375 90.63129425048828125 92.45726776123046875 94.14031219482421875 95.68695068359375 97.11383056640625 98.4262542724609375 99.59535980224609375 100.54100799560546875 101.1607513427734375 101.36724090576171875 101.1050567626953125 100.34452056884765625 99.07489776611328125 97.30319976806640625 95.04952239990234375 92.3411407470703125 89.21016693115234375 85.6952056884765625 81.84357452392578125 77.71085357666015625 73.358154296875 68.85066986083984375 64.2583160400390625 59.654296875 55.109737396240234375 50.689022064208984375 46.449665069580078125 42.443988800048828125 38.718090057373046875 35.308559417724609375 32.2408905029296875 29.530515670776367188 27.183515548706054688 25.195619583129882812 23.552133560180664062 22.230222702026367188 21.2010040283203125 20.429683685302734375 19.876922607421875 19.50469970703125 19.276441574096679688 19.156663894653320312 19.112743377685546875 19.118108749389648438 19.155874252319335938 19.218021392822265625 19.301836013793945312 19.406993865966796875 19.533609390258789062 -1e100 -1e100 -1e100 -1e100 -1e100
 -1e100 -1e100 -1e100 -1e100 -1e100 -1e100 -1e100 -1e100 -1e100 -1e100 -1e100 -1e100 -1e100 -1e100 -1e100      0      0      0      0      0      0      0 1.0398389101028442383 6.9383778572082519531 13.053487777709960938 19.161554336547851562 25.031276702880859375 30.4954833984375 35.48322296142578125 39.9996185302734375 44.09223175048828125 47.826068878173828125 51.267284393310546875 54.47409820556640625 57.49567413330078125 60.374271392822265625 63.145702362060546875 65.8380584716796875 68.47135162353515625 71.05812835693359375 73.60394287109375 76.10733795166015625 78.5608673095703125 80.9533843994140625 83.27196502685546875 85.5027618408203125 87.631805419921875 89.64575958251953125 91.5325469970703125 93.282867431640625 94.8938751220703125 96.3748016357421875 97.7399139404296875 98.98790740966796875 100.0943603515625 100.97740936279296875 101.5316314697265625 101.66310882568359375 101.32303619384765625 100.48662567138671875 99.1469879150390625 97.3131103515625 95.00505828857421875 92.2487335205078125 89.07431793212890625 85.518402099609375 81.626739501953125 77.4542388916015625 73.0622100830078125 68.516693115234375 63.888950347900390625 59.253902435302734375 54.684413909912109375 50.24636077880859375 45.99845123291015625 41.993808746337890625 38.278835296630859375 34.889720916748046875 31.85083770751953125 29.1758880615234375 26.868612289428710938 24.92192840576171875 23.318315505981445312 22.032674789428710938 21.034563064575195312 20.2878875732421875 19.751680374145507812 19.390819549560546875 19.170917510986328125 19.057024002075195312 19.017032623291015625 19.025163650512695312 19.065359115600585938 19.130064010620117188 19.216699600219726562 19.32489013671875 19.454587936401367188 -1e100 -1e100 -1e100 -1e100 -1e100
 -1e100 -1e100 -1e100 -1e100 -1e100 -1e100 -1e100 -1e100 -1e100 -1e100 -1e100 -1e100 -1e100 -1e100 -1e100      0      0      0      0      0      0      0 1.3114806413650512695 7.1633882522583007812 13.200504302978515625 19.2618560791015625 25.149404525756835938 30.6956024169921875 35.812290191650390625 40.48407745361328125 44.740261077880859375 48.632465362548828125 52.21836090087890625 55.551055908203125 58.67667388916015625 61.6360015869140625 64.464599609375 67.191436767578125 69.8381500244140625 72.41930389404296875 74.94269561767578125 77.409423828125 79.81491851806640625 82.15116119384765625 84.40850067138671875 86.57646942138671875 88.64415740966796875 90.60062408447265625 92.4354095458984375 94.140533447265625 95.7142333984375 97.16310882568359375 98.488739013671875 99.67041015625 100.71941375732421875 101.5499420166015625 102.03566741943359375 102.08823394775390625 101.6654052734375 100.74761962890625 99.331878662109375 97.42884063720703125 95.0582275390625 92.24449920654296875 89.016021728515625 85.40771484375 81.46434783935546875 77.240753173828125 72.79895782470703125 68.20623016357421875 63.535488128662109375 58.863475799560546875 54.26480865478515625 49.80678558349609375 45.549106597900390625 41.54543304443359375 37.842060089111328125 34.474285125732421875 31.464872360229492188 28.825338363647460938 26.556743621826171875 24.649030685424804688 23.081996917724609375 21.82881927490234375 20.85840606689453125 20.13443756103515625 19.611074447631835938 19.259103775024414062 19.04544830322265625 18.935749053955078125 18.89855194091796875 18.909166336059570312 18.952405929565429688 19.02100372314453125 19.112274169921875 19.225545883178710938 -1e100 -1e100 -1e100 -1e100 -1e100 -1e100
 -1e100 -1e100 -1e100 -1e100 -1e100 -1e100 -1e100 -1e100 -1e100 -1e100 -1e100 -1e100 -1e100 -1e100 -1e100      0      0      0      0      0      0      0 1.6160293817520141602 7.4812440872192382812 13.502751350402832031 19.558382034301757812 25.469699859619140625 31.070417404174804688 36.26611328125 41.033618927001953125 45.3943023681640625 49.3927459716796875 53.081081390380859375 56.507938385009765625 59.71585845947265625 62.742919921875 65.62288665771484375 68.3840484619140625 71.04819488525390625 73.63069915771484375 76.1407470703125 78.58141326904296875 80.95068359375 83.2435150146484375 85.45352935791015625 87.5736541748046875 89.5963134765625 91.51351165771484375 93.31740570068359375 95.00213623046875 96.56658935546875 98.01242828369140625 99.32794952392578125 100.48906707763671875 101.489349365234375 102.24607086181640625 102.64936065673828125 102.61646270751953125 102.107086181640625 101.10474395751953125 99.60904693603515625 97.63156890869140625 95.19141387939453125 92.31162261962890625 89.01905059814453125 85.3475494384765625 81.34156036376953125 77.0564727783203125 72.55550384521484375 67.907501220703125 63.18721771240234375 58.473323822021484375 53.842136383056640625 49.3622283935546875 45.094089508056640625 41.091587066650390625 37.400470733642578125 34.05466461181640625 31.07485198974609375 28.470003128051757812 26.238262176513671875 24.366552352905273438 22.832208633422851562 21.60703277587890625 20.65960693359375 19.95368194580078125 19.445587158203125 19.102092742919921875 18.894128799438476562 18.787984848022460938 18.753391265869140625 18.76706695556640625 18.81465911865234375 18.888996124267578125 18.98708343505859375 19.107751846313476562 -1e100 -1e100 -1e100 -1e100 -1e100 -1e100
 -1e100 -1e100 -1e100 -1e100 -1e100 -1e100 -1e100 -1e100 -1e100 -1e100 -1e100 -1e100 -1e100 -1e100 -1e100      0      0      0      0      0      0      0 1.9915442466735839844 7.9321928024291992188 13.99819183349609375 20.087461471557617188 26.029949188232421875 31.6605987548828125 36.8871002197265625 41.69016265869140625 46.09409332275390625 50.14388275146484375 53.88968658447265625 57.376194000244140625 60.641529083251953125 63.7197723388671875 66.64151763916015625 69.43292999267578125 72.114715576171875 74.7019805908203125 77.2044525146484375 79.62654876708984375 81.96836090087890625 84.2274932861328125 86.400543212890625 88.48369598388671875 90.47275543212890625 92.36307525634765625 94.150115966796875 95.8304901123046875 97.40289306640625 98.8629913330078125 100.18912506103515625 101.35352325439453125 102.317138671875 103.007537841796875 103.32926177978515625 103.21173858642578125 102.61699676513671875 101.53063201904296875 99.9537811279296875 97.89833831787109375 95.38274383544921875 92.42893218994140625 89.062896728515625 85.318145751953125 81.2395477294921875 76.88368988037109375 72.31537628173828125 67.60532379150390625 62.8302459716796875 58.07073974609375 53.404754638671875 48.901966094970703125 44.623371124267578125 40.622699737548828125 36.944721221923828125 33.621517181396484375 30.671319961547851562 28.10028839111328125 25.90354156494140625 24.065103530883789062 22.560159683227539062 21.359344482421875 20.430864334106445312 19.738985061645507812 19.244634628295898438 18.913143157958984375 18.712162017822265625 18.610181808471679688 18.57906341552734375 18.597263336181640625 18.651151657104492188 18.733491897583007812 18.8408203125 18.9713134765625 -1e100 -1e100 -1e100 -1e100 -1e100 -1e100
 -1e100 -1e100 -1e100 -1e100 -1e100 -1e100 -1e100 -1e100 -1e100 -1e100 -1e100 -1e100 -1e100 -1e100 -1e100      0      0      0      0      0      0      0 2.4709100723266601562 8.5498247146606445312 14.719141960144042969 20.880596160888671875 26.86167144775390625 32.49749755859375 37.705097198486328125 42.48093414306640625 46.864383697509765625 50.909595489501953125 54.66779327392578125 58.1790924072265625 61.475830078125 64.5867462158203125 67.53807830810546875 70.35272216796875 73.04925537109375 75.64163970947265625 78.13935089111328125 80.54752349853515625 82.867767333984375 85.099853515625 87.2429351806640625 89.29613494873046875 91.25853729248046875 93.1291656494140625 94.90716552734375 96.59175872802734375 98.1809844970703125 99.6647796630859375 101.015289306640625 102.18918609619140625 103.13199615478515625 103.7718048095703125 104.02687835693359375 103.83506011962890625 103.1622772216796875 101.9962921142578125 100.3393707275390625 98.2036895751953125 95.60736083984375 92.57202911376953125 89.1237030029296875 85.2964324951171875 81.136322021484375 76.7016754150390625 72.0592803955078125 67.28186798095703125 62.448184967041015625 57.64073944091796875 52.938961029052734375 48.4134063720703125 44.12530517578125 40.12786102294921875 36.4644622802734375 33.164947509765625 30.244808197021484375 27.707246780395507812 25.544403076171875 23.737682342529296875 22.260526657104492188 21.082715988159179688 20.172376632690429688 19.4949798583984375 19.013614654541015625 18.69242095947265625 18.49835968017578125 18.401348114013671875 18.375307083129882812 18.400146484375 18.462696075439453125 18.555505752563476562 18.674530029296875 18.817190170288085938 -1e100 -1e100 -1e100 -1e100 -1e100 -1e100
 -1e100 -1e100 -1e100 -1e100 -1e100 -1e100 -1e100 -1e100 -1e100 -1e100 -1e100 -1e100 -1e100 -1e100      0      0      0      0      0      0      0      0 3.0740163326263427734 9.3505764007568359375 15.678465843200683594 21.948587417602539062 27.975179672241210938 33.58960723876953125 38.72568511962890625 43.409687042236328125 47.710086822509765625 51.698162078857421875 55.42675018310546875 58.92998504638671875 62.232906341552734375 65.35771942138671875 68.32527923583984375 71.154388427734375 73.86069488525390625 76.45630645751953125 78.9497833251953125 81.346282958984375 83.648345947265625 85.85732269287109375 87.97442626953125 90.00135040283203125 91.9403228759765625 93.79422760009765625 95.5662078857421875 97.25801849365234375 98.86696624755859375 100.37779998779296875 101.755096435546875 102.94538116455078125 103.88352203369140625 104.4944000244140625 104.702789306640625 104.4524078369140625 103.71273040771484375 102.47360992431640625 100.73856353759765625 98.520477294921875 95.8381195068359375 92.71392822265625 89.1750030517578125 85.2568817138671875 81.00759124755859375 76.487640380859375 71.76601409912109375 66.91759490966796875 62.0231781005859375 57.167087554931640625 52.430057525634765625 47.883266448974609375 43.58785247802734375 39.596141815185546875 35.949737548828125 32.67592620849609375 29.787240982055664062 27.283885955810546875 25.155153274536132812 23.380140304565429688 21.9308013916015625 20.77629852294921875 19.884778976440429688 19.222379684448242188 18.753082275390625 18.441204071044921875 18.254255294799804688 18.163602828979492188 18.1447601318359375 18.17861175537109375 18.252227783203125 18.357839584350585938 18.490741729736328125 18.647548675537109375 -1e100 -1e100 -1e100 -1e100 -1e100 -1e100
 -1e100 -1e100 -1e100 -1e100 -1e100 -1e100 -1e100 -1e100 -1e100 -1e100 -1e100 -1e100 -1e100 -1e100      0      0      0      0      0      0      0      0 3.794391632080078125 10.318325996398925781 16.852201461791992188 23.259706497192382812 29.332025527954101562 34.89348602294921875 39.90656280517578125 44.442493438720703125 48.60950469970703125 52.498363494873046875 56.16290283203125 59.630340576171875 62.917438507080078125 66.03905487060546875 69.0100555419921875 71.84459686279296875 74.5548858642578125 77.1506195068359375 79.6388702392578125 82.0242156982421875 84.3094940185546875 86.49703216552734375 88.589599609375 90.59104156494140625 92.506622314453125 94.34320068359375 96.10797882080078125 97.8053436279296875 99.432403564453125 100.97058868408203125 102.37851715087890625 103.5941925048828125 104.54351806640625 105.14665985107421875 105.3292236328125 105.03716278076171875 104.2421722412109375 102.93601226806640625 101.1238861083984375 98.82045745849609375 96.04640960693359375 92.826263427734375 89.18923187255859375 85.17316436767578125 80.82859039306640625 76.2185211181640625 71.4143524169921875 66.4931640625 61.537784576416015625 56.63421630859375 51.864284515380859375 47.29949188232421875 43.0005340576171875 39.018497467041015625 35.392833709716796875 32.14798736572265625 29.293397903442382812 26.826269149780273438 24.733182907104492188 22.991123199462890625 21.570745468139648438 20.440677642822265625 19.569042205810546875 18.922367095947265625 18.465326309204101562 18.163156509399414062 17.98451995849609375 17.902118682861328125 17.892652511596679688 17.937694549560546875 18.024425506591796875 18.144681930541992188 18.293081283569335938 18.465429306030273438 -1e100 -1e100 -1e100 -1e100 -1e100 -1e100
 -1e100 -1e100 -1e100 -1e100 -1e100 -1e100 -1e100 -1e100 -1e100 -1e100 -1e100 -1e100 -1e100 -1e100      0      0      0      0      0      0      0      0 4.5906982421875 11.397566795349121094 18.1681365966796875 24.716007232666015625 30.816717147827148438 36.29430389404296875 41.148960113525390625 45.5055694580078125 49.512836456298828125 53.278820037841796875 56.857845306396484375 60.270488739013671875 63.52548980712890625 66.6304779052734375 69.5943145751953125 72.42635345458984375 75.1351318359375 77.72760772705078125 80.20891571044921875 82.58252716064453125 84.850982666015625 87.01699066162109375 89.0843505859375 91.05863189697265625 92.9479217529296875 94.76303863525390625 96.51544952392578125 98.21309661865234375 99.85468292236328125 101.4205322265625 102.86461639404296875 104.1169586181640625 105.09427642822265625 105.7098236083984375 105.8856964111328125 105.56687164306640625 104.72594451904296875 103.35665130615234375 101.466796875 99.0741424560546875 96.202728271484375 92.880279541015625 89.1389923095703125 85.01961517333984375 80.5755462646484375 75.8725738525390625 70.984619140625 65.9910125732421875 60.9765777587890625 56.028827667236328125 51.2303924560546875 46.652759552001953125 42.35581207275390625 38.389003753662109375 34.789287567138671875 31.578014373779296875 28.761423110961914062 26.333726882934570312 24.278919219970703125 22.572021484375 21.182567596435546875 20.078739166259765625 19.228633880615234375 18.599130630493164062 18.155689239501953125 17.864727020263671875 17.6961669921875 17.623914718627929688 17.625644683837890625 17.683513641357421875 17.784749984741210938 17.920785903930664062 18.085582733154296875 18.274200439453125 -1e100 -1e100 -1e100 -1e100 -1e100 -1e100
 -1e100 -1e100 -1e100 -1e100 -1e100 -1e100 -1e100 -1e100 -1e100 -1e100 -1e100 -1e100 -1e100 -1e100      0      0      0      0      0      0      0      0 5.4057059288024902344 12.49925994873046875 19.506155014038085938 26.15117645263671875 32.245822906494140625 37.62090301513671875 42.312488555908203125 46.49460601806640625 50.347675323486328125 53.99161529541015625 57.481060028076171875 60.83176422119140625 64.0463714599609375 67.12662506103515625 70.07616424560546875 72.89990997314453125 75.6028594970703125 78.1891326904296875 80.66168212890625 83.0224609375 85.27318572998046875 87.41640472412109375 89.4563140869140625 91.3997344970703125 93.2572784423828125 95.04364013671875 96.7751922607421875 98.46521759033203125 100.11690521240234375 101.71193695068359375 103.1998138427734375 104.50152587890625 105.52309417724609375 106.168365478515625 106.35282135009765625 106.01805877685546875 105.13680267333984375 103.70539093017578125 101.735504150390625 99.24945831298828125 96.2758331298828125 92.846405029296875 88.99683380126953125 84.771087646484375 80.22568511962890625 75.42940521240234375 70.45883941650390625 65.39562225341796875 60.326465606689453125 55.3402099609375 50.51995849609375 45.93677520751953125 41.64931488037109375 37.704998016357421875 34.137939453125 30.966180801391601562 28.192684173583984375 25.808727264404296875 23.795833587646484375 22.127229690551757812 20.771482467651367188 19.696422576904296875 18.8701629638671875 18.259962081909179688 17.83213043212890625 17.554246902465820312 17.397449493408203125 17.336790084838867188 17.350881576538085938 17.422445297241210938 17.538763046264648438 17.690912246704101562 17.8722686767578125 -1e100 -1e100 -1e100 -1e100 -1e100 -1e100 -1e100
 -1e100 -1e100 -1e100 -1e100 -1e100 -1e100 -1e100 -1e100 -1e100 -1e100 -1e100 -1e100 -1e100 -1e100      0      0      0      0      0      0      0      0 6.1893362998962402344 13.502028465270996094 20.6991424560546875 27.354402542114257812 33.415805816650390625 38.689830780029296875 43.248332977294921875 47.297527313232421875 51.033416748046875 54.580902099609375 57.994831085205078125 61.289402008056640625 64.46446990966796875 67.51827239990234375 70.45070648193359375 73.2632598876953125 75.95786285400390625 78.53600311279296875 80.99840545654296875 83.3452911376953125 85.57715606689453125 87.69580078125 89.70525360107421875 91.61301422119140625 93.43175506591796875 95.1800384521484375 96.88010406494140625 98.5529632568359375 100.21004486083984375 101.83713531494140625 103.37776947021484375 104.741058349609375 105.81967926025390625 106.50608062744140625 106.70757293701171875 106.36138153076171875 105.44069671630859375 103.945465087890625 101.89250946044921875 99.30985260009765625 96.23138427734375 92.693115234375 88.73427581787109375 84.40215301513671875 79.7565765380859375 74.869537353515625 69.82045745849609375 64.69333648681640625 59.576671600341796875 54.560344696044921875 49.727527618408203125 45.14839935302734375 40.879947662353515625 36.9671478271484375 33.440967559814453125 30.31597137451171875 27.5918426513671875 25.257001876831054688 23.290639877319335938 21.664365768432617188 20.34589385986328125 19.302747726440429688 18.503086090087890625 17.914569854736328125 17.5043182373046875 17.241024017333984375 17.097064971923828125 17.048662185668945312 17.075418472290039062 17.16065216064453125 17.291769027709960938 17.459585189819335938 17.657001495361328125 -1e100 -1e100 -1e100 -1e100 -1e100 -1e100 -1e100
 -1e100 -1e100 -1e100 -1e100 -1e100 -1e100 -1e100 -1e100 -1e100 -1e100 -1e100 -1e100 -1e100 -1e100      0      0      0      0      0      0      0      0 6.8505454063415527344 14.176384925842285156 21.4085693359375 28.1027984619140625 34.14405059814453125 39.349720001220703125 43.835933685302734375 47.821216583251953125 51.5000457763671875 54.99478912353515625 58.36174774169921875 61.6173858642578125 64.762420654296875 67.79433441162109375 70.7113494873046875 73.51290130615234375 76.1987152099609375 78.76812744140625 81.219879150390625 83.55239105224609375 85.7646636962890625 87.85732269287109375 89.83364105224609375 91.701202392578125 93.474212646484375 95.1750640869140625 96.832489013671875 98.47745513916015625 100.13428497314453125 101.797454833984375 103.399627685546875 104.83356475830078125 105.9749908447265625 106.70404815673828125 106.9208221435546875 106.55968475341796875 105.59561920166015625 104.03314208984375 101.8950042724609375 99.21533966064453125 96.03302764892578125 92.38796234130859375 88.32273101806640625 83.887939453125 79.1469268798828125 74.1751861572265625 69.05519866943359375 63.8733062744140625 58.719623565673828125 53.684722900390625 48.851337432861328125 44.288257598876953125 40.05034637451171875 36.179759979248046875 32.704071044921875 29.63428497314453125 26.96685028076171875 24.68744659423828125 22.773077011108398438 21.193853378295898438 19.916677474975585938 18.908769607543945312 18.138339996337890625 17.57346343994140625 17.18207550048828125 16.934055328369140625 16.803098678588867188 16.766695022583007812 16.805505752563476562 16.90354156494140625 17.048433303833007812 17.230852127075195312 17.443353652954101562 -1e100 -1e100 -1e100 -1e100 -1e100 -1e100 -1e100
 -1e100 -1e100 -1e100 -1e100 -1e100 -1e100 -1e100 -1e100 -1e100 -1e100 -1e100 -1e100 -1e100 -1e100      0      0      0      0      0      0      0 0.50449681282043457031 7.2071847915649414062 14.37970733642578125 21.553621292114257812 28.31458282470703125 34.336330413818359375 39.523265838623046875 44.014430999755859375 48.015899658203125 51.70514678955078125 55.198291778564453125 58.554615020751953125 61.795711517333984375 64.9261474609375 67.94536590576171875 70.85211944580078125 73.6453857421875 76.32379913330078125 78.8852386474609375 81.3268585205078125 83.6454620361328125 85.83843231201171875 87.9049530029296875 89.84711456298828125 91.67206573486328125 93.39508056640625 95.0417327880859375 96.64653778076171875 98.25083160400390625 99.897125244140625 101.599822998046875 103.27053070068359375 104.778533935546875 105.97791290283203125 106.73862457275390625 106.9582366943359375 106.57137298583984375 105.55660247802734375 103.92362213134765625 101.70093536376953125 98.92779541015625 95.64697265625 91.90142059326171875 87.736724853515625 83.20684814453125 78.37896728515625 73.3324432373046875 68.15291595458984375 62.929019927978515625 57.7522125244140625 52.7132415771484375 47.89385223388671875 43.360931396484375 39.16678619384765625 35.3504486083984375 31.9359283447265625 28.930673599243164062 26.327983856201171875 24.110906600952148438 22.254375457763671875 20.727056503295898438 19.495037078857421875 18.525239944458007812 17.785968780517578125 17.24578857421875 16.873584747314453125 16.640565872192382812 16.521883010864257812 16.496404647827148438 16.54595184326171875 16.655328750610351562 16.812513351440429688 17.008150100708007812 17.234554290771484375 -1e100 -1e100 -1e100 -1e100 -1e100 -1e100 -1e100
 -1e100 -1e100 -1e100 -1e100 -1e100 -1e100 -1e100 -1e100 -1e100 -1e100 -1e100 -1e100 -1e100 -1e100      0      0      0      0      0      0      0 0.76910239458084106445 7.2516994476318359375 14.248758316040039062 21.322900772094726562 28.021993637084960938 34.01062774658203125 39.229381561279296875 43.797222137451171875 47.88463592529296875 51.643505096435546875 55.18241119384765625 58.56389617919921875 61.815975189208984375 64.9490509033203125 67.966644287109375 70.869964599609375 73.6590576171875 76.332550048828125 78.88768768310546875 81.32056427001953125 83.6266632080078125 85.80190277099609375 87.843963623046875 89.75365447998046875 91.53745269775390625 93.21131134033203125 94.8028106689453125 96.3494110107421875 97.89846038818359375 99.51209259033203125 101.2513885498046875 102.9964752197265625 104.57552337646484375 105.81362152099609375 106.583831787109375 106.785614013671875 106.35767364501953125 105.28389739990234375 103.57892608642578125 101.2756195068359375 98.41640472412109375 95.04624176025390625 91.2101593017578125 86.95645904541015625 82.34265899658203125 77.4402008056640625 72.332550048828125 67.10855865478515625 61.858913421630859375 56.6759490966796875 51.6500244140625 46.861297607421875 42.3742523193359375 38.238285064697265625 34.48906707763671875 31.146970748901367188 28.2159423828125 25.686222076416015625 23.538349151611328125 21.745258331298828125 20.274200439453125 19.090471267700195312 18.16074371337890625 17.453550338745117188 16.9381256103515625 16.584516525268554688 16.365447998046875 16.257671356201171875 16.24153900146484375 16.300130844116210938 16.4191436767578125 16.587007522583007812 16.79443359375 -1e100 -1e100 -1e100 -1e100 -1e100 -1e100 -1e100 -1e100
 -1e100 -1e100 -1e100 -1e100 -1e100 -1e100 -1e100 -1e100 -1e100 -1e100 -1e100 -1e100 -1e100 -1e100      0      0      0      0      0      0      0 0.72904747724533081055 7.0136876106262207031 13.813258171081542969 20.719715118408203125 27.302259445190429688 33.2739410400390625 38.568572998046875 43.261383056640625 47.47882843017578125 51.34651947021484375 54.965160369873046875 58.399288177490234375 61.6831512451171875 64.8336639404296875 67.8596343994140625 70.76602935791015625 73.5550537109375 76.226226806640625 78.7769012451171875 81.2027130126953125 83.49825286865234375 85.65833282470703125 87.6794281005859375 89.56134033203125 91.31012725830078125 92.94257354736328125 94.4878387451171875 95.98358917236328125 97.47325897216796875 99.0076446533203125 100.803558349609375 102.61589813232421875 104.22900390625 105.46903228759765625 106.216827392578125 106.37448883056640625 105.8881988525390625 104.74784088134765625 102.97171783447265625 100.59461212158203125 97.6595916748046875 94.2119140625 90.29785919189453125 85.96840667724609375 81.2849884033203125 76.32366943359375 71.1721038818359375 65.922149658203125 60.666103363037109375 55.49658966064453125 50.502902984619140625 45.763034820556640625 41.338626861572265625 37.2758636474609375 33.6069183349609375 30.348520278930664062 27.501194000244140625 25.0522613525390625 22.979852676391601562 21.254985809326171875 19.843549728393554688 18.71012115478515625 17.821290969848632812 17.146038055419921875 16.654535293579101562 16.31824493408203125 16.111597061157226562 16.013059616088867188 16.004543304443359375 16.070455551147460938 16.197465896606445312 16.374521255493164062 16.592464447021484375 -1e100 -1e100 -1e100 -1e100 -1e100 -1e100 -1e100 -1e100
 -1e100 -1e100 -1e100 -1e100 -1e100 -1e100 -1e100 -1e100 -1e100 -1e100 -1e100 -1e100 -1e100 -1e100      0      0      0      0      0      0      0 0.47913965582847595215 6.5534267425537109375 13.131124496459960938 19.845911026000976562 26.321407318115234375 32.29961395263671875 37.689556121826171875 42.5207366943359375 46.880527496337890625 50.871814727783203125 54.585796356201171875 58.0869598388671875 61.4145965576171875 64.5917205810546875 67.63256072998046875 70.54632568359375 73.337890625 76.00829315185546875 78.55554962158203125 80.97537994384765625 83.26203155517578125 85.4097747802734375 87.4145050048828125 89.27561187744140625 90.9994354248046875 92.6045074462890625 94.12351226806640625 95.598602294921875 97.07062530517578125 98.61327362060546875 100.39239501953125 102.17694091796875 103.74718475341796875 104.93679046630859375 105.61971282958984375 105.70372772216796875 105.14258575439453125 103.93041229248046875 102.08648681640625 99.64447784423828125 96.64543914794921875 93.13333892822265625 89.15544891357421875 84.76566314697265625 80.02971649169921875 75.028411865234375 69.85344696044921875 64.59912872314453125 59.358692169189453125 54.224315643310546875 49.283550262451171875 44.6116485595703125 40.26703643798828125 36.29248046875 32.716583251953125 29.552509307861328125 26.797506332397460938 24.436128616333007812 22.444234848022460938 20.791036605834960938 19.4411773681640625 18.358699798583984375 17.510381698608398438 16.865966796875 16.396881103515625 16.076259613037109375 15.880381584167480469 15.789480209350585938 15.787045478820800781 15.858839035034179688 15.992527008056640625 16.177610397338867188 16.405065536499023438 -1e100 -1e100 -1e100 -1e100 -1e100 -1e100 -1e100 -1e100
 -1e100 -1e100 -1e100 -1e100 -1e100 -1e100 -1e100 -1e100 -1e100 -1e100 -1e100 -1e100 -1e100 -1e100      0      0      0      0      0      0      0 0.12152926623821258545 5.9814710617065429688 12.343564987182617188 18.884471893310546875 25.273015975952148438 31.262266159057617188 36.7368011474609375 41.690601348876953125 46.18041229248046875 50.288421630859375 54.09525299072265625 57.663814544677734375 61.03685760498046875 64.2423553466796875 67.299407958984375 70.22113037109375 73.01508331298828125 75.6840362548828125 78.227020263671875 80.64031219482421875 82.91840362548828125 85.0557098388671875 87.0483551025390625 88.89606475830078125 90.605987548828125 92.1985626220703125 93.71057891845703125 95.19150543212890625 96.6900634765625 98.27239990234375 99.97479248046875 101.65259552001953125 103.11388397216796875 104.1965179443359375 104.77391815185546875 104.7594451904296875 104.1119842529296875 102.8266754150390625 100.92053985595703125 98.42327880859375 95.3718719482421875 91.80857086181640625 87.7818450927734375 83.34891510009765625 78.58002471923828125 73.56056976318359375 68.385589599609375 63.151004791259765625 57.950138092041015625 52.873912811279296875 48.007427215576171875 43.42269134521484375 39.174610137939453125 35.302417755126953125 31.831190109252929688 28.770671844482421875 26.115062713623046875 23.846357345581054688 21.938314437866210938 20.358518600463867188 19.070583343505859375 18.038316726684570312 17.229059219360351562 16.613687515258789062 16.165201187133789062 15.858608245849609375 15.672101974487304688 15.587643623352050781 15.59026336669921875 15.667037010192871094 15.806607246398925781 15.998987197875976562 16.23525238037109375 -1e100 -1e100 -1e100 -1e100 -1e100 -1e100 -1e100 -1e100
 -1e100 -1e100 -1e100 -1e100 -1e100 -1e100 -1e100 -1e100 -1e100 -1e100 -1e100 -1e100 -1e100 -1e100      0      0      0      0      0      0      0      0 5.4244909286499023438 11.597341537475585938 17.989770889282226562 24.301052093505859375 30.289819717407226562 35.823272705078125 40.869472503662109375 45.461261749267578125 49.662990570068359375 53.545452117919921875 57.16931915283203125 60.5794677734375 63.80755615234375 66.87645721435546875 69.80233001708984375 72.594970703125 75.258758544921875 77.79392242431640625 80.197601318359375 82.465057373046875 84.591552734375 86.57418060302734375 88.41367340087890625 90.11808013916015625 91.70859527587890625 93.2236328125 94.71417236328125 96.230621337890625 97.80330657958984375 99.41820526123046875 100.963470458984375 102.27939605712890625 103.21926116943359375 103.6654205322265625 103.53847503662109375 102.80027008056640625 101.44408416748046875 99.482147216796875 96.9383544921875 93.84514617919921875 90.24346923828125 86.1835784912109375 81.72634124755859375 76.946380615234375 71.9329681396484375 66.7834625244140625 61.59432220458984375 56.457973480224609375 51.46324920654296875 46.69213104248046875 42.212924957275390625 38.076824188232421875 34.319530487060546875 30.962741851806640625 28.013071060180664062 25.461961746215820312 23.289098739624023438 21.466381072998046875 19.9600067138671875 18.732883453369140625 17.748991012573242188 16.976627349853515625 16.388179779052734375 15.958507537841796875 15.66461944580078125 15.486592292785644531 15.408020973205566406 15.415358543395996094 15.496885299682617188 15.642110824584960938 15.841475486755371094 -1e100 -1e100 -1e100 -1e100 -1e100 -1e100 -1e100 -1e100 -1e100
 -1e100 -1e100 -1e100 -1e100 -1e100 -1e100 -1e100 -1e100 -1e100 -1e100 -1e100 -1e100 -1e100 -1e100      0      0      0      0      0      0      0      0 4.9655947685241699219 10.984061241149902344 17.253080368041992188 23.49326324462890625 29.467342376708984375 35.030487060546875 40.132411956787109375 44.788665771484375 49.050228118896484375 52.980381011962890625 56.63785552978515625 60.06879425048828125 63.307216644287109375 66.37835693359375 69.300262451171875 72.08423614501953125 74.7359466552734375 77.2567596435546875 79.64484405517578125 81.89661407470703125 84.008636474609375 85.97948455810546875 87.811279296875 89.5127410888671875 91.1042633056640625 92.621795654296875 94.11072540283203125 95.61188507080078125 97.13722991943359375 98.650970458984375 100.05096435546875 101.20479583740234375 101.98626708984375 102.29131317138671875 102.04833984375 101.22051239013671875 99.79742431640625 97.78537750244140625 95.20226287841796875 92.07672882080078125 88.44937896728515625 84.372894287109375 79.91180419921875 75.1444854736328125 70.1629791259765625 65.06563568115234375 59.948272705078125 54.901409149169921875 50.010951995849609375 45.3551483154296875 40.998271942138671875 36.987697601318359375 33.3557586669921875 30.121095657348632812 27.287555694580078125 24.844163894653320312 22.768560409545898438 21.031017303466796875 19.596645355224609375 18.428068161010742188 17.48987579345703125 16.75177001953125 16.188028335571289062 15.775613784790039062 15.493573188781738281 15.323749542236328125 15.251208305358886719 15.263637542724609375 15.350325584411621094 15.501475334167480469 15.707844734191894531 -1e100 -1e100 -1e100 -1e100 -1e100 -1e100 -1e100 -1e100 -1e100
 -1e100 -1e100 -1e100 -1e100 -1e100 -1e100 -1e100 -1e100 -1e100 -1e100 -1e100 -1e100 -1e100 -1e100      0      0      0      0      0      0      0      0 4.6482362747192382812 10.552273750305175781 16.725522994995117188 22.903257369995117188 28.850637435913085938 34.4140777587890625 39.5317230224609375 44.209095001220703125 48.48966217041015625 52.4324951171875 56.095367431640625 59.52507781982421875 62.756618499755859375 65.81607818603515625 68.72214508056640625 71.4868316650390625 74.11663818359375 76.61386871337890625 78.97776031494140625 81.20598602294921875 83.2965545654296875 85.24965667724609375 87.06882476806640625 88.7631072998046875 90.350830078125 91.8621826171875 93.33342742919921875 94.79381561279296875 96.2439422607421875 97.638153076171875 98.88457489013671875 99.87207794189453125 100.493682861328125 100.6590118408203125 100.303314208984375 99.3898468017578125 97.90392303466796875 95.846221923828125 93.22978973388671875 90.080963134765625 86.4412078857421875 82.3660125732421875 77.92308807373046875 73.1935272216796875 68.27071380615234375 63.252590179443359375 58.23309326171875 53.29986572265625 48.53511810302734375 44.01284027099609375 39.793033599853515625 35.91939544677734375 32.42119598388671875 29.314458847045898438 26.600690841674804688 24.26679229736328125 22.288537979125976562 20.634710311889648438 19.269624710083007812 18.156129837036132812 17.26006317138671875 16.55310821533203125 16.011837005615234375 15.615476608276367188 15.344991683959960938 15.183759689331054688 15.118078231811523438 15.136609077453613281 15.229395866394042969 15.387125015258789062 15.600754737854003906 -1e100 -1e100 -1e100 -1e100 -1e100 -1e100 -1e100 -1e100 -1e100
 -1e100 -1e100 -1e100 -1e100 -1e100 -1e100 -1e100 -1e100 -1e100 -1e100 -1e100 -1e100 -1e100 -1e100      0      0      0      0      0      0      0      0 4.4959130287170410156 10.329318046569824219 16.43804931640625 22.565389633178710938 28.475767135620117188 34.009593963623046875 39.100490570068359375 43.75185394287109375 48.0062408447265625 51.922489166259765625 55.55867767333984375 58.961521148681640625 62.165531158447265625 65.19617462158203125 68.0716094970703125 70.80377197265625 73.3995513916015625 75.86191558837890625 78.191070556640625 80.3858184814453125 82.445526123046875 84.3716583251953125 86.1687774658203125 87.84592437744140625 89.4186859130859375 90.9100341796875 92.346099853515625 93.74530029296875 95.10027313232421875 96.3639984130859375 97.45563507080078125 98.2812957763671875 98.75008392333984375 98.7830963134765625 98.32089996337890625 97.32614898681640625 95.7805938720703125 93.68079376220703125 91.03682708740234375 87.87448883056640625 84.23711395263671875 80.18276214599609375 75.7814483642578125 71.1156005859375 66.2784423828125 61.366092681884765625 56.46945953369140625 51.672428131103515625 47.052867889404296875 42.68011474609375 38.609893798828125 34.882541656494140625 31.5247650146484375 28.550447463989257812 25.959117889404296875 23.7357177734375 21.854095458984375 20.28141021728515625 18.981271743774414062 17.917547225952148438 17.05858612060546875 16.379077911376953125 15.858151435852050781 15.477191925048828125 15.218685150146484375 15.067174911499023438 15.009853363037109375 15.036050796508789062 15.136285781860351562 15.301522254943847656 15.52280426025390625 -1e100 -1e100 -1e100 -1e100 -1e100 -1e100 -1e100 -1e100 -1e100
 -1e100 -1e100 -1e100 -1e100 -1e100 -1e100 -1e100 -1e100 -1e100 -1e100 -1e100 -1e100 -1e100 -1e100      0      0      0      0      0      0      0      0 4.5228209495544433594 10.331537246704101562 16.408857345581054688 22.49875640869140625 28.361719131469726562 33.835224151611328125 38.8553009033203125 43.43119049072265625 47.6117095947265625 51.45992279052734375 55.0354766845703125 58.384052276611328125 61.53801727294921875 64.52072906494140625 67.34881591796875 70.03351593017578125 72.5816650390625 74.99665069580078125 77.279388427734375 79.42962646484375 81.447662353515625 83.33571624755859375 85.0987091064453125 86.7450714111328125 88.28745269775390625 89.74233245849609375 91.12659454345703125 92.44947052001953125 93.6984710693359375 94.829132080078125 95.77114105224609375 96.44443511962890625 96.77077484130859375 96.680328369140625 96.11763763427734375 95.04521942138671875 93.4427947998046875 91.30483245849609375 88.64049530029296875 85.47660064697265625 81.85852813720703125 77.84621429443359375 73.5107879638671875 68.93459320068359375 64.209228515625 59.427715301513671875 54.67699432373046875 50.036449432373046875 45.579120635986328125 41.369541168212890625 37.45944976806640625 33.8863067626953125 30.674739837646484375 27.83690643310546875 25.37060546875 23.258775711059570312 21.472848892211914062 19.9774932861328125 18.735216140747070312 17.712738037109375 16.883932113647460938 16.22779083251953125 15.72562408447265625 15.360231399536132812 15.114979743957519531 14.975086212158203125 14.928231239318847656 14.964083671569824219 15.073375701904296875 15.247167587280273438 -1e100 -1e100 -1e100 -1e100 -1e100 -1e100 -1e100 -1e100 -1e100 -1e100
 -1e100 -1e100 -1e100 -1e100 -1e100 -1e100 -1e100 -1e100 -1e100 -1e100 -1e100 -1e100 -1e100 -1e100      0      0      0      0      0      0      0      0 4.7337408065795898438 10.56268310546875 16.64080047607421875 22.705461502075195312 28.51079559326171875 33.894062042236328125 38.7992401123046875 43.24925994873046875 47.307071685791015625 51.045314788818359375 54.526287078857421875 57.79302978515625 60.873882293701171875 63.788715362548828125 66.55185699462890625 69.1733551025390625 71.65966033935546875 74.01427459716796875 76.23856353759765625 78.3328704833984375 80.2979888916015625 82.13629150390625 83.8523712158203125 85.45346832275390625 86.9495086669921875 88.351776123046875 89.6698760986328125 90.90606689453125 92.044769287109375 93.04498291015625 93.84534454345703125 94.3766937255859375 94.5706634521484375 94.364532470703125 93.70648956298828125 92.55998992919921875 90.9045257568359375 88.734466552734375 86.0597381591796875 82.90882110595703125 79.3288116455078125 75.38059234619140625 71.13515472412109375 66.673431396484375 62.0841522216796875 57.456241607666015625 52.87188720703125 48.405487060546875 44.125030517578125 40.090427398681640625 36.349864959716796875 32.938358306884765625 29.878801345825195312 27.181926727294921875 24.843919754028320312 22.84534454345703125 21.153879165649414062 19.730333328247070312 18.535173416137695312 17.542211532592773438 16.7351531982421875 16.098310470581054688 15.614007949829101562 15.265162467956542969 15.035216331481933594 14.909440994262695312 14.875551223754882812 14.923239707946777344 15.043233871459960938 15.226594924926757812 -1e100 -1e100 -1e100 -1e100 -1e100 -1e100 -1e100 -1e100 -1e100 -1e100
 -1e100 -1e100 -1e100 -1e100 -1e100 -1e100 -1e100 -1e100 -1e100 -1e100 -1e100 -1e100 -1e100 -1e100      0      0      0      0      0      0      0      0 5.1219663619995117188 11.010438919067382812 17.119035720825195312 23.170686721801757812 28.910526275634765625 34.1760406494140625 38.923370361328125 43.197849273681640625 47.085613250732421875 50.674091339111328125 54.028163909912109375 57.1863250732421875 60.17121124267578125 62.9981842041015625 65.67868804931640625 68.22119140625 70.63141632080078125 72.9127044677734375 75.0665435791015625 77.09352874755859375 78.99449920654296875 80.77153778076171875 82.4283905029296875 83.97080230712890625 85.40621185302734375 86.74190521240234375 87.98230743408203125 89.1247406005859375 90.151824951171875 91.02573394775390625 91.69232940673828125 92.09098052978515625 92.1611328125 91.84613037109375 91.09801483154296875 89.88237762451171875 88.180145263671875 85.98705291748046875 83.3147125244140625 80.19335174560546875 76.67111968994140625 72.808837890625 68.67624664306640625 64.35178375244140625 59.92031097412109375 55.465923309326171875 51.065563201904296875 46.788433074951171875 42.69756317138671875 38.848602294921875 35.28656768798828125 32.044277191162109375 29.143045425415039062 26.592256546020507812 24.38637542724609375 22.502527236938476562 20.903638839721679688 19.546545028686523438 18.386409759521484375 17.409845352172851562 16.615316390991210938 15.9932708740234375 15.525900840759277344 15.194811820983886719 14.982496261596679688 14.873501777648925781 14.855071067810058594 14.916627883911132812 15.048761367797851562 15.242486000061035156 -1e100 -1e100 -1e100 -1e100 -1e100 -1e100 -1e100 -1e100 -1e100 -1e100
 -1e100 -1e100 -1e100 -1e100 -1e100 -1e100 -1e100 -1e100 -1e100 -1e100 -1e100 -1e100 -1e100 -1e100      0      0      0      0      0      0      0 0.16490702331066131592 5.6720438003540039062 11.647307395935058594 17.811658859252929688 23.861742019653320312 29.529657363891601562 34.6519775390625 39.201122283935546875 43.255435943603515625 46.93247222900390625 50.337154388427734375 53.53564453125 56.560451507568359375 59.427608489990234375 62.1474456787109375 64.7281646728515625 67.17632293701171875 69.49662017822265625 71.69191741943359375 73.7635345458984375 75.71193695068359375 77.5377197265625 79.2423248291015625 80.82845306396484375 82.30028533935546875 83.66297149658203125 84.92076873779296875 86.074432373046875 87.1180267333984375 88.03314971923828125 88.78470611572265625 89.32430267333984375 89.59807586669921875 89.55197906494140625 89.134918212890625 88.30323028564453125 87.02569580078125 85.2858428955078125 83.0816192626953125 80.42659759521484375 77.3524322509765625 73.907562255859375 70.151824951171875 66.15280914306640625 61.98561859130859375 57.730571746826171875 53.4664459228515625 49.2647705078125 45.189632415771484375 41.299442291259765625 37.646007537841796875 34.27143096923828125 31.206277847290039062 28.470048904418945312 26.070478439331054688 23.99969482421875 22.23082733154296875 20.723127365112304688 19.433931350708007812 18.299627304077148438 17.322809219360351562 16.531259536743164062 15.919237136840820312 15.467513084411621094 15.155094146728515625 14.96239471435546875 14.872400283813476562 14.87139892578125 14.948314666748046875 15.093507766723632812 15.297929763793945312 -1e100 -1e100 -1e100 -1e100 -1e100 -1e100 -1e100 -1e100 -1e100 -1e100
 -1e100 -1e100 -1e100 -1e100 -1e100 -1e100 -1e100 -1e100 -1e100 -1e100 -1e100 -1e100 -1e100 -1e100      0      0      0      0      0      0      0 0.75564301013946533203 6.3421549797058105469 12.422235488891601562 18.663602828979492188 24.717159271240234375 30.3013916015625 35.25537872314453125 39.573276519775390625 43.376430511474609375 46.817310333251953125 50.0156707763671875 53.03719329833984375 55.908390045166015625 58.638973236083984375 61.23442840576171875 63.69971466064453125 66.039306640625 68.25667572021484375 70.3539276123046875 72.33193206787109375 74.19078826904296875 75.93060302734375 77.552093505859375 79.05687713623046875 80.44760894775390625 81.7274627685546875 82.89827728271484375 83.95822906494140625 84.89919281005859375 85.70233917236328125 86.3349761962890625 86.75335693359375 86.909271240234375 86.7544403076171875 86.243133544921875 85.33632659912109375 84.00675201416015625 82.24105072021484375 80.0396575927734375 77.4179840087890625 74.40856170654296875 71.05936431884765625 67.42850494384765625 63.5807647705078125 59.58733367919921875 55.523586273193359375 51.462818145751953125 47.471271514892578125 43.608295440673828125 39.928188323974609375 36.479366302490234375 33.301055908203125 30.421094894409179688 27.856273651123046875 25.611621856689453125 23.676408767700195312 22.022016525268554688 20.61004638671875 19.399591445922851562 18.269163131713867188 17.281827926635742188 16.488973617553710938 15.884893417358398438 15.448235511779785156 15.155202865600585938 14.98337554931640625 14.913616180419921875 14.930973052978515625 15.023749351501464844 15.182035446166992188 -1e100 -1e100 -1e100 -1e100 -1e100 -1e100 -1e100 -1e100 -1e100 -1e100 -1e100
 -1e100 -1e100 -1e100 -1e100 -1e100 -1e100 -1e100 -1e100 -1e100 -1e100 -1e100 -1e100 -1e100 -1e100      0      0      0      0      0      0      0 1.3586875200271606445 7.0416841506958007812 13.249654769897460938 19.583486557006835938 25.621881484985351562 31.106672286987304688 35.869586944580078125 39.941608428955078125 43.488971710205078125 46.6916046142578125 49.678035736083984375 52.512836456298828125 55.21793365478515625 57.798374176025390625 60.255947113037109375 62.5928802490234375 64.81170654296875 66.91461181640625 68.90283203125 70.776611328125 72.5355682373046875 74.17923736572265625 75.7076263427734375 77.12134552001953125 78.42173004150390625 79.61022186279296875 80.68672943115234375 81.6475067138671875 82.48305511474609375 83.17455291748046875 83.69147491455078125 83.9941253662109375 84.03931427001953125 83.78404998779296875 83.1878204345703125 82.21645355224609375 80.84677886962890625 79.0686492919921875 76.8848419189453125 74.31223297119140625 71.38362884521484375 68.14594268798828125 64.65500640869140625 60.972339630126953125 57.164875030517578125 53.3029022216796875 49.454357147216796875 45.68064117431640625 42.037017822265625 38.57437896728515625 35.338199615478515625 32.364654541015625 29.677822113037109375 27.289775848388671875 25.20061492919921875 23.3973236083984375 21.859693527221679688 20.56279754638671875 19.412334442138671875 18.265535354614257812 17.275960922241210938 16.489412307739257812 15.898015975952148438 15.479063987731933594 15.206744194030761719 15.056256294250488281 15.006631851196289062 15.041818618774414062 15.149566650390625 15.319736480712890625 -1e100 -1e100 -1e100 -1e100 -1e100 -1e100 -1e100 -1e100 -1e100 -1e100 -1e100
 -1e100 -1e100 -1e100 -1e100 -1e100 -1e100 -1e100 -1e100 -1e100 -1e100 -1e100 -1e100 -1e100 -1e100      0      0      0      0      0      0      0 1.8634486198425292969 7.6575951576232910156 14.002036094665527344 20.437641143798828125 26.4287872314453125 31.78932952880859375 36.3546142578125 40.196697235107421875 43.513919830322265625 46.500209808349609375 49.287139892578125 51.938274383544921875 54.473850250244140625 56.897151947021484375 59.208202362060546875 61.40747833251953125 63.496059417724609375 65.4750213623046875 67.34479522705078125 69.105010986328125 70.7547607421875 72.29309844970703125 73.7193756103515625 75.03340911865234375 76.23537445068359375 77.32530975341796875 78.30155181884765625 79.15899658203125 79.8872833251953125 80.46797943115234375 80.87268829345703125 81.06545257568359375 81.007659912109375 80.6612701416015625 79.99076080322265625 78.966644287109375 77.5697021484375 75.79278564453125 73.64066314697265625 71.1312103271484375 68.29698944091796875 65.18332672119140625 61.843379974365234375 58.335079193115234375 54.720977783203125 51.066349029541015625 47.434230804443359375 43.881908416748046875 40.46150970458984375 37.22144317626953125 34.204784393310546875 31.444345474243164062 28.958814620971679688 26.752645492553710938 24.817279815673828125 23.134128570556640625 21.686994552612304688 20.431880950927734375 19.299112319946289062 18.220977783203125 17.284746170043945312 16.532665252685546875 15.967352867126464844 15.571844100952148438 15.321841239929199219 15.192141532897949219 15.161017417907714844 15.211869239807128906 15.332159996032714844 15.511643409729003906 -1e100 -1e100 -1e100 -1e100 -1e100 -1e100 -1e100 -1e100 -1e100 -1e100 -1e100
 -1e100 -1e100 -1e100 -1e100 -1e100 -1e100 -1e100 -1e100 -1e100 -1e100 -1e100 -1e100 -1e100 -1e100      0      0      0      0      0      0      0 2.1917467117309570312 8.0679492950439453125 14.529683113098144531 21.081096649169921875 26.98174285888671875 32.207324981689453125 36.594097137451171875 40.250324249267578125 43.38619232177734375 46.195842742919921875 48.809032440185546875 51.28989410400390625 53.660747528076171875 55.926441192626953125 58.08740234375 60.1436614990234375 62.095615386962890625 63.943634033203125 65.68755340576171875 67.3265380859375 68.85927581787109375 70.28443145751953125 71.60089874267578125 72.80785369873046875 73.90459442138671875 74.89003753662109375 75.76131439208984375 76.5124053955078125 77.13256072998046875 77.60402679443359375 77.90058135986328125 77.98979949951171875 77.83731842041015625 77.40969085693359375 76.6760101318359375 75.61116790771484375 74.1995391845703125 72.43656158447265625 70.3285980224609375 67.89402008056640625 65.16466522216796875 62.183864593505859375 59.001728057861328125 55.67243194580078125 52.25415802001953125 48.80750274658203125 45.391300201416015625 42.0598297119140625 38.86331939697265625 35.848873138427734375 33.057842254638671875 30.519357681274414062 28.245275497436523438 26.230329513549804688 24.455461502075195312 22.895669937133789062 21.528181076049804688 20.317232131958007812 19.21933746337890625 18.213285446166992188 17.341279983520507812 16.636474609375 16.106031417846679688 15.737949371337890625 15.51055908203125 15.399684906005859375 15.383938789367675781 15.446854591369628906 15.575953483581542969 15.76103973388671875 -1e100 -1e100 -1e100 -1e100 -1e100 -1e100 -1e100 -1e100 -1e100 -1e100 -1e100
 -1e100 -1e100 -1e100 -1e100 -1e100 -1e100 -1e100 -1e100 -1e100 -1e100 -1e100 -1e100 -1e100 -1e100      0      0      0      0      0      0      0 2.3158168792724609375 8.2051038742065429688 14.648500442504882812 21.238214492797851562 27.123338699340820312 32.255767822265625 36.519405364990234375 40.05397796630859375 43.0681304931640625 45.7476348876953125 48.21860504150390625 50.54857635498046875 52.76546478271484375 54.878467559814453125 56.890350341796875 58.802082061767578125 60.614231109619140625 62.327007293701171875 63.9399871826171875 65.4521026611328125 66.86183929443359375 68.16765594482421875 69.36817169189453125 70.46213531494140625 71.44824981689453125 72.3245697021484375 73.08745574951171875 73.73030853271484375 74.2424163818359375 74.60695648193359375 74.79994964599609375 74.79230499267578125 74.5536346435546875 74.05464935302734375 73.26868438720703125 72.17452239990234375 70.7597198486328125 69.0218505859375 66.96837615966796875 64.617706298828125 62.000492095947265625 59.157642364501953125 56.13597869873046875 52.98584747314453125 49.7612152099609375 46.5185546875 43.31352996826171875 40.198825836181640625 37.224334716796875 34.437183380126953125 31.877656936645507812 29.570905685424804688 27.520788192749023438 25.711046218872070312 24.11122894287109375 22.688814163208007812 21.415897369384765625 20.268131256103515625 19.22457122802734375 18.283273696899414062 17.472248077392578125 16.817045211791992188 16.32439422607421875 15.984575271606445312 15.778245925903320312 15.682931900024414062 15.6783905029296875 15.748862266540527344 15.882238388061523438 -1e100 -1e100 -1e100 -1e100 -1e100 -1e100 -1e100 -1e100 -1e100 -1e100 -1e100 -1e100
 -1e100 -1e100 -1e100 -1e100 -1e100 -1e100 -1e100 -1e100 -1e100 -1e100 -1e100 -1e100 -1e100 -1e100      0      0      0      0      0      0      0 2.2927958965301513672 8.1670064926147460938 14.549520492553710938 20.98577117919921875 26.882825851440429688 31.946987152099609375 36.14422607421875 39.617710113525390625 42.562152862548828125 45.15053558349609375 47.507144927978515625 49.705615997314453125 51.781398773193359375 53.74957275390625 55.616550445556640625 57.385284423828125 59.057315826416015625 60.633182525634765625 62.112545013427734375 63.4943695068359375 64.7771759033203125 65.95941925048828125 67.039642333984375 68.0164031982421875 68.88802337646484375 69.65207672119140625 70.304443359375 70.8383636474609375 71.24344635009765625 71.50406646728515625 71.598480224609375 71.50078582763671875 71.18422698974609375 70.62331390380859375 69.7951507568359375 68.68195343017578125 67.2739715576171875 65.57042694091796875 63.579395294189453125 61.318859100341796875 58.817829132080078125 56.114452362060546875 53.2520904541015625 50.277278900146484375 47.240116119384765625 44.193729400634765625 41.191974639892578125 38.287731170654296875 35.53220367431640625 32.973705291748046875 30.6518402099609375 28.587053298950195312 26.773931503295898438 25.184490203857421875 23.77674102783203125 22.509000778198242188 21.351663589477539062 20.287969589233398438 19.31220245361328125 18.435596466064453125 17.683996200561523438 17.078184127807617188 16.623300552368164062 16.310609817504882812 16.122737884521484375 16.0392303466796875 16.041528701782226562 16.114959716796875 16.248022079467773438 -1e100 -1e100 -1e100 -1e100 -1e100 -1e100 -1e100 -1e100 -1e100 -1e100 -1e100 -1e100
 -1e100 -1e100 -1e100 -1e100 -1e100 -1e100 -1e100 -1e100 -1e100 -1e100 -1e100 -1e100 -1e100 -1e100      0      0      0      0      0      0      0 2.1860063076019287109 8.0123615264892578125 14.311658859252929688 20.614198684692382812 26.412364959716796875 31.411733627319335938 35.5728912353515625 39.01653289794921875 41.915119171142578125 44.430385589599609375 46.6876220703125 48.76721954345703125 50.71202850341796875 52.54290771484375 54.270168304443359375 55.899196624755859375 57.432865142822265625 58.872341156005859375 60.217617034912109375 61.467899322509765625 62.621929168701171875 63.6783599853515625 64.6358642578125 65.49300384521484375 66.24797821044921875 66.8981475830078125 67.43927001953125 67.8647308349609375 68.1647491455078125 68.32503509521484375 68.32611083984375 68.145050048828125 67.75844573974609375 67.14421844482421875 66.2828216552734375 65.159454345703125 63.766551971435546875 62.10446929931640625 60.181461334228515625 58.014629364013671875 55.6309661865234375 53.065616607666015625 50.358402252197265625 47.552211761474609375 44.69378662109375 41.833984375 39.026668548583984375 36.32668304443359375 33.787906646728515625 31.460475921630859375 29.382846832275390625 27.569032669067382812 26.0030059814453125 24.644809722900390625 23.441501617431640625 22.343084335327148438 21.317668914794921875 20.354564666748046875 19.459836959838867188 18.653940200805664062 17.963726043701171875 17.40790557861328125 16.990644454956054688 16.703996658325195312 16.53246307373046875 16.457851409912109375 16.463582992553710938 16.536296844482421875 16.665279388427734375 -1e100 -1e100 -1e100 -1e100 -1e100 -1e100 -1e100 -1e100 -1e100 -1e100 -1e100 -1e100
 -1e100 -1e100 -1e100 -1e100 -1e100 -1e100 -1e100 -1e100 -1e100 -1e100 -1e100 -1e100 -1e100 -1e100      0      0      0      0      0      0      0 2.0668032169342041016 7.8323330879211425781 14.032908439636230469 20.203294754028320312 25.894182205200195312 30.829622268676757812 34.952823638916015625 38.35736846923828125 41.1981048583984375 43.631954193115234375 45.78733062744140625 47.750232696533203125 49.568572998046875 51.2671966552734375 52.859386444091796875 54.352603912353515625 55.750926971435546875 57.056156158447265625 58.26868438720703125 59.388057708740234375 60.413387298583984375 61.34368133544921875 62.17789459228515625 62.91477203369140625 63.55261993408203125 64.0888519287109375 64.51935577392578125 64.83795928955078125 65.03571319580078125 65.099761962890625 65.012847900390625 64.75487518310546875 64.30548095703125 63.6456756591796875 62.75885009765625 61.632755279541015625 60.26149749755859375 58.646167755126953125 56.794769287109375 54.723186492919921875 52.45612335205078125 50.025608062744140625 47.467960357666015625 44.82274627685546875 42.134105682373046875 39.4521331787109375 36.832401275634765625 34.333095550537109375 32.011348724365234375 29.918676376342773438 28.090480804443359375 26.532291412353515625 25.216678619384765625 24.092290878295898438 23.096525192260742188 22.173065185546875 21.28902435302734375 20.438718795776367188 19.6364898681640625 18.909070968627929688 18.28484344482421875 17.78180694580078125 17.403825759887695312 17.143894195556640625 16.988483428955078125 16.921827316284179688 16.929464340209960938 16.999492645263671875 17.12215423583984375 -1e100 -1e100 -1e100 -1e100 -1e100 -1e100 -1e100 -1e100 -1e100 -1e100 -1e100 -1e100
 -1e100 -1e100 -1e100 -1e100 -1e100 -1e100 -1e100 -1e100 -1e100 -1e100 -1e100 -1e100 -1e100 -1e100      0      0      0      0      0      0      0 2.0277183055877685547 7.7384920120239257812 13.849315643310546875 19.908021926879882812 25.500761032104492188 30.360782623291015625 34.413265228271484375 37.735195159912109375 40.47690582275390625 42.7991790771484375 44.835399627685546875 46.674335479736328125 48.365093231201171875 49.933567047119140625 51.39422607421875 52.755565643310546875 54.022289276123046875 55.19655609130859375 56.279079437255859375 57.26975250244140625 58.16812896728515625 58.973674774169921875 59.685733795166015625 60.30338287353515625 60.825199127197265625 61.248870849609375 61.570682525634765625 61.78508758544921875 61.88413238525390625 61.85648345947265625 61.68704986572265625 61.358371734619140625 60.8529205322265625 60.154460906982421875 59.2489776611328125 58.126331329345703125 56.78194427490234375 55.217250823974609375 53.4397430419921875 51.4638519287109375 49.311878204345703125 47.01271820068359375 44.5994110107421875 42.108734130859375 39.583286285400390625 37.073802947998046875 34.638828277587890625 32.340366363525390625 30.238201141357421875 28.383352279663085938 26.805629730224609375 25.500370025634765625 24.428892135620117188 23.530172348022460938 22.734514236450195312 21.9820709228515625 21.240879058837890625 20.509786605834960938 19.808633804321289062 19.167728424072265625 18.6160888671875 18.171098709106445312 17.83650970458984375 17.606397628784179688 17.469320297241210938 17.412017822265625 17.422197341918945312 17.489530563354492188 -1e100 -1e100 -1e100 -1e100 -1e100 -1e100 -1e100 -1e100 -1e100 -1e100 -1e100 -1e100 -1e100
 -1e100 -1e100 -1e100 -1e100 -1e100 -1e100 -1e100 -1e100 -1e100 -1e100 -1e100 -1e100 -1e100 -1e100      0      0      0      0      0      0      0 2.1482644081115722656 7.8283419609069824219 13.874691009521484375 19.846090316772460938 25.3440093994140625 30.100067138671875 34.02825164794921875 37.205303192138671875 39.791996002197265625 41.9616546630859375 43.8537139892578125 45.55588531494140625 47.114299774169921875 48.552707672119140625 49.884593963623046875 51.118030548095703125 52.25746917724609375 53.3050079345703125 54.26146697998046875 55.127048492431640625 55.9017486572265625 56.58551025390625 57.178150177001953125 57.679168701171875 58.087554931640625 58.40143585205078125 58.617687225341796875 58.73155975341796875 58.736202239990234375 58.6218414306640625 58.37548065185546875 57.982151031494140625 57.426910400390625 56.69602203369140625 55.777744293212890625 54.663726806640625 53.350383758544921875 51.839298248291015625 50.137279510498046875 48.25724029541015625 46.219089508056640625 44.048748016357421875 41.776378631591796875 39.43671417236328125 37.071857452392578125 34.734218597412109375 32.485752105712890625 30.391534805297851562 28.512029647827148438 26.895030975341796875 25.56219482421875 24.497793197631835938 23.6533203125 22.961057662963867188 22.347869873046875 21.753965377807617188 21.150598526000976562 20.54064178466796875 19.94684600830078125 19.400358200073242188 18.92917633056640625 18.549320220947265625 18.264255523681640625 18.069171905517578125 17.954751968383789062 17.910223007202148438 17.925462722778320312 17.991794586181640625 -1e100 -1e100 -1e100 -1e100 -1e100 -1e100 -1e100 -1e100 -1e100 -1e100 -1e100 -1e100 -1e100
 -1e100 -1e100 -1e100 -1e100 -1e100 -1e100 -1e100 -1e100 -1e100 -1e100 -1e100 -1e100 -1e100 -1e100      0      0      0      0      0      0      0 2.462253570556640625 8.141448974609375 14.150419235229492188 20.04984283447265625 25.440097808837890625 30.049806594848632812 33.792877197265625 36.762691497802734375 39.14212799072265625 41.122447967529296875 42.84765625 44.401042938232421875 45.822635650634765625 47.131427764892578125 48.33788299560546875 49.448200225830078125 50.4656829833984375 51.391910552978515625 52.227619171142578125 52.973209381103515625 53.629077911376953125 54.195648193359375 54.673229217529296875 55.061801910400390625 55.360858917236328125 55.569118499755859375 55.684177398681640625 55.702198028564453125 55.61750030517578125 55.42186737060546875 55.104328155517578125 54.652252197265625 54.0530853271484375 53.2953643798828125 52.3693695068359375 51.268299102783203125 49.9893951416015625 48.5343017578125 46.909152984619140625 45.125415802001953125 43.20076751708984375 41.158489227294921875 39.026485443115234375 36.83821868896484375 34.636058807373046875 32.474491119384765625 30.418157577514648438 28.5330047607421875 26.877277374267578125 25.492549896240234375 24.390380859375 23.544483184814453125 22.899669647216796875 22.3855743408203125 21.930021286010742188 21.477138519287109375 21.003190994262695312 20.513820648193359375 20.03202056884765625 19.587125778198242188 19.204242706298828125 18.897039413452148438 18.6684112548828125 18.51457977294921875 18.42828369140625 18.401109695434570312 18.425067901611328125 18.493230819702148438 -1e100 -1e100 -1e100 -1e100 -1e100 -1e100 -1e100 -1e100 -1e100 -1e100 -1e100 -1e100 -1e100
 -1e100 -1e100 -1e100 -1e100 -1e100 -1e100 -1e100 -1e100 -1e100 -1e100 -1e100 -1e100 -1e100 -1e100      0      0      0      0      0      0      0 2.9410929679870605469 8.6361474990844726562 14.620759010314941406 20.445133209228515625 25.69371795654296875 30.104501724243164062 33.60971832275390625 36.33097076416015625 38.475658416748046875 40.249942779541015625 41.7991790771484375 43.20046234130859375 44.486331939697265625 45.669719696044921875 46.7568206787109375 47.750949859619140625 48.653705596923828125 49.4658660888671875 50.18793487548828125 50.8204345703125 51.364109039306640625 51.8198394775390625 52.18842315673828125 52.47037506103515625 52.665760040283203125 52.7739715576171875 52.793426513671875 52.721271514892578125 52.553020477294921875 52.2819976806640625 51.899166107177734375 51.39410400390625 50.7564849853515625 49.9769287109375 49.04756927490234375 47.963024139404296875 46.7213287353515625 45.324260711669921875 43.77740478515625 42.090991973876953125 40.28081512451171875 38.36808013916015625 36.3790435791015625 34.346508026123046875 32.313396453857421875 30.335720062255859375 28.478595733642578125 26.80583953857421875 25.370365142822265625 24.205041885375976562 23.31072998046875 22.653409957885742188 22.175249099731445312 21.807403564453125 21.482997894287109375 21.153232574462890625 20.799493789672851562 20.428466796875 20.061075210571289062 19.722686767578125 19.433925628662109375 19.205362319946289062 19.039049148559570312 18.932081222534179688 18.879049301147460938 18.873731613159179688 18.91021728515625 18.983417510986328125 -1e100 -1e100 -1e100 -1e100 -1e100 -1e100 -1e100 -1e100 -1e100 -1e100 -1e100 -1e100 -1e100
 -1e100 -1e100 -1e100 -1e100 -1e100 -1e100 -1e100 -1e100 -1e100 -1e100 -1e100 -1e100 -1e100 -1e100      0      0      0      0      0      0      0 3.4950211048126220703 9.1934871673583984375 15.144641876220703125 20.873552322387695312 25.922632217407226562 30.080997467041015625 33.32016754150390625 35.786891937255859375 37.704845428466796875 39.285552978515625 40.671085357666015625 41.93157196044921875 43.0925750732421875 44.161312103271484375 45.1396484375 46.027896881103515625 46.825897216796875 47.53362274169921875 48.15132904052734375 48.679645538330078125 49.11965179443359375 49.4726715087890625 49.740016937255859375 49.92275238037109375 50.021575927734375 50.036617279052734375 49.967174530029296875 49.811397552490234375 49.566013336181640625 49.225841522216796875 48.783702850341796875 48.231258392333984375 47.56026458740234375 46.76329803466796875 45.83425140380859375 44.76912689208984375 43.566852569580078125 42.22948455810546875 40.7623443603515625 39.17478179931640625 37.4812164306640625 35.7013702392578125 33.860393524169921875 31.990642547607421875 30.135183334350585938 28.349758148193359375 26.697179794311523438 25.236133575439453125 24.011724472045898438 23.047014236450195312 22.333948135375976562 21.834247589111328125 21.49089813232421875 21.239736557006835938 21.022861480712890625 20.800008773803710938 20.5569305419921875 20.299844741821289062 20.045946121215820312 19.815156936645507812 19.62264251708984375 19.475481033325195312 19.3747100830078125 19.318101882934570312 19.301862716674804688 19.321771621704101562 19.373931884765625 19.4550933837890625 -1e100 -1e100 -1e100 -1e100 -1e100 -1e100 -1e100 -1e100 -1e100 -1e100 -1e100 -1e100 -1e100
 -1e100 -1e100 -1e100 -1e100 -1e100 -1e100 -1e100 -1e100 -1e100 -1e100 -1e100 -1e100 -1e100      0      0      0      0      0      0      0      0 3.9999876022338867188 9.6518611907958984375 15.540484428405761719 21.157857894897460938 25.930950164794921875 29.787694931030273438 32.759998321533203125 35.0007171630859375 36.733600616455078125 38.1620330810546875 39.41844940185546875 40.56568145751953125 41.62403106689453125 42.5966796875 43.482318878173828125 44.279010772705078125 44.985385894775390625 45.600910186767578125 46.125762939453125 46.56078338623046875 46.907428741455078125 47.16750335693359375 47.342864990234375 47.435169219970703125 47.44577789306640625 47.37561798095703125 47.22489166259765625 46.992778778076171875 46.67718505859375 46.274379730224609375 45.778949737548828125 45.184528350830078125 44.484844207763671875 43.67433929443359375 42.74861907958984375 41.70513153076171875 40.543842315673828125 39.267360687255859375 37.881092071533203125 36.394001007080078125 34.8197174072265625 33.177001953125 31.490182876586914062 29.79085540771484375 28.121015548706054688 26.533895492553710938 25.087327957153320312 23.832559585571289062 22.805795669555664062 22.021131515502929688 21.464277267456054688 21.095134735107421875 20.859760284423828125 20.700674057006835938 20.572282791137695312 20.4423675537109375 20.300298690795898438 20.15067291259765625 20.005889892578125 19.879613876342773438 19.78122711181640625 19.714359283447265625 19.6790313720703125 19.673540115356445312 19.6954803466796875 19.74242401123046875 19.81235504150390625 -1e100 -1e100 -1e100 -1e100 -1e100 -1e100 -1e100 -1e100 -1e100 -1e100 -1e100 -1e100 -1e100 -1e100
 -1e100 -1e100 -1e100 -1e100 -1e100 -1e100 -1e100 -1e100 -1e100 -1e100 -1e100 -1e100 -1e100      0      0      0      0      0      0      0      0 4.3210062980651855469 9.8368587493896484375 15.618605613708496094 21.117889404296875 25.516870498657226562 29.0575103759765625 31.791776657104492188 33.864772796630859375 35.48089599609375 36.820751190185546875 38.0007476806640625 39.07633209228515625 40.064647674560546875 40.9672393798828125 41.781585693359375 42.5050048828125 43.13592529296875 43.673938751220703125 44.119487762451171875 44.4738311767578125 44.7389373779296875 44.917194366455078125 45.011058807373046875 45.02281951904296875 44.954563140869140625 44.808032989501953125 44.584354400634765625 44.283740997314453125 43.905239105224609375 43.446502685546875 42.9037933349609375 42.272594451904296875 41.54851531982421875 40.727802276611328125 39.807773590087890625 38.787418365478515625 37.667934417724609375 36.452823638916015625 35.14801025390625 33.76261138916015625 32.310009002685546875 30.8083953857421875 29.281154632568359375 27.758312225341796875 26.279180526733398438 24.8922882080078125 23.648347854614257812 22.589996337890625 21.744932174682617188 21.120370864868164062 20.698568344116210938 20.438638687133789062 20.290700912475585938 20.206129074096679688 20.151336669921875 20.103258132934570312 20.053314208984375 20.003438949584960938 19.960636138916015625 19.932155609130859375 19.9219512939453125 19.930698394775390625 19.95758819580078125 20.001354217529296875 20.060777664184570312 20.135011672973632812 20.223752975463867188 -1e100 -1e100 -1e100 -1e100 -1e100 -1e100 -1e100 -1e100 -1e100 -1e100 -1e100 -1e100 -1e100 -1e100
 -1e100 -1e100 -1e100 -1e100 -1e100 -1e100 -1e100 -1e100 -1e100 -1e100 -1e100 -1e100 -1e100      0      0      0      0      0      0      0      0 4.3195128440856933594 9.5772266387939453125 15.142691612243652344 20.367631912231445312 24.439371109008789062 27.740406036376953125 30.321269989013671875 32.319194793701171875 33.90703582763671875 35.234188079833984375 36.3997039794921875 37.45262908935546875 38.4093170166015625 39.27227020263671875 40.040042877197265625 40.711029052734375 41.284740447998046875 41.761600494384765625 42.142795562744140625 42.4302825927734375 42.626735687255859375 42.735256195068359375 42.7589874267578125 42.700897216796875 42.5638275146484375 42.35037994384765625 42.06261444091796875 41.701740264892578125 41.267894744873046875 40.760044097900390625 40.1760101318359375 39.51302337646484375 38.7684783935546875 37.940387725830078125 37.027790069580078125 36.03133392333984375 34.953678131103515625 33.799579620361328125 32.575946807861328125 31.292558670043945312 29.9630126953125 28.605039596557617188 27.240564346313476562 25.896936416625976562 24.609149932861328125 23.419200897216796875 22.3693695068359375 21.493732452392578125 20.81272125244140625 20.329090118408203125 20.025066375732421875 19.863941192626953125 19.7921142578125 19.765310287475585938 19.774082183837890625 19.80048370361328125 19.835407257080078125 19.87708282470703125 19.92704010009765625 19.986722946166992188 20.055746078491210938 20.132646560668945312 20.2160491943359375 20.305116653442382812 20.399652481079101562 20.50019073486328125 -1e100 -1e100 -1e100 -1e100 -1e100 -1e100 -1e100 -1e100 -1e100 -1e100 -1e100 -1e100 -1e100 -1e100 -1e100
 -1e100 -1e100 -1e100 -1e100 -1e100 -1e100 -1e100 -1e100 -1e100 -1e100 -1e100 -1e100 -1e100      0      0      0      0      0      0      0      0 3.9133446216583251953 8.72151947021484375 13.782518386840820312 18.568155288696289062 22.570230484008789062 25.807233810424804688 28.369779586791992188 30.399553298950195312 32.04433441162109375 33.427967071533203125 34.63529205322265625 35.71079254150390625 36.67208099365234375 37.52471160888671875 38.270214080810546875 38.909648895263671875 39.44458770751953125 39.876949310302734375 40.209072113037109375 40.443889617919921875 40.584980010986328125 40.636260986328125 40.601619720458984375 40.484767913818359375 40.2893218994140625 40.018764495849609375 39.67607879638671875 39.26342010498046875 38.781955718994140625 38.2318572998046875 37.612400054931640625 36.92244720458984375 36.1610870361328125 35.328044891357421875 34.424102783203125 33.451648712158203125 32.415069580078125 31.320714950561523438 30.1769256591796875 28.99457550048828125 27.787733078002929688 26.573451995849609375 25.371480941772460938 24.205389022827148438 23.104501724243164062 22.103101730346679688 21.234880447387695312 20.526021957397460938 19.9906463623046875 19.627695083618164062 19.4189910888671875 19.332426071166992188 19.32686614990234375 19.369459152221679688 19.446809768676757812 19.546634674072265625 19.660940170288085938 19.785314559936523438 19.917003631591796875 20.053211212158203125 20.190670013427734375 20.326559066772460938 20.459255218505859375 20.588382720947265625 20.7146453857421875 20.839735031127929688 -1e100 -1e100 -1e100 -1e100 -1e100 -1e100 -1e100 -1e100 -1e100 -1e100 -1e100 -1e100 -1e100 -1e100 -1e100
 -1e100 -1e100 -1e100 -1e100 -1e100 -1e100 -1e100 -1e100 -1e100 -1e100 -1e100 -1e100 -1e100      0      0      0      0      0      0      0      0 3.2031795978546142578 7.5021557807922363281 12.05466461181640625 16.448144912719726562 20.29901123046875 23.503503799438476562 26.112562179565429688 28.23537445068359375 29.988588333129882812 31.472780227661132812 32.75970458984375 33.89005279541015625 34.883464813232421875 35.749393463134765625 36.493312835693359375 37.11971282958984375 37.63275146484375 38.03621673583984375 38.333843231201171875 38.529735565185546875 38.62847137451171875 38.634853363037109375 38.5535430908203125 38.38901519775390625 38.14569854736328125 37.82793426513671875 37.43959808349609375 36.983730316162109375 36.462444305419921875 35.877010345458984375 35.228031158447265625 34.515888214111328125 33.7412567138671875 32.905487060546875 32.011081695556640625 31.062276840209960938 30.065387725830078125 29.028697967529296875 27.962324142456054688 26.878530502319335938 25.791883468627929688 24.718400955200195312 23.674957275390625 22.680448532104492188 21.757719039916992188 20.933135986328125 20.232351303100585938 19.674634933471679688 19.269123077392578125 19.012434005737304688 18.8882293701171875 18.870218276977539062 18.928342819213867188 19.037445068359375 19.182485580444335938 19.3524322509765625 19.539012908935546875 19.735727310180664062 19.936948776245117188 20.137273788452148438 20.331766128540039062 20.516931533813476562 20.691213607788085938 20.854734420776367188 21.008977890014648438 -1e100 -1e100 -1e100 -1e100 -1e100 -1e100 -1e100 -1e100 -1e100 -1e100 -1e100 -1e100 -1e100 -1e100 -1e100 -1e100
 -1e100 -1e100 -1e100 -1e100 -1e100 -1e100 -1e100 -1e100 -1e100 -1e100 -1e100 -1e100 -1e100      0      0      0      0      0      0      0      0 2.3427863121032714844 6.1665315628051757812 10.253283500671386719 14.276555061340332031 17.935251235961914062 21.0948638916015625 23.755437850952148438 25.981752395629882812 27.85619354248046875 29.45560455322265625 30.838018417358398438 32.039699554443359375 33.081691741943359375 33.9769439697265625 34.73474884033203125 35.36297607421875 35.868377685546875 36.256656646728515625 36.533000946044921875 36.70269775390625 36.7713470458984375 36.744609832763671875 36.627933502197265625 36.42655181884765625 36.14568328857421875 35.7905120849609375 35.365756988525390625 34.875263214111328125 34.322002410888671875 33.708232879638671875 33.0357513427734375 32.306308746337890625 31.522022247314453125 30.685762405395507812 29.8017120361328125 28.876003265380859375 27.917058944702148438 26.935354232788085938 25.943044662475585938 24.95394134521484375 23.983020782470703125 23.0448760986328125 22.152940750122070312 21.320928573608398438 20.564998626708984375 19.903989791870117188 19.356363296508789062 18.93563079833984375 18.647340774536132812 18.48734283447265625 18.442026138305664062 18.490810394287109375 18.6109771728515625 18.782482147216796875 18.990589141845703125 19.224046707153320312 19.47360992431640625 19.731204986572265625 19.989500045776367188 20.24170684814453125 20.482133865356445312 20.707178115844726562 20.915584564208984375 21.107988357543945312 21.2864837646484375 -1e100 -1e100 -1e100 -1e100 -1e100 -1e100 -1e100 -1e100 -1e100 -1e100 -1e100 -1e100 -1e100 -1e100 -1e100 -1e100
 -1e100 -1e100 -1e100 -1e100 -1e100 -1e100 -1e100 -1e100 -1e100 -1e100 -1e100 -1e100 -1e100      0      0      0      0      0      0      0      0 1.4539986848831176758 4.8560266494750976562 8.5335521697998046875 12.224412918090820312 15.685624122619628906 18.7772369384765625 21.464082717895507812 23.772523880004882812 25.753034591674804688 27.459024429321289062 28.934335708618164062 30.20975494384765625 31.306348800659179688 32.23934173583984375 33.02097320556640625 33.66182708740234375 34.170848846435546875 34.555385589599609375 34.8219451904296875 34.976879119873046875 35.026691436767578125 34.97783660888671875 34.836475372314453125 34.60857391357421875 34.300128936767578125 33.917118072509765625 33.465038299560546875 32.948467254638671875 32.371128082275390625 31.736154556274414062 31.04639434814453125 30.304792404174804688 29.514738082885742188 28.680486679077148438 27.80780792236328125 26.904743194580078125 25.981952667236328125 25.052305221557617188 24.130174636840820312 23.230978012084960938 22.369945526123046875 21.559900283813476562 20.81043243408203125 20.129878997802734375 19.5279541015625 19.016653060913085938 18.608221054077148438 18.31158447265625 18.129919052124023438 18.059345245361328125 18.088991165161132812 18.202661514282226562 18.382266998291015625 18.611095428466796875 18.875326156616210938 19.163438796997070312 19.4653472900390625 19.77204132080078125 20.075351715087890625 20.367944717407226562 20.644048690795898438 20.900350570678710938 21.13604736328125 21.35223388671875 -1e100 -1e100 -1e100 -1e100 -1e100 -1e100 -1e100 -1e100 -1e100 -1e100 -1e100 -1e100 -1e100 -1e100 -1e100 -1e100 -1e100
 -1e100 -1e100 -1e100 -1e100 -1e100 -1e100 -1e100 -1e100 -1e100 -1e100 -1e100 -1e100 -1e100      0      0      0      0      0      0      0      0 0.63317960500717163086 3.6770014762878417969 7.0053806304931640625 10.40381622314453125 13.669959068298339844 16.669981002807617188 19.348917007446289062 21.704692840576171875 23.761198043823242188 25.550868988037109375 27.104028701782226562 28.445310592651367188 29.594318389892578125 30.5670928955078125 31.377550125122070312 32.038028717041015625 32.5589599609375 32.94892120361328125 33.21539306640625 33.365558624267578125 33.4066314697265625 33.34569549560546875 33.189556121826171875 32.944858551025390625 32.61832427978515625 32.216678619384765625 31.74613189697265625 31.211925506591796875 30.61844635009765625 29.969572067260742188 29.26905059814453125 28.5208282470703125 27.729372024536132812 26.900142669677734375 26.040376663208007812 25.15999603271484375 24.271984100341796875 23.391736984252929688 22.53594970703125 21.72161865234375 20.964038848876953125 20.2739105224609375 19.65671539306640625 19.115442276000976562 18.653835296630859375 18.277912139892578125 17.994823455810546875 17.81003570556640625 17.725271224975585938 17.737260818481445312 17.837207794189453125 18.01172637939453125 18.245801925659179688 18.52512359619140625 18.836904525756835938 19.169645309448242188 19.512903213500976562 19.8572845458984375 20.194398880004882812 20.516984939575195312 20.819639205932617188 21.099588394165039062 21.356510162353515625 21.591871261596679688 -1e100 -1e100 -1e100 -1e100 -1e100 -1e100 -1e100 -1e100 -1e100 -1e100 -1e100 -1e100 -1e100 -1e100 -1e100 -1e100 -1e100
 -1e100 -1e100 -1e100 -1e100 -1e100 -1e100 -1e100 -1e100 -1e100 -1e100 -1e100 -1e100 -1e100      0      0      0      0      0      0      0      0      0 2.6968393325805664062 5.7270002365112304688 8.8650655746459960938 11.940435409545898438 14.829850196838378906 17.468448638916015625 19.834943771362304688 21.9330291748046875 23.777944564819335938 25.388139724731445312 26.781841278076171875 27.976062774658203125 28.986328125 29.826971054077148438 30.511045455932617188 31.049711227416992188 31.45221710205078125 31.726625442504882812 31.880605697631835938 31.921808242797851562 31.857786178588867188 31.695880889892578125 31.443347930908203125 31.1075897216796875 30.69603729248046875 30.215562820434570312 29.6720123291015625 29.070348739624023438 28.41509246826171875 27.71071624755859375 26.96197509765625 26.174207687377929688 25.353879928588867188 24.50954437255859375 23.652940750122070312 22.7994232177734375 21.966960906982421875 21.174526214599609375 20.440555572509765625 19.780124664306640625 19.201452255249023438 18.705699920654296875 18.290662765502929688 17.95473480224609375 17.69904327392578125 17.526905059814453125 17.441347122192382812 17.44310760498046875 17.529266357421875 17.6922607421875 17.920703887939453125 18.201845169067382812 18.523212432861328125 18.873020172119140625 19.240098953247070312 19.614038467407226562 19.98551177978515625 20.346372604370117188 20.6898345947265625 21.011150360107421875 21.308170318603515625 21.581018447875976562 -1e100 -1e100 -1e100 -1e100 -1e100 -1e100 -1e100 -1e100 -1e100 -1e100 -1e100 -1e100 -1e100 -1e100 -1e100 -1e100 -1e100 -1e100
 -1e100 -1e100 -1e100 -1e100 -1e100 -1e100 -1e100 -1e100 -1e100 -1e100 -1e100 -1e100 -1e100      0      0      0      0      0      0      0      0      0 1.9357570409774780273 4.7075128555297851562 7.6109523773193359375 10.501372337341308594 13.267023086547851562 15.83933258056640625 18.184972763061523438 20.293256759643554688 22.166141510009765625 23.81212615966796875 25.243335723876953125 26.473552703857421875 27.51679229736328125 28.386785507202148438 29.096395492553710938 29.656803131103515625 30.077373504638671875 30.36629486083984375 30.531368255615234375 30.58040618896484375 30.521234512329101562 30.361619949340820312 30.109380722045898438 29.772562026977539062 29.359272003173828125 28.877019882202148438 28.332218170166015625 27.730348587036132812 27.076465606689453125 26.375631332397460938 25.633222579956054688 24.855236053466796875 24.048952102661132812 23.224088668823242188 22.394132614135742188 21.576734542846679688 20.792272567749023438 20.061731338500976562 19.404649734497070312 18.8354644775390625 18.35953521728515625 17.973480224609375 17.670230865478515625 17.443761825561523438 17.291706085205078125 17.214807510375976562 17.214359283447265625 17.290288925170898438 17.439731597900390625 17.6559600830078125 17.929126739501953125 18.248216629028320312 18.602197647094726562 18.980211257934570312 19.371578216552734375 19.766222000122070312 20.155218124389648438 20.530996322631835938 20.88748931884765625 21.220722198486328125 21.529157638549804688 -1e100 -1e100 -1e100 -1e100 -1e100 -1e100 -1e100 -1e100 -1e100 -1e100 -1e100 -1e100 -1e100 -1e100 -1e100 -1e100 -1e100 -1e100 -1e100
 -1e100 -1e100 -1e100 -1e100 -1e100 -1e100 -1e100 -1e100 -1e100 -1e100 -1e100 -1e100 -1e100      0      0      0      0      0      0      0      0      0 1.381623387336730957 3.9263920783996582031 6.6170797348022460938 9.3302621841430664062 11.9653167724609375 14.45355987548828125 16.75463104248046875 18.84806060791015625 20.72600555419921875 22.389039993286132812 23.843841552734375 25.100772857666015625 26.17176055908203125 27.069202423095703125 27.805082321166992188 28.390003204345703125 28.83293914794921875 29.141786575317382812 29.324115753173828125 29.387632369995117188 29.340251922607421875 29.19007110595703125 28.9454193115234375 28.614971160888671875 28.207517623901367188 27.731210708618164062 27.193019866943359375 26.598911285400390625 25.95441436767578125 25.2650604248046875 24.536687850952148438 23.775789260864257812 22.990301132202148438 22.190967559814453125 21.392871856689453125 20.615690231323242188 19.881725311279296875 19.213375091552734375 18.630620956420898438 18.146665573120117188 17.763500213623046875 17.473310470581054688 17.26507568359375 17.129835128784179688 17.063198089599609375 17.064256668090820312 17.133052825927734375 17.268880844116210938 17.468830108642578125 17.726806640625 18.034149169921875 18.381158828735351562 18.757930755615234375 19.154422760009765625 19.56053924560546875 19.966749191284179688 20.364778518676757812 20.747816085815429688 21.110631942749023438 21.450017929077148438 21.764947891235351562 -1e100 -1e100 -1e100 -1e100 -1e100 -1e100 -1e100 -1e100 -1e100 -1e100 -1e100 -1e100 -1e100 -1e100 -1e100 -1e100 -1e100 -1e100 -1e100
 -1e100 -1e100 -1e100 -1e100 -1e100 -1e100 -1e100 -1e100 -1e100 -1e100 -1e100 -1e100 -1e100      0      0      0      0      0      0      0      0      0 1.0080792903900146484 3.3518044948577880859 5.8495144844055175781 8.3952913284301757812 10.898590087890625 13.292498588562011719 15.532970428466796875 17.593242645263671875 19.458585739135742188 21.123517990112304688 22.590118408203125 23.8654632568359375 24.959127426147460938 25.881761550903320312 26.643985748291015625 27.25537109375 27.7240753173828125 28.057323455810546875 28.262140274047851562 28.345853805541992188 28.316303253173828125 28.18183135986328125 27.951246261596679688 27.633867263793945312 27.239194869995117188 26.77606964111328125 26.252044677734375 25.673585891723632812 25.046659469604492188 24.377202987670898438 23.671415328979492188 22.93618011474609375 22.17998504638671875 21.41446685791015625 20.656045913696289062 19.925874710083007812 19.24730682373046875 18.643037796020507812 18.132328033447265625 17.726179122924804688 17.423015594482421875 17.211650848388671875 17.078958511352539062 17.014873504638671875 17.014154434204101562 17.074769973754882812 17.19585418701171875 17.376241683959960938 17.612977981567382812 17.900440216064453125 18.230840682983398438 18.595460891723632812 18.985263824462890625 19.390920639038085938 19.802967071533203125 20.212560653686523438 20.612216949462890625 20.99596405029296875 21.359395980834960938 21.699983596801757812 -1e100 -1e100 -1e100 -1e100 -1e100 -1e100 -1e100 -1e100 -1e100 -1e100 -1e100 -1e100 -1e100 -1e100 -1e100 -1e100 -1e100 -1e100 -1e100 -1e100
 -1e100 -1e100 -1e100 -1e100 -1e100 -1e100 -1e100 -1e100 -1e100 -1e100 -1e100 -1e100 -1e100      0      0      0      0      0      0      0      0      0 0.78321969509124755859 2.9492313861846923828 5.2730565071105957031 7.6632556915283203125 10.038113594055175781 12.333476066589355469 14.503863334655761719 16.518781661987304688 18.358884811401367188 20.014291763305664062 21.483366012573242188 22.770229339599609375 23.882110595703125 24.827716827392578125 25.616044998168945312 26.255306243896484375 26.752523422241210938 27.113924026489257812 27.3456878662109375 27.454526901245117188 27.44803619384765625 27.334722518920898438 27.123870849609375 26.825473785400390625 26.449815750122070312 26.006496429443359375 25.503732681274414062 24.948534011840820312 24.347320556640625 23.706418991088867188 23.0323638916015625 22.332403182983398438 21.615537643432617188 20.894168853759765625 20.185682296752929688 19.511899948120117188 18.895877838134765625 18.358812332153320312 17.917253494262695312 17.578657150268554688 17.338891983032226562 17.185909271240234375 17.107015609741210938 17.092792510986328125 17.137790679931640625 17.239118576049804688 17.3952789306640625 17.6047515869140625 17.864513397216796875 18.169231414794921875 18.511722564697265625 18.883962631225585938 19.277578353881835938 19.683856964111328125 20.09398651123046875 20.499891281127929688 20.894903182983398438 21.273862838745117188 21.633111953735351562 21.970655441284179688 -1e100 -1e100 -1e100 -1e100 -1e100 -1e100 -1e100 -1e100 -1e100 -1e100 -1e100 -1e100 -1e100 -1e100 -1e100 -1e100 -1e100 -1e100 -1e100 -1e100
 -1e100 -1e100 -1e100 -1e100 -1e100 -1e100 -1e100 -1e100 -1e100 -1e100 -1e100 -1e100 -1e100      0      0      0      0      0      0      0      0      0 0.67563623189926147461 2.6860640048980712891 4.8549466133117675781 7.1028409004211425781 9.355777740478515625 11.55289459228515625 13.648771286010742188 15.611034393310546875 17.417512893676757812 19.05527496337890625 20.5198211669921875 21.812765121459960938 22.939153671264648438 23.905763626098632812 24.7198638916015625 25.388126373291015625 25.91617584228515625 26.308973312377929688 26.571565628051757812 26.709804534912109375 26.73087310791015625 26.643367767333984375 26.457057952880859375 26.18267059326171875 25.831377029418945312 25.413661956787109375 24.938503265380859375 24.413530349731445312 23.845676422119140625 23.241689682006835938 22.608480453491210938 21.953716278076171875 21.28693389892578125 20.62119293212890625 19.974439620971679688 19.368173599243164062 18.823492050170898438 18.357555389404296875 17.98101806640625 17.696168899536132812 17.499847412109375 17.382598876953125 17.33469390869140625 17.348596572875976562 17.419057846069335938 17.542657852172851562 17.7174072265625 17.941370010375976562 18.211299896240234375 18.521945953369140625 18.86647796630859375 19.2373199462890625 19.626590728759765625 20.0261077880859375 20.427709579467773438 20.824066162109375 21.20928955078125 21.578952789306640625 21.930011749267578125 -1e100 -1e100 -1e100 -1e100 -1e100 -1e100 -1e100 -1e100 -1e100 -1e100 -1e100 -1e100 -1e100 -1e100 -1e100 -1e100 -1e100 -1e100 -1e100 -1e100 -1e100
 -1e100 -1e100 -1e100 -1e100 -1e100 -1e100 -1e100 -1e100 -1e100 -1e100 -1e100 -1e100      0      0      0      0      0      0      0      0      0      0 0.65880882740020751953 2.5346181392669677734 4.5670075416564941406 6.6864404678344726562 8.8257923126220703125 10.927821159362792969 12.948223114013671875 14.854093551635742188 16.6217803955078125 18.236400604248046875 19.691364288330078125 20.986248016357421875 22.124200820922851562 23.110218048095703125 23.949869155883789062 24.648195266723632812 25.209224700927734375 25.636373519897460938 25.933269500732421875 26.104631423950195312 26.157052993774414062 26.099161148071289062 25.941236495971679688 25.6948394775390625 25.372165679931640625 24.984729766845703125 24.542375564575195312 24.053436279296875 23.525421142578125 22.965562820434570312 22.381227493286132812 21.780607223510742188 21.173830032348632812 20.574554443359375 20.000902175903320312 19.473230361938476562 19.009119033813476562 18.618894577026367188 18.302631378173828125 18.054208755493164062 17.879360198974609375 17.774751663208007812 17.735620498657226562 17.757165908813476562 17.834503173828125 17.963901519775390625 18.14281463623046875 18.368680953979492188 18.637796401977539062 18.94477081298828125 19.28287506103515625 19.644788742065429688 20.022981643676757812 20.40972900390625 20.797473907470703125 21.17958831787109375 21.55089569091796875 21.9075927734375 22.247125625610351562 -1e100 -1e100 -1e100 -1e100 -1e100 -1e100 -1e100 -1e100 -1e100 -1e100 -1e100 -1e100 -1e100 -1e100 -1e100 -1e100 -1e100 -1e100 -1e100 -1e100 -1e100
 -1e100 -1e100 -1e100 -1e100 -1e100 -1e100 -1e100 -1e100 -1e100 -1e100 -1e100 -1e100      0      0      0      0      0      0      0      0      0      0 0.71110612154006958008 2.4719102382659912109 4.3852114677429199219 6.3897466659545898438 8.4245891571044921875 10.43634796142578125 12.382573127746582031 14.230804443359375 15.956907272338867188 17.544910430908203125 18.986789703369140625 20.280569076538085938 21.42786407470703125 22.432132720947265625 23.297374725341796875 24.026950836181640625 24.62310028076171875 25.087390899658203125 25.421697616577148438 25.629322052001953125 25.71610260009765625 25.690662384033203125 25.563867568969726562 25.3482513427734375 25.057191848754882812 24.703344345092773438 24.297510147094726562 23.848773956298828125 23.365259170532226562 22.85472869873046875 22.32508087158203125 21.785099029541015625 21.245508193969726562 20.720457077026367188 20.227949142456054688 19.78670501708984375 19.410402297973632812 19.100969314575195312 18.841777801513671875 18.607793807983398438 18.4319305419921875 18.319683074951171875 18.271184921264648438 18.284252166748046875 18.354175567626953125 18.47684478759765625 18.648969650268554688 18.867156982421875 19.127069473266601562 19.422992706298828125 19.748126983642578125 20.09526824951171875 20.457141876220703125 20.826440811157226562 21.19617462158203125 21.560377120971679688 21.914506912231445312 22.255296707153320312 -1e100 -1e100 -1e100 -1e100 -1e100 -1e100 -1e100 -1e100 -1e100 -1e100 -1e100 -1e100 -1e100 -1e100 -1e100 -1e100 -1e100 -1e100 -1e100 -1e100 -1e100 -1e100
 -1e100 -1e100 -1e100 -1e100 -1e100 -1e100 -1e100 -1e100 -1e100 -1e100 -1e100      0      0      0      0      0      0      0      0      0      0      0 0.813854217529296875 2.4773442745208740234 4.2875084877014160156 6.1900343894958496094 8.1296739578247070312 10.057008743286132812 11.931943893432617188 13.72313690185546875 15.406680107116699219 16.966180801391601562 18.392742156982421875 19.683324813842773438 20.838420867919921875 21.860269546508789062 22.75147247314453125 23.513683319091796875 24.147100448608398438 24.651096343994140625 25.025423049926757812 25.271696090698242188 25.394876480102539062 25.403627395629882812 25.309526443481445312 25.126245498657226562 24.868467330932617188 24.550067901611328125 24.182813644409179688 23.776531219482421875 23.339937210083007812 22.881305694580078125 22.409063339233398438 21.9324798583984375 21.462690353393554688 21.013936996459960938 20.603517532348632812 20.248365402221679688 19.9598236083984375 19.734464645385742188 19.53769683837890625 19.28753662109375 19.095489501953125 18.962224960327148438 18.894193649291992188 18.889949798583984375 18.944562911987304688 19.053358078002929688 19.212152481079101562 19.416669845581054688 19.66192626953125 19.941822052001953125 20.249420166015625 20.577596664428710938 20.91931915283203125 21.267702102661132812 21.61632537841796875 21.95986175537109375 22.294347763061523438 22.616977691650390625 -1e100 -1e100 -1e100 -1e100 -1e100 -1e100 -1e100 -1e100 -1e100 -1e100 -1e100 -1e100 -1e100 -1e100 -1e100 -1e100 -1e100 -1e100 -1e100 -1e100 -1e100 -1e100
 -1e100 -1e100 -1e100 -1e100 -1e100 -1e100 -1e100 -1e100 -1e100 -1e100 -1e100      0      0      0      0      0      0      0      0      0      0      0 0.9482014775276184082 2.5300612449645996094 4.2515859603881835938 6.0642943382263183594 7.9181427955627441406 9.7677068710327148438 11.575529098510742188 13.311797142028808594 14.953324317932128906 16.483789443969726562 17.893911361694335938 19.180072784423828125 20.342082977294921875 21.38132476806640625 22.299180984497070312 23.09552001953125 23.768178939819335938 24.313940048217773438 24.730098724365234375 25.01636505126953125 25.176805496215820312 25.220279693603515625 25.159259796142578125 25.008695602416992188 24.784648895263671875 24.502187728881835938 24.173963546752929688 23.8104400634765625 23.4208221435546875 23.013792037963867188 22.598117828369140625 22.183233261108398438 21.780122756958007812 21.402212142944335938 21.064725875854492188 20.782070159912109375 20.564920425415039062 20.413305282592773438 20.28936004638671875 20.0328826904296875 19.803861618041992188 19.643720626831054688 19.555576324462890625 19.533933639526367188 19.572504043579101562 19.665918350219726562 19.809259414672851562 19.997617721557617188 20.225534439086914062 20.486627578735351562 20.773914337158203125 21.080415725708007812 21.399425506591796875 21.7245330810546875 22.04993438720703125 22.370935440063476562 22.684099197387695312 -1e100 -1e100 -1e100 -1e100 -1e100 -1e100 -1e100 -1e100 -1e100 -1e100 -1e100 -1e100 -1e100 -1e100 -1e100 -1e100 -1e100 -1e100 -1e100 -1e100 -1e100 -1e100 -1e100
 -1e100 -1e100 -1e100 -1e100 -1e100 -1e100 -1e100 -1e100 -1e100 -1e100 0.26461949944496154785      0      0      0      0      0      0      0      0      0      0      0 1.0932610034942626953 2.6077122688293457031 4.2540097236633300781 5.9886417388916015625 7.7663559913635253906 9.5456018447875976562 11.291649818420410156 12.976452827453613281 14.577851295471191406 16.0799560546875 17.47354888916015625 18.7548828125 19.9235076904296875 20.980310440063476562 21.925622940063476562 22.757341384887695312 23.470584869384765625 24.059207916259765625 24.517795562744140625 24.844085693359375 25.041393280029296875 25.119012832641601562 25.090503692626953125 24.972181320190429688 24.781442642211914062 24.534381866455078125 24.244350433349609375 23.922275543212890625 23.577671051025390625 23.219427108764648438 22.856294631958007812 22.497379302978515625 22.152750015258789062 21.833774566650390625 21.55193328857421875 21.31683349609375 21.13301849365234375 20.9932861328125 20.858867645263671875 20.655828475952148438 20.4559478759765625 20.303804397583007812 20.2127532958984375 20.1828460693359375 20.210460662841796875 20.291147232055664062 20.420122146606445312 20.59236907958984375 20.80228424072265625 21.043455123901367188 21.309038162231445312 21.592372894287109375 21.887203216552734375 22.187702178955078125 22.4887237548828125 22.786188125610351562 23.077144622802734375 -1e100 -1e100 -1e100 -1e100 -1e100 -1e100 -1e100 -1e100 -1e100 -1e100 -1e100 -1e100 -1e100 -1e100 -1e100 -1e100 -1e100 -1e100 -1e100 -1e100 -1e100 -1e100 -1e100
 -1e100 -1e100 -1e100 -1e100 -1e100 -1e100 -1e100 -1e100 -1e100 -1e100      0      0      0      0      0      0      0      0      0      0      0      0 1.227273106575012207 2.6877455711364746094 4.2716574668884277344 5.93985748291015625 7.6514692306518554688 9.3686227798461914062 11.059290885925292969 12.6972808837890625 14.26163482666015625 15.737175941467285156 17.115077972412109375 18.3918304443359375 19.567096710205078125 20.641599655151367188 21.614740371704101562 22.482280731201171875 23.236328125 23.867540359497070312 24.367733001708984375 24.732807159423828125 24.965589523315429688 25.076086044311523438 25.079090118408203125 24.992252349853515625 24.8340911865234375 24.621461868286132812 24.368160247802734375 24.08536529541015625 23.782701492309570312 23.468997955322265625 23.152658462524414062 22.84200286865234375 22.545629501342773438 22.27237701416015625 22.030170440673828125 21.824512481689453125 21.656148910522460938 21.516458511352539062 21.379266738891601562 21.215852737426757812 21.054849624633789062 20.926336288452148438 20.845407485961914062 20.8166351318359375 20.8396759033203125 20.911737442016601562 21.028804779052734375 21.18621826171875 21.378580093383789062 21.599725723266601562 21.843196868896484375 22.102832794189453125 22.372976303100585938 22.648462295532226562 22.924825668334960938 23.198575973510742188 -1e100 -1e100 -1e100 -1e100 -1e100 -1e100 -1e100 -1e100 -1e100 -1e100 -1e100 -1e100 -1e100 -1e100 -1e100 -1e100 -1e100 -1e100 -1e100 -1e100 -1e100 -1e100 -1e100 -1e100
 -1e100 -1e100 -1e100 -1e100 -1e100 -1e100 -1e100 -1e100 -1e100 -1e100      0      0      0      0      0      0      0      0      0      0      0 0.055393379181623458862 1.3300271034240722656 2.7496199607849121094 4.2837567329406738281 5.8972134590148925781 7.5531358718872070312 9.2171068191528320312 10.859702110290527344 12.456572532653808594 13.988041877746582031 15.439792633056640625 16.803583145141601562 18.076345443725585938 19.258106231689453125 20.34975433349609375 21.35007476806640625 22.252729415893554688 23.04653167724609375 23.718687057495117188 24.258344650268554688 24.65996551513671875 24.926303863525390625 25.068304061889648438 25.102001190185546875 25.04616546630859375 24.920110702514648438 24.741117477416992188 24.523159027099609375 24.277462005615234375 24.013599395751953125 23.740152359008789062 23.46495819091796875 23.1953277587890625 22.93833160400390625 22.7006988525390625 22.48801422119140625 22.303449630737304688 22.146429061889648438 22.01020050048828125 21.879564285278320312 21.743854522705078125 21.615591049194335938 21.512599945068359375 21.44716644287109375 21.425310134887695312 21.448602676391601562 21.51561737060546875 21.623233795166015625 21.76737213134765625 21.943082809448242188 22.1446990966796875 22.3663482666015625 22.602535247802734375 22.848297119140625 23.099180221557617188 23.35138702392578125 -1e100 -1e100 -1e100 -1e100 -1e100 -1e100 -1e100 -1e100 -1e100 -1e100 -1e100 -1e100 -1e100 -1e100 -1e100 -1e100 -1e100 -1e100 -1e100 -1e100 -1e100 -1e100 -1e100 -1e100 -1e100
 -1e100 -1e100 -1e100 -1e100 -1e100 -1e100 -1e100 -1e100 -1e100      0      0      0      0      0      0      0      0      0      0      0      0 0.1255773007869720459 1.384434819221496582 2.7759435176849365234 4.2726902961730957031 5.8430891036987304688 7.4540090560913085938 9.0742521286010742188 10.676836013793945312 12.239172935485839844 13.7428436279296875 15.174402236938476562 16.526189804077148438 17.795530319213867188 18.9828643798828125 20.089704513549804688 21.115146636962890625 22.051090240478515625 22.88256072998046875 23.592912673950195312 24.168863296508789062 24.604137420654296875 24.902002334594726562 25.074459075927734375 25.1385650634765625 25.1138458251953125 25.019990921020507812 24.874347686767578125 24.690822601318359375 24.480539321899414062 24.252910614013671875 24.016180038452148438 23.777561187744140625 23.543369293212890625 23.319370269775390625 23.110836029052734375 22.922071456909179688 22.755331039428710938 22.610086441040039062 22.48184967041015625 22.362567901611328125 22.248382568359375 22.145801544189453125 22.065427780151367188 22.0161895751953125 22.003606796264648438 22.029775619506835938 22.09404754638671875 22.194034576416015625 22.326259613037109375 22.486362457275390625 22.669315338134765625 22.869981765747070312 23.083623886108398438 23.306016921997070312 23.53340911865234375 23.762615203857421875 -1e100 -1e100 -1e100 -1e100 -1e100 -1e100 -1e100 -1e100 -1e100 -1e100 -1e100 -1e100 -1e100 -1e100 -1e100 -1e100 -1e100 -1e100 -1e100 -1e100 -1e100 -1e100 -1e100 -1e100 -1e100
 -1e100 -1e100 -1e100 -1e100 -1e100 -1e100 -1e100 -1e100 -1e100      0      0      0      0      0      0      0      0      0      0      0      0 0.12295409291982650757 1.3780806064605712891 2.7534823417663574219 4.2246327400207519531 5.7633571624755859375 7.3399662971496582031 8.9262189865112304688 10.497358322143554688 12.032406806945800781 13.514092445373535156 14.929718017578125 16.271984100341796875 17.538202285766601562 18.728979110717773438 19.847049713134765625 20.8939056396484375 21.86053466796875 22.726907730102539062 23.471813201904296875 24.080209732055664062 24.546018600463867188 24.873609542846679688 25.075975418090820312 25.170820236206054688 25.177936553955078125 25.116937637329101562 25.004888534545898438 24.855428695678710938 24.679475784301757812 24.486217498779296875 24.283552169799804688 24.078107833862304688 23.875400543212890625 23.680246353149414062 23.497003555297851562 23.329347610473632812 23.179443359375 23.047311782836914062 22.930280685424804688 22.824283599853515625 22.728269577026367188 22.6463470458984375 22.585103988647460938 22.55072021484375 22.547519683837890625 22.577388763427734375 22.64000701904296875 22.733478546142578125 22.854883193969726562 23.000474929809570312 23.165952682495117188 23.3469696044921875 23.539556503295898438 23.740200042724609375 23.94580078125 -1e100 -1e100 -1e100 -1e100 -1e100 -1e100 -1e100 -1e100 -1e100 -1e100 -1e100 -1e100 -1e100 -1e100 -1e100 -1e100 -1e100 -1e100 -1e100 -1e100 -1e100 -1e100 -1e100 -1e100 -1e100 -1e100
 -1e100 -1e100 -1e100 -1e100 -1e100 -1e100 -1e100 -1e100      0      0      0      0      0      0      0      0      0      0      0      0      0 0.043484635651111602783 1.3048382997512817383 2.6744940280914306641 4.1306595802307128906 5.6483087539672851562 7.2008724212646484375 8.7627191543579101562 10.3110504150390625 11.826310157775878906 13.292208671569824219 14.696615219116210938 16.032184600830078125 17.295621871948242188 18.487062454223632812 19.610494613647460938 20.672821044921875 21.667154312133789062 22.565984725952148438 23.340839385986328125 23.977230072021484375 24.470403671264648438 24.826141357421875 25.058195114135742188 25.184444427490234375 25.224430084228515625 25.197221755981445312 25.119327545166015625 25.003957748413085938 24.861730575561523438 24.701570510864257812 24.531053543090820312 24.356374740600585938 24.18250274658203125 24.013654708862304688 23.853664398193359375 23.70595550537109375 23.572828292846679688 23.454898834228515625 23.350885391235351562 23.258941650390625 23.179216384887695312 23.114610671997070312 23.069406509399414062 23.047819137573242188 23.052980422973632812 23.08634185791015625 23.147626876831054688 23.235269546508789062 23.346826553344726562 23.479156494140625 23.628686904907226562 23.79183197021484375 23.965341567993164062 24.146348953247070312 24.33231353759765625 -1e100 -1e100 -1e100 -1e100 -1e100 -1e100 -1e100 -1e100 -1e100 -1e100 -1e100 -1e100 -1e100 -1e100 -1e100 -1e100 -1e100 -1e100 -1e100 -1e100 -1e100 -1e100 -1e100 -1e100 -1e100 -1e100
 -1e100 -1e100 -1e100 -1e100 -1e100 -1e100 -1e100 -1e100      0      0      0      0      0      0      0      0      0      0      0      0      0      0 1.1646581888198852539 2.5368242263793945312 3.9870104789733886719 5.4929795265197753906 7.030841827392578125 8.5771732330322265625 10.110846519470214844 11.613524436950683594 13.069767951965332031 14.46785736083984375 15.800241470336914062 17.062898635864257812 18.254491806030273438 19.375537872314453125 20.449621200561523438 21.470567703247070312 22.394308090209960938 23.191900253295898438 23.850589752197265625 24.3675079345703125 24.749662399291992188 25.011112213134765625 25.169340133666992188 25.243099212646484375 25.25054931640625 25.207391738891601562 25.126270294189453125 25.017419815063476562 24.889478683471679688 24.749752044677734375 24.604158401489257812 24.457370758056640625 24.3133087158203125 24.175573348999023438 24.047479629516601562 23.93146514892578125 23.828624725341796875 23.738656997680664062 23.660959243774414062 23.596181869506835938 23.546483993530273438 23.5147857666015625 23.503965377807617188 23.516210556030273438 23.5525054931640625 23.612524032592773438 23.6949310302734375 23.797693252563476562 23.918241500854492188 24.053663253784179688 24.2010650634765625 24.357820510864257812 24.521612167358398438 -1e100 -1e100 -1e100 -1e100 -1e100 -1e100 -1e100 -1e100 -1e100 -1e100 -1e100 -1e100 -1e100 -1e100 -1e100 -1e100 -1e100 -1e100 -1e100 -1e100 -1e100 -1e100 -1e100 -1e100 -1e100 -1e100 -1e100
 -1e100 -1e100 -1e100 -1e100 -1e100 -1e100 -1e100 -1e100      0      0      0      0      0      0      0      0      0      0      0      0      0      0 0.96151208877563476562 2.3423593044281005859 3.7938487529754638672 5.2960505485534667969 6.8272395133972167969 8.365779876708984375 9.89192962646484375 11.388398170471191406 12.840510368347167969 14.236993789672851562 15.570562362670898438 16.837429046630859375 18.035129547119140625 19.166643142700195312 20.249643325805664062 21.278821945190429688 22.211696624755859375 23.021100997924804688 23.695051193237304688 24.2316436767578125 24.638271331787109375 24.928544998168945312 25.11895751953125 25.22702789306640625 25.269687652587890625 25.261644363403320312 25.214857101440429688 25.139118194580078125 25.04276275634765625 24.932895660400390625 24.815282821655273438 24.694501876831054688 24.57439422607421875 24.458482742309570312 24.350027084350585938 24.251535415649414062 24.164411544799804688 24.088993072509765625 24.025396347045898438 23.9744720458984375 23.937913894653320312 23.917795181274414062 23.916109085083007812 23.934347152709960938 23.973108291625976562 24.032003402709960938 24.109888076782226562 24.205102920532226562 24.3155670166015625 24.438955307006835938 24.572950363159179688 24.715450286865234375 24.864595413208007812 -1e100 -1e100 -1e100 -1e100 -1e100 -1e100 -1e100 -1e100 -1e100 -1e100 -1e100 -1e100 -1e100 -1e100 -1e100 -1e100 -1e100 -1e100 -1e100 -1e100 -1e100 -1e100 -1e100 -1e100 -1e100 -1e100 -1e100
 -1e100 -1e100 -1e100 -1e100 -1e100 -1e100 -1e100      0      0      0      0      0      0      0      0      0      0      0      0      0      0      0 0.70130127668380737305 2.0952112674713134766 3.5536179542541503906 5.0583510398864746094 6.5893168449401855469 8.126262664794921875 9.6505718231201171875 11.145853996276855469 12.598127365112304688 13.996656417846679688 15.334867477416992188 16.609882354736328125 17.819561004638671875 18.967660903930664062 20.05764007568359375 21.08173370361328125 22.010675430297851562 22.822666168212890625 23.506069183349609375 24.05896759033203125 24.488346099853515625 24.806734085083007812 25.029178619384765625 25.171659469604492188 25.249670028686523438 25.276800155639648438 25.264257431030273438 25.22135162353515625 25.15612030029296875 25.07550048828125 24.985218048095703125 24.889871597290039062 24.793325424194335938 24.699098587036132812 24.610399246215820312 24.52974700927734375 24.458711624145507812 24.398035049438476562 24.34825897216796875 24.310333251953125 24.285655975341796875 24.275766372680664062 24.282079696655273438 24.305599212646484375 24.346647262573242188 24.40480804443359375 24.47911834716796875 24.56822967529296875 24.670488357543945312 24.784044265747070312 24.907060623168945312 25.037858963012695312 -1e100 -1e100 -1e100 -1e100 -1e100 -1e100 -1e100 -1e100 -1e100 -1e100 -1e100 -1e100 -1e100 -1e100 -1e100 -1e100 -1e100 -1e100 -1e100 -1e100 -1e100 -1e100 -1e100 -1e100 -1e100 -1e100 -1e100 -1e100
 -1e100 -1e100 -1e100 -1e100 -1e100 -1e100 -1e100      0      0      0      0      0      0      0      0      0      0      0      0      0      0      0 0.39065665006637573242 1.800576329231262207 3.2699642181396484375 4.7818593978881835938 6.3173046112060546875 7.8570694923400878906 9.3834476470947265625 10.880829811096191406 12.335859298706054688 13.738373756408691406 15.082570075988769531 16.366138458251953125 17.58780670166015625 18.74615478515625 19.838287353515625 20.855218887329101562 21.77777862548828125 22.589174270629882812 23.279336929321289062 23.84673309326171875 24.297740936279296875 24.643560409545898438 24.897609710693359375 25.07419586181640625 25.187290191650390625 25.249324798583984375 25.270725250244140625 25.260305404663085938 25.225816726684570312 25.174068450927734375 25.110782623291015625 25.040618896484375 24.967498779296875 24.8949432373046875 24.82611083984375 24.763484954833984375 24.708726882934570312 24.662839889526367188 24.626636505126953125 24.601129531860351562 24.587535858154296875 24.587070465087890625 24.600765228271484375 24.629301071166992188 24.67282867431640625 24.73094940185546875 24.80286407470703125 24.887491226196289062 24.983524322509765625 25.08950042724609375 -1e100 -1e100 -1e100 -1e100 -1e100 -1e100 -1e100 -1e100 -1e100 -1e100 -1e100 -1e100 -1e100 -1e100 -1e100 -1e100 -1e100 -1e100 -1e100 -1e100 -1e100 -1e100 -1e100 -1e100 -1e100 -1e100 -1e100 -1e100 -1e100 -1e100
 -1e100 -1e100 -1e100 -1e100 -1e100 -1e100      0      0      0      0      0      0      0      0      0      0      0      0      0      0      0      0 0.036190941929817199707 1.4639757871627807617 2.9470238685607910156 4.4690923690795898438 6.0119495391845703125 7.5571265220642089844 9.087673187255859375 10.588665008544921875 12.047326087951660156 13.454022407531738281 14.803406715393066406 16.093048095703125 17.320972442626953125 18.483676910400390625 19.5755767822265625 20.587207794189453125 21.504827499389648438 22.315813064575195312 23.012359619140625 23.593725204467773438 24.065774917602539062 24.438409805297851562 24.7234344482421875 24.933492660522460938 25.081064224243164062 25.177440643310546875 25.232278823852539062 25.25391387939453125 25.249814987182617188 25.226680755615234375 25.190221786499023438 25.145147323608398438 25.095415115356445312 25.044546127319335938 24.995637893676757812 24.951135635375976562 24.9127655029296875 24.881710052490234375 24.858966827392578125 24.845605850219726562 24.842742919921875 24.851383209228515625 24.87232208251953125 24.906038284301757812 24.952596664428710938 25.011640548706054688 25.082521438598632812 25.1643829345703125 25.256185531616210938 -1e100 -1e100 -1e100 -1e100 -1e100 -1e100 -1e100 -1e100 -1e100 -1e100 -1e100 -1e100 -1e100 -1e100 -1e100 -1e100 -1e100 -1e100 -1e100 -1e100 -1e100 -1e100 -1e100 -1e100 -1e100 -1e100 -1e100 -1e100 -1e100 -1e100 -1e100
 -1e100 -1e100 -1e100 -1e100 -1e100 -1e100      0      0      0      0      0      0      0      0      0      0      0      0      0      0      0      0      0 1.0906277894973754883 2.5888617038726806641 4.1227049827575683594 5.6743974685668945312 7.2260737419128417969 8.7614431381225585938 10.266214370727539062 11.728175163269042969 13.138143539428710938 14.490896224975585938 15.783734321594238281 17.014055252075195312 18.177501678466796875 19.2675628662109375 20.275148391723632812 21.189573287963867188 22.00138092041015625 22.7049713134765625 23.300457000732421875 23.793277740478515625 24.192142486572265625 24.50736236572265625 24.750017166137695312 24.931200027465820312 25.061128616333007812 25.14873504638671875 25.201898574829101562 25.227819442749023438 25.233058929443359375 25.223293304443359375 25.203237533569335938 25.176862716674804688 25.147672653198242188 25.118711471557617188 25.092409133911132812 25.070543289184570312 25.05443572998046875 25.04521942138671875 25.044017791748046875 25.051891326904296875 25.0697174072265625 25.09814453125 25.137542724609375 25.1879425048828125 25.249050140380859375 25.320346832275390625 -1e100 -1e100 -1e100 -1e100 -1e100 -1e100 -1e100 -1e100 -1e100 -1e100 -1e100 -1e100 -1e100 -1e100 -1e100 -1e100 -1e100 -1e100 -1e100 -1e100 -1e100 -1e100 -1e100 -1e100 -1e100 -1e100 -1e100 -1e100 -1e100 -1e100 -1e100 -1e100 -1e100
 -1e100 -1e100 -1e100 -1e100 -1e100 -1e100      0      0      0      0      0      0      0      0      0      0      0      0      0      0      0      0      0 0.68507826328277587891 2.1991419792175292969 3.7453098297119140625 5.3061819076538085938 6.8644413948059082031 8.4044218063354492188 9.9124555587768554688 11.376926422119140625 12.789088249206542969 14.14365386962890625 15.437502861022949219 16.667631149291992188 17.829504013061523438 18.916606903076171875 19.92070770263671875 20.833271026611328125 21.647253036499023438 22.358860015869140625 22.968870162963867188 23.482303619384765625 23.906795501708984375 24.251302719116210938 24.525508880615234375 24.73925018310546875 24.90177154541015625 25.021350860595703125 25.105432510375976562 25.16094207763671875 25.194276809692382812 25.211034774780273438 25.2158966064453125 25.212818145751953125 25.205274581909179688 25.19628143310546875 25.188264846801757812 25.183065414428710938 25.182109832763671875 25.186641693115234375 25.197828292846679688 25.216701507568359375 25.244066238403320312 25.280490875244140625 25.326288223266601562 25.381488800048828125 25.445871353149414062 -1e100 -1e100 -1e100 -1e100 -1e100 -1e100 -1e100 -1e100 -1e100 -1e100 -1e100 -1e100 -1e100 -1e100 -1e100 -1e100 -1e100 -1e100 -1e100 -1e100 -1e100 -1e100 -1e100 -1e100 -1e100 -1e100 -1e100 -1e100 -1e100 -1e100 -1e100 -1e100 -1e100 -1e100
 -1e100 -1e100 -1e100 -1e100 -1e100      0      0      0      0      0      0      0      0      0      0      0      0      0      0      0      0      0      0 0.25111719965934753418 1.7810125350952148438 3.3393118381500244141 4.9089879989624023438 6.4732975959777832031 8.0172119140625 9.5276966094970703125 10.993742942810058594 12.407006263732910156 13.762051582336425781 15.0553131103515625 16.283540725708007812 17.44239044189453125 18.525882720947265625 19.526945114135742188 20.438821792602539062 21.25630950927734375 21.976932525634765625 22.60189056396484375 23.135755538940429688 23.585191726684570312 23.957967758178710938 24.262546539306640625 24.507659912109375 24.701711654663085938 24.852376937866210938 24.966693878173828125 25.05129241943359375 25.112379074096679688 25.155429840087890625 25.18505859375 25.205183029174804688 25.219247817993164062 25.230253219604492188 25.2406463623046875 25.252323150634765625 25.2667999267578125 25.28540802001953125 25.309352874755859375 25.339654922485351562 25.37708282470703125 25.422159194946289062 25.475179672241210938 -1e100 -1e100 -1e100 -1e100 -1e100 -1e100 -1e100 -1e100 -1e100 -1e100 -1e100 -1e100 -1e100 -1e100 -1e100 -1e100 -1e100 -1e100 -1e100 -1e100 -1e100 -1e100 -1e100 -1e100 -1e100 -1e100 -1e100 -1e100 -1e100 -1e100 -1e100 -1e100 -1e100 -1e100 -1e100 -1e100
 -1e100 -1e100 -1e100 -1e100 -1e100      0      0      0      0      0      0      0      0      0      0      0      0      0      0      0      0      0      0      0 1.3370211124420166016 2.9067370891571044922 4.4843597412109375 6.053798675537109375 7.6007051467895507812 9.1126918792724609375 10.579321861267089844 11.992552757263183594 13.346805572509765625 14.638232231140136719 15.863531112670898438 17.018739700317382812 18.098676681518554688 19.0975189208984375 20.010005950927734375 20.832305908203125 21.562868118286132812 22.203096389770507812 22.757108688354492188 23.230707168579101562 23.630640029907226562 23.964324951171875 24.239561080932617188 24.464015960693359375 24.644830703735351562 24.78863525390625 24.901760101318359375 24.990186691284179688 25.05924224853515625 25.113443374633789062 25.156656265258789062 25.192296981811523438 25.223356246948242188 25.252309799194335938 25.2811126708984375 25.3113555908203125 25.344434738159179688 25.381587982177734375 25.42383575439453125 25.471925735473632812 -1e100 -1e100 -1e100 -1e100 -1e100 -1e100 -1e100 -1e100 -1e100 -1e100 -1e100 -1e100 -1e100 -1e100 -1e100 -1e100 -1e100 -1e100 -1e100 -1e100 -1e100 -1e100 -1e100 -1e100 -1e100 -1e100 -1e100 -1e100 -1e100 -1e100 -1e100 -1e100 -1e100 -1e100 -1e100 -1e100 -1e100 -1e100
 -1e100 -1e100 -1e100 -1e100      0      0      0      0      0      0      0      0      0      0      0      0      0      0      0      0      0      0      0      0 0.86908417940139770508 2.4491791725158691406 4.0336160659790039062 5.6070370674133300781 7.1558251380920410156 8.6682500839233398438 10.134396553039550781 11.546460151672363281 12.898848533630371094 14.187665939331054688 15.409724235534667969 16.561506271362304688 17.638666152954101562 18.636533737182617188 19.551046371459960938 20.379404067993164062 21.120683670043945312 21.776369094848632812 22.350130081176757812 22.847034454345703125 23.272966384887695312 23.634477615356445312 23.938585281372070312 24.192317962646484375 24.402317047119140625 24.574827194213867188 24.715864181518554688 24.83116912841796875 24.925889968872070312 25.0044403076171875 25.07061767578125 25.127801895141601562 25.178989410400390625 25.22667694091796875 25.2728729248046875 25.319227218627929688 25.367183685302734375 25.418012619018554688 25.472734451293945312 -1e100 -1e100 -1e100 -1e100 -1e100 -1e100 -1e100 -1e100 -1e100 -1e100 -1e100 -1e100 -1e100 -1e100 -1e100 -1e100 -1e100 -1e100 -1e100 -1e100 -1e100 -1e100 -1e100 -1e100 -1e100 -1e100 -1e100 -1e100 -1e100 -1e100 -1e100 -1e100 -1e100 -1e100 -1e100 -1e100 -1e100 -1e100 -1e100
 -1e100 -1e100 -1e100 -1e100      0      0      0      0      0      0      0      0      0      0      0      0      0      0      0      0      0      0      0      0 0.37873211503028869629 1.9680166244506835938 3.5580165386199951172 5.134181976318359375 6.6836724281311035156 8.195430755615234375 9.6600542068481445312 11.070031166076660156 12.419913291931152344 13.705911636352539062 14.9250335693359375 16.07419586181640625 17.149801254272460938 18.148141860961914062 19.066102981567382812 19.901645660400390625 20.654279708862304688 21.325483322143554688 21.9185333251953125 22.43787384033203125 22.888683319091796875 23.276800155639648438 23.60858154296875 23.890493392944335938 24.128721237182617188 24.329135894775390625 24.497438430786132812 24.639116287231445312 24.759134292602539062 24.861782073974609375 24.950780868530273438 25.029478073120117188 25.100856781005859375 25.16744232177734375 25.2312774658203125 25.29405975341796875 25.357275009155273438 -1e100 -1e100 -1e100 -1e100 -1e100 -1e100 -1e100 -1e100 -1e100 -1e100 -1e100 -1e100 -1e100 -1e100 -1e100 -1e100 -1e100 -1e100 -1e100 -1e100 -1e100 -1e100 -1e100 -1e100 -1e100 -1e100 -1e100 -1e100 -1e100 -1e100 -1e100 -1e100 -1e100 -1e100 -1e100 -1e100 -1e100 -1e100 -1e100 -1e100 -1e100
 -1e100 -1e100 -1e100 -1e100      0      0      0      0      0      0      0      0      0      0      0      0      0      0      0      0      0      0      0      0      0 1.4648116827011108398 3.0590817928314208984 4.6367588043212890625 6.1858167648315429688 7.6959033012390136719 9.1581640243530273438 10.565466880798339844 11.9126129150390625 13.196002960205078125 14.412866592407226562 15.560505867004394531 16.635946273803710938 17.63623809814453125 18.558986663818359375 19.4027099609375 20.167211532592773438 20.853931427001953125 21.465801239013671875 22.006757736206054688 22.48140716552734375 22.894998550415039062 23.253332138061523438 23.5623779296875 23.827899932861328125 24.055410385131835938 24.250308990478515625 24.41782379150390625 24.562732696533203125 24.6891937255859375 24.800846099853515625 24.900991439819335938 24.992597579956054688 25.0782012939453125 25.159875869750976562 25.239353179931640625 -1e100 -1e100 -1e100 -1e100 -1e100 -1e100 -1e100 -1e100 -1e100 -1e100 -1e100 -1e100 -1e100 -1e100 -1e100 -1e100 -1e100 -1e100 -1e100 -1e100 -1e100 -1e100 -1e100 -1e100 -1e100 -1e100 -1e100 -1e100 -1e100 -1e100 -1e100 -1e100 -1e100 -1e100 -1e100 -1e100 -1e100 -1e100 -1e100 -1e100 -1e100 -1e100
 -1e100 -1e100 -1e100      0      0      0      0      0      0      0      0      0      0      0      0      0      0      0      0      0      0      0      0      0      0 0.94175010919570922852 2.5389425754547119141 4.1169238090515136719 5.6645140647888183594 7.1720871925354003906 8.631381988525390625 10.035711288452148438 11.380192756652832031 12.661449432373046875 13.876928329467773438 15.024250030517578125 16.100921630859375 17.104564666748046875 18.033306121826171875 18.886064529418945312 19.662851333618164062 20.365041732788085938 20.995286941528320312 21.557111740112304688 22.054658889770507812 22.492692947387695312 22.876531600952148438 23.211711883544921875 23.50360870361328125 23.757404327392578125 23.978204727172851562 24.170986175537109375 24.34033966064453125 24.490285873413085938 24.624380111694335938 24.745862960815429688 24.857679367065429688 24.962368011474609375 -1e100 -1e100 -1e100 -1e100 -1e100 -1e100 -1e100 -1e100 -1e100 -1e100 -1e100 -1e100 -1e100 -1e100 -1e100 -1e100 -1e100 -1e100 -1e100 -1e100 -1e100 -1e100 -1e100 -1e100 -1e100 -1e100 -1e100 -1e100 -1e100 -1e100 -1e100 -1e100 -1e100 -1e100 -1e100 -1e100 -1e100 -1e100 -1e100 -1e100 -1e100 -1e100 -1e100 -1e100
 -1e100 -1e100 -1e100      0      0      0      0      0      0      0      0      0      0      0      0      0      0      0      0      0      0      0      0      0      0 0.4021295011043548584 2.0007593631744384766 3.5778100490570068359 5.1229581832885742188 6.6273140907287597656 8.0832309722900390625 9.4845066070556640625 10.826596260070800781 12.10634613037109375 13.321386337280273438 14.469577789306640625 15.548775672912597656 16.557001113891601562 17.49275970458984375 18.355258941650390625 19.144639968872070312 19.862222671508789062 20.510419845581054688 21.092428207397460938 21.612009048461914062 22.073522567749023438 22.48188018798828125 22.842226028442382812 23.1595916748046875 23.438848495483398438 23.684825897216796875 23.902265548706054688 24.095569610595703125 24.268627166748046875 24.42488861083984375 24.567539215087890625 -1e100 -1e100 -1e100 -1e100 -1e100 -1e100 -1e100 -1e100 -1e100 -1e100 -1e100 -1e100 -1e100 -1e100 -1e100 -1e100 -1e100 -1e100 -1e100 -1e100 -1e100 -1e100 -1e100 -1e100 -1e100 -1e100 -1e100 -1e100 -1e100 -1e100 -1e100 -1e100 -1e100 -1e100 -1e100 -1e100 -1e100 -1e100 -1e100 -1e100 -1e100 -1e100 -1e100 -1e100 -1e100 -1e100
 -1e100 -1e100      0      0      0      0      0      0      0      0      0      0      0      0      0      0      0      0      0      0      0      0      0      0      0      0 1.4490094184875488281 3.0237874984741210938 4.565509796142578125 6.0660090446472167969 7.5182523727416992188 8.9165182113647460938 10.256585121154785156 11.53548431396484375 12.750978469848632812 13.901086807250976562 14.983893394470214844 15.997697830200195312 16.941274642944335938 17.814029693603515625 18.6161956787109375 19.349023818969726562 20.014743804931640625 20.616270065307617188 21.157060623168945312 21.641130447387695312 22.0730438232421875 22.457601547241210938 22.799524307250976562 23.10340118408203125 23.37380218505859375 23.615251541137695312 23.831964492797851562 24.0276947021484375 24.205797195434570312 -1e100 -1e100 -1e100 -1e100 -1e100 -1e100 -1e100 -1e100 -1e100 -1e100 -1e100 -1e100 -1e100 -1e100 -1e100 -1e100 -1e100 -1e100 -1e100 -1e100 -1e100 -1e100 -1e100 -1e100 -1e100 -1e100 -1e100 -1e100 -1e100 -1e100 -1e100 -1e100 -1e100 -1e100 -1e100 -1e100 -1e100 -1e100 -1e100 -1e100 -1e100 -1e100 -1e100 -1e100 -1e100 -1e100 -1e100
 -1e100 -1e100      0      0      0      0      0      0      0      0      0      0      0      0      0      0      0      0      0      0      0      0      0      0      0      0 0.88920545578002929688 2.4602255821228027344 3.9974799156188964844 5.4934864044189453125 6.9417896270751953125 8.3371057510375976562 9.6754817962646484375 10.954081535339355469 12.170742034912109375 13.323566436767578125 14.410780906677246094 15.430875778198242188 16.382806777954101562 17.266117095947265625 18.081090927124023438 18.828920364379882812 19.511667251586914062 20.132028579711914062 20.693195343017578125 21.198907852172851562 21.653423309326171875 22.061239242553710938 22.426799774169921875 22.754434585571289062 23.048482894897460938 23.313253402709960938 23.552789688110351562 -1e100 -1e100 -1e100 -1e100 -1e100 -1e100 -1e100 -1e100 -1e100 -1e100 -1e100 -1e100 -1e100 -1e100 -1e100 -1e100 -1e100 -1e100 -1e100 -1e100 -1e100 -1e100 -1e100 -1e100 -1e100 -1e100 -1e100 -1e100 -1e100 -1e100 -1e100 -1e100 -1e100 -1e100 -1e100 -1e100 -1e100 -1e100 -1e100 -1e100 -1e100 -1e100 -1e100 -1e100 -1e100 -1e100 -1e100 -1e100 -1e100
 -1e100      0      0      0      0      0      0      0      0      0      0      0      0      0      0      0      0      0      0      0      0      0      0      0      0      0 0.3272450864315032959 1.8929026126861572266 3.4245810508728027344 4.915416717529296875 6.3594632148742675781 7.7518014907836914062 9.0886745452880859375 10.367321014404296875 11.585595130920410156 12.741632461547851562 13.833740234375 14.860526084899902344 15.821066856384277344 16.714994430541992188 17.542615890502929688 18.305063247680664062 19.004259109497070312 19.642713546752929688 20.223407745361328125 20.749835968017578125 21.225994110107421875 21.656114578247070312 22.044389724731445312 22.394916534423828125 -1e100 -1e100 -1e100 -1e100 -1e100 -1e100 -1e100 -1e100 -1e100 -1e100 -1e100 -1e100 -1e100 -1e100 -1e100 -1e100 -1e100 -1e100 -1e100 -1e100 -1e100 -1e100 -1e100 -1e100 -1e100 -1e100 -1e100 -1e100 -1e100 -1e100 -1e100 -1e100 -1e100 -1e100 -1e100 -1e100 -1e100 -1e100 -1e100 -1e100 -1e100 -1e100 -1e100 -1e100 -1e100 -1e100 -1e100 -1e100 -1e100 -1e100 -1e100 -1e100
 -1e100      0      0      0      0      0      0      0      0      0      0      0      0      0      0      0      0      0      0      0      0      0      0      0      0      0      0 1.327592015266418457 2.8525357246398925781 4.3374567031860351562 5.7768278121948242188 7.1660065650939941406 8.5013570785522460938 9.7801351547241210938 11.00017547607421875 12.159605026245117188 13.256765365600585938 14.290332794189453125 15.259456634521484375 16.163820266723632812 17.0037384033203125 17.780279159545898438 18.495248794555664062 19.151002883911132812 19.750341415405273438 20.296550750732421875 20.793392181396484375 21.244867324829101562 -1e100 -1e100 -1e100 -1e100 -1e100 -1e100 -1e100 -1e100 -1e100 -1e100 -1e100 -1e100 -1e100 -1e100 -1e100 -1e100 -1e100 -1e100 -1e100 -1e100 -1e100 -1e100 -1e100 -1e100 -1e100 -1e100 -1e100 -1e100 -1e100 -1e100 -1e100 -1e100 -1e100 -1e100 -1e100 -1e100 -1e100 -1e100 -1e100 -1e100 -1e100 -1e100 -1e100 -1e100 -1e100 -1e100 -1e100 -1e100 -1e100 -1e100 -1e100 -1e100 -1e100 -1e100
 -1e100      0      0      0      0      0      0      0      0      0      0      0      0      0      0      0      0      0      0      0      0      0      0      0      0      0      0 0.76984179019927978516 2.2868778705596923828 3.7650775909423828125 5.1992321014404296875 6.5848841667175292969 7.9184517860412597656 9.1971673965454101562 10.418820381164550781 11.581505775451660156 12.683565139770507812 13.723706245422363281 14.701119422912597656 15.615512847900390625 16.467191696166992188 17.257171630859375 17.987154006958007812 18.659364700317382812 19.276441574096679688 19.841489791870117188 -1e100 -1e100 -1e100 -1e100 -1e100 -1e100 -1e100 -1e100 -1e100 -1e100 -1e100 -1e100 -1e100 -1e100 -1e100 -1e100 -1e100 -1e100 -1e100 -1e100 -1e100 -1e100 -1e100 -1e100 -1e100 -1e100 -1e100 -1e100 -1e100 -1e100 -1e100 -1e100 -1e100 -1e100 -1e100 -1e100 -1e100 -1e100 -1e100 -1e100 -1e100 -1e100 -1e100 -1e100 -1e100 -1e100 -1e100 -1e100 -1e100 -1e100 -1e100 -1e100 -1e100 -1e100 -1e100 -1e100
 -1e100      0      0      0      0      0      0      0      0      0      0      0      0      0      0      0      0      0      0      0      0      0      0      0      0      0      0 0.224609375 1.7326003313064575195 3.2032263278961181641 4.6315007209777832031 6.0130705833435058594 7.3443608283996582031 8.6225595474243164062 9.8453960418701171875 11.010916709899902344 12.117444992065429688 13.163693428039550781 14.148871421813964844 15.072697639465332031 15.935460090637207031 16.738122940063476562 17.482297897338867188 -1e100 -1e100 -1e100 -1e100 -1e100 -1e100 -1e100 -1e100 -1e100 -1e100 -1e100 -1e100 -1e100 -1e100 -1e100 -1e100 -1e100 -1e100 -1e100 -1e100 -1e100 -1e100 -1e100 -1e100 -1e100 -1e100 -1e100 -1e100 -1e100 -1e100 -1e100 -1e100 -1e100 -1e100 -1e100 -1e100 -1e100 -1e100 -1e100 -1e100 -1e100 -1e100 -1e100 -1e100 -1e100 -1e100 -1e100 -1e100 -1e100 -1e100 -1e100 -1e100 -1e100 -1e100 -1e100 -1e100 -1e100 -1e100 -1e100
 -1e100 -1e100      0      0      0      0      0      0      0      0      0      0      0      0      0      0      0      0      0      0      0      0      0      0      0      0      0      0 1.1936975717544555664 2.6558775901794433594 4.0775103569030761719 5.4542937278747558594 6.7826328277587890625 8.0596590042114257812 9.2830371856689453125 10.450758934020996094 11.561116218566894531 12.612818717956542969 13.605077743530273438 14.537610054016113281 15.410686492919921875 -1e100 -1e100 -1e100 -1e100 -1e100 -1e100 -1e100 -1e100 -1e100 -1e100 -1e100 -1e100 -1e100 -1e100 -1e100 -1e100 -1e100 -1e100 -1e100 -1e100 -1e100 -1e100 -1e100 -1e100 -1e100 -1e100 -1e100 -1e100 -1e100 -1e100 -1e100 -1e100 -1e100 -1e100 -1e100 -1e100 -1e100 -1e100 -1e100 -1e100 -1e100 -1e100 -1e100 -1e100 -1e100 -1e100 -1e100 -1e100 -1e100 -1e100 -1e100 -1e100 -1e100 -1e100 -1e100 -1e100 -1e100 -1e100 -1e100 -1e100 -1e100
 -1e100 -1e100      0      0      0      0      0      0      0      0      0      0      0      0      0      0      0      0      0      0      0      0      0      0      0      0      0      0 0.67301464080810546875 2.1258900165557861328 3.540073394775390625 4.9112806320190429688 6.2358846664428710938 7.5109586715698242188 8.7341032028198242188 9.9032583236694335938 11.016682624816894531 12.073071479797363281 -1e100 -1e100 -1e100 -1e100 -1e100 -1e100 -1e100 -1e100 -1e100 -1e100 -1e100 -1e100 -1e100 -1e100 -1e100 -1e100 -1e100 -1e100 -1e100 -1e100 -1e100 -1e100 -1e100 -1e100 -1e100 -1e100 -1e100 -1e100 -1e100 -1e100 -1e100 -1e100 -1e100 -1e100 -1e100 -1e100 -1e100 -1e100 -1e100 -1e100 -1e100 -1e100 -1e100 -1e100 -1e100 -1e100 -1e100 -1e100 -1e100 -1e100 -1e100 -1e100 -1e100 -1e100 -1e100 -1e100 -1e100 -1e100 -1e100 -1e100 -1e100 -1e100 -1e100 -1e100
 -1e100 -1e100 -1e100      0      0      0      0      0      0      0      0      0      0      0      0      0      0      0      0      0      0      0      0      0      0      0      0      0 0.17243681848049163818 1.6152034997940063477 3.0211365222930908203 4.3859543800354003906 5.7059955596923828125 6.9782819747924804688 8.2003583908081054688 9.3701162338256835938 -1e100 -1e100 -1e100 -1e100 -1e100 -1e100 -1e100 -1e100 -1e100 -1e100 -1e100 -1e100 -1e100 -1e100 -1e100 -1e100 -1e100 -1e100 -1e100 -1e100 -1e100 -1e100 -1e100 -1e100 -1e100 -1e100 -1e100 -1e100 -1e100 -1e100 -1e100 -1e100 -1e100 -1e100 -1e100 -1e100 -1e100 -1e100 -1e100 -1e100 -1e100 -1e100 -1e100 -1e100 -1e100 -1e100 -1e100 -1e100 -1e100 -1e100 -1e100 -1e100 -1e100 -1e100 -1e100 -1e100 -1e100 -1e100 -1e100 -1e100 -1e100 -1e100 -1e100 -1e100 -1e100 -1e100
 -1e100 -1e100 -1e100      0      0      0      0      0      0      0      0      0      0      0      0      0      0      0      0      0      0      0      0      0      0      0      0      0      0 1.1250309944152832031 2.5219728946685791016 3.8796229362487792969 5.1942934989929199219 6.4629654884338378906 -1e100 -1e100 -1e100 -1e100 -1e100 -1e100 -1e100 -1e100 -1e100 -1e100 -1e100 -1e100 -1e100 -1e100 -1e100 -1e100 -1e100 -1e100 -1e100 -1e100 -1e100 -1e100 -1e100 -1e100 -1e100 -1e100 -1e100 -1e100 -1e100 -1e100 -1e100 -1e100 -1e100 -1e100 -1e100 -1e100 -1e100 -1e100 -1e100 -1e100 -1e100 -1e100 -1e100 -1e100 -1e100 -1e100 -1e100 -1e100 -1e100 -1e100 -1e100 -1e100 -1e100 -1e100 -1e100 -1e100 -1e100 -1e100 -1e100 -1e100 -1e100 -1e100 -1e100 -1e100 -1e100 -1e100 -1e100 -1e100
 -1e100 -1e100 -1e100 -1e100      0      0      0      0      0      0      0      0      0      0      0      0      0      0      0      0      0      0      0      0      0      0      0      0      0 0.65592569112777709961 2.0432531833648681641 3.3930540084838867188 4.7016267776489257812 -1e100 -1e100 -1e100 -1e100 -1e100 -1e100 -1e100 -1e100 -1e100 -1e100 -1e100 -1e100 -1e100 -1e100 -1e100 -1e100 -1e100 -1e100 -1e100 -1e100 -1e100 -1e100 -1e100 -1e100 -1e100 -1e100 -1e100 -1e100 -1e100 -1e100 -1e100 -1e100 -1e100 -1e100 -1e100 -1e100 -1e100 -1e100 -1e100 -1e100 -1e100 -1e100 -1e100 -1e100 -1e100 -1e100 -1e100 -1e100 -1e100 -1e100 -1e100 -1e100 -1e100 -1e100 -1e100 -1e100 -1e100 -1e100 -1e100 -1e100 -1e100 -1e100 -1e100 -1e100 -1e100 -1e100 -1e100 -1e100 -1e100
 -1e100 -1e100 -1e100 -1e100 -1e100      0      0      0      0      0      0      0      0      0      0      0      0      0      0      0      0      0      0      0      0      0      0      0      0 0.20787681639194488525 1.5851328372955322266 -1e100 -1e100 -1e100 -1e100 -1e100 -1e100 -1e100 -1e100 -1e100 -1e100 -1e100 -1e100 -1e100 -1e100 -1e100 -1e100 -1e100 -1e100 -1e100 -1e100 -1e100 -1e100 -1e100 -1e100 -1e100 -1e100 -1e100 -1e100 -1e100 -1e100 -1e100 -1e100 -1e100 -1e100 -1e100 -1e100 -1e100 -1e100 -1e100 -1e100 -1e100 -1e100 -1e100 -1e100 -1e100 -1e100 -1e100 -1e100 -1e100 -1e100 -1e100 -1e100 -1e100 -1e100 -1e100 -1e100 -1e100 -1e100 -1e100 -1e100 -1e100 -1e100 -1e100 -1e100 -1e100 -1e100 -1e100 -1e100 -1e100 -1e100 -1e100
 -1e100 -1e100 -1e100 -1e100 -1e100      0      0      0      0      0      0      0      0      0      0      0      0      0      0      0      0      0      0      0      0      0      0      0      0      0 -1e100 -1e100 -1e100 -1e100 -1e100 -1e100 -1e100 -1e100 -1e100 -1e100 -1e100 -1e100 -1e100 -1e100 -1e100 -1e100 -1e100 -1e100 -1e100 -1e100 -1e100 -1e100 -1e100 -1e100 -1e100 -1e100 -1e100 -1e100 -1e100 -1e100 -1e100 -1e100 -1e100 -1e100 -1e100 -1e100 -1e100 -1e100 -1e100 -1e100 -1e100 -1e100 -1e100 -1e100 -1e100 -1e100 -1e100 -1e100 -1e100 -1e100 -1e100 -1e100 -1e100 -1e100 -1e100 -1e100 -1e100 -1e100 -1e100 -1e100 -1e100 -1e100 -1e100 -1e100 -1e100 -1e100 -1e100 -1e100 -1e100 -1e100 -1e100 -1e100
 -1e100 -1e100 -1e100 -1e100 -1e100 -1e100      0      0      0      0      0      0      0      0      0      0      0      0      0      0      0      0      0      0      0      0      0      0      0 -1e100 -1e100 -1e100 -1e100 -1e100 -1e100 -1e100 -1e100 -1e100 -1e100 -1e100 -1e100 -1e100 -1e100 -1e100 -1e100 -1e100 -1e100 -1e100 -1e100 -1e100 -1e100 -1e100 -1e100 -1e100 -1e100 -1e100 -1e100 -1e100 -1e100 -1e100 -1e100 -1e100 -1e100 -1e100 -1e100 -1e100 -1e100 -1e100 -1e100 -1e100 -1e100 -1e100 -1e100 -1e100 -1e100 -1e100 -1e100 -1e100 -1e100 -1e100 -1e100 -1e100 -1e100 -1e100 -1e100 -1e100 -1e100 -1e100 -1e100 -1e100 -1e100 -1e100 -1e100 -1e100 -1e100 -1e100 -1e100 -1e100 -1e100 -1e100 -1e100 -1e100
 -1e100 -1e100 -1e100 -1e100 -1e100 -1e100 -1e100      0      0      0      0      0      0      0      0      0      0      0      0      0      0      0      0      0      0      0      0 -1e100 -1e100 -1e100 -1e100 -1e100 -1e100 -1e100 -1e100 -1e100 -1e100 -1e100 -1e100 -1e100 -1e100 -1e100 -1e100 -1e100 -1e100 -1e100 -1e100 -1e100 -1e100 -1e100 -1e100 -1e100 -1e100 -1e100 -1e100 -1e100 -1e100 -1e100 -1e100 -1e100 -1e100 -1e100 -1e100 -1e100 -1e100 -1e100 -1e100 -1e100 -1e100 -1e100 -1e100 -1e100 -1e100 -1e100 -1e100 -1e100 -1e100 -1e100 -1e100 -1e100 -1e100 -1e100 -1e100 -1e100 -1e100 -1e100 -1e100 -1e100 -1e100 -1e100 -1e100 -1e100 -1e100 -1e100 -1e100 -1e100 -1e100 -1e100 -1e100 -1e100 -1e100 -1e100
 -1e100 -1e100 -1e100 -1e100 -1e100 -1e100 -1e100      0      0      0      0      0      0      0      0      0      0      0      0      0      0      0      0      0      0      0 -1e100 -1e100 -1e100 -1e100 -1e100 -1e100 -1e100 -1e100 -1e100 -1e100 -1e100 -1e100 -1e100 -1e100 -1e100 -1e100 -1e100 -1e100 -1e100 -1e100 -1e100 -1e100 -1e100 -1e100 -1e100 -1e100 -1e100 -1e100 -1e100 -1e100 -1e100 -1e100 -1e100 -1e100 -1e100 -1e100 -1e100 -1e100 -1e100 -1e100 -1e100 -1e100 -1e100 -1e100 -1e100 -1e100 -1e100 -1e100 -1e100 -1e100 -1e100 -1e100 -1e100 -1e100 -1e100 -1e100 -1e100 -1e100 -1e100 -1e100 -1e100 -1e100 -1e100 -1e100 -1e100 -1e100 -1e100 -1e100 -1e100 -1e100 -1e100 -1e100 -1e100 -1e100 -1e100 -1e100
 -1e100 -1e100 -1e100 -1e100 -1e100 -1e100 -1e100 -1e100      0      0      0      0      0      0      0      0      0      0      0      0      0      0      0      0 -1e100 -1e100 -1e100 -1e100 -1e100 -1e100 -1e100 -1e100 -1e100 -1e100 -1e100 -1e100 -1e100 -1e100 -1e100 -1e100 -1e100 -1e100 -1e100 -1e100 -1e100 -1e100 -1e100 -1e100 -1e100 -1e100 -1e100 -1e100 -1e100 -1e100 -1e100 -1e100 -1e100 -1e100 -1e100 -1e100 -1e100 -1e100 -1e100 -1e100 -1e100 -1e100 -1e100 -1e100 -1e100 -1e100 -1e100 -1e100 -1e100 -1e100 -1e100 -1e100 -1e100 -1e100 -1e100 -1e100 -1e100 -1e100 -1e100 -1e100 -1e100 -1e100 -1e100 -1e100 -1e100 -1e100 -1e100 -1e100 -1e100 -1e100 -1e100 -1e100 -1e100 -1e100 -1e100 -1e100 -1e100 -1e100
 -1e100 -1e100 -1e100 -1e100 -1e100 -1e100 -1e100 -1e100 -1e100      0      0      0      0      0      0      0      0      0      0      0      0      0      0 -1e100 -1e100 -1e100 -1e100 -1e100 -1e100 -1e100 -1e100 -1e100 -1e100 -1e100 -1e100 -1e100 -1e100 -1e100 -1e100 -1e100 -1e100 -1e100 -1e100 -1e100 -1e100 -1e100 -1e100 -1e100 -1e100 -1e100 -1e100 -1e100 -1e100 -1e100 -1e100 -1e100 -1e100 -1e100 -1e100 -1e100 -1e100 -1e100 -1e100 -1e100 -1e100 -1e100 -1e100 -1e100 -1e100 -1e100 -1e100 -1e100 -1e100 -1e100 -1e100 -1e100 -1e100 -1e100 -1e100 -1e100 -1e100 -1e100 -1e100 -1e100 -1e100 -1e100 -1e100 -1e100 -1e100 -1e100 -1e100 -1e100 -1e100 -1e100 -1e100 -1e100 -1e100 -1e100 -1e100 -1e100 -1e100 -1e100
 -1e100 -1e100 -1e100 -1e100 -1e100 -1e100 -1e100 -1e100 -1e100      0      0      0      0      0      0      0      0      0      0      0      0      0 -1e100 -1e100 -1e100 -1e100 -1e100 -1e100 -1e100 -1e100 -1e100 -1e100 -1e100 -1e100 -1e100 -1e100 -1e100 -1e100 -1e100 -1e100 -1e100 -1e100 -1e100 -1e100 -1e100 -1e100 -1e100 -1e100 -1e100 -1e100 -1e100 -1e100 -1e100 -1e100 -1e100 -1e100 -1e100 -1e100 -1e100 -1e100 -1e100 -1e100 -1e100 -1e100 -1e100 -1e100 -1e100 -1e100 -1e100 -1e100 -1e100 -1e100 -1e100 -1e100 -1e100 -1e100 -1e100 -1e100 -1e100 -1e100 -1e100 -1e100 -1e100 -1e100 -1e100 -1e100 -1e100 -1e100 -1e100 -1e100 -1e100 -1e100 -1e100 -1e100 -1e100 -1e100 -1e100 -1e100 -1e100 -1e100 -1e100 -1e100
 -1e100 -1e100 -1e100 -1e100 -1e100 -1e100 -1e100 -1e100 -1e100 -1e100      0      0      0      0      0      0      0      0      0      0 -1e100 -1e100 -1e100 -1e100 -1e100 -1e100 -1e100 -1e100 -1e100 -1e100 -1e100 -1e100 -1e100 -1e100 -1e100 -1e100 -1e100 -1e100 -1e100 -1e100 -1e100 -1e100 -1e100 -1e100 -1e100 -1e100 -1e100 -1e100 -1e100 -1e100 -1e100 -1e100 -1e100 -1e100 -1e100 -1e100 -1e100 -1e100 -1e100 -1e100 -1e100 -1e100 -1e100 -1e100 -1e100 -1e100 -1e100 -1e100 -1e100 -1e100 -1e100 -1e100 -1e100 -1e100 -1e100 -1e100 -1e100 -1e100 -1e100 -1e100 -1e100 -1e100 -1e100 -1e100 -1e100 -1e100 -1e100 -1e100 -1e100 -1e100 -1e100 -1e100 -1e100 -1e100 -1e100 -1e100 -1e100 -1e100 -1e100 -1e100 -1e100 -1e100
 -1e100 -1e100 -1e100 -1e100 -1e100 -1e100 -1e100 -1e100 -1e100 -1e100 -1e100      0      0      0      0      0      0      0      0 -1e100 -1e100 -1e100 -1e100 -1e100 -1e100 -1e100 -1e100 -1e100 -1e100 -1e100 -1e100 -1e100 -1e100 -1e100 -1e100 -1e100 -1e100 -1e100 -1e100 -1e100 -1e100 -1e100 -1e100 -1e100 -1e100 -1e100 -1e100 -1e100 -1e100 -1e100 -1e100 -1e100 -1e100 -1e100 -1e100 -1e100 -1e100 -1e100 -1e100 -1e100 -1e100 -1e100 -1e100 -1e100 -1e100 -1e100 -1e100 -1e100 -1e100 -1e100 -1e100 -1e100 -1e100 -1e100 -1e100 -1e100 -1e100 -1e100 -1e100 -1e100 -1e100 -1e100 -1e100 -1e100 -1e100 -1e100 -1e100 -1e100 -1e100 -1e100 -1e100 -1e100 -1e100 -1e100 -1e100 -1e100 -1e100 -1e100 -1e100 -1e100 -1e100 -1e100
 -1e100 -1e100 -1e100 -1e100 -1e100 -1e100 -1e100 -1e100 -1e100 -1e100 -1e100      0      0      0      0      0      0 -1e100 -1e100 -1e100 -1e100 -1e100 -1e100 -1e100 -1e100 -1e100 -1e100 -1e100 -1e100 -1e100 -1e100 -1e100 -1e100 -1e100 -1e100 -1e100 -1e100 -1e100 -1e100 -1e100 -1e100 -1e100 -1e100 -1e100 -1e100 -1e100 -1e100 -1e100 -1e100 -1e100 -1e100 -1e100 -1e100 -1e100 -1e100 -1e100 -1e100 -1e100 -1e100 -1e100 -1e100 -1e100 -1e100 -1e100 -1e100 -1e100 -1e100 -1e100 -1e100 -1e100 -1e100 -1e100 -1e100 -1e100 -1e100 -1e100 -1e100 -1e100 -1e100 -1e100 -1e100 -1e100 -1e100 -1e100 -1e100 -1e100 -1e100 -1e100 -1e100 -1e100 -1e100 -1e100 -1e100 -1e100 -1e100 -1e100 -1e100 -1e100 -1e100 -1e100 -1e100 -1e100
 -1e100 -1e100 -1e100 -1e100 -1e100 -1e100 -1e100 -1e100 -1e100 -1e100 -1e100 -1e100      0      0      0      0 -1e100 -1e100 -1e100 -1e100 -1e100 -1e100 -1e100 -1e100 -1e100 -1e100 -1e100 -1e100 -1e100 -1e100 -1e100 -1e100 -1e100 -1e100 -1e100 -1e100 -1e100 -1e100 -1e100 -1e100 -1e100 -1e100 -1e100 -1e100 -1e100 -1e100 -1e100 -1e100 -1e100 -1e100 -1e100 -1e100 -1e100 -1e100 -1e100 -1e100 -1e100 -1e100 -1e100 -1e100 -1e100 -1e100 -1e100 -1e100 -1e100 -1e100 -1e100 -1e100 -1e100 -1e100 -1e100 -1e100 -1e100 -1e100 -1e100 -1e100 -1e100 -1e100 -1e100 -1e100 -1e100 -1e100 -1e100 -1e100 -1e100 -1e100 -1e100 -1e100 -1e100 -1e100 -1e100 -1e100 -1e100 -1e100 -1e100 -1e100 -1e100 -1e100 -1e100 -1e100 -1e100 -1e100
 -1e100 -1e100 -1e100 -1e100 -1e100 -1e100 -1e100 -1e100 -1e100 -1e100 -1e100 -1e100 -1e100      0      0 -1e100 -1e100 -1e100 -1e100 -1e100 -1e100 -1e100 -1e100 -1e100 -1e100 -1e100 -1e100 -1e100 -1e100 -1e100 -1e100 -1e100 -1e100 -1e100 -1e100 -1e100 -1e100 -1e100 -1e100 -1e100 -1e100 -1e100 -1e100 -1e100 -1e100 -1e100 -1e100 -1e100 -1e100 -1e100 -1e100 -1e100 -1e100 -1e100 -1e100 -1e100 -1e100 -1e100 -1e100 -1e100 -1e100 -1e100 -1e100 -1e100 -1e100 -1e100 -1e100 -1e100 -1e100 -1e100 -1e100 -1e100 -1e100 -1e100 -1e100 -1e100 -1e100 -1e100 -1e100 -1e100 -1e100 -1e100 -1e100 -1e100 -1e100 -1e100 -1e100 -1e100 -1e100 -1e100 -1e100 -1e100 -1e100 -1e100 -1e100 -1e100 -1e100 -1e100 -1e100 -1e100 -1e100 -1e100
 -1e100 -1e100 -1e100 -1e100 -1e100 -1e100 -1e100 -1e100 -1e100 -1e100 -1e100 -1e100 -1e100 -1e100 -1e100 -1e100 -1e100 -1e100 -1e100 -1e100 -1e100 -1e100 -1e100 -1e100 -1e100 -1e100 -1e100 -1e100 -1e100 -1e100 -1e100 -1e100 -1e100 -1e100 -1e100 -1e100 -1e100 -1e100 -1e100 -1e100 -1e100 -1e100 -1e100 -1e100 -1e100 -1e100 -1e100 -1e100 -1e100 -1e100 -1e100 -1e100 -1e100 -1e100 -1e100 -1e100 -1e100 -1e100 -1e100 -1e100 -1e100 -1e100 -1e100 -1e100 -1e100 -1e100 -1e100 -1e100 -1e100 -1e100 -1e100 -1e100 -1e100 -1e100 -1e100 -1e100 -1e100 -1e100 -1e100 -1e100 -1e100 -1e100 -1e100 -1e100 -1e100 -1e100 -1e100 -1e100 -1e100 -1e100 -1e100 -1e100 -1e100 -1e100 -1e100 -1e100 -1e100 -1e100 -1e100 -1e100 -1e100 -1e100
