ncols        131
nrows        276
xllcorner    427570.140477125067
yllcorner    6593606.704551312141
cellsize     500.000000000000
NODATA_value -1e100
 -1e100 -1e100 -1e100 -1e100 -1e100 -1e100 -1e100 -1e100 -1e100 -1e100 -1e100 -1e100 -1e100 -1e100 -1e100 -1e100 -1e100 -1e100 -1e100 -1e100 -1e100 -1e100 -1e100 -1e100 -1e100 -1e100 -1e100 -1e100 -1e100 -1e100 -1e100 -1e100 -1e100 -1e100 -1e100 -1e100 -1e100 -1e100 -1e100 -1e100 -1e100 -1e100 -1e100 -1e100 -1e100 -1e100 -1e100 -1e100 -1e100 -1e100 -1e100 -1e100 -1e100 -1e100 -1e100 -1e100 -1e100 -1e100 -1e100 -1e100 -1e100 -1e100 -1e100 -1e100 -1e100 -1e100 -1e100 -1e100 -1e100 -1e100 -1e100 -1e100 -1e100 -1e100 -1e100 -1e100 -1e100 -1e100 -1e100 -1e100 -1e100 -1e100 -1e100 -1e100 -1e100 -1e100 -1e100 -1e100 -1e100 -1e100 -1e100 -1e100 -1e100 -1e100 -1e100 -1e100 -1e100 -1e100 -1e100 -1e100 -1e100 -1e100 -1e100 -1e100 -1e100 -1e100 -1e100 -1e100 -1e100 -1e100 -1e100 -1e100 -1e100 -1e100 -1e100 -1e100 -1e100 -1e100 -1e100 -1e100 -1e100 -1e100 -1e100 -1e100 -1e100 -1e100 -1e100 -1e100 -1e100 -1e100 -1e100
 -1e100 -1e100 -1e100 -1e100 -1e100 -1e100 -1e100 -1e100 -1e100 -1e100 -1e100 -1e100 -1e100 -1e100 -1e100 -1e100 -1e100 -1e100 -1e100 -1e100 -1e100 -1e100 -1e100 -1e100 -1e100 -1e100 -1e100 -1e100 -1e100 -1e100 -1e100 -1e100 -1e100 -1e100 -1e100 -1e100 -1e100 -1e100 -1e100 -1e100 -1e100 -1e100 -1e100 -1e100 -1e100 -1e100 -1e100 -1e100 -1e100 -1e100 -1e100 -1e100 -1e100 -1e100 -1e100 -1e100 -1e100 -1e100 -1e100 -1e100 -1e100 -1e100 -1e100 -1e100 -1e100 -1e100 -1e100 -1e100 -1e100 -1e100 -1e100 -1e100 -1e100 -1e100 -1e100 -1e100 -1e100 -1e100 -1e100 -1e100 -1e100 -1e100 -1e100 -1e100 -1e100 -1e100 -1e100 -1e100 -1e100 -1e100 -1e100 -1e100 -1e100 -1e100 -1e100 -1e100 -1e100 -1e100 -1e100 -1e100 -1e100 -1e100 -1e100 -1e100 -1e100 -1e100 -1e100 -1e100 -1e100 -1e100 -1e100 -1e100 -1e100 -1e100 -1e100 -1e100 -1e100 -1e100 -1e100 -1e100 -1e100 -1e100 -1e100 -1e100 -1e100 -1e100 -1e100 -1e100 -1e100 -1e100 -1e100
 -1e100 -1e100 -1e100 -1e100 -1e100 -1e100 -1e100 -1e100 -1e100 -1e100 -1e100 -1e100 -1e100 -1e100 -1e100 -1e100 -1e100 -1e100 -1e100 -1e100 -1e100 -1e100 -1e100 -1e100 -1e100 -1e100 -1e100 -1e100 -1e100 -1e100 -1e100 -1e100 -1e100 -1e100 -1e100 -1e100 -1e100 -1e100 -1e100 -1e100 -1e100 -1e100 -1e100 -1e100 -1e100 -1e100 -1e100 -510.765777587890625 -513.16412353515625 -515.1370849609375 -516.7874755859375 -1e100 -1e100 -1e100 -1e100 -1e100 -1e100 -1e100 -1e100 -1e100 -1e100 -1e100 -1e100 -1e100 -1e100 -1e100 -1e100 -1e100 -1e100 -1e100 -1e100 -1e100 -1e100 -1e100 -1e100 -1e100 -1e100 -1e100 -1e100 -1e100 -1e100 -1e100 -1e100 -1e100 -1e100 -1e100 -1e100 -1e100 -1e100 -1e100 -1e100 -1e100 -1e100 -1e100 -1e100 -1e100 -1e100 -1e100 -1e100 -1e100 -1e100 -1e100 -1e100 -1e100 -1e100 -1e100 -1e100 -1e100 -1e100 -1e100 -1e100 -1e100 -1e100 -1e100 -1e100 -1e100 -1e100 -1e100 -1e100 -1e100 -1e100 -1e100 -1e100 -1e100 -1e100 -1e100 -1e100 -1e100 -1e100 -1e100 -1e100
 -1e100 -1e100 -1e100 -1e100 -1e100 -1e100 -1e100 -1e100 -1e100 -1e100 -1e100 -1e100 -1e100 -1e100 -1e100 -1e100 -1e100 -1e100 -1e100 -1e100 -1e100 -1e100 -1e100 -1e100 -1e100 -1e100 -1e100 -1e100 -1e100 -1e100 -1e100 -1e100 -1e100 -1e100 -1e100 -1e100 -1e100 -1e100 -1e100 -1e100 -1e100 -1e100 -1e100 -1e100 -507.77301025390625 -509.750762939453125 -510.453857421875 -512.48529052734375 -515.14178466796875 -517.86846923828125 -519.84326171875 -1e100 -1e100 -1e100 -1e100 -1e100 -1e100 -1e100 -1e100 -1e100 -1e100 -1e100 -1e100 -1e100 -1e100 -1e100 -1e100 -1e100 -1e100 -1e100 -1e100 -1e100 -1e100 -1e100 -1e100 -1e100 -1e100 -1e100 -1e100 -1e100 -1e100 -1e100 -1e100 -1e100 -1e100 -1e100 -1e100 -1e100 -1e100 -1e100 -1e100 -1e100 -1e100 -1e100 -1e100 -1e100 -1e100 -1e100 -1e100 -1e100 -1e100 -1e100 -1e100 -1e100 -1e100 -1e100 -1e100 -1e100 -1e100 -1e100 -1e100 -1e100 -1e100 -1e100 -1e100 -1e100 -1e100 -1e100 -1e100 -1e100 -1e100 -1e100 -1e100 -1e100 -1e100 -1e100 -1e100 -1e100 -1e100 -1e100 -1e100
 -1e100 -1e100 -1e100 -1e100 -1e100 -1e100 -1e100 -1e100 -1e100 -1e100 -1e100 -1e100 -1e100 -1e100 -1e100 -1e100 -1e100 -1e100 -1e100 -1e100 -1e100 -1e100 -1e100 -1e100 -1e100 -1e100 -1e100 -1e100 -1e100 -1e100 -1e100 -1e100 -1e100 -1e100 -1e100 -1e100 -1e100 -1e100 -1e100 -1e100 -486.05584716796875 -493.176666259765625 -499.18780517578125 -504.25 -508.31536865234375 -510.62493896484375 -511.60174560546875 -513.75555419921875 -516.64996337890625 -519.95849609375 -522.18853759765625 -525.25006103515625 -1e100 -1e100 -1e100 -1e100 -1e100 -1e100 -1e100 -1e100 -1e100 -1e100 -1e100 -1e100 -1e100 -1e100 -1e100 -1e100 -1e100 -1e100 -1e100 -1e100 -1e100 -1e100 -1e100 -1e100 -1e100 -1e100 -1e100 -1e100 -1e100 -1e100 -1e100 -1e100 -1e100 -1e100 -1e100 -1e100 -1e100 -1e100 -1e100 -1e100 -1e100 -1e100 -1e100 -1e100 -1e100 -1e100 -1e100 -1e100 -1e100 -1e100 -1e100 -1e100 -1e100 -1e100 -1e100 -1e100 -1e100 -1e100 -1e100 -1e100 -1e100 -1e100 -1e100 -1e100 -1e100 -1e100 -1e100 -1e100 -1e100 -1e100 -1e100 -1e100 -1e100 -1e100 -1e100 -1e100 -1e100 -1e100 -1e100
 -1e100 -1e100 -1e100 -1e100 -1e100 -1e100 -1e100 -1e100 -1e100 -1e100 -1e100 -1e100 -1e100 -1e100 -1e100 -1e100 -1e100 -1e100 -1e100 -1e100 -1e100 -1e100 -1e100 -1e100 -1e100 -1e100 -1e100 -1e100 -1e100 -1e100 -1e100 -1e100 -1e100 -1e100 -1e100 -1e100 -1e100 -459.738800048828125 -469.417938232421875 -477.480712890625 -485.10205078125 -492.4947509765625 -498.7786865234375 -503.89501953125 -508.04437255859375 -510.900177001953125 -512.24420166015625 -514.74420166015625 -518.38995361328125 -522.68548583984375 -525.07550048828125 -528.51861572265625 -1e100 -1e100 -1e100 -1e100 -1e100 -1e100 -1e100 -1e100 -1e100 -1e100 -1e100 -1e100 -1e100 -1e100 -1e100 -1e100 -1e100 -1e100 -1e100 -1e100 -1e100 -1e100 -1e100 -1e100 -1e100 -1e100 -1e100 -1e100 -1e100 -1e100 -1e100 -1e100 -1e100 -1e100 -1e100 -1e100 -1e100 -1e100 -1e100 -1e100 -1e100 -1e100 -1e100 -1e100 -1e100 -1e100 -1e100 -1e100 -1e100 -1e100 -1e100 -1e100 -1e100 -1e100 -1e100 -1e100 -1e100 -1e100 -1e100 -1e100 -1e100 -1e100 -1e100 -1e100 -1e100 -1e100 -1e100 -1e100 -1e100 -1e100 -1e100 -1e100 -1e100 -1e100 -1e100 -1e100 -1e100 -1e100 -1e100
 -1e100 -1e100 -1e100 -1e100 -1e100 -1e100 -1e100 -1e100 -1e100 -1e100 -1e100 -1e100 -1e100 -1e100 -1e100 -1e100 -1e100 -1e100 -1e100 -1e100 -1e100 -1e100 -1e100 -1e100 -1e100 -1e100 -1e100 -1e100 -1e100 -1e100 -1e100 -1e100 -1e100 -1e100 -414.276214599609375 -428.80914306640625 -441.69500732421875 -454.138031005859375 -465.456695556640625 -475.23895263671875 -483.5458984375 -491.0806884765625 -497.38348388671875 -502.875579833984375 -507.587066650390625 -511.577301025390625 -513.88616943359375 -516.608154296875 -520.5286865234375 -525.113525390625 -528.0145263671875 -531.40283203125 -1e100 -1e100 -1e100 -1e100 -1e100 -1e100 -1e100 -1e100 -1e100 -1e100 -1e100 -1e100 -1e100 -1e100 -1e100 -1e100 -1e100 -1e100 -1e100 -1e100 -1e100 -1e100 -1e100 -1e100 -1e100 -1e100 -1e100 -1e100 -1e100 -1e100 -1e100 -1e100 -1e100 -1e100 -1e100 -1e100 -1e100 -1e100 -1e100 -1e100 -1e100 -1e100 -1e100 -1e100 -1e100 -1e100 -1e100 -1e100 -1e100 -1e100 -1e100 -1e100 -1e100 -1e100 -1e100 -1e100 -1e100 -1e100 -1e100 -1e100 -1e100 -1e100 -1e100 -1e100 -1e100 -1e100 -1e100 -1e100 -1e100 -1e100 -1e100 -1e100 -1e100 -1e100 -1e100 -1e100 -1e100 -1e100 -1e100
 -1e100 -1e100 -1e100 -1e100 -1e100 -1e100 -1e100 -1e100 -1e100 -1e100 -1e100 -1e100 -1e100 -1e100 -1e100 -1e100 -1e100 -1e100 -1e100 -1e100 -1e100 -1e100 -1e100 -1e100 -1e100 -1e100 -1e100 -1e100 -1e100 -1e100 -1e100 -1e100 -1e100 -399.321624755859375 -409.153411865234375 -422.97723388671875 -436.2498779296875 -449.11383056640625 -460.5035400390625 -471.44317626953125 -480.71551513671875 -488.7686767578125 -495.84490966796875 -501.7244873046875 -506.67242431640625 -511.18902587890625 -514.248291015625 -517.33123779296875 -521.24371337890625 -525.765625 -528.81976318359375 -531.9840087890625 -1e100 -1e100 -1e100 -1e100 -1e100 -1e100 -1e100 -1e100 -1e100 -1e100 -1e100 -1e100 -1e100 -1e100 -1e100 -1e100 -1e100 -1e100 -1e100 -1e100 -1e100 -1e100 -1e100 -1e100 -1e100 -1e100 -1e100 -1e100 -1e100 -1e100 -1e100 -1e100 -1e100 -1e100 -1e100 -1e100 -1e100 -1e100 -1e100 -1e100 -1e100 -1e100 -1e100 -1e100 -1e100 -1e100 -1e100 -1e100 -1e100 -1e100 -1e100 -1e100 -1e100 -1e100 -1e100 -1e100 -1e100 -1e100 -1e100 -1e100 -1e100 -1e100 -1e100 -1e100 -1e100 -1e100 -1e100 -1e100 -1e100 -1e100 -1e100 -1e100 -1e100 -1e100 -1e100 -1e100 -1e100 -1e100 -1e100
 -1e100 -1e100 -1e100 -1e100 -1e100 -1e100 -1e100 -1e100 -1e100 -1e100 -1e100 -1e100 -1e100 -1e100 -1e100 -1e100 -1e100 -1e100 -1e100 -1e100 -1e100 -1e100 -1e100 -1e100 -1e100 -1e100 -1e100 -1e100 -1e100 -1e100 -1e100 -1e100 -1e100 -396.3238525390625 -405.8046875 -417.018646240234375 -429.5546875 -442.707733154296875 -454.830230712890625 -467.915771484375 -478.679168701171875 -487.111236572265625 -493.77325439453125 -499.4217529296875 -504.2847900390625 -509.042724609375 -512.853515625 -516.46502685546875 -520.455078125 -524.8214111328125 -527.93670654296875 -530.5711669921875 -533.8594970703125 -1e100 -1e100 -1e100 -1e100 -1e100 -1e100 -1e100 -1e100 -1e100 -1e100 -1e100 -1e100 -1e100 -1e100 -1e100 -1e100 -1e100 -1e100 -1e100 -1e100 -1e100 -1e100 -1e100 -1e100 -1e100 -1e100 -1e100 -1e100 -1e100 -1e100 -1e100 -1e100 -1e100 -1e100 -1e100 -1e100 -1e100 -1e100 -1e100 -1e100 -1e100 -1e100 -1e100 -1e100 -1e100 -1e100 -1e100 -1e100 -1e100 -1e100 -1e100 -1e100 -1e100 -1e100 -1e100 -1e100 -1e100 -1e100 -1e100 -1e100 -1e100 -1e100 -1e100 -1e100 -1e100 -1e100 -1e100 -1e100 -1e100 -1e100 -1e100 -1e100 -1e100 -1e100 -1e100 -1e100 -1e100 -1e100
 -1e100 -1e100 -1e100 -1e100 -1e100 -1e100 -1e100 -1e100 -1e100 -1e100 -1e100 -1e100 -1e100 -1e100 -1e100 -1e100 -1e100 -1e100 -1e100 -1e100 -1e100 -1e100 -1e100 -1e100 -1e100 -1e100 -1e100 -1e100 -1e100 -1e100 -1e100 -1e100 -1e100 -389.914581298828125 -397.860809326171875 -408.1337890625 -420.8280029296875 -434.4759521484375 -448.42852783203125 -463.4703369140625 -475.46746826171875 -484.51873779296875 -491.000091552734375 -496.288665771484375 -500.867279052734375 -505.819732666015625 -509.891876220703125 -514.00677490234375 -518.2088623046875 -522.419921875 -525.672119140625 -528.12261962890625 -531.00439453125 -1e100 -1e100 -1e100 -1e100 -1e100 -1e100 -1e100 -1e100 -1e100 -1e100 -1e100 -1e100 -1e100 -1e100 -1e100 -1e100 -1e100 -1e100 -1e100 -1e100 -1e100 -1e100 -1e100 -1e100 -1e100 -1e100 -1e100 -1e100 -1e100 -1e100 -1e100 -1e100 -1e100 -1e100 -1e100 -1e100 -1e100 -1e100 -1e100 -1e100 -1e100 -1e100 -1e100 -1e100 -1e100 -1e100 -1e100 -1e100 -1e100 -1e100 -1e100 -1e100 -1e100 -1e100 -1e100 -1e100 -1e100 -1e100 -1e100 -1e100 -1e100 -1e100 -1e100 -1e100 -1e100 -1e100 -1e100 -1e100 -1e100 -1e100 -1e100 -1e100 -1e100 -1e100 -1e100 -1e100 -1e100 -1e100
 -1e100 -1e100 -1e100 -1e100 -1e100 -1e100 -1e100 -1e100 -1e100 -1e100 -1e100 -1e100 -1e100 -1e100 -1e100 -1e100 -1e100 -1e100 -1e100 -1e100 -1e100 -1e100 -1e100 -1e100 -1e100 -1e100 -1e100 -1e100 -1e100 -1e100 -1e100 -1e100 -1e100 -385.666015625 -392.875 -402.0181884765625 -413.999114990234375 -427.655853271484375 -442.217926025390625 -458.2276611328125 -471.100189208984375 -480.9700927734375 -487.5819091796875 -492.79412841796875 -497.244659423828125 -502.1790771484375 -506.171417236328125 -510.59765625 -515.0582275390625 -519.16607666015625 -522.91094970703125 -525.2869873046875 -527.63653564453125 -1e100 -1e100 -1e100 -1e100 -1e100 -1e100 -1e100 -1e100 -1e100 -1e100 -1e100 -1e100 -1e100 -1e100 -1e100 -1e100 -1e100 -1e100 -1e100 -1e100 -1e100 -1e100 -1e100 -1e100 -1e100 -1e100 -1e100 -1e100 -1e100 -1e100 -1e100 -1e100 -1e100 -1e100 -1e100 -1e100 -1e100 -1e100 -1e100 -1e100 -1e100 -1e100 -1e100 -1e100 -1e100 -1e100 -1e100 -1e100 -1e100 -1e100 -1e100 -1e100 -1e100 -1e100 -1e100 -1e100 -1e100 -1e100 -1e100 -1e100 -1e100 -1e100 -1e100 -1e100 -1e100 -1e100 -1e100 -1e100 -1e100 -1e100 -1e100 -1e100 -1e100 -1e100 -1e100 -1e100 -1e100 -1e100
 -1e100 -1e100 -1e100 -1e100 -1e100 -1e100 -1e100 -1e100 -1e100 -1e100 -1e100 -1e100 -1e100 -1e100 -1e100 -1e100 -1e100 -1e100 -1e100 -1e100 -1e100 -1e100 -1e100 -1e100 -1e100 -1e100 -1e100 -1e100 -1e100 -1e100 -1e100 -1e100 -1e100 -382.573760986328125 -388.92437744140625 -397.250518798828125 -408.54046630859375 -421.961395263671875 -436.537841796875 -452.74761962890625 -466.219146728515625 -476.77679443359375 -483.57684326171875 -488.809814453125 -493.2418212890625 -497.795166015625 -501.66461181640625 -506.168670654296875 -510.757293701171875 -514.922119140625 -518.7840576171875 -521.18157958984375 -523.2218017578125 -1e100 -1e100 -1e100 -1e100 -1e100 -1e100 -1e100 -1e100 -1e100 -1e100 -1e100 -1e100 -1e100 -1e100 -1e100 -1e100 -1e100 -1e100 -1e100 -1e100 -1e100 -1e100 -1e100 -1e100 -1e100 -1e100 -1e100 -1e100 -1e100 -1e100 -1e100 -1e100 -1e100 -1e100 -1e100 -1e100 -1e100 -1e100 -1e100 -1e100 -1e100 -1e100 -1e100 -1e100 -1e100 -1e100 -1e100 -1e100 -1e100 -1e100 -1e100 -1e100 -1e100 -1e100 -1e100 -1e100 -1e100 -1e100 -1e100 -1e100 -1e100 -1e100 -1e100 -1e100 -1e100 -1e100 -1e100 -1e100 -1e100 -1e100 -1e100 -1e100 -1e100 -1e100 -1e100 -1e100 -1e100 -1e100
 -1e100 -1e100 -1e100 -1e100 -1e100 -1e100 -1e100 -1e100 -1e100 -1e100 -1e100 -1e100 -1e100 -1e100 -1e100 -1e100 -1e100 -1e100 -1e100 -1e100 -1e100 -1e100 -1e100 -1e100 -1e100 -1e100 -1e100 -1e100 -1e100 -1e100 -1e100 -1e100 -1e100 -379.88836669921875 -385.8004150390625 -393.619537353515625 -404.36932373046875 -417.501373291015625 -431.823486328125 -447.61297607421875 -460.806243896484375 -471.556060791015625 -478.4017333984375 -483.562469482421875 -487.987274169921875 -492.57281494140625 -496.469635009765625 -501.09344482421875 -506.097198486328125 -510.608856201171875 -514.80780029296875 -517.634765625 -519.6190185546875 -520.735107421875 -1e100 -1e100 -1e100 -1e100 -1e100 -1e100 -1e100 -1e100 -1e100 -1e100 -1e100 -1e100 -1e100 -1e100 -1e100 -1e100 -1e100 -1e100 -1e100 -1e100 -1e100 -1e100 -1e100 -1e100 -1e100 -1e100 -1e100 -1e100 -1e100 -1e100 -1e100 -1e100 -1e100 -1e100 -1e100 -1e100 -1e100 -1e100 -1e100 -1e100 -1e100 -1e100 -1e100 -1e100 -1e100 -1e100 -1e100 -1e100 -1e100 -1e100 -1e100 -1e100 -1e100 -1e100 -1e100 -1e100 -1e100 -1e100 -1e100 -1e100 -1e100 -1e100 -1e100 -1e100 -1e100 -1e100 -1e100 -1e100 -1e100 -1e100 -1e100 -1e100 -1e100 -1e100 -1e100 -1e100 -1e100
 -1e100 -1e100 -1e100 -1e100 -1e100 -1e100 -1e100 -1e100 -1e100 -1e100 -1e100 -1e100 -1e100 -1e100 -1e100 -1e100 -1e100 -1e100 -1e100 -1e100 -1e100 -1e100 -1e100 -1e100 -1e100 -1e100 -1e100 -1e100 -1e100 -1e100 -1e100 -1e100 -1e100 -376.8865966796875 -382.58819580078125 -390.031951904296875 -400.072265625 -412.45867919921875 -426.65997314453125 -441.55975341796875 -454.228668212890625 -465.106353759765625 -472.52593994140625 -477.973358154296875 -482.5528564453125 -487.316925048828125 -491.181243896484375 -495.692108154296875 -500.85089111328125 -505.836761474609375 -510.455108642578125 -514.09808349609375 -516.29962158203125 -517.92584228515625 -1e100 -1e100 -1e100 -1e100 -1e100 -1e100 -1e100 -1e100 -1e100 -1e100 -1e100 -1e100 -1e100 -1e100 -1e100 -1e100 -1e100 -1e100 -1e100 -1e100 -1e100 -1e100 -1e100 -1e100 -1e100 -1e100 -1e100 -1e100 -1e100 -1e100 -1e100 -1e100 -1e100 -1e100 -1e100 -1e100 -1e100 -1e100 -1e100 -1e100 -1e100 -1e100 -1e100 -1e100 -1e100 -1e100 -1e100 -1e100 -1e100 -1e100 -1e100 -1e100 -1e100 -1e100 -1e100 -1e100 -1e100 -1e100 -1e100 -1e100 -1e100 -1e100 -1e100 -1e100 -1e100 -1e100 -1e100 -1e100 -1e100 -1e100 -1e100 -1e100 -1e100 -1e100 -1e100 -1e100 -1e100
 -1e100 -1e100 -1e100 -1e100 -1e100 -1e100 -1e100 -1e100 -1e100 -1e100 -1e100 -1e100 -1e100 -1e100 -1e100 -1e100 -1e100 -1e100 -1e100 -1e100 -1e100 -1e100 -1e100 -1e100 -1e100 -1e100 -1e100 -1e100 -1e100 -1e100 -1e100 -1e100 -1e100 -374.036224365234375 -379.64141845703125 -386.857391357421875 -396.362152099609375 -408.1158447265625 -421.56512451171875 -435.3782958984375 -447.5316162109375 -458.39239501953125 -466.232330322265625 -472.3333740234375 -477.4119873046875 -482.384307861328125 -486.53656005859375 -490.8880615234375 -495.912628173828125 -501.174072265625 -506.2232666015625 -510.627349853515625 -513.24407958984375 -515.38323974609375 -1e100 -1e100 -1e100 -1e100 -1e100 -1e100 -1e100 -1e100 -1e100 -1e100 -1e100 -1e100 -1e100 -1e100 -1e100 -1e100 -1e100 -1e100 -1e100 -1e100 -1e100 -1e100 -1e100 -1e100 -1e100 -1e100 -1e100 -1e100 -1e100 -1e100 -1e100 -1e100 -1e100 -1e100 -1e100 -1e100 -1e100 -1e100 -1e100 -1e100 -1e100 -1e100 -1e100 -1e100 -1e100 -1e100 -1e100 -1e100 -1e100 -1e100 -1e100 -1e100 -1e100 -1e100 -1e100 -1e100 -1e100 -1e100 -1e100 -1e100 -1e100 -1e100 -1e100 -1e100 -1e100 -1e100 -1e100 -1e100 -1e100 -1e100 -1e100 -1e100 -1e100 -1e100 -1e100 -1e100 -1e100
 -1e100 -1e100 -1e100 -1e100 -1e100 -1e100 -1e100 -1e100 -1e100 -1e100 -1e100 -1e100 -1e100 -1e100 -1e100 -1e100 -1e100 -1e100 -1e100 -1e100 -1e100 -1e100 -1e100 -1e100 -1e100 -1e100 -1e100 -1e100 -1e100 -1e100 -1e100 -1e100 -1e100 -370.767822265625 -376.291839599609375 -383.34765625 -392.350311279296875 -403.30157470703125 -415.791748046875 -428.435577392578125 -440.127838134765625 -450.8896484375 -459.293975830078125 -466.25140380859375 -472.186614990234375 -477.415283203125 -482.063018798828125 -486.4713134765625 -491.371826171875 -496.778228759765625 -502.227813720703125 -506.78497314453125 -509.8212890625 -512.21881103515625 -1e100 -1e100 -1e100 -1e100 -1e100 -1e100 -1e100 -1e100 -1e100 -1e100 -1e100 -1e100 -1e100 -1e100 -1e100 -1e100 -1e100 -1e100 -1e100 -1e100 -1e100 -1e100 -1e100 -1e100 -1e100 -1e100 -1e100 -1e100 -1e100 -1e100 -1e100 -1e100 -1e100 -1e100 -1e100 -1e100 -1e100 -1e100 -1e100 -1e100 -1e100 -1e100 -1e100 -1e100 -1e100 -1e100 -1e100 -1e100 -1e100 -1e100 -1e100 -1e100 -1e100 -1e100 -1e100 -1e100 -1e100 -1e100 -1e100 -1e100 -1e100 -1e100 -1e100 -1e100 -1e100 -1e100 -1e100 -1e100 -1e100 -1e100 -1e100 -1e100 -1e100 -1e100 -1e100 -1e100 -1e100
 -1e100 -1e100 -1e100 -1e100 -1e100 -1e100 -1e100 -1e100 -1e100 -1e100 -1e100 -1e100 -1e100 -1e100 -1e100 -1e100 -1e100 -1e100 -1e100 -1e100 -1e100 -1e100 -1e100 -1e100 -1e100 -1e100 -1e100 -1e100 -1e100 -1e100 -1e100 -1e100 -1e100 -366.669769287109375 -371.802825927734375 -378.546783447265625 -386.876678466796875 -397.153717041015625 -409.048797607421875 -421.10211181640625 -432.474029541015625 -443.55133056640625 -452.548126220703125 -460.196746826171875 -466.76239013671875 -472.42315673828125 -477.392852783203125 -482.1986083984375 -487.175628662109375 -492.76239013671875 -498.464447021484375 -503.19610595703125 -506.507476806640625 -508.925567626953125 -510.96392822265625 -1e100 -1e100 -1e100 -1e100 -1e100 -1e100 -1e100 -1e100 -1e100 -1e100 -1e100 -1e100 -1e100 -1e100 -1e100 -1e100 -1e100 -1e100 -1e100 -1e100 -1e100 -1e100 -1e100 -1e100 -1e100 -1e100 -1e100 -1e100 -1e100 -1e100 -1e100 -1e100 -1e100 -1e100 -1e100 -1e100 -1e100 -1e100 -1e100 -1e100 -1e100 -1e100 -1e100 -1e100 -1e100 -1e100 -1e100 -1e100 -1e100 -1e100 -1e100 -1e100 -1e100 -1e100 -1e100 -1e100 -1e100 -1e100 -1e100 -1e100 -1e100 -1e100 -1e100 -1e100 -1e100 -1e100 -1e100 -1e100 -1e100 -1e100 -1e100 -1e100 -1e100 -1e100 -1e100 -1e100
 -1e100 -1e100 -1e100 -1e100 -1e100 -1e100 -1e100 -1e100 -1e100 -1e100 -1e100 -1e100 -1e100 -1e100 -1e100 -1e100 -1e100 -1e100 -1e100 -1e100 -1e100 -1e100 -1e100 -1e100 -1e100 -1e100 -1e100 -1e100 -1e100 -1e100 -1e100 -1e100 -1e100 -362.40740966796875 -366.912567138671875 -373.052154541015625 -380.7139892578125 -390.362579345703125 -401.71710205078125 -413.530670166015625 -425.0792236328125 -436.673980712890625 -446.57440185546875 -455.124298095703125 -462.276397705078125 -468.31427001953125 -473.42462158203125 -478.394256591796875 -483.3477783203125 -489.056365966796875 -494.7762451171875 -499.612548828125 -503.261260986328125 -505.595703125 -507.517303466796875 -1e100 -1e100 -1e100 -1e100 -1e100 -1e100 -1e100 -1e100 -1e100 -1e100 -1e100 -1e100 -1e100 -1e100 -1e100 -1e100 -1e100 -1e100 -1e100 -1e100 -1e100 -1e100 -1e100 -1e100 -1e100 -1e100 -1e100 -1e100 -1e100 -1e100 -1e100 -1e100 -1e100 -1e100 -1e100 -1e100 -1e100 -1e100 -1e100 -1e100 -1e100 -1e100 -1e100 -1e100 -1e100 -1e100 -1e100 -1e100 -1e100 -1e100 -1e100 -1e100 -1e100 -1e100 -1e100 -1e100 -1e100 -1e100 -1e100 -1e100 -1e100 -1e100 -1e100 -1e100 -1e100 -1e100 -1e100 -1e100 -1e100 -1e100 -1e100 -1e100 -1e100 -1e100 -1e100 -1e100
 -1e100 -1e100 -1e100 -1e100 -1e100 -1e100 -1e100 -1e100 -1e100 -1e100 -1e100 -1e100 -1e100 -1e100 -1e100 -1e100 -1e100 -1e100 -1e100 -1e100 -1e100 -1e100 -1e100 -1e100 -1e100 -1e100 -1e100 -1e100 -1e100 -1e100 -1e100 -1e100 -1e100 -358.3983154296875 -361.98492431640625 -367.19879150390625 -374.027374267578125 -383.0869140625 -394.105438232421875 -406.0411376953125 -417.94293212890625 -430.137420654296875 -440.977142333984375 -450.422119140625 -458.120147705078125 -464.4083251953125 -469.686370849609375 -474.7376708984375 -479.697235107421875 -485.34918212890625 -491.03973388671875 -495.785858154296875 -499.84527587890625 -501.975250244140625 -503.669403076171875 -1e100 -1e100 -1e100 -1e100 -1e100 -1e100 -1e100 -1e100 -1e100 -1e100 -1e100 -1e100 -1e100 -1e100 -1e100 -1e100 -1e100 -1e100 -1e100 -1e100 -1e100 -1e100 -1e100 -1e100 -1e100 -1e100 -1e100 -1e100 -1e100 -1e100 -1e100 -1e100 -1e100 -1e100 -1e100 -1e100 -1e100 -1e100 -1e100 -1e100 -1e100 -1e100 -1e100 -1e100 -1e100 -1e100 -1e100 -1e100 -1e100 -1e100 -1e100 -1e100 -1e100 -1e100 -1e100 -1e100 -1e100 -1e100 -1e100 -1e100 -1e100 -1e100 -1e100 -1e100 -1e100 -1e100 -1e100 -1e100 -1e100 -1e100 -1e100 -1e100 -1e100 -1e100 -1e100 -1e100
 -1e100 -1e100 -1e100 -1e100 -1e100 -1e100 -1e100 -1e100 -1e100 -1e100 -1e100 -1e100 -1e100 -1e100 -1e100 -1e100 -1e100 -1e100 -1e100 -1e100 -1e100 -1e100 -1e100 -1e100 -1e100 -1e100 -1e100 -1e100 -1e100 -1e100 -1e100 -1e100 -1e100 -355.49725341796875 -358.157745361328125 -362.29815673828125 -368.146087646484375 -376.531951904296875 -387.244384765625 -399.19891357421875 -411.352783203125 -423.903289794921875 -435.469879150390625 -445.5208740234375 -453.677032470703125 -460.2591552734375 -465.72418212890625 -470.805938720703125 -475.85723876953125 -481.435791015625 -487.172149658203125 -492.0335693359375 -495.9874267578125 -498.043670654296875 -499.613800048828125 -1e100 -1e100 -1e100 -1e100 -1e100 -1e100 -1e100 -1e100 -1e100 -1e100 -1e100 -1e100 -1e100 -1e100 -1e100 -1e100 -1e100 -1e100 -1e100 -1e100 -1e100 -1e100 -1e100 -1e100 -1e100 -1e100 -1e100 -1e100 -1e100 -1e100 -1e100 -1e100 -1e100 -1e100 -1e100 -1e100 -1e100 -1e100 -1e100 -1e100 -1e100 -1e100 -1e100 -1e100 -1e100 -1e100 -1e100 -1e100 -1e100 -1e100 -1e100 -1e100 -1e100 -1e100 -1e100 -1e100 -1e100 -1e100 -1e100 -1e100 -1e100 -1e100 -1e100 -1e100 -1e100 -1e100 -1e100 -1e100 -1e100 -1e100 -1e100 -1e100 -1e100 -1e100 -1e100 -1e100
 -1e100 -1e100 -1e100 -1e100 -1e100 -1e100 -1e100 -1e100 -1e100 -1e100 -1e100 -1e100 -1e100 -1e100 -1e100 -1e100 -1e100 -1e100 -1e100 -1e100 -1e100 -1e100 -1e100 -1e100 -1e100 -1e100 -1e100 -1e100 -1e100 -1e100 -1e100 -1e100 -1e100 -354.5286865234375 -356.555755615234375 -359.88604736328125 -364.80487060546875 -372.29803466796875 -382.232330322265625 -393.8341064453125 -405.758056640625 -418.176788330078125 -430.1231689453125 -440.741912841796875 -449.052215576171875 -456.05523681640625 -461.792388916015625 -466.664886474609375 -471.3428955078125 -476.903564453125 -482.566986083984375 -487.612884521484375 -491.801849365234375 -494.445709228515625 -496.07818603515625 -497.51470947265625 -1e100 -1e100 -1e100 -1e100 -1e100 -1e100 -1e100 -1e100 -1e100 -1e100 -1e100 -1e100 -1e100 -1e100 -1e100 -1e100 -1e100 -1e100 -1e100 -1e100 -1e100 -1e100 -1e100 -1e100 -1e100 -1e100 -1e100 -1e100 -1e100 -1e100 -1e100 -1e100 -1e100 -1e100 -1e100 -1e100 -1e100 -1e100 -1e100 -1e100 -1e100 -1e100 -1e100 -1e100 -1e100 -1e100 -1e100 -1e100 -1e100 -1e100 -1e100 -1e100 -1e100 -1e100 -1e100 -1e100 -1e100 -1e100 -1e100 -1e100 -1e100 -1e100 -1e100 -1e100 -1e100 -1e100 -1e100 -1e100 -1e100 -1e100 -1e100 -1e100 -1e100 -1e100 -1e100
 -1e100 -1e100 -1e100 -1e100 -1e100 -1e100 -1e100 -1e100 -1e100 -1e100 -1e100 -1e100 -1e100 -1e100 -1e100 -1e100 -1e100 -1e100 -1e100 -1e100 -1e100 -1e100 -1e100 -1e100 -1e100 -1e100 -1e100 -1e100 -1e100 -1e100 -1e100 -1e100 -1e100 -356.0087890625 -357.947784423828125 -360.8538818359375 -365.108428955078125 -371.4561767578125 -379.86883544921875 -389.97613525390625 -400.9005126953125 -412.4801025390625 -424.436981201171875 -435.587005615234375 -444.4808349609375 -451.994232177734375 -458.076080322265625 -462.81622314453125 -467.24932861328125 -472.637451171875 -478.1610107421875 -483.410858154296875 -487.96063232421875 -491.6182861328125 -493.477447509765625 -495.273895263671875 -1e100 -1e100 -1e100 -1e100 -1e100 -1e100 -1e100 -1e100 -1e100 -1e100 -1e100 -1e100 -1e100 -1e100 -1e100 -1e100 -1e100 -1e100 -1e100 -1e100 -1e100 -1e100 -1e100 -1e100 -1e100 -1e100 -1e100 -1e100 -1e100 -1e100 -1e100 -1e100 -1e100 -1e100 -1e100 -1e100 -1e100 -1e100 -1e100 -1e100 -1e100 -1e100 -1e100 -1e100 -1e100 -1e100 -1e100 -1e100 -1e100 -1e100 -1e100 -1e100 -1e100 -1e100 -1e100 -1e100 -1e100 -1e100 -1e100 -1e100 -1e100 -1e100 -1e100 -1e100 -1e100 -1e100 -1e100 -1e100 -1e100 -1e100 -1e100 -1e100 -1e100 -1e100 -1e100
 -1e100 -1e100 -1e100 -1e100 -1e100 -1e100 -1e100 -1e100 -1e100 -1e100 -1e100 -1e100 -1e100 -1e100 -1e100 -1e100 -1e100 -1e100 -1e100 -1e100 -1e100 -1e100 -1e100 -1e100 -1e100 -1e100 -1e100 -1e100 -1e100 -1e100 -1e100 -1e100 -1e100 -359.821533203125 -361.99920654296875 -364.850128173828125 -368.410308837890625 -373.257354736328125 -379.539306640625 -387.319732666015625 -396.34698486328125 -406.700653076171875 -418.105194091796875 -429.552734375 -439.333404541015625 -447.46856689453125 -453.97430419921875 -459.142730712890625 -463.6556396484375 -468.7445068359375 -474.374969482421875 -480.017059326171875 -484.88519287109375 -489.528228759765625 -492.141143798828125 -494.201690673828125 -1e100 -1e100 -1e100 -1e100 -1e100 -1e100 -1e100 -1e100 -1e100 -1e100 -1e100 -1e100 -1e100 -1e100 -1e100 -1e100 -1e100 -1e100 -1e100 -1e100 -1e100 -1e100 -1e100 -1e100 -1e100 -1e100 -1e100 -1e100 -1e100 -1e100 -1e100 -1e100 -1e100 -1e100 -1e100 -1e100 -1e100 -1e100 -1e100 -1e100 -1e100 -1e100 -1e100 -1e100 -1e100 -1e100 -1e100 -1e100 -1e100 -1e100 -1e100 -1e100 -1e100 -1e100 -1e100 -1e100 -1e100 -1e100 -1e100 -1e100 -1e100 -1e100 -1e100 -1e100 -1e100 -1e100 -1e100 -1e100 -1e100 -1e100 -1e100 -1e100 -1e100 -1e100 -1e100
 -1e100 -1e100 -1e100 -1e100 -1e100 -1e100 -1e100 -1e100 -1e100 -1e100 -1e100 -1e100 -1e100 -1e100 -1e100 -1e100 -1e100 -1e100 -1e100 -1e100 -1e100 -1e100 -1e100 -1e100 -1e100 -1e100 -1e100 -1e100 -1e100 -1e100 -1e100 -1e100 -1e100 -365.30157470703125 -368.212158203125 -371.625030517578125 -374.924713134765625 -378.106842041015625 -381.6025390625 -386.20843505859375 -392.46502685546875 -400.794769287109375 -411.22235107421875 -422.796905517578125 -433.578216552734375 -442.579559326171875 -449.674285888671875 -455.4627685546875 -460.33660888671875 -465.24395751953125 -471.099761962890625 -477.20660400390625 -482.547943115234375 -487.5921630859375 -490.9852294921875 -492.945892333984375 -1e100 -1e100 -1e100 -1e100 -1e100 -1e100 -1e100 -1e100 -1e100 -1e100 -1e100 -1e100 -1e100 -1e100 -1e100 -1e100 -1e100 -1e100 -1e100 -1e100 -1e100 -1e100 -1e100 -1e100 -1e100 -1e100 -1e100 -1e100 -1e100 -1e100 -1e100 -1e100 -1e100 -1e100 -1e100 -1e100 -1e100 -1e100 -1e100 -1e100 -1e100 -1e100 -1e100 -1e100 -1e100 -1e100 -1e100 -1e100 -1e100 -1e100 -1e100 -1e100 -1e100 -1e100 -1e100 -1e100 -1e100 -1e100 -1e100 -1e100 -1e100 -1e100 -1e100 -1e100 -1e100 -1e100 -1e100 -1e100 -1e100 -1e100 -1e100 -1e100 -1e100 -1e100 -1e100
 -1e100 -1e100 -1e100 -1e100 -1e100 -1e100 -1e100 -1e100 -1e100 -1e100 -1e100 -1e100 -1e100 -1e100 -1e100 -1e100 -1e100 -1e100 -1e100 -1e100 -1e100 -1e100 -1e100 -1e100 -1e100 -1e100 -1e100 -1e100 -1e100 -1e100 -1e100 -1e100 -1e100 -371.00518798828125 -375.2071533203125 -380.0418701171875 -384.091217041015625 -385.99627685546875 -386.49383544921875 -387.505828857421875 -390.15484619140625 -395.526275634765625 -404.455322265625 -415.977630615234375 -427.660247802734375 -437.69476318359375 -445.47930908203125 -452.0784912109375 -457.2169189453125 -461.905548095703125 -467.8560791015625 -474.366668701171875 -480.191986083984375 -486.00921630859375 -490.396820068359375 -492.407562255859375 -494.613922119140625 -1e100 -1e100 -1e100 -1e100 -1e100 -1e100 -1e100 -1e100 -1e100 -1e100 -1e100 -1e100 -1e100 -1e100 -1e100 -1e100 -1e100 -1e100 -1e100 -1e100 -1e100 -1e100 -1e100 -1e100 -1e100 -1e100 -1e100 -1e100 -1e100 -1e100 -1e100 -1e100 -1e100 -1e100 -1e100 -1e100 -1e100 -1e100 -1e100 -1e100 -1e100 -1e100 -1e100 -1e100 -1e100 -1e100 -1e100 -1e100 -1e100 -1e100 -1e100 -1e100 -1e100 -1e100 -1e100 -1e100 -1e100 -1e100 -1e100 -1e100 -1e100 -1e100 -1e100 -1e100 -1e100 -1e100 -1e100 -1e100 -1e100 -1e100 -1e100 -1e100 -1e100 -1e100
 -1e100 -1e100 -1e100 -1e100 -1e100 -1e100 -1e100 -1e100 -1e100 -1e100 -1e100 -1e100 -1e100 -1e100 -1e100 -1e100 -1e100 -1e100 -1e100 -1e100 -1e100 -1e100 -1e100 -1e100 -1e100 -1e100 -1e100 -1e100 -1e100 -1e100 -1e100 -1e100 -1e100 -375.558624267578125 -381.294189453125 -388.15020751953125 -394.199798583984375 -395.55706787109375 -393.10394287109375 -390.375518798828125 -389.2156982421875 -391.00616455078125 -397.978057861328125 -409.305938720703125 -421.786590576171875 -432.5650634765625 -440.873779296875 -448.753509521484375 -454.738128662109375 -459.685455322265625 -465.915557861328125 -472.638641357421875 -478.6268310546875 -484.976715087890625 -490.189453125 -492.307037353515625 -494.703582763671875 -1e100 -1e100 -1e100 -1e100 -1e100 -1e100 -1e100 -1e100 -1e100 -1e100 -1e100 -1e100 -1e100 -1e100 -1e100 -1e100 -1e100 -1e100 -1e100 -1e100 -1e100 -1e100 -1e100 -1e100 -1e100 -1e100 -1e100 -1e100 -1e100 -1e100 -1e100 -1e100 -1e100 -1e100 -1e100 -1e100 -1e100 -1e100 -1e100 -1e100 -1e100 -1e100 -1e100 -1e100 -1e100 -1e100 -1e100 -1e100 -1e100 -1e100 -1e100 -1e100 -1e100 -1e100 -1e100 -1e100 -1e100 -1e100 -1e100 -1e100 -1e100 -1e100 -1e100 -1e100 -1e100 -1e100 -1e100 -1e100 -1e100 -1e100 -1e100 -1e100 -1e100 -1e100
 -1e100 -1e100 -1e100 -1e100 -1e100 -1e100 -1e100 -1e100 -1e100 -1e100 -1e100 -1e100 -1e100 -1e100 -1e100 -1e100 -1e100 -1e100 -1e100 -1e100 -1e100 -1e100 -1e100 -1e100 -1e100 -1e100 -1e100 -1e100 -1e100 -1e100 -1e100 -1e100 -1e100 -377.6722412109375 -384.50042724609375 -393.164520263671875 -401.566131591796875 -402.737396240234375 -397.5601806640625 -391.80877685546875 -386.959808349609375 -384.797027587890625 -390.1214599609375 -402.1187744140625 -415.275115966796875 -427.04571533203125 -436.27801513671875 -445.245849609375 -452.162261962890625 -457.4083251953125 -463.932098388671875 -470.826416015625 -476.974609375 -483.563201904296875 -489.62860107421875 -492.3648681640625 -494.84478759765625 -1e100 -1e100 -1e100 -1e100 -1e100 -1e100 -1e100 -1e100 -1e100 -1e100 -1e100 -1e100 -1e100 -1e100 -1e100 -1e100 -1e100 -1e100 -1e100 -1e100 -1e100 -1e100 -1e100 -1e100 -1e100 -1e100 -1e100 -1e100 -1e100 -1e100 -1e100 -1e100 -1e100 -1e100 -1e100 -1e100 -1e100 -1e100 -1e100 -1e100 -1e100 -1e100 -1e100 -1e100 -1e100 -1e100 -1e100 -1e100 -1e100 -1e100 -1e100 -1e100 -1e100 -1e100 -1e100 -1e100 -1e100 -1e100 -1e100 -1e100 -1e100 -1e100 -1e100 -1e100 -1e100 -1e100 -1e100 -1e100 -1e100 -1e100 -1e100 -1e100 -1e100 -1e100
 -1e100 -1e100 -1e100 -1e100 -1e100 -1e100 -1e100 -1e100 -1e100 -1e100 -1e100 -1e100 -1e100 -1e100 -1e100 -1e100 -1e100 -1e100 -1e100 -1e100 -1e100 -1e100 -1e100 -1e100 -1e100 -1e100 -1e100 -1e100 -1e100 -1e100 -1e100 -1e100 -1e100 -377.579833984375 -384.497161865234375 -394.23785400390625 -404.662139892578125 -407.904052734375 -402.582427978515625 -396.821807861328125 -389.467254638671875 -383.631134033203125 -385.657073974609375 -396.70831298828125 -408.612396240234375 -420.9066162109375 -431.3585205078125 -441.10211181640625 -448.917022705078125 -454.7435302734375 -461.685791015625 -468.69708251953125 -475.243896484375 -481.974884033203125 -488.336517333984375 -491.79998779296875 -494.473876953125 -1e100 -1e100 -1e100 -1e100 -1e100 -1e100 -1e100 -1e100 -1e100 -1e100 -1e100 -1e100 -1e100 -1e100 -1e100 -1e100 -1e100 -1e100 -1e100 -1e100 -1e100 -1e100 -1e100 -1e100 -1e100 -1e100 -1e100 -1e100 -1e100 -1e100 -1e100 -1e100 -1e100 -1e100 -1e100 -1e100 -1e100 -1e100 -1e100 -1e100 -1e100 -1e100 -1e100 -1e100 -1e100 -1e100 -1e100 -1e100 -1e100 -1e100 -1e100 -1e100 -1e100 -1e100 -1e100 -1e100 -1e100 -1e100 -1e100 -1e100 -1e100 -1e100 -1e100 -1e100 -1e100 -1e100 -1e100 -1e100 -1e100 -1e100 -1e100 -1e100 -1e100 -1e100
 -1e100 -1e100 -1e100 -1e100 -1e100 -1e100 -1e100 -1e100 -1e100 -1e100 -1e100 -1e100 -1e100 -1e100 -1e100 -1e100 -1e100 -1e100 -1e100 -1e100 -1e100 -1e100 -1e100 -1e100 -1e100 -1e100 -1e100 -1e100 -1e100 -1e100 -1e100 -1e100 -1e100 -375.441802978515625 -381.6058349609375 -391.603118896484375 -403.458099365234375 -409.33905029296875 -407.213043212890625 -405.1561279296875 -399.347076416015625 -390.4549560546875 -388.968353271484375 -396.495269775390625 -404.351318359375 -413.944793701171875 -425.65704345703125 -436.305511474609375 -444.958984375 -451.716796875 -459.48516845703125 -466.94952392578125 -473.681121826171875 -480.520599365234375 -487.067138671875 -491.166900634765625 -493.827911376953125 -496.45501708984375 -1e100 -1e100 -1e100 -1e100 -1e100 -1e100 -1e100 -1e100 -1e100 -1e100 -1e100 -1e100 -1e100 -1e100 -1e100 -1e100 -1e100 -1e100 -1e100 -1e100 -1e100 -1e100 -1e100 -1e100 -1e100 -1e100 -1e100 -1e100 -1e100 -1e100 -1e100 -1e100 -1e100 -1e100 -1e100 -1e100 -1e100 -1e100 -1e100 -1e100 -1e100 -1e100 -1e100 -1e100 -1e100 -1e100 -1e100 -1e100 -1e100 -1e100 -1e100 -1e100 -1e100 -1e100 -1e100 -1e100 -1e100 -1e100 -1e100 -1e100 -1e100 -1e100 -1e100 -1e100 -1e100 -1e100 -1e100 -1e100 -1e100 -1e100 -1e100 -1e100 -1e100
 -1e100 -1e100 -1e100 -1e100 -1e100 -1e100 -1e100 -1e100 -1e100 -1e100 -1e100 -1e100 -1e100 -1e100 -1e100 -1e100 -1e100 -1e100 -1e100 -1e100 -1e100 -1e100 -1e100 -1e100 -1e100 -1e100 -1e100 -1e100 -1e100 -1e100 -1e100 -1e100 -1e100 -372.20623779296875 -376.75225830078125 -385.452301025390625 -397.458709716796875 -405.4376220703125 -407.025421142578125 -409.195281982421875 -407.507720947265625 -399.375701904296875 -395.501556396484375 -399.57354736328125 -403.7384033203125 -409.6351318359375 -420.10870361328125 -431.298370361328125 -440.918060302734375 -448.854583740234375 -457.54364013671875 -465.594635009765625 -472.48175048828125 -479.25653076171875 -485.715972900390625 -490.527374267578125 -493.08917236328125 -495.993927001953125 -1e100 -1e100 -1e100 -1e100 -1e100 -1e100 -1e100 -1e100 -1e100 -1e100 -1e100 -1e100 -1e100 -1e100 -1e100 -1e100 -1e100 -1e100 -1e100 -1e100 -1e100 -1e100 -1e100 -1e100 -1e100 -1e100 -1e100 -1e100 -1e100 -1e100 -1e100 -1e100 -1e100 -1e100 -1e100 -1e100 -1e100 -1e100 -1e100 -1e100 -1e100 -1e100 -1e100 -1e100 -1e100 -1e100 -1e100 -1e100 -1e100 -1e100 -1e100 -1e100 -1e100 -1e100 -1e100 -1e100 -1e100 -1e100 -1e100 -1e100 -1e100 -1e100 -1e100 -1e100 -1e100 -1e100 -1e100 -1e100 -1e100 -1e100 -1e100 -1e100 -1e100
 -1e100 -1e100 -1e100 -1e100 -1e100 -1e100 -1e100 -1e100 -1e100 -1e100 -1e100 -1e100 -1e100 -1e100 -1e100 -1e100 -1e100 -1e100 -1e100 -1e100 -1e100 -1e100 -1e100 -1e100 -1e100 -1e100 -1e100 -1e100 -1e100 -1e100 -1e100 -1e100 -1e100 -368.7996826171875 -371.2421875 -377.525238037109375 -388.07928466796875 -397.53497314453125 -403.0601806640625 -409.917510986328125 -413.184417724609375 -409.33563232421875 -405.3984375 -405.951416015625 -406.49957275390625 -408.9976806640625 -416.006317138671875 -425.818267822265625 -436.3203125 -445.190338134765625 -454.58831787109375 -463.440155029296875 -470.63629150390625 -477.581298828125 -484.028564453125 -489.321258544921875 -491.80377197265625 -494.723297119140625 -1e100 -1e100 -1e100 -1e100 -1e100 -1e100 -1e100 -1e100 -1e100 -1e100 -1e100 -1e100 -1e100 -1e100 -1e100 -1e100 -1e100 -1e100 -1e100 -1e100 -1e100 -1e100 -1e100 -1e100 -1e100 -1e100 -1e100 -1e100 -1e100 -1e100 -1e100 -1e100 -1e100 -1e100 -1e100 -1e100 -1e100 -1e100 -1e100 -1e100 -1e100 -1e100 -1e100 -1e100 -1e100 -1e100 -1e100 -1e100 -1e100 -1e100 -1e100 -1e100 -1e100 -1e100 -1e100 -1e100 -1e100 -1e100 -1e100 -1e100 -1e100 -1e100 -1e100 -1e100 -1e100 -1e100 -1e100 -1e100 -1e100 -1e100 -1e100 -1e100 -1e100
 -1e100 -1e100 -1e100 -1e100 -1e100 -1e100 -1e100 -1e100 -1e100 -1e100 -1e100 -1e100 -1e100 -1e100 -1e100 -1e100 -1e100 -1e100 -1e100 -1e100 -1e100 -1e100 -1e100 -1e100 -1e100 -1e100 -1e100 -1e100 -1e100 -1e100 -1e100 -1e100 -1e100 -366.246337890625 -366.895599365234375 -370.6650390625 -378.891693115234375 -389.43792724609375 -399.154754638671875 -410.655517578125 -419.155792236328125 -420.727813720703125 -416.721710205078125 -412.6466064453125 -409.057342529296875 -408.053436279296875 -411.144622802734375 -419.71624755859375 -431.142852783203125 -441.106536865234375 -451.113250732421875 -460.723114013671875 -468.243255615234375 -475.291595458984375 -481.76983642578125 -486.767730712890625 -489.302276611328125 -492.1785888671875 -1e100 -1e100 -1e100 -1e100 -1e100 -1e100 -1e100 -1e100 -1e100 -1e100 -1e100 -1e100 -1e100 -1e100 -1e100 -1e100 -1e100 -1e100 -1e100 -1e100 -1e100 -1e100 -1e100 -1e100 -1e100 -1e100 -1e100 -1e100 -1e100 -1e100 -1e100 -1e100 -1e100 -1e100 -1e100 -1e100 -1e100 -1e100 -1e100 -1e100 -1e100 -1e100 -1e100 -1e100 -1e100 -1e100 -1e100 -1e100 -1e100 -1e100 -1e100 -1e100 -1e100 -1e100 -1e100 -1e100 -1e100 -1e100 -1e100 -1e100 -1e100 -1e100 -1e100 -1e100 -1e100 -1e100 -1e100 -1e100 -1e100 -1e100 -1e100 -1e100 -1e100
 -1e100 -1e100 -1e100 -1e100 -1e100 -1e100 -1e100 -1e100 -1e100 -1e100 -1e100 -1e100 -1e100 -1e100 -1e100 -1e100 -1e100 -1e100 -1e100 -1e100 -1e100 -1e100 -1e100 -1e100 -1e100 -1e100 -1e100 -1e100 -1e100 -1e100 -1e100 -1e100 -1e100 -364.032745361328125 -363.830047607421875 -365.7811279296875 -371.91265869140625 -381.290496826171875 -392.99591064453125 -406.78497314453125 -419.8067626953125 -426.364410400390625 -425.2449951171875 -419.4033203125 -413.745513916015625 -409.530426025390625 -408.823394775390625 -415.060577392578125 -426.05096435546875 -436.2513427734375 -446.39862060546875 -456.70343017578125 -464.760223388671875 -471.88201904296875 -478.396026611328125 -483.370361328125 -486.375244140625 -489.084136962890625 -491.45654296875 -1e100 -1e100 -1e100 -1e100 -1e100 -1e100 -1e100 -1e100 -1e100 -1e100 -1e100 -1e100 -1e100 -1e100 -1e100 -1e100 -1e100 -1e100 -1e100 -1e100 -1e100 -1e100 -1e100 -1e100 -1e100 -1e100 -1e100 -1e100 -1e100 -1e100 -1e100 -1e100 -1e100 -1e100 -1e100 -1e100 -1e100 -1e100 -1e100 -1e100 -1e100 -1e100 -1e100 -1e100 -1e100 -1e100 -1e100 -1e100 -1e100 -1e100 -1e100 -1e100 -1e100 -1e100 -1e100 -1e100 -1e100 -1e100 -1e100 -1e100 -1e100 -1e100 -1e100 -1e100 -1e100 -1e100 -1e100 -1e100 -1e100 -1e100 -1e100 -1e100
 -1e100 -1e100 -1e100 -1e100 -1e100 -1e100 -1e100 -1e100 -1e100 -1e100 -1e100 -1e100 -1e100 -1e100 -1e100 -1e100 -1e100 -1e100 -1e100 -1e100 -1e100 -1e100 -1e100 -1e100 -1e100 -1e100 -1e100 -1e100 -1e100 -1e100 -1e100 -1e100 -1e100 -362.09454345703125 -361.50604248046875 -362.179840087890625 -366.491607666015625 -374.166961669921875 -384.791473388671875 -397.677978515625 -411.827728271484375 -423.2891845703125 -425.8472900390625 -421.9437255859375 -417.53533935546875 -413.2613525390625 -408.717926025390625 -412.322265625 -422.003662109375 -431.625701904296875 -441.467926025390625 -452.5872802734375 -461.450897216796875 -468.607879638671875 -475.06207275390625 -480.060821533203125 -483.689300537109375 -485.965728759765625 -488.672332763671875 -1e100 -1e100 -1e100 -1e100 -1e100 -1e100 -1e100 -1e100 -1e100 -1e100 -1e100 -1e100 -1e100 -1e100 -1e100 -1e100 -1e100 -1e100 -1e100 -1e100 -1e100 -1e100 -1e100 -1e100 -1e100 -1e100 -1e100 -1e100 -1e100 -1e100 -1e100 -1e100 -1e100 -1e100 -1e100 -1e100 -1e100 -1e100 -1e100 -1e100 -1e100 -1e100 -1e100 -1e100 -1e100 -1e100 -1e100 -1e100 -1e100 -1e100 -1e100 -1e100 -1e100 -1e100 -1e100 -1e100 -1e100 -1e100 -1e100 -1e100 -1e100 -1e100 -1e100 -1e100 -1e100 -1e100 -1e100 -1e100 -1e100 -1e100 -1e100 -1e100
 -1e100 -1e100 -1e100 -1e100 -1e100 -1e100 -1e100 -1e100 -1e100 -1e100 -1e100 -1e100 -1e100 -1e100 -1e100 -1e100 -1e100 -1e100 -1e100 -1e100 -1e100 -1e100 -1e100 -1e100 -1e100 -1e100 -1e100 -1e100 -1e100 -1e100 -1e100 -1e100 -1e100 -362.0316162109375 -359.9659423828125 -360.351837158203125 -363.260650634765625 -368.93048095703125 -377.664215087890625 -389.240936279296875 -402.557769775390625 -416.23699951171875 -422.7337646484375 -421.9588623046875 -419.4586181640625 -416.578521728515625 -410.5970458984375 -411.50213623046875 -419.140228271484375 -427.853759765625 -438.042144775390625 -451.147857666015625 -461.977630615234375 -470.455596923828125 -477.37945556640625 -482.109771728515625 -485.996002197265625 -489.529205322265625 -492.542327880859375 -1e100 -1e100 -1e100 -1e100 -1e100 -1e100 -1e100 -1e100 -1e100 -1e100 -1e100 -1e100 -1e100 -1e100 -1e100 -1e100 -1e100 -1e100 -1e100 -1e100 -1e100 -1e100 -1e100 -1e100 -1e100 -1e100 -1e100 -1e100 -1e100 -1e100 -1e100 -1e100 -1e100 -1e100 -1e100 -1e100 -1e100 -1e100 -1e100 -1e100 -1e100 -1e100 -1e100 -1e100 -1e100 -1e100 -1e100 -1e100 -1e100 -1e100 -1e100 -1e100 -1e100 -1e100 -1e100 -1e100 -1e100 -1e100 -1e100 -1e100 -1e100 -1e100 -1e100 -1e100 -1e100 -1e100 -1e100 -1e100 -1e100 -1e100 -1e100 -1e100
 -1e100 -1e100 -1e100 -1e100 -1e100 -1e100 -1e100 -1e100 -1e100 -1e100 -1e100 -1e100 -1e100 -1e100 -1e100 -1e100 -1e100 -1e100 -1e100 -1e100 -1e100 -1e100 -1e100 -1e100 -1e100 -1e100 -1e100 -1e100 -1e100 -1e100 -1e100 -1e100 -1e100 -364.489715576171875 -359.23321533203125 -358.87432861328125 -360.99188232421875 -364.92755126953125 -371.45953369140625 -381.66729736328125 -393.76702880859375 -406.814422607421875 -415.37847900390625 -418.6209716796875 -418.85101318359375 -418.187042236328125 -413.653289794921875 -413.684600830078125 -418.680572509765625 -425.7603759765625 -437.943511962890625 -454.46649169921875 -468.345245361328125 -479.09197998046875 -487.536651611328125 -490.885345458984375 -493.521026611328125 -498.068450927734375 -501.518280029296875 -1e100 -1e100 -1e100 -1e100 -1e100 -1e100 -1e100 -1e100 -1e100 -1e100 -1e100 -1e100 -1e100 -1e100 -1e100 -1e100 -1e100 -1e100 -1e100 -1e100 -1e100 -1e100 -1e100 -1e100 -1e100 -1e100 -1e100 -1e100 -1e100 -1e100 -1e100 -1e100 -1e100 -1e100 -1e100 -1e100 -1e100 -1e100 -1e100 -1e100 -1e100 -1e100 -1e100 -1e100 -1e100 -1e100 -1e100 -1e100 -1e100 -1e100 -1e100 -1e100 -1e100 -1e100 -1e100 -1e100 -1e100 -1e100 -1e100 -1e100 -1e100 -1e100 -1e100 -1e100 -1e100 -1e100 -1e100 -1e100 -1e100 -1e100 -1e100 -1e100
 -1e100 -1e100 -1e100 -1e100 -1e100 -1e100 -1e100 -1e100 -1e100 -1e100 -1e100 -1e100 -1e100 -1e100 -1e100 -1e100 -1e100 -1e100 -1e100 -1e100 -1e100 -1e100 -1e100 -1e100 -1e100 -1e100 -1e100 -1e100 -1e100 -1e100 -1e100 -1e100 -1e100 -370.39093017578125 -362.285430908203125 -359.0657958984375 -359.40545654296875 -361.997039794921875 -366.547271728515625 -374.963958740234375 -385.83203125 -397.72674560546875 -408.283203125 -415.659149169921875 -419.5308837890625 -421.190155029296875 -418.821319580078125 -417.872528076171875 -419.82647705078125 -424.499725341796875 -438.76617431640625 -457.896026611328125 -474.959228515625 -488.73046875 -499.832122802734375 -502.514373779296875 -504.84503173828125 -510.377288818359375 -514.34552001953125 -520.273681640625 -1e100 -1e100 -1e100 -1e100 -1e100 -1e100 -1e100 -1e100 -1e100 -1e100 -1e100 -1e100 -1e100 -1e100 -1e100 -1e100 -1e100 -1e100 -1e100 -1e100 -1e100 -1e100 -1e100 -1e100 -1e100 -1e100 -1e100 -1e100 -1e100 -1e100 -1e100 -1e100 -1e100 -1e100 -1e100 -1e100 -1e100 -1e100 -1e100 -1e100 -1e100 -1e100 -1e100 -1e100 -1e100 -1e100 -1e100 -1e100 -1e100 -1e100 -1e100 -1e100 -1e100 -1e100 -1e100 -1e100 -1e100 -1e100 -1e100 -1e100 -1e100 -1e100 -1e100 -1e100 -1e100 -1e100 -1e100 -1e100 -1e100 -1e100 -1e100
 -1e100 -1e100 -1e100 -1e100 -1e100 -1e100 -1e100 -1e100 -1e100 -1e100 -1e100 -1e100 -1e100 -1e100 -1e100 -1e100 -1e100 -1e100 -1e100 -1e100 -1e100 -1e100 -1e100 -1e100 -1e100 -1e100 -1e100 -1e100 -1e100 -1e100 -1e100 -1e100 -1e100 -377.73785400390625 -366.68109130859375 -360.424774169921875 -357.94854736328125 -359.395599365234375 -362.260894775390625 -368.866455078125 -378.5120849609375 -389.531341552734375 -400.8448486328125 -411.041961669921875 -417.998565673828125 -422.080810546875 -421.33721923828125 -419.8177490234375 -419.623443603515625 -422.41473388671875 -438.53631591796875 -460.263214111328125 -480.97479248046875 -498.72833251953125 -513.40557861328125 -516.223388671875 -518.87469482421875 -524.845947265625 -531.20367431640625 -537.399169921875 -1e100 -1e100 -1e100 -1e100 -1e100 -1e100 -1e100 -1e100 -1e100 -1e100 -1e100 -1e100 -1e100 -1e100 -1e100 -1e100 -1e100 -1e100 -1e100 -1e100 -1e100 -1e100 -1e100 -1e100 -1e100 -1e100 -1e100 -1e100 -1e100 -1e100 -1e100 -1e100 -1e100 -1e100 -1e100 -1e100 -1e100 -1e100 -1e100 -1e100 -1e100 -1e100 -1e100 -1e100 -1e100 -1e100 -1e100 -1e100 -1e100 -1e100 -1e100 -1e100 -1e100 -1e100 -1e100 -1e100 -1e100 -1e100 -1e100 -1e100 -1e100 -1e100 -1e100 -1e100 -1e100 -1e100 -1e100 -1e100 -1e100 -1e100 -1e100
 -1e100 -1e100 -1e100 -1e100 -1e100 -1e100 -1e100 -1e100 -1e100 -1e100 -1e100 -1e100 -1e100 -1e100 -1e100 -1e100 -1e100 -1e100 -1e100 -1e100 -1e100 -1e100 -1e100 -1e100 -1e100 -1e100 -1e100 -1e100 -1e100 -1e100 -1e100 -1e100 -1e100 -385.415771484375 -371.453948974609375 -362.01678466796875 -356.878387451171875 -357.086181640625 -358.705963134765625 -363.8326416015625 -372.1669921875 -382.376861572265625 -393.876434326171875 -405.75250244140625 -415.252685546875 -421.772430419921875 -422.363433837890625 -420.141448974609375 -418.43402099609375 -419.438385009765625 -434.793212890625 -457.32745361328125 -482.102142333984375 -504.36102294921875 -523.16546630859375 -529.079833984375 -533.8450927734375 -539.1632080078125 -545.8360595703125 -551.03192138671875 -1e100 -1e100 -1e100 -1e100 -1e100 -1e100 -1e100 -1e100 -1e100 -1e100 -1e100 -1e100 -1e100 -1e100 -1e100 -1e100 -1e100 -1e100 -1e100 -1e100 -1e100 -1e100 -1e100 -1e100 -1e100 -1e100 -1e100 -1e100 -1e100 -1e100 -1e100 -1e100 -1e100 -1e100 -1e100 -1e100 -1e100 -1e100 -1e100 -1e100 -1e100 -1e100 -1e100 -1e100 -1e100 -1e100 -1e100 -1e100 -1e100 -1e100 -1e100 -1e100 -1e100 -1e100 -1e100 -1e100 -1e100 -1e100 -1e100 -1e100 -1e100 -1e100 -1e100 -1e100 -1e100 -1e100 -1e100 -1e100 -1e100 -1e100 -1e100
 -1e100 -1e100 -1e100 -1e100 -1e100 -1e100 -1e100 -1e100 -1e100 -1e100 -1e100 -1e100 -1e100 -1e100 -1e100 -1e100 -1e100 -1e100 -1e100 -1e100 -1e100 -1e100 -1e100 -1e100 -1e100 -1e100 -1e100 -1e100 -1e100 -1e100 -1e100 -1e100 -1e100 -391.460968017578125 -376.550048828125 -364.192657470703125 -356.3900146484375 -355.377960205078125 -356.389190673828125 -360.371978759765625 -367.386322021484375 -376.589141845703125 -387.37042236328125 -399.599700927734375 -411.338775634765625 -420.33367919921875 -422.727508544921875 -420.191497802734375 -417.4124755859375 -416.318084716796875 -428.805572509765625 -450.7044677734375 -478.131927490234375 -503.814849853515625 -526.20355224609375 -536.2469482421875 -543.015869140625 -548.86187744140625 -555.82537841796875 -561.694580078125 -566.45037841796875 -1e100 -1e100 -1e100 -1e100 -1e100 -1e100 -1e100 -1e100 -1e100 -1e100 -1e100 -1e100 -1e100 -1e100 -1e100 -1e100 -1e100 -1e100 -1e100 -1e100 -1e100 -1e100 -1e100 -1e100 -1e100 -1e100 -1e100 -1e100 -1e100 -1e100 -1e100 -1e100 -1e100 -1e100 -1e100 -1e100 -1e100 -1e100 -1e100 -1e100 -1e100 -1e100 -1e100 -1e100 -1e100 -1e100 -1e100 -1e100 -1e100 -1e100 -1e100 -1e100 -1e100 -1e100 -1e100 -1e100 -1e100 -1e100 -1e100 -1e100 -1e100 -1e100 -1e100 -1e100 -1e100 -1e100 -1e100 -1e100 -1e100 -1e100
 -1e100 -1e100 -1e100 -1e100 -1e100 -1e100 -1e100 -1e100 -1e100 -1e100 -1e100 -1e100 -1e100 -1e100 -1e100 -1e100 -1e100 -1e100 -1e100 -1e100 -1e100 -1e100 -1e100 -1e100 -1e100 -1e100 -1e100 -1e100 -1e100 -1e100 -1e100 -1e100 -1e100 -395.57489013671875 -382.13336181640625 -367.864227294921875 -357.257965087890625 -354.489227294921875 -354.71893310546875 -357.216552734375 -363.300384521484375 -371.7103271484375 -381.760833740234375 -393.344146728515625 -407.025848388671875 -418.2591552734375 -422.80804443359375 -419.9010009765625 -416.5137939453125 -413.173919677734375 -420.29425048828125 -439.041473388671875 -467.926483154296875 -495.95379638671875 -521.1431884765625 -536.92974853515625 -546.78216552734375 -553.364013671875 -560.29925537109375 -566.0343017578125 -569.89093017578125 -1e100 -1e100 -1e100 -1e100 -1e100 -1e100 -1e100 -1e100 -1e100 -1e100 -1e100 -1e100 -1e100 -1e100 -1e100 -1e100 -1e100 -1e100 -1e100 -1e100 -1e100 -1e100 -1e100 -1e100 -1e100 -1e100 -1e100 -1e100 -1e100 -1e100 -1e100 -1e100 -1e100 -1e100 -1e100 -1e100 -1e100 -1e100 -1e100 -1e100 -1e100 -1e100 -1e100 -1e100 -1e100 -1e100 -1e100 -1e100 -1e100 -1e100 -1e100 -1e100 -1e100 -1e100 -1e100 -1e100 -1e100 -1e100 -1e100 -1e100 -1e100 -1e100 -1e100 -1e100 -1e100 -1e100 -1e100 -1e100 -1e100 -1e100
 -1e100 -1e100 -1e100 -1e100 -1e100 -1e100 -1e100 -1e100 -1e100 -1e100 -1e100 -1e100 -1e100 -1e100 -1e100 -1e100 -1e100 -1e100 -1e100 -1e100 -1e100 -1e100 -1e100 -1e100 -1e100 -1e100 -1e100 -1e100 -1e100 -1e100 -1e100 -1e100 -1e100 -398.1365966796875 -387.94171142578125 -375.506744384765625 -364.08087158203125 -358.65350341796875 -356.275543212890625 -356.090576171875 -360.264373779296875 -367.68975830078125 -377.054534912109375 -387.792938232421875 -402.01409912109375 -415.130279541015625 -421.6678466796875 -418.45916748046875 -414.71417236328125 -410.95074462890625 -415.000091552734375 -432.0849609375 -462.085906982421875 -491.835205078125 -517.99896240234375 -536.7073974609375 -547.45458984375 -554.3192138671875 -561.23150634765625 -566.82720947265625 -570.53753662109375 -573.05902099609375 -1e100 -1e100 -1e100 -1e100 -1e100 -1e100 -1e100 -1e100 -1e100 -1e100 -1e100 -1e100 -1e100 -1e100 -1e100 -1e100 -1e100 -1e100 -1e100 -1e100 -1e100 -1e100 -1e100 -1e100 -1e100 -1e100 -1e100 -1e100 -1e100 -1e100 -1e100 -1e100 -1e100 -1e100 -1e100 -1e100 -1e100 -1e100 -1e100 -1e100 -1e100 -1e100 -1e100 -1e100 -1e100 -1e100 -1e100 -1e100 -1e100 -1e100 -1e100 -1e100 -1e100 -1e100 -1e100 -1e100 -1e100 -1e100 -1e100 -1e100 -1e100 -1e100 -1e100 -1e100 -1e100 -1e100 -1e100 -1e100 -1e100
 -1e100 -1e100 -1e100 -1e100 -1e100 -1e100 -1e100 -1e100 -1e100 -1e100 -1e100 -1e100 -1e100 -1e100 -1e100 -1e100 -1e100 -1e100 -1e100 -1e100 -1e100 -1e100 -1e100 -1e100 -1e100 -1e100 -1e100 -1e100 -1e100 -1e100 -1e100 -1e100 -1e100 -398.9193115234375 -393.613372802734375 -385.815277099609375 -376.14312744140625 -368.588623046875 -363.006988525390625 -358.89434814453125 -358.79998779296875 -364.262603759765625 -372.6837158203125 -382.617218017578125 -397.620269775390625 -412.378753662109375 -421.3690185546875 -420.714691162109375 -418.822113037109375 -418.255828857421875 -421.9405517578125 -436.993865966796875 -465.171966552734375 -493.96209716796875 -516.66119384765625 -535.08306884765625 -545.9095458984375 -552.77142333984375 -559.5982666015625 -565.56048583984375 -569.48486328125 -572.6341552734375 -1e100 -1e100 -1e100 -1e100 -1e100 -1e100 -1e100 -1e100 -1e100 -1e100 -1e100 -1e100 -1e100 -1e100 -1e100 -1e100 -1e100 -1e100 -1e100 -1e100 -1e100 -1e100 -1e100 -1e100 -1e100 -1e100 -1e100 -1e100 -1e100 -1e100 -1e100 -1e100 -1e100 -1e100 -1e100 -1e100 -1e100 -1e100 -1e100 -1e100 -1e100 -1e100 -1e100 -1e100 -1e100 -1e100 -1e100 -1e100 -1e100 -1e100 -1e100 -1e100 -1e100 -1e100 -1e100 -1e100 -1e100 -1e100 -1e100 -1e100 -1e100 -1e100 -1e100 -1e100 -1e100 -1e100 -1e100 -1e100 -1e100
 -1e100 -1e100 -1e100 -1e100 -1e100 -1e100 -1e100 -1e100 -1e100 -1e100 -1e100 -1e100 -1e100 -1e100 -1e100 -1e100 -1e100 -1e100 -1e100 -1e100 -1e100 -1e100 -1e100 -1e100 -1e100 -1e100 -1e100 -1e100 -1e100 -1e100 -1e100 -1e100 -1e100 -397.877410888671875 -397.4732666015625 -395.04608154296875 -388.683319091796875 -380.310638427734375 -372.079559326171875 -364.44903564453125 -359.9527587890625 -362.062225341796875 -369.247528076171875 -378.272369384765625 -392.939727783203125 -409.097503662109375 -420.694244384765625 -424.0850830078125 -426.084991455078125 -430.1837158203125 -436.05999755859375 -450.468048095703125 -474.87640380859375 -500.344329833984375 -518.78936767578125 -534.13751220703125 -543.30853271484375 -550.10552978515625 -556.6451416015625 -563.11993408203125 -567.295166015625 -570.9390869140625 -573.06805419921875 -1e100 -1e100 -1e100 -1e100 -1e100 -1e100 -1e100 -1e100 -1e100 -1e100 -1e100 -1e100 -1e100 -1e100 -1e100 -1e100 -1e100 -1e100 -1e100 -1e100 -1e100 -1e100 -1e100 -1e100 -1e100 -1e100 -1e100 -1e100 -1e100 -1e100 -1e100 -1e100 -1e100 -1e100 -1e100 -1e100 -1e100 -1e100 -1e100 -1e100 -1e100 -1e100 -1e100 -1e100 -1e100 -1e100 -1e100 -1e100 -1e100 -1e100 -1e100 -1e100 -1e100 -1e100 -1e100 -1e100 -1e100 -1e100 -1e100 -1e100 -1e100 -1e100 -1e100 -1e100 -1e100 -1e100 -1e100 -1e100
 -1e100 -1e100 -1e100 -1e100 -1e100 -1e100 -1e100 -1e100 -1e100 -1e100 -1e100 -1e100 -1e100 -1e100 -1e100 -1e100 -1e100 -1e100 -1e100 -1e100 -1e100 -1e100 -1e100 -1e100 -1e100 -1e100 -1e100 -1e100 -1e100 -1e100 -1e100 -1e100 -1e100 -395.27410888671875 -399.154388427734375 -401.6976318359375 -399.58734130859375 -391.927642822265625 -381.810943603515625 -371.290985107421875 -363.176025390625 -361.484832763671875 -366.815338134765625 -375.153167724609375 -389.2423095703125 -405.709014892578125 -419.224578857421875 -426.28594970703125 -432.60101318359375 -441.374481201171875 -450.932647705078125 -464.8172607421875 -485.775970458984375 -507.1768798828125 -521.3922119140625 -532.87384033203125 -541.22540283203125 -548.01422119140625 -554.3502197265625 -560.682861328125 -565.24322509765625 -569.174072265625 -572.15631103515625 -574.79296875 -1e100 -1e100 -1e100 -1e100 -1e100 -1e100 -1e100 -1e100 -1e100 -1e100 -1e100 -1e100 -1e100 -1e100 -1e100 -1e100 -1e100 -1e100 -1e100 -1e100 -1e100 -1e100 -1e100 -1e100 -1e100 -1e100 -1e100 -1e100 -1e100 -1e100 -1e100 -1e100 -1e100 -1e100 -1e100 -1e100 -1e100 -1e100 -1e100 -1e100 -1e100 -1e100 -1e100 -1e100 -1e100 -1e100 -1e100 -1e100 -1e100 -1e100 -1e100 -1e100 -1e100 -1e100 -1e100 -1e100 -1e100 -1e100 -1e100 -1e100 -1e100 -1e100 -1e100 -1e100 -1e100 -1e100 -1e100
 -1e100 -1e100 -1e100 -1e100 -1e100 -1e100 -1e100 -1e100 -1e100 -1e100 -1e100 -1e100 -1e100 -1e100 -1e100 -1e100 -1e100 -1e100 -1e100 -1e100 -1e100 -1e100 -1e100 -1e100 -1e100 -1e100 -1e100 -1e100 -1e100 -1e100 -1e100 -1e100 -1e100 -390.93035888671875 -398.400421142578125 -405.681610107421875 -408.27667236328125 -403.416717529296875 -393.229644775390625 -380.817352294921875 -369.406982421875 -363.710784912109375 -365.744140625 -372.8822021484375 -385.834442138671875 -401.50323486328125 -415.861846923828125 -426.180908203125 -436.171844482421875 -450.037261962890625 -464.431396484375 -479.075775146484375 -497.154815673828125 -514.82818603515625 -524.6181640625 -531.9765625 -539.34326171875 -546.5830078125 -553.3262939453125 -559.6971435546875 -564.43011474609375 -568.48028564453125 -571.87884521484375 -575.0611572265625 -1e100 -1e100 -1e100 -1e100 -1e100 -1e100 -1e100 -1e100 -1e100 -1e100 -1e100 -1e100 -1e100 -1e100 -1e100 -1e100 -1e100 -1e100 -1e100 -1e100 -1e100 -1e100 -1e100 -1e100 -1e100 -1e100 -1e100 -1e100 -1e100 -1e100 -1e100 -1e100 -1e100 -1e100 -1e100 -1e100 -1e100 -1e100 -1e100 -1e100 -1e100 -1e100 -1e100 -1e100 -1e100 -1e100 -1e100 -1e100 -1e100 -1e100 -1e100 -1e100 -1e100 -1e100 -1e100 -1e100 -1e100 -1e100 -1e100 -1e100 -1e100 -1e100 -1e100 -1e100 -1e100 -1e100 -1e100
 -1e100 -1e100 -1e100 -1e100 -1e100 -1e100 -1e100 -1e100 -1e100 -1e100 -1e100 -1e100 -1e100 -1e100 -1e100 -1e100 -1e100 -1e100 -1e100 -1e100 -1e100 -1e100 -1e100 -1e100 -1e100 -1e100 -1e100 -1e100 -1e100 -1e100 -1e100 -1e100 -1e100 -384.18890380859375 -392.53338623046875 -402.578704833984375 -409.243133544921875 -408.08526611328125 -400.0999755859375 -388.5955810546875 -375.912994384765625 -366.93609619140625 -365.936248779296875 -372.1337890625 -384.0244140625 -398.47222900390625 -412.865478515625 -426.005706787109375 -439.404296875 -457.479248046875 -474.546844482421875 -489.321868896484375 -504.84027099609375 -518.6341552734375 -524.38616943359375 -529.77239990234375 -537.51129150390625 -545.26373291015625 -552.683837890625 -559.5091552734375 -564.2232666015625 -568.60540771484375 -572.295654296875 -575.6295166015625 -577.509521484375 -1e100 -1e100 -1e100 -1e100 -1e100 -1e100 -1e100 -1e100 -1e100 -1e100 -1e100 -1e100 -1e100 -1e100 -1e100 -1e100 -1e100 -1e100 -1e100 -1e100 -1e100 -1e100 -1e100 -1e100 -1e100 -1e100 -1e100 -1e100 -1e100 -1e100 -1e100 -1e100 -1e100 -1e100 -1e100 -1e100 -1e100 -1e100 -1e100 -1e100 -1e100 -1e100 -1e100 -1e100 -1e100 -1e100 -1e100 -1e100 -1e100 -1e100 -1e100 -1e100 -1e100 -1e100 -1e100 -1e100 -1e100 -1e100 -1e100 -1e100 -1e100 -1e100 -1e100 -1e100 -1e100 -1e100
 -1e100 -1e100 -1e100 -1e100 -1e100 -1e100 -1e100 -1e100 -1e100 -1e100 -1e100 -1e100 -1e100 -1e100 -1e100 -1e100 -1e100 -1e100 -1e100 -1e100 -1e100 -1e100 -1e100 -1e100 -1e100 -1e100 -1e100 -1e100 -1e100 -1e100 -1e100 -1e100 -1e100 -376.403594970703125 -383.8134765625 -393.566436767578125 -402.636810302734375 -404.82489013671875 -399.904144287109375 -390.9388427734375 -380.161285400390625 -372.4237060546875 -370.237213134765625 -375.5594482421875 -386.062957763671875 -399.0625 -410.408233642578125 -423.087890625 -437.652587890625 -456.741668701171875 -474.260345458984375 -489.551666259765625 -504.821136474609375 -517.02947998046875 -522.26800537109375 -527.8153076171875 -535.81158447265625 -543.9735107421875 -552.0528564453125 -559.5604248046875 -564.70062255859375 -569.28387451171875 -573.58978271484375 -577.43304443359375 -580.427734375 -584.369140625 -1e100 -1e100 -1e100 -1e100 -1e100 -1e100 -1e100 -1e100 -1e100 -1e100 -1e100 -1e100 -1e100 -1e100 -1e100 -1e100 -1e100 -1e100 -1e100 -1e100 -1e100 -1e100 -1e100 -1e100 -1e100 -1e100 -1e100 -1e100 -1e100 -1e100 -1e100 -1e100 -1e100 -1e100 -1e100 -1e100 -1e100 -1e100 -1e100 -1e100 -1e100 -1e100 -1e100 -1e100 -1e100 -1e100 -1e100 -1e100 -1e100 -1e100 -1e100 -1e100 -1e100 -1e100 -1e100 -1e100 -1e100 -1e100 -1e100 -1e100 -1e100 -1e100 -1e100 -1e100 -1e100
 -1e100 -1e100 -1e100 -1e100 -1e100 -1e100 -1e100 -1e100 -1e100 -1e100 -1e100 -1e100 -1e100 -1e100 -1e100 -1e100 -1e100 -1e100 -1e100 -1e100 -1e100 -1e100 -1e100 -1e100 -1e100 -1e100 -1e100 -1e100 -1e100 -1e100 -1e100 -1e100 -1e100 -369.069580078125 -375.4046630859375 -383.96075439453125 -393.407196044921875 -398.0645751953125 -396.688507080078125 -391.314483642578125 -385.03289794921875 -381.693511962890625 -381.504425048828125 -387.501922607421875 -397.41839599609375 -407.121063232421875 -414.077301025390625 -422.374176025390625 -433.91387939453125 -451.660736083984375 -469.841094970703125 -486.0445556640625 -502.57159423828125 -515.464599609375 -521.06439208984375 -526.850341796875 -534.96173095703125 -543.62322998046875 -552.5198974609375 -560.75244140625 -566.796142578125 -572.0540771484375 -577.014404296875 -581.15093994140625 -584.88348388671875 -588.9078369140625 -1e100 -1e100 -1e100 -1e100 -1e100 -1e100 -1e100 -1e100 -1e100 -1e100 -1e100 -1e100 -1e100 -1e100 -1e100 -1e100 -1e100 -1e100 -1e100 -1e100 -1e100 -1e100 -1e100 -1e100 -1e100 -1e100 -1e100 -1e100 -1e100 -1e100 -1e100 -1e100 -1e100 -1e100 -1e100 -1e100 -1e100 -1e100 -1e100 -1e100 -1e100 -1e100 -1e100 -1e100 -1e100 -1e100 -1e100 -1e100 -1e100 -1e100 -1e100 -1e100 -1e100 -1e100 -1e100 -1e100 -1e100 -1e100 -1e100 -1e100 -1e100 -1e100 -1e100 -1e100 -1e100
 -1e100 -1e100 -1e100 -1e100 -1e100 -1e100 -1e100 -1e100 -1e100 -1e100 -1e100 -1e100 -1e100 -1e100 -1e100 -1e100 -1e100 -1e100 -1e100 -1e100 -1e100 -1e100 -1e100 -1e100 -1e100 -1e100 -1e100 -1e100 -1e100 -1e100 -1e100 -1e100 -1e100 -363.085540771484375 -368.204803466796875 -375.36688232421875 -384.06878662109375 -390.216705322265625 -392.22576904296875 -391.626983642578125 -390.7342529296875 -392.414215087890625 -395.22265625 -402.200439453125 -411.1141357421875 -417.531219482421875 -420.438934326171875 -424.616302490234375 -432.406402587890625 -447.55255126953125 -465.505462646484375 -482.620941162109375 -500.236358642578125 -514.18084716796875 -520.660400390625 -526.8345947265625 -535.0589599609375 -543.99462890625 -553.27557373046875 -562.1021728515625 -569.23541259765625 -575.5216064453125 -580.988525390625 -585.81549072265625 -590.28326416015625 -594.221435546875 -597.3040771484375 -1e100 -1e100 -1e100 -1e100 -1e100 -1e100 -1e100 -1e100 -1e100 -1e100 -1e100 -1e100 -1e100 -1e100 -1e100 -1e100 -1e100 -1e100 -1e100 -1e100 -1e100 -1e100 -1e100 -1e100 -1e100 -1e100 -1e100 -1e100 -1e100 -1e100 -1e100 -1e100 -1e100 -1e100 -1e100 -1e100 -1e100 -1e100 -1e100 -1e100 -1e100 -1e100 -1e100 -1e100 -1e100 -1e100 -1e100 -1e100 -1e100 -1e100 -1e100 -1e100 -1e100 -1e100 -1e100 -1e100 -1e100 -1e100 -1e100 -1e100 -1e100 -1e100 -1e100 -1e100
 -1e100 -1e100 -1e100 -1e100 -1e100 -1e100 -1e100 -1e100 -1e100 -1e100 -1e100 -1e100 -1e100 -1e100 -1e100 -1e100 -1e100 -1e100 -1e100 -1e100 -1e100 -1e100 -1e100 -1e100 -1e100 -1e100 -1e100 -1e100 -1e100 -1e100 -1e100 -1e100 -1e100 -358.053192138671875 -361.873504638671875 -367.5194091796875 -375.0318603515625 -380.966339111328125 -385.22222900390625 -389.087982177734375 -393.227813720703125 -400.148834228515625 -407.425323486328125 -415.9857177734375 -424.211822509765625 -428.632781982421875 -427.54022216796875 -427.915008544921875 -431.969146728515625 -444.421478271484375 -461.087432861328125 -478.891326904296875 -497.192352294921875 -512.46453857421875 -519.9281005859375 -526.58935546875 -535.10595703125 -544.20355224609375 -553.6470947265625 -563.134521484375 -571.78466796875 -579.59796142578125 -585.922607421875 -591.5439453125 -596.76251220703125 -600.264892578125 -603.0263671875 -605.59271240234375 -1e100 -1e100 -1e100 -1e100 -1e100 -1e100 -1e100 -1e100 -1e100 -1e100 -1e100 -1e100 -1e100 -1e100 -1e100 -1e100 -1e100 -1e100 -1e100 -1e100 -1e100 -1e100 -1e100 -1e100 -1e100 -1e100 -1e100 -1e100 -1e100 -1e100 -1e100 -1e100 -1e100 -1e100 -1e100 -1e100 -1e100 -1e100 -1e100 -1e100 -1e100 -1e100 -1e100 -1e100 -1e100 -1e100 -1e100 -1e100 -1e100 -1e100 -1e100 -1e100 -1e100 -1e100 -1e100 -1e100 -1e100 -1e100 -1e100 -1e100 -1e100 -1e100 -1e100
 -1e100 -1e100 -1e100 -1e100 -1e100 -1e100 -1e100 -1e100 -1e100 -1e100 -1e100 -1e100 -1e100 -1e100 -1e100 -1e100 -1e100 -1e100 -1e100 -1e100 -1e100 -1e100 -1e100 -1e100 -1e100 -1e100 -1e100 -1e100 -1e100 -1e100 -1e100 -1e100 -1e100 -353.236083984375 -356.46942138671875 -361.08331298828125 -367.5723876953125 -373.415557861328125 -379.488372802734375 -386.4910888671875 -394.682861328125 -406.298553466796875 -417.457000732421875 -427.369842529296875 -435.675384521484375 -438.71148681640625 -434.768035888671875 -431.618988037109375 -432.0677490234375 -441.93890380859375 -457.1702880859375 -474.986907958984375 -493.957763671875 -510.793670654296875 -519.2144775390625 -526.49041748046875 -535.03070068359375 -544.3154296875 -553.76849365234375 -563.46282958984375 -573.09161376953125 -582.447509765625 -590.1322021484375 -596.88330078125 -602.6578369140625 -605.85247802734375 -607.95538330078125 -609.4395751953125 -1e100 -1e100 -1e100 -1e100 -1e100 -1e100 -1e100 -1e100 -1e100 -1e100 -1e100 -1e100 -1e100 -1e100 -1e100 -1e100 -1e100 -1e100 -1e100 -1e100 -1e100 -1e100 -1e100 -1e100 -1e100 -1e100 -1e100 -1e100 -1e100 -1e100 -1e100 -1e100 -1e100 -1e100 -1e100 -1e100 -1e100 -1e100 -1e100 -1e100 -1e100 -1e100 -1e100 -1e100 -1e100 -1e100 -1e100 -1e100 -1e100 -1e100 -1e100 -1e100 -1e100 -1e100 -1e100 -1e100 -1e100 -1e100 -1e100 -1e100 -1e100 -1e100 -1e100
 -1e100 -1e100 -1e100 -1e100 -1e100 -1e100 -1e100 -1e100 -1e100 -1e100 -1e100 -1e100 -1e100 -1e100 -1e100 -1e100 -1e100 -1e100 -1e100 -1e100 -1e100 -1e100 -1e100 -1e100 -1e100 -1e100 -1e100 -1e100 -1e100 -1e100 -1e100 -1e100 -1e100 -349.4766845703125 -352.1865234375 -356.0821533203125 -361.80975341796875 -367.572540283203125 -375.042816162109375 -384.73577880859375 -396.155120849609375 -409.00836181640625 -422.420166015625 -433.7581787109375 -442.7716064453125 -444.8465576171875 -441.6837158203125 -437.35113525390625 -434.25640869140625 -440.023040771484375 -453.966766357421875 -470.85333251953125 -489.242645263671875 -507.640777587890625 -518.212158203125 -526.08294677734375 -534.83154296875 -544.20654296875 -553.41229248046875 -563.0626220703125 -573.28143310546875 -583.68646240234375 -592.71759033203125 -600.57208251953125 -606.9539794921875 -610.1181640625 -612.10467529296875 -613.68634033203125 -614.23358154296875 -1e100 -1e100 -1e100 -1e100 -1e100 -1e100 -1e100 -1e100 -1e100 -1e100 -1e100 -1e100 -1e100 -1e100 -1e100 -1e100 -1e100 -1e100 -1e100 -1e100 -1e100 -1e100 -1e100 -1e100 -1e100 -1e100 -1e100 -1e100 -1e100 -1e100 -1e100 -1e100 -1e100 -1e100 -1e100 -1e100 -1e100 -1e100 -1e100 -1e100 -1e100 -1e100 -1e100 -1e100 -1e100 -1e100 -1e100 -1e100 -1e100 -1e100 -1e100 -1e100 -1e100 -1e100 -1e100 -1e100 -1e100 -1e100 -1e100 -1e100 -1e100 -1e100
 -1e100 -1e100 -1e100 -1e100 -1e100 -1e100 -1e100 -1e100 -1e100 -1e100 -1e100 -1e100 -1e100 -1e100 -1e100 -1e100 -1e100 -1e100 -1e100 -1e100 -1e100 -1e100 -1e100 -1e100 -1e100 -1e100 -1e100 -1e100 -1e100 -1e100 -1e100 -1e100 -1e100 -346.325286865234375 -348.668365478515625 -352.1219482421875 -357.437347412109375 -363.062347412109375 -370.6878662109375 -381.533111572265625 -393.5555419921875 -405.7415771484375 -418.645782470703125 -430.1693115234375 -439.207733154296875 -440.802886962890625 -438.606903076171875 -434.95489501953125 -430.9537353515625 -435.847564697265625 -450.166595458984375 -467.05548095703125 -485.579345703125 -504.78875732421875 -515.81658935546875 -524.1109619140625 -533.37384033203125 -542.857421875 -552.1282958984375 -561.85302734375 -572.1312255859375 -582.8931884765625 -592.8309326171875 -601.41375732421875 -608.196533203125 -612.22479248046875 -614.4627685546875 -616.22601318359375 -618.04718017578125 -1e100 -1e100 -1e100 -1e100 -1e100 -1e100 -1e100 -1e100 -1e100 -1e100 -1e100 -1e100 -1e100 -1e100 -1e100 -1e100 -1e100 -1e100 -1e100 -1e100 -1e100 -1e100 -1e100 -1e100 -1e100 -1e100 -1e100 -1e100 -1e100 -1e100 -1e100 -1e100 -1e100 -1e100 -1e100 -1e100 -1e100 -1e100 -1e100 -1e100 -1e100 -1e100 -1e100 -1e100 -1e100 -1e100 -1e100 -1e100 -1e100 -1e100 -1e100 -1e100 -1e100 -1e100 -1e100 -1e100 -1e100 -1e100 -1e100 -1e100 -1e100 -1e100
 -1e100 -1e100 -1e100 -1e100 -1e100 -1e100 -1e100 -1e100 -1e100 -1e100 -1e100 -1e100 -1e100 -1e100 -1e100 -1e100 -1e100 -1e100 -1e100 -1e100 -1e100 -1e100 -1e100 -1e100 -1e100 -1e100 -1e100 -1e100 -1e100 -1e100 -1e100 -1e100 -1e100 -342.767852783203125 -344.99249267578125 -348.22491455078125 -353.31378173828125 -358.9344482421875 -366.265533447265625 -376.401458740234375 -387.505157470703125 -398.963165283203125 -410.893646240234375 -422.02655029296875 -431.23162841796875 -433.969024658203125 -432.59356689453125 -429.46875 -425.201690673828125 -431.18359375 -445.692230224609375 -462.566558837890625 -481.551239013671875 -501.744873046875 -512.4921875 -520.89984130859375 -530.561279296875 -540.223388671875 -549.900390625 -559.72076416015625 -569.81463623046875 -580.45697021484375 -590.58563232421875 -599.0391845703125 -605.728271484375 -610.2728271484375 -612.88165283203125 -614.9013671875 -617.5313720703125 -619.29437255859375 -1e100 -1e100 -1e100 -1e100 -1e100 -1e100 -1e100 -1e100 -1e100 -1e100 -1e100 -1e100 -1e100 -1e100 -1e100 -1e100 -1e100 -1e100 -1e100 -1e100 -1e100 -1e100 -1e100 -1e100 -1e100 -1e100 -1e100 -1e100 -1e100 -1e100 -1e100 -1e100 -1e100 -1e100 -1e100 -1e100 -1e100 -1e100 -1e100 -1e100 -1e100 -1e100 -1e100 -1e100 -1e100 -1e100 -1e100 -1e100 -1e100 -1e100 -1e100 -1e100 -1e100 -1e100 -1e100 -1e100 -1e100 -1e100 -1e100 -1e100 -1e100
 -1e100 -1e100 -1e100 -1e100 -1e100 -1e100 -1e100 -1e100 -1e100 -1e100 -1e100 -1e100 -1e100 -1e100 -1e100 -1e100 -1e100 -1e100 -1e100 -1e100 -1e100 -1e100 -1e100 -1e100 -1e100 -1e100 -1e100 -1e100 -1e100 -1e100 -1e100 -1e100 -1e100 -338.8604736328125 -341.20587158203125 -344.44110107421875 -349.367919921875 -355.0694580078125 -362.100738525390625 -371.28302001953125 -381.404541015625 -391.904693603515625 -402.717529296875 -413.3883056640625 -422.68048095703125 -426.609771728515625 -427.738861083984375 -425.787261962890625 -423.793365478515625 -431.410675048828125 -446.06378173828125 -461.6031494140625 -480.51336669921875 -499.176910400390625 -509.0482177734375 -517.231689453125 -527.0823974609375 -537.03271484375 -546.88006591796875 -556.6270751953125 -566.315185546875 -576.20654296875 -585.647705078125 -593.43072509765625 -599.37322998046875 -603.8677978515625 -607.162841796875 -610.04217529296875 -613.706787109375 -617.11285400390625 -620.8214111328125 -1e100 -1e100 -1e100 -1e100 -1e100 -1e100 -1e100 -1e100 -1e100 -1e100 -1e100 -1e100 -1e100 -1e100 -1e100 -1e100 -1e100 -1e100 -1e100 -1e100 -1e100 -1e100 -1e100 -1e100 -1e100 -1e100 -1e100 -1e100 -1e100 -1e100 -1e100 -1e100 -1e100 -1e100 -1e100 -1e100 -1e100 -1e100 -1e100 -1e100 -1e100 -1e100 -1e100 -1e100 -1e100 -1e100 -1e100 -1e100 -1e100 -1e100 -1e100 -1e100 -1e100 -1e100 -1e100 -1e100 -1e100 -1e100 -1e100 -1e100
 -1e100 -1e100 -1e100 -1e100 -1e100 -1e100 -1e100 -1e100 -1e100 -1e100 -1e100 -1e100 -1e100 -1e100 -1e100 -1e100 -1e100 -1e100 -1e100 -1e100 -1e100 -1e100 -1e100 -1e100 -1e100 -1e100 -1e100 -1e100 -1e100 -1e100 -1e100 -1e100 -1e100 -1e100 -336.919403076171875 -340.34881591796875 -345.199737548828125 -350.8291015625 -357.4747314453125 -365.91754150390625 -375.006103515625 -384.540863037109375 -394.37127685546875 -404.5472412109375 -413.7327880859375 -418.667938232421875 -422.209869384765625 -423.3414306640625 -425.1322021484375 -434.276275634765625 -449.26544189453125 -463.50604248046875 -480.4178466796875 -496.297698974609375 -505.362823486328125 -513.12640380859375 -523.12445068359375 -533.20599365234375 -543.04400634765625 -552.556884765625 -561.8221435546875 -570.63189697265625 -578.748046875 -585.36798095703125 -590.18438720703125 -594.0821533203125 -597.96600341796875 -602.6007080078125 -607.77423095703125 -612.6383056640625 -616.86785888671875 -1e100 -1e100 -1e100 -1e100 -1e100 -1e100 -1e100 -1e100 -1e100 -1e100 -1e100 -1e100 -1e100 -1e100 -1e100 -1e100 -1e100 -1e100 -1e100 -1e100 -1e100 -1e100 -1e100 -1e100 -1e100 -1e100 -1e100 -1e100 -1e100 -1e100 -1e100 -1e100 -1e100 -1e100 -1e100 -1e100 -1e100 -1e100 -1e100 -1e100 -1e100 -1e100 -1e100 -1e100 -1e100 -1e100 -1e100 -1e100 -1e100 -1e100 -1e100 -1e100 -1e100 -1e100 -1e100 -1e100 -1e100 -1e100 -1e100 -1e100
 -1e100 -1e100 -1e100 -1e100 -1e100 -1e100 -1e100 -1e100 -1e100 -1e100 -1e100 -1e100 -1e100 -1e100 -1e100 -1e100 -1e100 -1e100 -1e100 -1e100 -1e100 -1e100 -1e100 -1e100 -1e100 -1e100 -1e100 -1e100 -1e100 -1e100 -1e100 -1e100 -1e100 -1e100 -1e100 -335.839691162109375 -340.3968505859375 -345.841644287109375 -352.206451416015625 -360.110382080078125 -368.528839111328125 -377.39617919921875 -386.538055419921875 -396.1102294921875 -404.673919677734375 -410.3812255859375 -415.062469482421875 -418.09539794921875 -423.86663818359375 -435.83929443359375 -451.073394775390625 -465.40203857421875 -481.48614501953125 -494.39312744140625 -501.568939208984375 -508.8975830078125 -518.583740234375 -528.4801025390625 -538.22955322265625 -547.4544677734375 -556.16656494140625 -563.99298095703125 -570.727294921875 -576.0205078125 -579.666748046875 -582.85931396484375 -586.91943359375 -592.679931640625 -600.05029296875 -606.53936767578125 -612.04193115234375 -616.27410888671875 -1e100 -1e100 -1e100 -1e100 -1e100 -1e100 -1e100 -1e100 -1e100 -1e100 -1e100 -1e100 -1e100 -1e100 -1e100 -1e100 -1e100 -1e100 -1e100 -1e100 -1e100 -1e100 -1e100 -1e100 -1e100 -1e100 -1e100 -1e100 -1e100 -1e100 -1e100 -1e100 -1e100 -1e100 -1e100 -1e100 -1e100 -1e100 -1e100 -1e100 -1e100 -1e100 -1e100 -1e100 -1e100 -1e100 -1e100 -1e100 -1e100 -1e100 -1e100 -1e100 -1e100 -1e100 -1e100 -1e100 -1e100 -1e100 -1e100
 -1e100 -1e100 -1e100 -1e100 -1e100 -1e100 -1e100 -1e100 -1e100 -1e100 -1e100 -1e100 -1e100 -1e100 -1e100 -1e100 -1e100 -1e100 -1e100 -1e100 -1e100 -1e100 -1e100 -1e100 -1e100 -1e100 -1e100 -1e100 -1e100 -1e100 -1e100 -1e100 -1e100 -1e100 -1e100 -331.155029296875 -335.445281982421875 -340.63018798828125 -346.787384033203125 -354.1866455078125 -362.3984375 -370.79730224609375 -379.3212890625 -388.1485595703125 -396.7529296875 -404.5322265625 -411.560821533203125 -417.281524658203125 -426.4183349609375 -439.19891357421875 -452.7044677734375 -465.64581298828125 -480.06414794921875 -490.56719970703125 -497.1517333984375 -504.1959228515625 -513.42828369140625 -522.884033203125 -532.01849365234375 -540.966552734375 -549.2388916015625 -556.13775634765625 -561.60369873046875 -566.0667724609375 -568.91680908203125 -571.5238037109375 -575.824462890625 -582.42889404296875 -590.61083984375 -598.75836181640625 -605.8929443359375 -611.396240234375 -614.2783203125 -1e100 -1e100 -1e100 -1e100 -1e100 -1e100 -1e100 -1e100 -1e100 -1e100 -1e100 -1e100 -1e100 -1e100 -1e100 -1e100 -1e100 -1e100 -1e100 -1e100 -1e100 -1e100 -1e100 -1e100 -1e100 -1e100 -1e100 -1e100 -1e100 -1e100 -1e100 -1e100 -1e100 -1e100 -1e100 -1e100 -1e100 -1e100 -1e100 -1e100 -1e100 -1e100 -1e100 -1e100 -1e100 -1e100 -1e100 -1e100 -1e100 -1e100 -1e100 -1e100 -1e100 -1e100 -1e100 -1e100 -1e100 -1e100
 -1e100 -1e100 -1e100 -1e100 -1e100 -1e100 -1e100 -1e100 -1e100 -1e100 -1e100 -1e100 -1e100 -1e100 -1e100 -1e100 -1e100 -1e100 -1e100 -1e100 -1e100 -1e100 -1e100 -1e100 -1e100 -1e100 -1e100 -1e100 -1e100 -1e100 -1e100 -1e100 -1e100 -1e100 -1e100 -326.44439697265625 -330.516754150390625 -335.29571533203125 -341.0628662109375 -347.90667724609375 -355.985198974609375 -363.94793701171875 -372.001678466796875 -380.177276611328125 -388.652313232421875 -397.19989013671875 -406.363037109375 -414.887847900390625 -427.3365478515625 -441.046051025390625 -454.0263671875 -465.6806640625 -478.3114013671875 -486.65936279296875 -492.880157470703125 -499.753082275390625 -508.653228759765625 -517.5355224609375 -525.738525390625 -534.1571044921875 -541.7935791015625 -547.61322021484375 -552.0853271484375 -555.99298095703125 -558.5479736328125 -561.34625244140625 -566.5714111328125 -574.04876708984375 -582.94287109375 -593.027587890625 -601.49444580078125 -607.973388671875 -612.7904052734375 -1e100 -1e100 -1e100 -1e100 -1e100 -1e100 -1e100 -1e100 -1e100 -1e100 -1e100 -1e100 -1e100 -1e100 -1e100 -1e100 -1e100 -1e100 -1e100 -1e100 -1e100 -1e100 -1e100 -1e100 -1e100 -1e100 -1e100 -1e100 -1e100 -1e100 -1e100 -1e100 -1e100 -1e100 -1e100 -1e100 -1e100 -1e100 -1e100 -1e100 -1e100 -1e100 -1e100 -1e100 -1e100 -1e100 -1e100 -1e100 -1e100 -1e100 -1e100 -1e100 -1e100 -1e100 -1e100 -1e100 -1e100 -1e100
 -1e100 -1e100 -1e100 -1e100 -1e100 -1e100 -1e100 -1e100 -1e100 -1e100 -1e100 -1e100 -1e100 -1e100 -1e100 -1e100 -1e100 -1e100 -1e100 -1e100 -1e100 -1e100 -1e100 -1e100 -1e100 -1e100 -1e100 -1e100 -1e100 -1e100 -1e100 -1e100 -1e100 -1e100 -1e100 -321.611053466796875 -325.42950439453125 -329.95379638671875 -335.42755126953125 -341.957000732421875 -350.128509521484375 -357.92352294921875 -365.4945068359375 -373.01873779296875 -380.901275634765625 -388.61566162109375 -398.08709716796875 -408.540069580078125 -422.197357177734375 -436.7015380859375 -450.341094970703125 -462.112060546875 -473.6090087890625 -481.7967529296875 -488.1943359375 -495.203582763671875 -503.8836669921875 -511.9996337890625 -519.4227294921875 -527.1558837890625 -533.9022216796875 -538.82611083984375 -542.99029541015625 -546.630859375 -549.42864990234375 -553.27655029296875 -559.50341796875 -567.59100341796875 -577.052490234375 -587.2598876953125 -596.72894287109375 -604.03277587890625 -610.0633544921875 -614.197998046875 -1e100 -1e100 -1e100 -1e100 -1e100 -1e100 -1e100 -1e100 -1e100 -1e100 -1e100 -1e100 -1e100 -1e100 -1e100 -1e100 -1e100 -1e100 -1e100 -1e100 -1e100 -1e100 -1e100 -1e100 -1e100 -1e100 -1e100 -1e100 -1e100 -1e100 -1e100 -1e100 -1e100 -1e100 -1e100 -1e100 -1e100 -1e100 -1e100 -1e100 -1e100 -1e100 -1e100 -1e100 -1e100 -1e100 -1e100 -1e100 -1e100 -1e100 -1e100 -1e100 -1e100 -1e100 -1e100 -1e100 -1e100
 -1e100 -1e100 -1e100 -1e100 -1e100 -1e100 -1e100 -1e100 -1e100 -1e100 -1e100 -1e100 -1e100 -1e100 -1e100 -1e100 -1e100 -1e100 -1e100 -1e100 -1e100 -1e100 -1e100 -1e100 -1e100 -1e100 -1e100 -1e100 -1e100 -1e100 -1e100 -1e100 -1e100 -1e100 -1e100 -316.531402587890625 -320.013702392578125 -324.23614501953125 -329.43829345703125 -335.8016357421875 -343.915618896484375 -350.719146728515625 -357.124298095703125 -363.773162841796875 -370.6776123046875 -377.4652099609375 -387.2059326171875 -398.55450439453125 -412.358306884765625 -427.29705810546875 -441.548858642578125 -454.175689697265625 -466.127532958984375 -475.12738037109375 -482.099029541015625 -489.37432861328125 -497.603271484375 -505.0362548828125 -512.02069091796875 -519.32666015625 -525.59033203125 -530.29486083984375 -534.4490966796875 -538.1939697265625 -541.83917236328125 -546.9698486328125 -554.241943359375 -562.909423828125 -572.6829833984375 -582.56475830078125 -591.83447265625 -599.74395751953125 -606.53656005859375 -611.20526123046875 -615.64752197265625 -1e100 -1e100 -1e100 -1e100 -1e100 -1e100 -1e100 -1e100 -1e100 -1e100 -1e100 -1e100 -1e100 -1e100 -1e100 -1e100 -1e100 -1e100 -1e100 -1e100 -1e100 -1e100 -1e100 -1e100 -1e100 -1e100 -1e100 -1e100 -1e100 -1e100 -1e100 -1e100 -1e100 -1e100 -1e100 -1e100 -1e100 -1e100 -1e100 -1e100 -1e100 -1e100 -1e100 -1e100 -1e100 -1e100 -1e100 -1e100 -1e100 -1e100 -1e100 -1e100 -1e100 -1e100 -1e100 -1e100
 -1e100 -1e100 -1e100 -1e100 -1e100 -1e100 -1e100 -1e100 -1e100 -1e100 -1e100 -1e100 -1e100 -1e100 -1e100 -1e100 -1e100 -1e100 -1e100 -1e100 -1e100 -1e100 -1e100 -1e100 -1e100 -1e100 -1e100 -1e100 -1e100 -1e100 -1e100 -1e100 -1e100 -1e100 -1e100 -311.495849609375 -314.77606201171875 -318.696624755859375 -323.526824951171875 -329.529205322265625 -337.2119140625 -343.36016845703125 -348.655303955078125 -354.1763916015625 -359.843475341796875 -365.834259033203125 -375.50469970703125 -387.417388916015625 -401.51690673828125 -417.208038330078125 -431.999847412109375 -445.017547607421875 -457.2987060546875 -467.011260986328125 -474.448211669921875 -482.07952880859375 -490.356597900390625 -497.757415771484375 -504.66265869140625 -511.761810302734375 -517.896728515625 -522.51397705078125 -526.59228515625 -530.4954833984375 -534.64178466796875 -540.6700439453125 -548.6739501953125 -557.7059326171875 -567.60040283203125 -577.37255859375 -586.15411376953125 -594.46502685546875 -601.42193603515625 -605.92706298828125 -609.83624267578125 -1e100 -1e100 -1e100 -1e100 -1e100 -1e100 -1e100 -1e100 -1e100 -1e100 -1e100 -1e100 -1e100 -1e100 -1e100 -1e100 -1e100 -1e100 -1e100 -1e100 -1e100 -1e100 -1e100 -1e100 -1e100 -1e100 -1e100 -1e100 -1e100 -1e100 -1e100 -1e100 -1e100 -1e100 -1e100 -1e100 -1e100 -1e100 -1e100 -1e100 -1e100 -1e100 -1e100 -1e100 -1e100 -1e100 -1e100 -1e100 -1e100 -1e100 -1e100 -1e100 -1e100 -1e100 -1e100 -1e100
 -1e100 -1e100 -1e100 -1e100 -1e100 -1e100 -1e100 -1e100 -1e100 -1e100 -1e100 -1e100 -1e100 -1e100 -1e100 -1e100 -1e100 -1e100 -1e100 -1e100 -1e100 -1e100 -1e100 -1e100 -1e100 -1e100 -1e100 -1e100 -1e100 -1e100 -1e100 -1e100 -1e100 -1e100 -1e100 -306.3956298828125 -309.4364013671875 -312.9776611328125 -317.244415283203125 -322.54962158203125 -329.442413330078125 -334.9423828125 -339.254974365234375 -344.008819580078125 -349.0853271484375 -354.268096923828125 -363.772430419921875 -376.1053466796875 -390.45001220703125 -406.565032958984375 -422.3634033203125 -435.852264404296875 -448.5477294921875 -458.95770263671875 -466.953369140625 -474.898590087890625 -483.253875732421875 -490.8497314453125 -498.021728515625 -504.957427978515625 -510.945556640625 -515.623046875 -519.63494873046875 -523.44134521484375 -527.8680419921875 -534.4700927734375 -542.7562255859375 -551.80780029296875 -561.51116943359375 -571.12322998046875 -579.0714111328125 -586.5614013671875 -593.9383544921875 -598.1285400390625 -600.76593017578125 -603.11529541015625 -1e100 -1e100 -1e100 -1e100 -1e100 -1e100 -1e100 -1e100 -1e100 -1e100 -1e100 -1e100 -1e100 -1e100 -1e100 -1e100 -1e100 -1e100 -1e100 -1e100 -1e100 -1e100 -1e100 -1e100 -1e100 -1e100 -1e100 -1e100 -1e100 -1e100 -1e100 -1e100 -1e100 -1e100 -1e100 -1e100 -1e100 -1e100 -1e100 -1e100 -1e100 -1e100 -1e100 -1e100 -1e100 -1e100 -1e100 -1e100 -1e100 -1e100 -1e100 -1e100 -1e100 -1e100 -1e100
 -1e100 -1e100 -1e100 -1e100 -1e100 -1e100 -1e100 -1e100 -1e100 -1e100 -1e100 -1e100 -1e100 -1e100 -1e100 -1e100 -1e100 -1e100 -1e100 -1e100 -1e100 -1e100 -1e100 -1e100 -1e100 -1e100 -1e100 -1e100 -1e100 -1e100 -1e100 -1e100 -1e100 -1e100 -1e100 -301.149505615234375 -303.928253173828125 -307.06329345703125 -310.777587890625 -315.45294189453125 -321.4586181640625 -326.24041748046875 -330.01519775390625 -334.67901611328125 -339.701080322265625 -344.520233154296875 -354.1490478515625 -366.6270751953125 -380.5234375 -396.166046142578125 -412.41131591796875 -426.0284423828125 -438.832183837890625 -449.904754638671875 -458.864990234375 -467.371826171875 -475.86651611328125 -483.817962646484375 -491.349639892578125 -498.204925537109375 -504.1202392578125 -509.0047607421875 -513.110107421875 -516.99993896484375 -521.50927734375 -528.13360595703125 -535.885009765625 -544.40118408203125 -553.5335693359375 -562.66900634765625 -569.97186279296875 -576.92694091796875 -583.39410400390625 -587.55694580078125 -589.525634765625 -591.02862548828125 -1e100 -1e100 -1e100 -1e100 -1e100 -1e100 -1e100 -1e100 -1e100 -1e100 -1e100 -1e100 -1e100 -1e100 -1e100 -1e100 -1e100 -1e100 -1e100 -1e100 -1e100 -1e100 -1e100 -1e100 -1e100 -1e100 -1e100 -1e100 -1e100 -1e100 -1e100 -1e100 -1e100 -1e100 -1e100 -1e100 -1e100 -1e100 -1e100 -1e100 -1e100 -1e100 -1e100 -1e100 -1e100 -1e100 -1e100 -1e100 -1e100 -1e100 -1e100 -1e100 -1e100 -1e100 -1e100
 -1e100 -1e100 -1e100 -1e100 -1e100 -1e100 -1e100 -1e100 -1e100 -1e100 -1e100 -1e100 -1e100 -1e100 -1e100 -1e100 -1e100 -1e100 -1e100 -1e100 -1e100 -1e100 -1e100 -1e100 -1e100 -1e100 -1e100 -1e100 -1e100 -1e100 -1e100 -1e100 -1e100 -1e100 -1e100 -295.737396240234375 -298.253448486328125 -300.969970703125 -304.07684326171875 -307.912200927734375 -312.611297607421875 -316.53973388671875 -320.011383056640625 -324.850982666015625 -330.243988037109375 -335.644439697265625 -345.359771728515625 -357.94573974609375 -371.23065185546875 -386.014495849609375 -402.0018310546875 -415.726593017578125 -428.373199462890625 -439.9749755859375 -449.999420166015625 -459.16766357421875 -467.989013671875 -476.286956787109375 -483.9410400390625 -490.7508544921875 -496.79949951171875 -502.115203857421875 -506.5609130859375 -510.9945068359375 -515.6763916015625 -521.997314453125 -529.06536865234375 -536.963623046875 -545.40240478515625 -554.07568359375 -561.12017822265625 -567.50079345703125 -572.889404296875 -577.64239501953125 -579.77069091796875 -581.54998779296875 -582.6248779296875 -1e100 -1e100 -1e100 -1e100 -1e100 -1e100 -1e100 -1e100 -1e100 -1e100 -1e100 -1e100 -1e100 -1e100 -1e100 -1e100 -1e100 -1e100 -1e100 -1e100 -1e100 -1e100 -1e100 -1e100 -1e100 -1e100 -1e100 -1e100 -1e100 -1e100 -1e100 -1e100 -1e100 -1e100 -1e100 -1e100 -1e100 -1e100 -1e100 -1e100 -1e100 -1e100 -1e100 -1e100 -1e100 -1e100 -1e100 -1e100 -1e100 -1e100 -1e100 -1e100 -1e100 -1e100
 -1e100 -1e100 -1e100 -1e100 -1e100 -1e100 -1e100 -1e100 -1e100 -1e100 -1e100 -1e100 -1e100 -1e100 -1e100 -1e100 -1e100 -1e100 -1e100 -1e100 -1e100 -1e100 -1e100 -1e100 -1e100 -1e100 -1e100 -1e100 -1e100 -1e100 -1e100 -1e100 -1e100 -1e100 -1e100 -290.16278076171875 -292.452880859375 -294.794464111328125 -297.308685302734375 -300.28082275390625 -303.97833251953125 -308.03924560546875 -312.045654296875 -317.3890380859375 -323.43505859375 -329.576324462890625 -338.547576904296875 -350.09307861328125 -362.48614501953125 -376.399383544921875 -391.780242919921875 -405.4339599609375 -418.2630615234375 -430.375274658203125 -441.247344970703125 -451.09429931640625 -460.54840087890625 -469.245697021484375 -476.894805908203125 -483.624114990234375 -489.516632080078125 -494.902374267578125 -499.752899169921875 -504.824951171875 -509.631927490234375 -515.93072509765625 -522.48956298828125 -529.813232421875 -537.74920654296875 -546.31298828125 -553.18463134765625 -559.32061767578125 -564.0665283203125 -568.2591552734375 -571.32696533203125 -574.29119873046875 -576.66796875 -579.41400146484375 -1e100 -1e100 -1e100 -1e100 -1e100 -1e100 -1e100 -1e100 -1e100 -1e100 -1e100 -1e100 -1e100 -1e100 -1e100 -1e100 -1e100 -1e100 -1e100 -1e100 -1e100 -1e100 -1e100 -1e100 -1e100 -1e100 -1e100 -1e100 -1e100 -1e100 -1e100 -1e100 -1e100 -1e100 -1e100 -1e100 -1e100 -1e100 -1e100 -1e100 -1e100 -1e100 -1e100 -1e100 -1e100 -1e100 -1e100 -1e100 -1e100 -1e100 -1e100 -1e100 -1e100
 -1e100 -1e100 -1e100 -1e100 -1e100 -1e100 -1e100 -1e100 -1e100 -1e100 -1e100 -1e100 -1e100 -1e100 -1e100 -1e100 -1e100 -1e100 -1e100 -1e100 -1e100 -1e100 -1e100 -1e100 -1e100 -1e100 -1e100 -1e100 -1e100 -1e100 -1e100 -1e100 -1e100 -1e100 -1e100 -284.447784423828125 -286.584442138671875 -288.672271728515625 -290.764251708984375 -293.09698486328125 -296.0452880859375 -299.741302490234375 -304.07342529296875 -310.08477783203125 -317.066070556640625 -323.99676513671875 -332.95587158203125 -343.692352294921875 -355.0084228515625 -367.601104736328125 -382.1480712890625 -395.470458984375 -408.331878662109375 -420.734283447265625 -432.4005126953125 -442.94573974609375 -453.0091552734375 -462.07891845703125 -469.9305419921875 -476.627197265625 -482.243865966796875 -487.546905517578125 -492.81195068359375 -498.562957763671875 -503.891876220703125 -510.38458251953125 -516.74554443359375 -523.62506103515625 -530.99432373046875 -539.10821533203125 -545.824951171875 -552.118408203125 -557.27435302734375 -561.79510498046875 -566.69549560546875 -571.56988525390625 -575.6439208984375 -579.4808349609375 -1e100 -1e100 -1e100 -1e100 -1e100 -1e100 -1e100 -1e100 -1e100 -1e100 -1e100 -1e100 -1e100 -1e100 -1e100 -1e100 -1e100 -1e100 -1e100 -1e100 -1e100 -1e100 -1e100 -1e100 -1e100 -1e100 -1e100 -1e100 -1e100 -1e100 -1e100 -1e100 -1e100 -1e100 -1e100 -1e100 -1e100 -1e100 -1e100 -1e100 -1e100 -1e100 -1e100 -1e100 -1e100 -1e100 -1e100 -1e100 -1e100 -1e100 -1e100 -1e100 -1e100
 -1e100 -1e100 -1e100 -1e100 -1e100 -1e100 -1e100 -1e100 -1e100 -1e100 -1e100 -1e100 -1e100 -1e100 -1e100 -1e100 -1e100 -1e100 -1e100 -1e100 -1e100 -1e100 -1e100 -1e100 -1e100 -1e100 -1e100 -1e100 -1e100 -1e100 -1e100 -1e100 -1e100 -1e100 -1e100 -278.621337890625 -280.683563232421875 -282.669677734375 -284.584930419921875 -286.6134033203125 -289.130828857421875 -292.486236572265625 -297.043365478515625 -303.35382080078125 -310.702392578125 -318.41162109375 -327.24151611328125 -337.14984130859375 -347.5692138671875 -359.18426513671875 -372.554168701171875 -385.6529541015625 -398.45050048828125 -410.9715576171875 -423.046844482421875 -434.282684326171875 -444.94854736328125 -454.52191162109375 -462.736419677734375 -469.68280029296875 -475.2283935546875 -480.454620361328125 -486.04156494140625 -492.304229736328125 -498.18621826171875 -505.0006103515625 -511.4127197265625 -518.230712890625 -525.3236083984375 -533.059814453125 -539.75592041015625 -546.259033203125 -552.43951416015625 -558.36083984375 -564.43218994140625 -571.24566650390625 -576.69244384765625 -580.5960693359375 -583.49517822265625 -1e100 -1e100 -1e100 -1e100 -1e100 -1e100 -1e100 -1e100 -1e100 -1e100 -1e100 -1e100 -1e100 -1e100 -1e100 -1e100 -1e100 -1e100 -1e100 -1e100 -1e100 -1e100 -1e100 -1e100 -1e100 -1e100 -1e100 -1e100 -1e100 -1e100 -1e100 -1e100 -1e100 -1e100 -1e100 -1e100 -1e100 -1e100 -1e100 -1e100 -1e100 -1e100 -1e100 -1e100 -1e100 -1e100 -1e100 -1e100 -1e100 -1e100 -1e100 -1e100
 -1e100 -1e100 -1e100 -1e100 -1e100 -1e100 -1e100 -1e100 -1e100 -1e100 -1e100 -1e100 -1e100 -1e100 -1e100 -1e100 -1e100 -1e100 -1e100 -1e100 -1e100 -1e100 -1e100 -1e100 -1e100 -1e100 -1e100 -1e100 -1e100 -1e100 -1e100 -1e100 -1e100 -1e100 -1e100 -272.89666748046875 -274.81915283203125 -276.76800537109375 -278.70635986328125 -280.70501708984375 -283.069549560546875 -286.225372314453125 -290.6334228515625 -296.600341796875 -303.668975830078125 -311.557861328125 -319.914398193359375 -329.04278564453125 -338.768646240234375 -349.9554443359375 -362.402740478515625 -375.3175048828125 -388.21722412109375 -400.92608642578125 -412.960540771484375 -424.681915283203125 -435.985748291015625 -446.1962890625 -454.9727783203125 -462.52520751953125 -468.464813232421875 -474.042816162109375 -480.009918212890625 -486.816253662109375 -493.3607177734375 -500.4996337890625 -507.136566162109375 -513.9842529296875 -520.79779052734375 -528.16180419921875 -534.7950439453125 -541.46844482421875 -548.84552001953125 -557.03729248046875 -565.268310546875 -573.3223876953125 -579.76910400390625 -583.74365234375 -585.29034423828125 -585.5057373046875 -1e100 -1e100 -1e100 -1e100 -1e100 -1e100 -1e100 -1e100 -1e100 -1e100 -1e100 -1e100 -1e100 -1e100 -1e100 -1e100 -1e100 -1e100 -1e100 -1e100 -1e100 -1e100 -1e100 -1e100 -1e100 -1e100 -1e100 -1e100 -1e100 -1e100 -1e100 -1e100 -1e100 -1e100 -1e100 -1e100 -1e100 -1e100 -1e100 -1e100 -1e100 -1e100 -1e100 -1e100 -1e100 -1e100 -1e100 -1e100 -1e100 -1e100 -1e100
 -1e100 -1e100 -1e100 -1e100 -1e100 -1e100 -1e100 -1e100 -1e100 -1e100 -1e100 -1e100 -1e100 -1e100 -1e100 -1e100 -1e100 -1e100 -1e100 -1e100 -1e100 -1e100 -1e100 -1e100 -1e100 -1e100 -1e100 -1e100 -1e100 -1e100 -1e100 -1e100 -1e100 -1e100 -1e100 -267.976806640625 -269.557037353515625 -271.296142578125 -273.1575927734375 -275.171783447265625 -277.574462890625 -280.663543701171875 -284.800933837890625 -290.1881103515625 -296.692901611328125 -304.30877685546875 -312.4051513671875 -320.9478759765625 -330.44464111328125 -341.298828125 -353.0982666015625 -365.584869384765625 -378.5169677734375 -391.1197509765625 -403.077301025390625 -414.996185302734375 -426.745697021484375 -437.709259033203125 -447.283660888671875 -455.6236572265625 -462.37554931640625 -468.47882080078125 -474.582611083984375 -481.5260009765625 -488.37432861328125 -495.440460205078125 -502.061981201171875 -508.9453125 -515.58123779296875 -522.6051025390625 -529.25927734375 -536.62310791015625 -545.5806884765625 -555.75067138671875 -566.1846923828125 -576.18365478515625 -583.422607421875 -587.11932373046875 -588.2257080078125 -587.18505859375 -1e100 -1e100 -1e100 -1e100 -1e100 -1e100 -1e100 -1e100 -1e100 -1e100 -1e100 -1e100 -1e100 -1e100 -1e100 -1e100 -1e100 -1e100 -1e100 -1e100 -1e100 -1e100 -1e100 -1e100 -1e100 -1e100 -1e100 -1e100 -1e100 -1e100 -1e100 -1e100 -1e100 -1e100 -1e100 -1e100 -1e100 -1e100 -1e100 -1e100 -1e100 -1e100 -1e100 -1e100 -1e100 -1e100 -1e100 -1e100 -1e100 -1e100 -1e100
 -1e100 -1e100 -1e100 -1e100 -1e100 -1e100 -1e100 -1e100 -1e100 -1e100 -1e100 -1e100 -1e100 -1e100 -1e100 -1e100 -1e100 -1e100 -1e100 -1e100 -1e100 -1e100 -1e100 -1e100 -1e100 -1e100 -1e100 -1e100 -1e100 -1e100 -1e100 -1e100 -1e100 -1e100 -1e100 -264.227294921875 -265.401885986328125 -266.763671875 -268.36328125 -270.243804931640625 -272.575653076171875 -275.5703125 -279.498931884765625 -284.486114501953125 -290.553619384765625 -297.70794677734375 -305.4989013671875 -313.778656005859375 -322.990325927734375 -333.403594970703125 -344.36468505859375 -356.223541259765625 -368.84014892578125 -381.237060546875 -393.079803466796875 -405.429931640625 -417.5614013671875 -428.977630615234375 -439.309295654296875 -448.669464111328125 -456.49151611328125 -463.36212158203125 -469.803253173828125 -476.625885009765625 -483.22784423828125 -489.81170654296875 -496.09307861328125 -502.54827880859375 -508.772308349609375 -515.40704345703125 -522.102783203125 -530.1654052734375 -540.609375 -552.4720458984375 -564.6883544921875 -576.55816650390625 -584.95794677734375 -589.0023193359375 -590.38519287109375 -589.42059326171875 -587.42108154296875 -1e100 -1e100 -1e100 -1e100 -1e100 -1e100 -1e100 -1e100 -1e100 -1e100 -1e100 -1e100 -1e100 -1e100 -1e100 -1e100 -1e100 -1e100 -1e100 -1e100 -1e100 -1e100 -1e100 -1e100 -1e100 -1e100 -1e100 -1e100 -1e100 -1e100 -1e100 -1e100 -1e100 -1e100 -1e100 -1e100 -1e100 -1e100 -1e100 -1e100 -1e100 -1e100 -1e100 -1e100 -1e100 -1e100 -1e100 -1e100 -1e100 -1e100
 -1e100 -1e100 -1e100 -1e100 -1e100 -1e100 -1e100 -1e100 -1e100 -1e100 -1e100 -1e100 -1e100 -1e100 -1e100 -1e100 -1e100 -1e100 -1e100 -1e100 -1e100 -1e100 -1e100 -1e100 -1e100 -1e100 -1e100 -1e100 -1e100 -1e100 -1e100 -1e100 -1e100 -1e100 -1e100 -261.6766357421875 -262.442352294921875 -263.408233642578125 -264.633758544921875 -266.17889404296875 -268.270263671875 -271.04559326171875 -274.7027587890625 -279.353179931640625 -285.048736572265625 -291.715057373046875 -299.1705322265625 -307.316619873046875 -316.36932373046875 -326.613677978515625 -337.160430908203125 -348.516754150390625 -360.814697265625 -372.8382568359375 -384.113006591796875 -396.3187255859375 -408.503662109375 -419.634246826171875 -430.154327392578125 -440.5035400390625 -449.439697265625 -457.172454833984375 -464.4244384765625 -471.50640869140625 -477.866058349609375 -484.10980224609375 -490.247314453125 -496.26593017578125 -502.00433349609375 -508.125518798828125 -514.55145263671875 -522.74658203125 -534.09478759765625 -547.24462890625 -560.67974853515625 -573.95318603515625 -583.57135009765625 -588.6905517578125 -590.66302490234375 -590.3648681640625 -588.7431640625 -587.62200927734375 -1e100 -1e100 -1e100 -1e100 -1e100 -1e100 -1e100 -1e100 -1e100 -1e100 -1e100 -1e100 -1e100 -1e100 -1e100 -1e100 -1e100 -1e100 -1e100 -1e100 -1e100 -1e100 -1e100 -1e100 -1e100 -1e100 -1e100 -1e100 -1e100 -1e100 -1e100 -1e100 -1e100 -1e100 -1e100 -1e100 -1e100 -1e100 -1e100 -1e100 -1e100 -1e100 -1e100 -1e100 -1e100 -1e100 -1e100 -1e100 -1e100
 -1e100 -1e100 -1e100 -1e100 -1e100 -1e100 -1e100 -1e100 -1e100 -1e100 -1e100 -1e100 -1e100 -1e100 -1e100 -1e100 -1e100 -1e100 -1e100 -1e100 -1e100 -1e100 -1e100 -1e100 -1e100 -1e100 -1e100 -1e100 -1e100 -1e100 -1e100 -1e100 -1e100 -1e100 -1e100 -260.3319091796875 -260.6875 -261.236785888671875 -262.0477294921875 -263.169647216796875 -264.82708740234375 -267.234619140625 -270.540130615234375 -274.83544921875 -280.191802978515625 -286.57012939453125 -293.824554443359375 -301.91680908203125 -310.90692138671875 -321.07196044921875 -331.364532470703125 -342.277740478515625 -353.967498779296875 -365.38201904296875 -376.03594970703125 -387.16937255859375 -398.0567626953125 -408.027923583984375 -418.11871337890625 -428.898284912109375 -439.27191162109375 -448.900848388671875 -457.97711181640625 -466.1666259765625 -472.714935302734375 -478.7646484375 -484.890869140625 -490.4302978515625 -495.5054931640625 -501.100189208984375 -507.091522216796875 -514.99102783203125 -526.245849609375 -539.3892822265625 -553.39959716796875 -567.6922607421875 -578.479248046875 -585.417236328125 -589.0047607421875 -589.51702880859375 -588.1895751953125 -587.21783447265625 -1e100 -1e100 -1e100 -1e100 -1e100 -1e100 -1e100 -1e100 -1e100 -1e100 -1e100 -1e100 -1e100 -1e100 -1e100 -1e100 -1e100 -1e100 -1e100 -1e100 -1e100 -1e100 -1e100 -1e100 -1e100 -1e100 -1e100 -1e100 -1e100 -1e100 -1e100 -1e100 -1e100 -1e100 -1e100 -1e100 -1e100 -1e100 -1e100 -1e100 -1e100 -1e100 -1e100 -1e100 -1e100 -1e100 -1e100 -1e100 -1e100
 -1e100 -1e100 -1e100 -1e100 -1e100 -1e100 -1e100 -1e100 -1e100 -1e100 -1e100 -1e100 -1e100 -1e100 -1e100 -1e100 -1e100 -1e100 -1e100 -1e100 -1e100 -1e100 -1e100 -1e100 -1e100 -1e100 -1e100 -1e100 -1e100 -1e100 -1e100 -1e100 -1e100 -1e100 -1e100   -260 -260.065826416015625 -260.233856201171875 -260.592254638671875 -261.2396240234375 -262.3765869140625 -264.25396728515625 -267.0972900390625 -270.98468017578125 -276.003173828125 -282.168304443359375 -289.389862060546875 -297.648590087890625 -307.010589599609375 -317.091705322265625 -327.19854736328125 -337.68084716796875 -348.593841552734375 -358.958282470703125 -368.913116455078125 -379.133270263671875 -389.085845947265625 -397.590972900390625 -406.925384521484375 -417.652069091796875 -428.684722900390625 -439.304779052734375 -450.178619384765625 -459.68524169921875 -466.75933837890625 -472.8184814453125 -478.933502197265625 -484.2996826171875 -488.96905517578125 -494.186004638671875 -500.08746337890625 -507.799835205078125 -518.49658203125 -530.53955078125 -543.78070068359375 -558.44732666015625 -570.3118896484375 -579.0654296875 -585.465087890625 -587.6881103515625 -586.611572265625 -584.5224609375 -581.89019775390625 -1e100 -1e100 -1e100 -1e100 -1e100 -1e100 -1e100 -1e100 -1e100 -1e100 -1e100 -1e100 -1e100 -1e100 -1e100 -1e100 -1e100 -1e100 -1e100 -1e100 -1e100 -1e100 -1e100 -1e100 -1e100 -1e100 -1e100 -1e100 -1e100 -1e100 -1e100 -1e100 -1e100 -1e100 -1e100 -1e100 -1e100 -1e100 -1e100 -1e100 -1e100 -1e100 -1e100 -1e100 -1e100 -1e100 -1e100 -1e100
 -1e100 -1e100 -1e100 -1e100 -1e100 -1e100 -1e100 -1e100 -1e100 -1e100 -1e100 -1e100 -1e100 -1e100 -1e100 -1e100 -1e100 -1e100 -1e100 -1e100 -1e100 -1e100 -1e100 -1e100 -1e100 -1e100 -1e100 -1e100 -1e100 -1e100 -1e100 -1e100 -1e100 -1e100 -1e100   -260   -260   -260 -260.082000732421875 -260.333251953125 -260.932403564453125 -262.161346435546875 -264.4031982421875 -267.78125 -272.3900146484375 -278.276641845703125 -285.4290771484375 -293.7664794921875 -303.277740478515625 -313.385772705078125 -323.389373779296875 -333.486419677734375 -343.76104736328125 -353.296295166015625 -362.33953857421875 -371.5579833984375 -380.685394287109375 -388.8052978515625 -397.874114990234375 -408.659027099609375 -420.282073974609375 -431.569915771484375 -442.955780029296875 -453.186431884765625 -460.849365234375 -467.132965087890625 -473.497528076171875 -478.819427490234375 -483.17633056640625 -488.098480224609375 -493.825286865234375 -500.882232666015625 -510.858123779296875 -522.1749267578125 -534.43389892578125 -548.24298095703125 -560.53778076171875 -570.5623779296875 -578.52313232421875 -582.5279541015625 -582.41302490234375 -580.00927734375 -576.23931884765625 -1e100 -1e100 -1e100 -1e100 -1e100 -1e100 -1e100 -1e100 -1e100 -1e100 -1e100 -1e100 -1e100 -1e100 -1e100 -1e100 -1e100 -1e100 -1e100 -1e100 -1e100 -1e100 -1e100 -1e100 -1e100 -1e100 -1e100 -1e100 -1e100 -1e100 -1e100 -1e100 -1e100 -1e100 -1e100 -1e100 -1e100 -1e100 -1e100 -1e100 -1e100 -1e100 -1e100 -1e100 -1e100 -1e100 -1e100 -1e100
 -1e100 -1e100 -1e100 -1e100 -1e100 -1e100 -1e100 -1e100 -1e100 -1e100 -1e100 -1e100 -1e100 -1e100 -1e100 -1e100 -1e100 -1e100 -1e100 -1e100 -1e100 -1e100 -1e100 -1e100 -1e100 -1e100 -1e100 -1e100 -1e100 -1e100 -1e100 -1e100 -1e100 -1e100 -1e100   -260   -260   -260   -260 -260.038116455078125 -260.27374267578125 -260.960662841796875 -262.48406982421875 -265.21759033203125 -269.29522705078125 -274.774566650390625 -281.672393798828125 -289.912139892578125 -299.29376220703125 -309.414276123046875 -319.612060546875 -329.518402099609375 -339.19158935546875 -348.2283935546875 -356.32183837890625 -364.387176513671875 -372.635040283203125 -380.49261474609375 -389.3203125 -400.045806884765625 -412.001800537109375 -423.9644775390625 -435.979888916015625 -446.749755859375 -455.1436767578125 -461.773834228515625 -468.317352294921875 -473.76812744140625 -478.255950927734375 -483.04351806640625 -488.6158447265625 -495.081207275390625 -504.226043701171875 -514.83587646484375 -526.312255859375 -539.0181884765625 -550.74371337890625 -560.80419921875 -568.9041748046875 -573.40594482421875 -574.39093017578125 -572.650634765625 -569.17694091796875 -565.65740966796875 -1e100 -1e100 -1e100 -1e100 -1e100 -1e100 -1e100 -1e100 -1e100 -1e100 -1e100 -1e100 -1e100 -1e100 -1e100 -1e100 -1e100 -1e100 -1e100 -1e100 -1e100 -1e100 -1e100 -1e100 -1e100 -1e100 -1e100 -1e100 -1e100 -1e100 -1e100 -1e100 -1e100 -1e100 -1e100 -1e100 -1e100 -1e100 -1e100 -1e100 -1e100 -1e100 -1e100 -1e100 -1e100 -1e100 -1e100
 -1e100 -1e100 -1e100 -1e100 -1e100 -1e100 -1e100 -1e100 -1e100 -1e100 -1e100 -1e100 -1e100 -1e100 -1e100 -1e100 -1e100 -1e100 -1e100 -1e100 -1e100 -1e100 -1e100 -1e100 -1e100 -1e100 -1e100 -1e100 -1e100 -1e100 -1e100 -1e100 -1e100 -1e100 -1e100   -260   -260   -260   -260   -260 -260.0390625 -260.346832275390625 -261.279998779296875 -263.32208251953125 -266.722747802734375 -271.638275146484375 -278.081329345703125 -285.967803955078125 -294.971923828125 -304.75762939453125 -314.766387939453125 -324.472198486328125 -333.632781982421875 -342.430755615234375 -350.25177001953125 -357.6285400390625 -365.269134521484375 -373.27679443359375 -382.0946044921875 -392.49066162109375 -404.604522705078125 -417.0863037109375 -429.370208740234375 -440.407318115234375 -449.589263916015625 -456.692413330078125 -463.259857177734375 -468.864410400390625 -473.718292236328125 -478.73687744140625 -484.525390625 -490.790557861328125 -499.062774658203125 -508.656097412109375 -519.066650390625 -530.354248046875 -541.1099853515625 -550.76806640625 -558.62030029296875 -562.87469482421875 -564.34490966796875 -563.53973388671875 -561.0352783203125 -558.4429931640625 -557.326904296875 -1e100 -1e100 -1e100 -1e100 -1e100 -1e100 -1e100 -1e100 -1e100 -1e100 -1e100 -1e100 -1e100 -1e100 -1e100 -1e100 -1e100 -1e100 -1e100 -1e100 -1e100 -1e100 -1e100 -1e100 -1e100 -1e100 -1e100 -1e100 -1e100 -1e100 -1e100 -1e100 -1e100 -1e100 -1e100 -1e100 -1e100 -1e100 -1e100 -1e100 -1e100 -1e100 -1e100 -1e100 -1e100 -1e100
 -1e100 -1e100 -1e100 -1e100 -1e100 -1e100 -1e100 -1e100 -1e100 -1e100 -1e100 -1e100 -1e100 -1e100 -1e100 -1e100 -1e100 -1e100 -1e100 -1e100 -1e100 -1e100 -1e100 -1e100 -1e100 -1e100 -1e100 -1e100 -1e100 -1e100 -1e100 -1e100 -1e100 -1e100 -1e100   -260   -260   -260   -260   -260   -260 -260.082122802734375 -260.576934814453125 -261.944915771484375 -264.6356201171875 -268.818115234375 -274.610809326171875 -281.900054931640625 -290.36590576171875 -299.5423583984375 -308.992279052734375 -318.1610107421875 -326.89581298828125 -335.52874755859375 -343.50897216796875 -351.59906005859375 -360.19696044921875 -369.18511962890625 -378.52947998046875 -388.6131591796875 -399.816314697265625 -411.63592529296875 -423.2772216796875 -433.938995361328125 -443.7027587890625 -451.427032470703125 -458.050537109375 -464.100982666015625 -469.753021240234375 -475.301025390625 -481.510772705078125 -487.8935546875 -495.455596923828125 -504.1661376953125 -513.40228271484375 -523.1773681640625 -532.83294677734375 -541.6435546875 -548.6431884765625 -552.4989013671875 -554.3671875 -554.871826171875 -554.00634765625 -553.28546142578125 -554.712646484375 -1e100 -1e100 -1e100 -1e100 -1e100 -1e100 -1e100 -1e100 -1e100 -1e100 -1e100 -1e100 -1e100 -1e100 -1e100 -1e100 -1e100 -1e100 -1e100 -1e100 -1e100 -1e100 -1e100 -1e100 -1e100 -1e100 -1e100 -1e100 -1e100 -1e100 -1e100 -1e100 -1e100 -1e100 -1e100 -1e100 -1e100 -1e100 -1e100 -1e100 -1e100 -1e100 -1e100 -1e100 -1e100 -1e100
 -1e100 -1e100 -1e100 -1e100 -1e100 -1e100 -1e100 -1e100 -1e100 -1e100 -1e100 -1e100 -1e100 -1e100 -1e100 -1e100 -1e100 -1e100 -1e100 -1e100 -1e100 -1e100 -1e100 -1e100 -1e100 -1e100 -1e100 -1e100 -1e100 -1e100 -1e100 -1e100 -1e100 -1e100 -1e100   -260   -260   -260   -260   -260   -260   -260 -260.198211669921875 -261.02618408203125 -262.995361328125 -266.37890625 -271.334869384765625 -277.824798583984375 -285.537384033203125 -293.968780517578125 -302.697723388671875 -311.28265380859375 -319.563507080078125 -327.95574951171875 -335.775634765625 -344.4222412109375 -353.52703857421875 -363.740631103515625 -373.7061767578125 -384.191680908203125 -394.994171142578125 -406.5054931640625 -417.154388427734375 -427.385894775390625 -437.375579833984375 -445.70831298828125 -452.966949462890625 -459.866729736328125 -466.526519775390625 -472.740478515625 -479.141082763671875 -485.3790283203125 -492.250885009765625 -500.103424072265625 -508.39874267578125 -516.886962890625 -525.46417236328125 -533.2799072265625 -539.29510498046875 -542.93780517578125 -545.6015625 -547.60552978515625 -548.99462890625 -550.6361083984375 -554.57281494140625 -557.0189208984375 -1e100 -1e100 -1e100 -1e100 -1e100 -1e100 -1e100 -1e100 -1e100 -1e100 -1e100 -1e100 -1e100 -1e100 -1e100 -1e100 -1e100 -1e100 -1e100 -1e100 -1e100 -1e100 -1e100 -1e100 -1e100 -1e100 -1e100 -1e100 -1e100 -1e100 -1e100 -1e100 -1e100 -1e100 -1e100 -1e100 -1e100 -1e100 -1e100 -1e100 -1e100 -1e100 -1e100 -1e100 -1e100
 -1e100 -1e100 -1e100 -1e100 -1e100 -1e100 -1e100 -1e100 -1e100 -1e100 -1e100 -1e100 -1e100 -1e100 -1e100 -1e100 -1e100 -1e100 -1e100 -1e100 -1e100 -1e100 -1e100 -1e100 -1e100 -1e100 -1e100 -1e100 -1e100 -1e100 -1e100 -1e100 -1e100 -1e100 -1e100   -260   -260   -260   -260   -260   -260   -260 -260.03515625 -260.45751953125 -261.746307373046875 -264.300048828125 -268.30206298828125 -273.83551025390625 -280.63311767578125 -288.23565673828125 -296.150634765625 -304.0238037109375 -311.64556884765625 -319.45245361328125 -326.876434326171875 -335.786590576171875 -345.340301513671875 -355.816375732421875 -366.458831787109375 -377.415771484375 -388.038116455078125 -399.231292724609375 -409.973358154296875 -420.135711669921875 -430.560272216796875 -439.782470703125 -448.193511962890625 -456.30731201171875 -464.18280029296875 -471.250274658203125 -477.861907958984375 -483.832275390625 -489.73748779296875 -496.3486328125 -503.59906005859375 -511.246490478515625 -518.98663330078125 -526.26116943359375 -531.942138671875 -535.94146728515625 -539.70367431640625 -543.42108154296875 -547.36920166015625 -552.04034423828125 -558.3497314453125 -563.72576904296875 -568.118408203125 -1e100 -1e100 -1e100 -1e100 -1e100 -1e100 -1e100 -1e100 -1e100 -1e100 -1e100 -1e100 -1e100 -1e100 -1e100 -1e100 -1e100 -1e100 -1e100 -1e100 -1e100 -1e100 -1e100 -1e100 -1e100 -1e100 -1e100 -1e100 -1e100 -1e100 -1e100 -1e100 -1e100 -1e100 -1e100 -1e100 -1e100 -1e100 -1e100 -1e100 -1e100 -1e100 -1e100 -1e100
 -1e100 -1e100 -1e100 -1e100 -1e100 -1e100 -1e100 -1e100 -1e100 -1e100 -1e100 -1e100 -1e100 -1e100 -1e100 -1e100 -1e100 -1e100 -1e100 -1e100 -1e100 -1e100 -1e100 -1e100 -1e100 -1e100 -1e100 -1e100 -1e100 -1e100 -1e100 -1e100 -1e100 -1e100 -1e100   -260   -260   -260   -260   -260   -260   -260   -260 -260.1485595703125 -260.895721435546875 -262.607452392578125 -265.62921142578125 -270.06329345703125 -275.821197509765625 -282.4620361328125 -289.568756103515625 -296.694671630859375 -303.6724853515625 -310.734893798828125 -317.73468017578125 -326.223724365234375 -335.07598876953125 -344.857818603515625 -356.02276611328125 -367.4324951171875 -378.340850830078125 -390.308685302734375 -401.940338134765625 -412.595550537109375 -423.8074951171875 -434.451080322265625 -444.436798095703125 -454.176666259765625 -463.24609375 -471.12127685546875 -477.927154541015625 -483.541046142578125 -488.5631103515625 -493.902099609375 -500.06915283203125 -506.90655517578125 -514.10479736328125 -521.3062744140625 -527.402587890625 -532.30157470703125 -537.2503662109375 -542.27642822265625 -548.47900390625 -555.66033935546875 -563.38177490234375 -570.31634521484375 -577.1514892578125 -1e100 -1e100 -1e100 -1e100 -1e100 -1e100 -1e100 -1e100 -1e100 -1e100 -1e100 -1e100 -1e100 -1e100 -1e100 -1e100 -1e100 -1e100 -1e100 -1e100 -1e100 -1e100 -1e100 -1e100 -1e100 -1e100 -1e100 -1e100 -1e100 -1e100 -1e100 -1e100 -1e100 -1e100 -1e100 -1e100 -1e100 -1e100 -1e100 -1e100 -1e100 -1e100 -1e100 -1e100
 -1e100 -1e100 -1e100 -1e100 -1e100 -1e100 -1e100 -1e100 -1e100 -1e100 -1e100 -1e100 -1e100 -1e100 -1e100 -1e100 -1e100 -1e100 -1e100 -1e100 -1e100 -1e100 -1e100 -1e100 -1e100 -1e100 -1e100 -1e100 -1e100 -1e100 -1e100 -1e100 -1e100 -1e100 -1e100   -260   -260   -260   -260   -260   -260   -260   -260 -260.0069580078125 -260.354888916015625 -261.38275146484375 -263.407958984375 -266.696746826171875 -271.283447265625 -276.831512451171875 -282.9556884765625 -289.261749267578125 -295.4752197265625 -301.760772705078125 -308.1484375 -316.3006591796875 -324.44683837890625 -333.278717041015625 -343.525848388671875 -355.14373779296875 -366.06683349609375 -378.558563232421875 -391.50958251953125 -403.692230224609375 -415.9136962890625 -428.0362548828125 -439.9144287109375 -451.399139404296875 -462.2755126953125 -471.249908447265625 -478.510772705078125 -484.09625244140625 -488.519805908203125 -492.956207275390625 -498.561981201171875 -505.10760498046875 -512.047119140625 -519.24920654296875 -525.87457275390625 -531.5814208984375 -537.44915771484375 -543.34130859375 -551.169189453125 -559.96337890625 -568.9578857421875 -577.00384521484375 -584.99700927734375 -589.6234130859375 -1e100 -1e100 -1e100 -1e100 -1e100 -1e100 -1e100 -1e100 -1e100 -1e100 -1e100 -1e100 -1e100 -1e100 -1e100 -1e100 -1e100 -1e100 -1e100 -1e100 -1e100 -1e100 -1e100 -1e100 -1e100 -1e100 -1e100 -1e100 -1e100 -1e100 -1e100 -1e100 -1e100 -1e100 -1e100 -1e100 -1e100 -1e100 -1e100 -1e100 -1e100 -1e100 -1e100
 -1e100 -1e100 -1e100 -1e100 -1e100 -1e100 -1e100 -1e100 -1e100 -1e100 -1e100 -1e100 -1e100 -1e100 -1e100 -1e100 -1e100 -1e100 -1e100 -1e100 -1e100 -1e100 -1e100 -1e100 -1e100 -1e100 -1e100 -1e100 -1e100 -1e100 -1e100 -1e100 -1e100 -1e100 -1e100   -260   -260   -260   -260   -260   -260   -260   -260   -260 -260.09698486328125 -260.606597900390625 -261.8243408203125 -263.996429443359375 -267.28314208984375 -271.601531982421875 -276.585479736328125 -281.888153076171875 -287.285614013671875 -292.7392578125 -298.160980224609375 -305.153045654296875 -312.2259521484375 -320.047027587890625 -329.247100830078125 -340.959808349609375 -352.519134521484375 -365.5938720703125 -379.81463623046875 -393.685455322265625 -407.212005615234375 -420.89874267578125 -434.799835205078125 -447.98968505859375 -460.49188232421875 -470.571044921875 -478.4766845703125 -484.367462158203125 -488.6793212890625 -492.91094970703125 -498.4853515625 -505.003662109375 -511.879302978515625 -519.291259765625 -526.35223388671875 -532.698974609375 -539.20074462890625 -545.3802490234375 -553.78045654296875 -563.4644775390625 -573.0599365234375 -581.64361572265625 -590.0987548828125 -594.9981689453125 -598.2855224609375 -1e100 -1e100 -1e100 -1e100 -1e100 -1e100 -1e100 -1e100 -1e100 -1e100 -1e100 -1e100 -1e100 -1e100 -1e100 -1e100 -1e100 -1e100 -1e100 -1e100 -1e100 -1e100 -1e100 -1e100 -1e100 -1e100 -1e100 -1e100 -1e100 -1e100 -1e100 -1e100 -1e100 -1e100 -1e100 -1e100 -1e100 -1e100 -1e100 -1e100 -1e100 -1e100
 -1e100 -1e100 -1e100 -1e100 -1e100 -1e100 -1e100 -1e100 -1e100 -1e100 -1e100 -1e100 -1e100 -1e100 -1e100 -1e100 -1e100 -1e100 -1e100 -1e100 -1e100 -1e100 -1e100 -1e100 -1e100 -1e100 -1e100 -1e100 -1e100 -1e100 -1e100 -1e100 -1e100 -1e100 -1e100   -260   -260   -260   -260   -260   -260   -260   -260   -260   -260 -260.165252685546875 -260.772369384765625 -262.052032470703125 -264.154266357421875 -267.1173095703125 -270.813995361328125 -274.90936279296875 -279.17608642578125 -283.537017822265625 -288.13482666015625 -293.67742919921875 -299.467681884765625 -306.1898193359375 -314.55010986328125 -325.58721923828125 -337.61297607421875 -351.52264404296875 -367.1617431640625 -382.757415771484375 -398.287994384765625 -414.034271240234375 -429.775115966796875 -444.332733154296875 -458.014495849609375 -469.181121826171875 -477.811126708984375 -484.30450439453125 -489.428253173828125 -494.448333740234375 -500.262725830078125 -507.016876220703125 -514.047607421875 -521.363525390625 -528.3359375 -534.81463623046875 -541.232666015625 -546.88916015625 -554.961669921875 -564.69158935546875 -574.071044921875 -582.57916259765625 -590.83660888671875 -595.0880126953125 -596.954345703125 -1e100 -1e100 -1e100 -1e100 -1e100 -1e100 -1e100 -1e100 -1e100 -1e100 -1e100 -1e100 -1e100 -1e100 -1e100 -1e100 -1e100 -1e100 -1e100 -1e100 -1e100 -1e100 -1e100 -1e100 -1e100 -1e100 -1e100 -1e100 -1e100 -1e100 -1e100 -1e100 -1e100 -1e100 -1e100 -1e100 -1e100 -1e100 -1e100 -1e100 -1e100 -1e100
 -1e100 -1e100 -1e100 -1e100 -1e100 -1e100 -1e100 -1e100 -1e100 -1e100 -1e100 -1e100 -1e100 -1e100 -1e100 -1e100 -1e100 -1e100 -1e100 -1e100 -1e100 -1e100 -1e100 -1e100 -1e100 -1e100 -1e100 -1e100 -1e100 -1e100 -1e100 -1e100 -1e100 -1e100 -1e100   -260   -260   -260   -260   -260   -260   -260   -260   -260   -260   -260 -260.200469970703125 -260.819000244140625 -261.998779296875 -263.779541015625 -266.20941162109375 -269.042144775390625 -272.063262939453125 -275.242950439453125 -278.8521728515625 -283.03533935546875 -287.18927001953125 -292.39764404296875 -299.334930419921875 -309.44525146484375 -321.47918701171875 -336.4124755859375 -353.7872314453125 -371.488189697265625 -389.17071533203125 -407.154754638671875 -424.638641357421875 -440.30902099609375 -454.917022705078125 -467.04656982421875 -475.800689697265625 -480.908050537109375 -487.22698974609375 -493.928985595703125 -500.6981201171875 -508.8028564453125 -518.68109130859375 -526.06927490234375 -532.4312744140625 -538.14453125 -543.16497802734375 -547.20025634765625 -553.38427734375 -561.45166015625 -569.62713623046875 -577.5137939453125 -585.678466796875 -589.779296875 -591.1209716796875 -591.57452392578125 -1e100 -1e100 -1e100 -1e100 -1e100 -1e100 -1e100 -1e100 -1e100 -1e100 -1e100 -1e100 -1e100 -1e100 -1e100 -1e100 -1e100 -1e100 -1e100 -1e100 -1e100 -1e100 -1e100 -1e100 -1e100 -1e100 -1e100 -1e100 -1e100 -1e100 -1e100 -1e100 -1e100 -1e100 -1e100 -1e100 -1e100 -1e100 -1e100 -1e100 -1e100
 -1e100 -1e100 -1e100 -1e100 -1e100 -1e100 -1e100 -1e100 -1e100 -1e100 -1e100 -1e100 -1e100 -1e100 -1e100 -1e100 -1e100 -1e100 -1e100 -1e100 -1e100 -1e100 -1e100 -1e100 -1e100 -1e100 -1e100 -1e100 -1e100 -1e100 -1e100 -1e100 -1e100 -1e100 -1e100   -260   -260   -260   -260   -260   -260   -260   -260   -260   -260   -260   -260 -260.192901611328125 -260.717071533203125 -261.61541748046875 -262.9456787109375 -264.670989990234375 -266.598480224609375 -268.701446533203125 -271.227081298828125 -274.302215576171875 -277.61505126953125 -281.89044189453125 -287.1505126953125 -296.07061767578125 -307.63458251953125 -322.32196044921875 -340.347198486328125 -359.978271484375 -379.60467529296875 -399.445892333984375 -418.739105224609375 -435.48028564453125 -450.51336669921875 -462.653289794921875 -469.4517822265625 -472.523895263671875 -478.04058837890625 -487.02752685546875 -496.247161865234375 -508.282501220703125 -522.05865478515625 -532.17462158203125 -538.14495849609375 -542.7222900390625 -546.12158203125 -548.15679931640625 -551.37353515625 -556.3868408203125 -562.2442626953125 -568.489990234375 -575.32537841796875 -579.69110107421875 -581.32080078125 -582.3343505859375 -1e100 -1e100 -1e100 -1e100 -1e100 -1e100 -1e100 -1e100 -1e100 -1e100 -1e100 -1e100 -1e100 -1e100 -1e100 -1e100 -1e100 -1e100 -1e100 -1e100 -1e100 -1e100 -1e100 -1e100 -1e100 -1e100 -1e100 -1e100 -1e100 -1e100 -1e100 -1e100 -1e100 -1e100 -1e100 -1e100 -1e100 -1e100 -1e100 -1e100 -1e100
 -1e100 -1e100 -1e100 -1e100 -1e100 -1e100 -1e100 -1e100 -1e100 -1e100 -1e100 -1e100 -1e100 -1e100 -1e100 -1e100 -1e100 -1e100 -1e100 -1e100 -1e100 -1e100 -1e100 -1e100 -1e100 -1e100 -1e100 -1e100 -1e100 -1e100 -1e100 -1e100 -1e100 -1e100 -1e100   -260   -260   -260   -260   -260   -260   -260   -260   -260   -260   -260   -260   -260 -260.1346435546875 -260.451202392578125 -261.017333984375 -261.80328369140625 -262.801177978515625 -263.951812744140625 -265.418548583984375 -267.261688232421875 -269.536590576171875 -272.92669677734375 -277.6156005859375 -285.436187744140625 -296.537353515625 -311.01837158203125 -328.9783935546875 -349.198272705078125 -370.20770263671875 -391.318878173828125 -411.64959716796875 -429.064453125 -443.599090576171875 -454.908599853515625 -460.043975830078125 -461.6591796875 -466.13140869140625 -476.02227783203125 -488.56097412109375 -504.627227783203125 -522.448486328125 -536.5689697265625 -544.328857421875 -548.00103759765625 -550.0426025390625 -550.1258544921875 -550.1240234375 -551.7747802734375 -554.2906494140625 -557.70794677734375 -562.38201904296875 -567.288330078125 -569.781005859375 -572.7064208984375 -574.804931640625 -1e100 -1e100 -1e100 -1e100 -1e100 -1e100 -1e100 -1e100 -1e100 -1e100 -1e100 -1e100 -1e100 -1e100 -1e100 -1e100 -1e100 -1e100 -1e100 -1e100 -1e100 -1e100 -1e100 -1e100 -1e100 -1e100 -1e100 -1e100 -1e100 -1e100 -1e100 -1e100 -1e100 -1e100 -1e100 -1e100 -1e100 -1e100 -1e100 -1e100
 -1e100 -1e100 -1e100 -1e100 -1e100 -1e100 -1e100 -1e100 -1e100 -1e100 -1e100 -1e100 -1e100 -1e100 -1e100 -1e100 -1e100 -1e100 -1e100 -1e100 -1e100 -1e100 -1e100 -1e100 -1e100 -1e100 -1e100 -1e100 -1e100 -1e100 -1e100 -1e100 -1e100 -1e100 -1e100   -260   -260   -260   -260   -260   -260   -260   -260   -260   -260   -260   -260   -260   -260 -260.025970458984375 -260.158111572265625 -260.3785400390625 -260.678802490234375 -261.1025390625 -261.752410888671875 -262.673431396484375 -264.04620361328125 -266.3951416015625 -270.35675048828125 -277.1219482421875 -287.399871826171875 -301.378387451171875 -318.92425537109375 -339.048553466796875 -360.4853515625 -382.046295166015625 -402.65179443359375 -420.2406005859375 -434.1055908203125 -444.4794921875 -448.332611083984375 -448.7353515625 -453.25762939453125 -465.886962890625 -482.121826171875 -502.37835693359375 -524.628173828125 -542.2484130859375 -550.76971435546875 -554.01007080078125 -555.14825439453125 -553.7659912109375 -551.20001220703125 -549.36114501953125 -548.2818603515625 -548.45513916015625 -550.62640380859375 -554.476806640625 -558.57049560546875 -563.8961181640625 -568.644775390625 -572.70245361328125 -1e100 -1e100 -1e100 -1e100 -1e100 -1e100 -1e100 -1e100 -1e100 -1e100 -1e100 -1e100 -1e100 -1e100 -1e100 -1e100 -1e100 -1e100 -1e100 -1e100 -1e100 -1e100 -1e100 -1e100 -1e100 -1e100 -1e100 -1e100 -1e100 -1e100 -1e100 -1e100 -1e100 -1e100 -1e100 -1e100 -1e100 -1e100 -1e100
 -1e100 -1e100 -1e100 -1e100 -1e100 -1e100 -1e100 -1e100 -1e100 -1e100 -1e100 -1e100 -1e100 -1e100 -1e100 -1e100 -1e100 -1e100 -1e100 -1e100 -1e100 -1e100 -1e100 -1e100 -1e100 -1e100 -1e100 -1e100 -1e100 -1e100 -1e100 -1e100 -1e100 -1e100 -1e100   -260   -260   -260   -260   -260   -260   -260   -260   -260   -260   -260   -260   -260   -260   -260   -260   -260   -260 -260.02227783203125 -260.137664794921875 -260.41046142578125 -260.99835205078125 -262.29791259765625 -265.44342041015625 -271.32537841796875 -280.677825927734375 -293.800262451171875 -310.57794189453125 -329.774871826171875 -350.338287353515625 -371.205474853515625 -391.3319091796875 -408.654022216796875 -421.900543212890625 -431.19488525390625 -434.091094970703125 -433.704345703125 -438.83453369140625 -454.850311279296875 -475.298431396484375 -499.91534423828125 -526.55072021484375 -547.2447509765625 -556.26275634765625 -559.55255126953125 -560.2919921875 -558.10650634765625 -553.79296875 -549.26715087890625 -545.02587890625 -542.23419189453125 -542.0767822265625 -544.85833740234375 -550.709228515625 -558.35430908203125 -565.45330810546875 -571.94970703125 -1e100 -1e100 -1e100 -1e100 -1e100 -1e100 -1e100 -1e100 -1e100 -1e100 -1e100 -1e100 -1e100 -1e100 -1e100 -1e100 -1e100 -1e100 -1e100 -1e100 -1e100 -1e100 -1e100 -1e100 -1e100 -1e100 -1e100 -1e100 -1e100 -1e100 -1e100 -1e100 -1e100 -1e100 -1e100 -1e100 -1e100 -1e100 -1e100
 -1e100 -1e100 -1e100 -1e100 -1e100 -1e100 -1e100 -1e100 -1e100 -1e100 -1e100 -1e100 -1e100 -1e100 -1e100 -1e100 -1e100 -1e100 -1e100 -1e100 -1e100 -1e100 -1e100 -1e100 -1e100 -1e100 -1e100 -1e100 -1e100 -1e100 -1e100 -1e100 -1e100 -1e100 -1e100   -260   -260   -260   -260   -260   -260   -260   -260   -260   -260   -260   -260   -260   -260   -260   -260   -260   -260   -260   -260   -260 -260.086700439453125 -260.58416748046875 -262.918548583984375 -267.8753662109375 -276.12518310546875 -288.023345947265625 -303.477294921875 -321.05535888671875 -339.86761474609375 -359.055206298828125 -377.66082763671875 -394.238555908203125 -406.7447509765625 -415.19110107421875 -418.136993408203125 -419.9150390625 -426.015655517578125 -445.3013916015625 -469.832733154296875 -498.135498046875 -526.53240966796875 -549.9888916015625 -559.8345947265625 -563.62457275390625 -564.60552978515625 -562.35723876953125 -557.17059326171875 -551.1202392578125 -544.70233154296875 -539.6375732421875 -537.86883544921875 -539.906005859375 -545.8118896484375 -555.47479248046875 -564.286376953125 -571.9649658203125 -577.7255859375 -1e100 -1e100 -1e100 -1e100 -1e100 -1e100 -1e100 -1e100 -1e100 -1e100 -1e100 -1e100 -1e100 -1e100 -1e100 -1e100 -1e100 -1e100 -1e100 -1e100 -1e100 -1e100 -1e100 -1e100 -1e100 -1e100 -1e100 -1e100 -1e100 -1e100 -1e100 -1e100 -1e100 -1e100 -1e100 -1e100 -1e100 -1e100
 -1e100 -1e100 -1e100 -1e100 -1e100 -1e100 -1e100 -1e100 -1e100 -1e100 -1e100 -1e100 -1e100 -1e100 -1e100 -1e100 -1e100 -1e100 -1e100 -1e100 -1e100 -1e100 -1e100 -1e100 -1e100 -1e100 -1e100 -1e100 -1e100 -1e100 -1e100 -1e100 -1e100 -1e100 -1e100   -260   -260   -260   -260   -260   -260   -260   -260   -260   -260   -260   -260   -260   -260   -260   -260   -260   -260   -260   -260   -260   -260 -260.121978759765625 -261.9593505859375 -266.165740966796875 -273.28668212890625 -283.702392578125 -297.481414794921875 -313.02996826171875 -329.576416015625 -346.38299560546875 -362.8875732421875 -378.14483642578125 -390.043121337890625 -398.638397216796875 -404.260894775390625 -409.088775634765625 -417.453857421875 -438.777099609375 -466.169952392578125 -495.579345703125 -524.7435302734375 -549.49444580078125 -560.8179931640625 -565.2984619140625 -566.7789306640625 -564.94183349609375 -559.9124755859375 -553.72119140625 -546.63653564453125 -540.65740966796875 -538.4129638671875 -540.3232421875 -546.13385009765625 -555.61834716796875 -565.37261962890625 -573.17181396484375 -578.4151611328125 -582.5167236328125 -1e100 -1e100 -1e100 -1e100 -1e100 -1e100 -1e100 -1e100 -1e100 -1e100 -1e100 -1e100 -1e100 -1e100 -1e100 -1e100 -1e100 -1e100 -1e100 -1e100 -1e100 -1e100 -1e100 -1e100 -1e100 -1e100 -1e100 -1e100 -1e100 -1e100 -1e100 -1e100 -1e100 -1e100 -1e100 -1e100 -1e100
 -1e100 -1e100 -1e100 -1e100 -1e100 -1e100 -1e100 -1e100 -1e100 -1e100 -1e100 -1e100 -1e100 -1e100 -1e100 -1e100 -1e100 -1e100 -1e100 -1e100 -1e100 -1e100 -1e100 -1e100 -1e100 -1e100 -1e100 -1e100 -1e100 -1e100 -1e100 -1e100 -1e100 -1e100 -1e100   -260   -260   -260   -260   -260   -260   -260   -260   -260   -260   -260   -260   -260   -260   -260   -260   -260   -260   -260   -260   -260   -260 -260.009429931640625 -261.566986083984375 -265.212860107421875 -271.389007568359375 -280.4127197265625 -292.438690185546875 -305.94256591796875 -320.308135986328125 -335.00726318359375 -349.625091552734375 -363.6114501953125 -375.18414306640625 -384.39385986328125 -392.148590087890625 -399.32891845703125 -410.07366943359375 -432.844146728515625 -461.855438232421875 -491.87249755859375 -521.56591796875 -546.68756103515625 -559.20416259765625 -564.51568603515625 -566.72686767578125 -565.715576171875 -561.61053466796875 -556.07958984375 -549.537841796875 -544.20001220703125 -542.57440185546875 -544.827880859375 -550.7066650390625 -559.564697265625 -568.87774658203125 -575.54364013671875 -579.33880615234375 -581.2772216796875 -1e100 -1e100 -1e100 -1e100 -1e100 -1e100 -1e100 -1e100 -1e100 -1e100 -1e100 -1e100 -1e100 -1e100 -1e100 -1e100 -1e100 -1e100 -1e100 -1e100 -1e100 -1e100 -1e100 -1e100 -1e100 -1e100 -1e100 -1e100 -1e100 -1e100 -1e100 -1e100 -1e100 -1e100 -1e100 -1e100 -1e100
 -1e100 -1e100 -1e100 -1e100 -1e100 -1e100 -1e100 -1e100 -1e100 -1e100 -1e100 -1e100 -1e100 -1e100 -1e100 -1e100 -1e100 -1e100 -1e100 -1e100 -1e100 -1e100 -1e100 -1e100 -1e100 -1e100 -1e100 -1e100 -1e100 -1e100 -1e100 -1e100 -1e100 -1e100 -1e100   -260   -260   -260   -260   -260   -260   -260   -260   -260   -260   -260   -260   -260   -260   -260   -260   -260   -260   -260   -260   -260   -260 -260.005767822265625 -261.377899169921875 -264.564056396484375 -269.924407958984375 -277.72674560546875 -288.117279052734375 -299.77392578125 -312.221832275390625 -325.0618896484375 -337.999908447265625 -350.926177978515625 -362.443206787109375 -372.568603515625 -382.38848876953125 -391.65753173828125 -403.6224365234375 -425.2236328125 -454.8057861328125 -484.642059326171875 -514.40966796875 -540.41644287109375 -555.7623291015625 -561.76788330078125 -564.72064208984375 -564.69189453125 -561.804931640625 -557.84747314453125 -552.9075927734375 -549.09185791015625 -548.35235595703125 -550.92852783203125 -556.199951171875 -563.69384765625 -570.9075927734375 -576.135498046875 -578.18658447265625 -578.2991943359375 -577.8970947265625 -1e100 -1e100 -1e100 -1e100 -1e100 -1e100 -1e100 -1e100 -1e100 -1e100 -1e100 -1e100 -1e100 -1e100 -1e100 -1e100 -1e100 -1e100 -1e100 -1e100 -1e100 -1e100 -1e100 -1e100 -1e100 -1e100 -1e100 -1e100 -1e100 -1e100 -1e100 -1e100 -1e100 -1e100 -1e100 -1e100
 -1e100 -1e100 -1e100 -1e100 -1e100 -1e100 -1e100 -1e100 -1e100 -1e100 -1e100 -1e100 -1e100 -1e100 -1e100 -1e100 -1e100 -1e100 -1e100 -1e100 -1e100 -1e100 -1e100 -1e100 -1e100 -1e100 -1e100 -1e100 -1e100 -1e100 -1e100 -1e100 -1e100 -1e100 -1e100   -260   -260   -260   -260   -260   -260   -260   -260   -260   -260   -260   -260   -260   -260   -260   -260   -260   -260   -260   -260   -260   -260 -260.00579833984375 -261.20587158203125 -263.97088623046875 -268.598388671875 -275.323516845703125 -284.295867919921875 -294.400848388671875 -305.289276123046875 -316.65216064453125 -328.283599853515625 -340.5089111328125 -352.102935791015625 -363.253936767578125 -374.8758544921875 -385.955352783203125 -398.059661865234375 -417.9588623046875 -447.12677001953125 -475.797760009765625 -505.2099609375 -532.60009765625 -550.7276611328125 -557.6651611328125 -561.92529296875 -562.91937255859375 -561.289794921875 -559.088134765625 -556.10028076171875 -554.0841064453125 -554.274658203125 -556.6055908203125 -560.71490478515625 -566.1683349609375 -570.8658447265625 -573.697998046875 -574.28021240234375 -573.05810546875 -571.6429443359375 -569.919677734375 -1e100 -1e100 -1e100 -1e100 -1e100 -1e100 -1e100 -1e100 -1e100 -1e100 -1e100 -1e100 -1e100 -1e100 -1e100 -1e100 -1e100 -1e100 -1e100 -1e100 -1e100 -1e100 -1e100 -1e100 -1e100 -1e100 -1e100 -1e100 -1e100 -1e100 -1e100 -1e100 -1e100 -1e100 -1e100
 -1e100 -1e100 -1e100 -1e100 -1e100 -1e100 -1e100 -1e100 -1e100 -1e100 -1e100 -1e100 -1e100 -1e100 -1e100 -1e100 -1e100 -1e100 -1e100 -1e100 -1e100 -1e100 -1e100 -1e100 -1e100 -1e100 -1e100 -1e100 -1e100 -1e100 -1e100 -1e100 -1e100 -1e100 -1e100   -260   -260   -260   -260   -260   -260   -260   -260   -260   -260   -260   -260   -260   -260   -260   -260   -260   -260   -260   -260   -260   -260 -260.00579833984375 -261.010345458984375 -263.359130859375 -267.303619384765625 -273.061004638671875 -280.796966552734375 -289.639373779296875 -299.321441650390625 -309.64984130859375 -320.61260986328125 -332.282379150390625 -344.00335693359375 -355.650146484375 -368.45538330078125 -380.7462158203125 -393.0003662109375 -410.307708740234375 -438.4031982421875 -466.059417724609375 -494.756134033203125 -523.1688232421875 -544.5782470703125 -553.11431884765625 -558.49298095703125 -560.683837890625 -560.3724365234375 -559.98687744140625 -559.26165771484375 -559.0960693359375 -559.9261474609375 -561.5849609375 -563.958740234375 -566.8245849609375 -568.722900390625 -569.293212890625 -568.7418212890625 -567.02423095703125 -565.76165771484375 -564.67779541015625 -1e100 -1e100 -1e100 -1e100 -1e100 -1e100 -1e100 -1e100 -1e100 -1e100 -1e100 -1e100 -1e100 -1e100 -1e100 -1e100 -1e100 -1e100 -1e100 -1e100 -1e100 -1e100 -1e100 -1e100 -1e100 -1e100 -1e100 -1e100 -1e100 -1e100 -1e100 -1e100 -1e100 -1e100 -1e100
 -1e100 -1e100 -1e100 -1e100 -1e100 -1e100 -1e100 -1e100 -1e100 -1e100 -1e100 -1e100 -1e100 -1e100 -1e100 -1e100 -1e100 -1e100 -1e100 -1e100 -1e100 -1e100 -1e100 -1e100 -1e100 -1e100 -1e100 -1e100 -1e100 -1e100 -1e100 -1e100 -1e100 -1e100 -1e100   -260   -260   -260   -260   -260   -260   -260   -260   -260   -260   -260   -260   -260   -260   -260   -260   -260   -260   -260   -260   -260   -260 -260.005035400390625 -260.785980224609375 -262.71453857421875 -266.0081787109375 -270.8743896484375 -277.499969482421875 -285.28912353515625 -294.03338623046875 -303.695220947265625 -314.09954833984375 -325.39593505859375 -337.163238525390625 -349.036529541015625 -362.14910888671875 -375.508392333984375 -389.170623779296875 -404.86199951171875 -432.025909423828125 -459.400665283203125 -487.1881103515625 -515.111328125 -538.7791748046875 -548.7601318359375 -554.91143798828125 -558.388427734375 -559.2720947265625 -560.5335693359375 -561.9537353515625 -563.51116943359375 -564.7408447265625 -565.46539306640625 -565.8140869140625 -565.87750244140625 -565.05059814453125 -563.627197265625 -561.872802734375 -560.25787353515625 -559.369384765625 -558.80517578125 -558.91351318359375 -1e100 -1e100 -1e100 -1e100 -1e100 -1e100 -1e100 -1e100 -1e100 -1e100 -1e100 -1e100 -1e100 -1e100 -1e100 -1e100 -1e100 -1e100 -1e100 -1e100 -1e100 -1e100 -1e100 -1e100 -1e100 -1e100 -1e100 -1e100 -1e100 -1e100 -1e100 -1e100 -1e100 -1e100
 -1e100 -1e100 -1e100 -1e100 -1e100 -1e100 -1e100 -1e100 -1e100 -1e100 -1e100 -1e100 -1e100 -1e100 -1e100 -1e100 -1e100 -1e100 -1e100 -1e100 -1e100 -1e100 -1e100 -1e100 -1e100 -1e100 -1e100 -1e100 -1e100 -1e100 -1e100 -1e100 -1e100 -1e100 -1e100   -260   -260   -260   -260   -260   -260   -260   -260   -260   -260   -260   -260   -260   -260   -260   -260   -260   -260   -260   -260   -260   -260   -260 -260.545013427734375 -262.059906005859375 -264.734619140625 -268.767181396484375 -274.36065673828125 -281.1759033203125 -288.99652099609375 -297.829132080078125 -307.63507080078125 -318.602294921875 -330.2613525390625 -342.313079833984375 -355.685516357421875 -369.7850341796875 -384.7166748046875 -401.652862548828125 -428.218292236328125 -455.6400146484375 -483.07598876953125 -510.502685546875 -533.79876708984375 -545.02294921875 -551.74884033203125 -556.08673095703125 -558.05548095703125 -560.61865234375 -563.570068359375 -566.28759765625 -567.80487060546875 -567.52239990234375 -565.683349609375 -563.10797119140625 -560.1036376953125 -557.08770751953125 -554.52508544921875 -553.0518798828125 -552.9700927734375 -553.04547119140625 -553.82879638671875 -1e100 -1e100 -1e100 -1e100 -1e100 -1e100 -1e100 -1e100 -1e100 -1e100 -1e100 -1e100 -1e100 -1e100 -1e100 -1e100 -1e100 -1e100 -1e100 -1e100 -1e100 -1e100 -1e100 -1e100 -1e100 -1e100 -1e100 -1e100 -1e100 -1e100 -1e100 -1e100 -1e100 -1e100
 -1e100 -1e100 -1e100 -1e100 -1e100 -1e100 -1e100 -1e100 -1e100 -1e100 -1e100 -1e100 -1e100 -1e100 -1e100 -1e100 -1e100 -1e100 -1e100 -1e100 -1e100 -1e100 -1e100 -1e100 -1e100 -1e100 -1e100 -1e100 -1e100 -1e100 -1e100 -1e100 -1e100 -1e100 -1e100   -260   -260   -260   -260   -260   -260   -260   -260   -260   -260   -260   -260   -260   -260   -260   -260   -260   -260   -260   -260   -260   -260   -260 -260.335540771484375 -261.4661865234375 -263.570831298828125 -266.836822509765625 -271.473388671875 -277.3736572265625 -284.32257080078125 -292.38995361328125 -301.657318115234375 -312.274932861328125 -323.712677001953125 -335.726806640625 -349.0943603515625 -363.5404052734375 -379.3935546875 -397.62908935546875 -423.326995849609375 -450.9315185546875 -478.572021484375 -505.750152587890625 -528.757080078125 -541.73016357421875 -549.14056396484375 -553.9420166015625 -556.7659912109375 -560.04498291015625 -563.76300048828125 -567.143310546875 -568.81048583984375 -567.65618896484375 -564.2003173828125 -559.68109130859375 -555.0736083984375 -550.8885498046875 -547.82611083984375 -546.5189208984375 -547.58074951171875 -548.4197998046875 -549.9383544921875 -551.76348876953125 -1e100 -1e100 -1e100 -1e100 -1e100 -1e100 -1e100 -1e100 -1e100 -1e100 -1e100 -1e100 -1e100 -1e100 -1e100 -1e100 -1e100 -1e100 -1e100 -1e100 -1e100 -1e100 -1e100 -1e100 -1e100 -1e100 -1e100 -1e100 -1e100 -1e100 -1e100 -1e100 -1e100
 -1e100 -1e100 -1e100 -1e100 -1e100 -1e100 -1e100 -1e100 -1e100 -1e100 -1e100 -1e100 -1e100 -1e100 -1e100 -1e100 -1e100 -1e100 -1e100 -1e100 -1e100 -1e100 -1e100 -1e100 -1e100 -1e100 -1e100 -1e100 -1e100 -1e100 -1e100 -1e100 -1e100 -1e100 -1e100   -260   -260   -260   -260   -260   -260   -260   -260   -260   -260   -260   -260   -260   -260   -260   -260   -260   -260   -260   -260   -260   -260   -260 -260.17608642578125 -260.97943115234375 -262.58831787109375 -265.178802490234375 -268.961883544921875 -274.00750732421875 -280.139617919921875 -287.474090576171875 -296.15069580078125 -306.230621337890625 -317.3887939453125 -329.240386962890625 -342.34539794921875 -356.870361328125 -373.27593994140625 -391.761138916015625 -416.4814453125 -444.343719482421875 -472.042388916015625 -499.394622802734375 -523.06109619140625 -537.89263916015625 -546.080322265625 -551.59912109375 -554.82318115234375 -558.42047119140625 -562.53948974609375 -566.1669921875 -567.8128662109375 -566.41217041015625 -562.09759521484375 -556.45367431640625 -550.9876708984375 -546.36273193359375 -542.99798583984375 -541.7335205078125 -542.80242919921875 -544.300048828125 -546.2523193359375 -548.26507568359375 -550.38671875 -1e100 -1e100 -1e100 -1e100 -1e100 -1e100 -1e100 -1e100 -1e100 -1e100 -1e100 -1e100 -1e100 -1e100 -1e100 -1e100 -1e100 -1e100 -1e100 -1e100 -1e100 -1e100 -1e100 -1e100 -1e100 -1e100 -1e100 -1e100 -1e100 -1e100 -1e100 -1e100
 -1e100 -1e100 -1e100 -1e100 -1e100 -1e100 -1e100 -1e100 -1e100 -1e100 -1e100 -1e100 -1e100 -1e100 -1e100 -1e100 -1e100 -1e100 -1e100 -1e100 -1e100 -1e100 -1e100 -1e100 -1e100 -1e100 -1e100 -1e100 -1e100 -1e100 -1e100 -1e100 -1e100 -1e100 -1e100   -260   -260   -260   -260   -260   -260   -260   -260   -260   -260   -260   -260   -260   -260   -260   -260   -260   -260   -260   -260   -260   -260   -260 -260.069976806640625 -260.63018798828125 -261.846099853515625 -263.8819580078125 -266.947845458984375 -271.230499267578125 -276.60540771484375 -283.228546142578125 -291.26837158203125 -300.792083740234375 -311.596221923828125 -323.4310302734375 -336.497344970703125 -350.875091552734375 -367.2479248046875 -386.037200927734375 -409.537811279296875 -436.331451416015625 -464.878875732421875 -492.9515380859375 -517.04364013671875 -533.84588623046875 -544.08648681640625 -549.86712646484375 -553.36431884765625 -557.167236328125 -561.08544921875 -564.19586181640625 -565.29351806640625 -563.3785400390625 -558.3170166015625 -552.112548828125 -546.59735107421875 -542.2015380859375 -539.17938232421875 -538.261962890625 -539.15045166015625 -541.2049560546875 -543.46002197265625 -545.57427978515625 -548.1055908203125 -1e100 -1e100 -1e100 -1e100 -1e100 -1e100 -1e100 -1e100 -1e100 -1e100 -1e100 -1e100 -1e100 -1e100 -1e100 -1e100 -1e100 -1e100 -1e100 -1e100 -1e100 -1e100 -1e100 -1e100 -1e100 -1e100 -1e100 -1e100 -1e100 -1e100 -1e100 -1e100
 -1e100 -1e100 -1e100 -1e100 -1e100 -1e100 -1e100 -1e100 -1e100 -1e100 -1e100 -1e100 -1e100 -1e100 -1e100 -1e100 -1e100 -1e100 -1e100 -1e100 -1e100 -1e100 -1e100 -1e100 -1e100 -1e100 -1e100 -1e100 -1e100 -1e100 -1e100 -1e100 -1e100 -1e100 -1e100   -260   -260   -260   -260   -260   -260   -260   -260   -260   -260   -260   -260   -260   -260   -260   -260   -260   -260   -260   -260   -260   -260   -260 -260.0455322265625 -260.471435546875 -261.425811767578125 -263.061737060546875 -265.586212158203125 -269.214874267578125 -273.917083740234375 -279.871124267578125 -287.253173828125 -296.141357421875 -306.49493408203125 -318.2672119140625 -331.419097900390625 -345.320465087890625 -361.033905029296875 -379.6004638671875 -400.95550537109375 -425.447235107421875 -453.670623779296875 -482.845672607421875 -507.726287841796875 -527.39337158203125 -540.93792724609375 -548.55181884765625 -552.487060546875 -556.27825927734375 -559.51947021484375 -561.36029052734375 -561.21246337890625 -558.27410888671875 -552.666748046875 -546.3934326171875 -541.6009521484375 -538.25885009765625 -536.24615478515625 -535.97064208984375 -536.93499755859375 -538.5169677734375 -540.9818115234375 -543.28009033203125 -546.2015380859375 -548.510498046875 -1e100 -1e100 -1e100 -1e100 -1e100 -1e100 -1e100 -1e100 -1e100 -1e100 -1e100 -1e100 -1e100 -1e100 -1e100 -1e100 -1e100 -1e100 -1e100 -1e100 -1e100 -1e100 -1e100 -1e100 -1e100 -1e100 -1e100 -1e100 -1e100 -1e100 -1e100
 -1e100 -1e100 -1e100 -1e100 -1e100 -1e100 -1e100 -1e100 -1e100 -1e100 -1e100 -1e100 -1e100 -1e100 -1e100 -1e100 -1e100 -1e100 -1e100 -1e100 -1e100 -1e100 -1e100 -1e100 -1e100 -1e100 -1e100 -1e100 -1e100 -1e100 -1e100 -1e100 -1e100 -1e100 -1e100   -260   -260   -260   -260   -260   -260   -260   -260   -260   -260   -260   -260   -260   -260   -260   -260   -260   -260   -260   -260   -260 -260.019287109375 -260.07489013671875 -260.19903564453125 -260.61785888671875 -261.4654541015625 -262.866363525390625 -265.006011962890625 -268.1121826171875 -272.260772705078125 -277.634796142578125 -284.401123046875 -292.6588134765625 -302.469329833984375 -313.91162109375 -326.8609619140625 -340.249908447265625 -355.18609619140625 -372.1634521484375 -390.776947021484375 -412.23907470703125 -438.857513427734375 -468.6265869140625 -495.299407958984375 -518.325927734375 -536.06915283203125 -546.96026611328125 -551.86981201171875 -555.77166748046875 -558.16290283203125 -558.25341796875 -556.07537841796875 -551.641845703125 -545.54364013671875 -539.67919921875 -536.033447265625 -534.21807861328125 -533.67340087890625 -534.28509521484375 -535.6129150390625 -537.039306640625 -539.1480712890625 -541.7984619140625 -545.19427490234375 -548.3089599609375 -551.02880859375 -1e100 -1e100 -1e100 -1e100 -1e100 -1e100 -1e100 -1e100 -1e100 -1e100 -1e100 -1e100 -1e100 -1e100 -1e100 -1e100 -1e100 -1e100 -1e100 -1e100 -1e100 -1e100 -1e100 -1e100 -1e100 -1e100 -1e100 -1e100 -1e100 -1e100
 -1e100 -1e100 -1e100 -1e100 -1e100 -1e100 -1e100 -1e100 -1e100 -1e100 -1e100 -1e100 -1e100 -1e100 -1e100 -1e100 -1e100 -1e100 -1e100 -1e100 -1e100 -1e100 -1e100 -1e100 -1e100 -1e100 -1e100 -1e100 -1e100 -1e100 -1e100 -1e100 -1e100 -1e100 -1e100   -260   -260   -260   -260   -260   -260   -260   -260   -260   -260   -260   -260   -260   -260   -260   -260   -260   -260   -260 -260.01507568359375 -260.073760986328125 -260.191650390625 -260.38336181640625 -260.681732177734375 -261.21417236328125 -262.06353759765625 -263.35064697265625 -265.2578125 -268.005889892578125 -271.7430419921875 -276.65478515625 -282.88775634765625 -290.53143310546875 -299.676239013671875 -310.430389404296875 -322.631439208984375 -335.404754638671875 -349.2957763671875 -364.53265380859375 -380.86163330078125 -399.637786865234375 -423.521728515625 -453.341400146484375 -481.475738525390625 -507.26739501953125 -528.94146728515625 -543.95098876953125 -550.35662841796875 -554.56842041015625 -556.17572021484375 -554.54718017578125 -550.454345703125 -544.57733154296875 -538.14129638671875 -532.9794921875 -530.64111328125 -530.3968505859375 -531.44036865234375 -533.13763427734375 -534.94024658203125 -536.4744873046875 -538.40374755859375 -541.399169921875 -545.1861572265625 -548.8712158203125 -551.5838623046875 -1e100 -1e100 -1e100 -1e100 -1e100 -1e100 -1e100 -1e100 -1e100 -1e100 -1e100 -1e100 -1e100 -1e100 -1e100 -1e100 -1e100 -1e100 -1e100 -1e100 -1e100 -1e100 -1e100 -1e100 -1e100 -1e100 -1e100 -1e100 -1e100 -1e100
 -1e100 -1e100 -1e100 -1e100 -1e100 -1e100 -1e100 -1e100 -1e100 -1e100 -1e100 -1e100 -1e100 -1e100 -1e100 -1e100 -1e100 -1e100 -1e100 -1e100 -1e100 -1e100 -1e100 -1e100 -1e100 -1e100 -1e100 -1e100 -1e100 -1e100 -1e100 -1e100 -1e100 -1e100 -1e100   -260   -260   -260   -260   -260   -260   -260   -260   -260   -260   -260   -260   -260   -260   -260   -260   -260   -260 -260.03985595703125 -260.14678955078125 -260.345306396484375 -260.647491455078125 -261.065673828125 -261.5936279296875 -262.294891357421875 -263.2291259765625 -264.51519775390625 -266.330902099609375 -268.885498046875 -272.361236572265625 -276.9432373046875 -282.747222900390625 -289.834381103515625 -298.2835693359375 -308.220672607421875 -319.5369873046875 -331.4217529296875 -344.279754638671875 -357.90234375 -372.240142822265625 -388.748046875 -409.9405517578125 -438.086334228515625 -467.099151611328125 -494.904022216796875 -519.51416015625 -538.18939208984375 -547.3314208984375 -551.811279296875 -552.71966552734375 -549.7911376953125 -544.25732421875 -537.3193359375 -530.883544921875 -526.61517333984375 -525.52239990234375 -526.66015625 -529.15875244140625 -532.0614013671875 -534.58587646484375 -536.46435546875 -538.4681396484375 -541.28497314453125 -545.43682861328125 -549.5367431640625 -552.9754638671875 -556.26568603515625 -1e100 -1e100 -1e100 -1e100 -1e100 -1e100 -1e100 -1e100 -1e100 -1e100 -1e100 -1e100 -1e100 -1e100 -1e100 -1e100 -1e100 -1e100 -1e100 -1e100 -1e100 -1e100 -1e100 -1e100 -1e100 -1e100 -1e100 -1e100 -1e100
 -1e100 -1e100 -1e100 -1e100 -1e100 -1e100 -1e100 -1e100 -1e100 -1e100 -1e100 -1e100 -1e100 -1e100 -1e100 -1e100 -1e100 -1e100 -1e100 -1e100 -1e100 -1e100 -1e100 -1e100 -1e100 -1e100 -1e100 -1e100 -1e100 -1e100 -1e100 -1e100 -1e100 -1e100 -1e100   -260   -260   -260   -260   -260   -260   -260   -260   -260   -260   -260   -260   -260   -260   -260   -260   -260 -260.0489501953125 -260.1983642578125 -260.472076416015625 -260.891082763671875 -261.4644775390625 -262.154083251953125 -262.9437255859375 -263.853118896484375 -264.935516357421875 -266.30841064453125 -268.143157958984375 -270.6336669921875 -273.988372802734375 -278.3731689453125 -283.8709716796875 -290.504791259765625 -298.312225341796875 -307.37677001953125 -317.60430908203125 -328.4937744140625 -340.359893798828125 -352.702301025390625 -365.535675048828125 -380.264373779296875 -397.9652099609375 -422.93011474609375 -451.4989013671875 -480.368408203125 -506.723724365234375 -528.99407958984375 -541.36688232421875 -546.41534423828125 -546.73162841796875 -543.2701416015625 -537.2843017578125 -530.3682861328125 -524.74407958984375 -521.58978271484375 -521.600830078125 -523.80120849609375 -527.32513427734375 -530.98907470703125 -534.0972900390625 -536.348876953125 -538.53466796875 -541.24432373046875 -545.15118408203125 -549.5570068359375 -553.3956298828125 -557.54345703125 -1e100 -1e100 -1e100 -1e100 -1e100 -1e100 -1e100 -1e100 -1e100 -1e100 -1e100 -1e100 -1e100 -1e100 -1e100 -1e100 -1e100 -1e100 -1e100 -1e100 -1e100 -1e100 -1e100 -1e100 -1e100 -1e100 -1e100 -1e100 -1e100
 -1e100 -1e100 -1e100 -1e100 -1e100 -1e100 -1e100 -1e100 -1e100 -1e100 -1e100 -1e100 -1e100 -1e100 -1e100 -1e100 -1e100 -1e100 -1e100 -1e100 -1e100 -1e100 -1e100 -1e100 -1e100 -1e100 -1e100 -1e100 -1e100 -1e100 -1e100 -1e100 -1e100 -1e100 -1e100   -260   -260   -260   -260   -260   -260   -260   -260   -260   -260   -260   -260   -260   -260   -260   -260 -260.040283203125 -260.19744873046875 -260.520538330078125 -261.030517578125 -261.74566650390625 -262.632659912109375 -263.625274658203125 -264.68115234375 -265.812530517578125 -267.0743408203125 -268.582061767578125 -270.498443603515625 -273.03082275390625 -276.376708984375 -280.677490234375 -285.99005126953125 -292.305999755859375 -299.620086669921875 -307.96856689453125 -317.300689697265625 -327.439849853515625 -338.385040283203125 -349.674346923828125 -361.403167724609375 -374.472381591796875 -389.338775634765625 -410.483856201171875 -436.561370849609375 -464.787078857421875 -491.801300048828125 -515.927978515625 -531.3812255859375 -538.2742919921875 -538.82330322265625 -535.42279052734375 -529.784912109375 -523.548828125 -518.9981689453125 -517.111572265625 -518.11737060546875 -521.02783203125 -525.154052734375 -529.43511962890625 -533.08624267578125 -535.834716796875 -538.54840087890625 -541.5797119140625 -545.55267333984375 -550.39141845703125 -554.85552978515625 -559.8497314453125 -563.3878173828125 -1e100 -1e100 -1e100 -1e100 -1e100 -1e100 -1e100 -1e100 -1e100 -1e100 -1e100 -1e100 -1e100 -1e100 -1e100 -1e100 -1e100 -1e100 -1e100 -1e100 -1e100 -1e100 -1e100 -1e100 -1e100 -1e100 -1e100 -1e100
 -1e100 -1e100 -1e100 -1e100 -1e100 -1e100 -1e100 -1e100 -1e100 -1e100 -1e100 -1e100 -1e100 -1e100 -1e100 -1e100 -1e100 -1e100 -1e100 -1e100 -1e100 -1e100 -1e100 -1e100 -1e100 -1e100 -1e100 -1e100 -1e100 -1e100 -1e100 -1e100 -1e100 -1e100 -1e100   -260   -260   -260   -260   -260   -260   -260   -260   -260   -260   -260   -260   -260   -260   -260 -260.01495361328125 -260.143402099609375 -260.460418701171875 -261.0130615234375 -261.8201904296875 -262.883270263671875 -264.09033203125 -265.360260009765625 -266.655059814453125 -267.99066162109375 -269.423095703125 -271.083282470703125 -273.140045166015625 -275.782684326171875 -279.1878662109375 -283.477935791015625 -288.695709228515625 -294.817626953125 -301.812408447265625 -309.686004638671875 -318.447235107421875 -328.050262451171875 -338.361907958984375 -348.96343994140625 -359.897369384765625 -371.48870849609375 -383.392333984375 -400.091827392578125 -422.337860107421875 -447.99688720703125 -474.6072998046875 -499.693359375 -517.93218994140625 -527.205078125 -529.2786865234375 -526.4176025390625 -521.88946533203125 -516.8282470703125 -513.56658935546875 -512.89678955078125 -514.81512451171875 -518.2349853515625 -522.84307861328125 -527.74688720703125 -532.13140869140625 -535.53759765625 -539.109619140625 -542.68634033203125 -546.8050537109375 -551.724853515625 -557.12457275390625 -563.30023193359375 -568.903564453125 -573.54718017578125 -1e100 -1e100 -1e100 -1e100 -1e100 -1e100 -1e100 -1e100 -1e100 -1e100 -1e100 -1e100 -1e100 -1e100 -1e100 -1e100 -1e100 -1e100 -1e100 -1e100 -1e100 -1e100 -1e100 -1e100 -1e100 -1e100 -1e100
 -1e100 -1e100 -1e100 -1e100 -1e100 -1e100 -1e100 -1e100 -1e100 -1e100 -1e100 -1e100 -1e100 -1e100 -1e100 -1e100 -1e100 -1e100 -1e100 -1e100 -1e100 -1e100 -1e100 -1e100 -1e100 -1e100 -1e100 -1e100 -1e100 -1e100 -1e100 -1e100 -1e100 -1e100 -1e100   -260   -260   -260   -260   -260   -260   -260   -260   -260   -260   -260   -260   -260   -260   -260 -260.06707763671875 -260.323272705078125 -260.842498779296875 -261.670501708984375 -262.8096923828125 -264.17974853515625 -265.648681640625 -267.14013671875 -268.62078857421875 -270.124725341796875 -271.735748291015625 -273.574798583984375 -275.795166015625 -278.5670166015625 -282.048187255859375 -286.348602294921875 -291.507415771484375 -297.500030517578125 -304.284759521484375 -311.857208251953125 -320.26690673828125 -329.586456298828125 -339.78485107421875 -350.3787841796875 -360.985321044921875 -371.360626220703125 -380.766143798828125 -392.438018798828125 -409.800933837890625 -431.4000244140625 -455.895233154296875 -480.890228271484375 -501.481048583984375 -513.23553466796875 -517.72271728515625 -516.57440185546875 -513.32147216796875 -509.886322021484375 -508.175384521484375 -508.770355224609375 -511.6383056640625 -515.86273193359375 -521.09857177734375 -526.68475341796875 -531.90509033203125 -536.39105224609375 -540.98321533203125 -545.27825927734375 -549.70166015625 -554.92462158203125 -561.269775390625 -568.55596923828125 -575.9498291015625 -583.2340087890625 -1e100 -1e100 -1e100 -1e100 -1e100 -1e100 -1e100 -1e100 -1e100 -1e100 -1e100 -1e100 -1e100 -1e100 -1e100 -1e100 -1e100 -1e100 -1e100 -1e100 -1e100 -1e100 -1e100 -1e100 -1e100 -1e100 -1e100
 -1e100 -1e100 -1e100 -1e100 -1e100 -1e100 -1e100 -1e100 -1e100 -1e100 -1e100 -1e100 -1e100 -1e100 -1e100 -1e100 -1e100 -1e100 -1e100 -1e100 -1e100 -1e100 -1e100 -1e100 -1e100 -1e100 -1e100 -1e100 -1e100 -1e100 -1e100 -1e100 -1e100 -1e100 -1e100   -260   -260   -260   -260   -260   -260   -260   -260   -260   -260   -260   -260   -260   -260 -260.003875732421875 -260.15216064453125 -260.566497802734375 -261.3201904296875 -262.4183349609375 -263.84637451171875 -265.454132080078125 -267.11383056640625 -268.753662109375 -270.383758544921875 -272.05169677734375 -273.834228515625 -275.83966064453125 -278.204071044921875 -281.07855224609375 -284.6048583984375 -288.885162353515625 -293.960784912109375 -299.809783935546875 -306.376007080078125 -313.6263427734375 -321.62335205078125 -330.598724365234375 -340.84600830078125 -351.804656982421875 -362.766204833984375 -372.87432861328125 -381.028076171875 -389.221832275390625 -401.213958740234375 -417.757293701171875 -437.894805908203125 -461.68927001953125 -483.138641357421875 -497.711883544921875 -505.11065673828125 -507.158447265625 -505.275146484375 -503.33343505859375 -503.1217041015625 -505.06805419921875 -509.1514892578125 -514.24102783203125 -520.19873046875 -526.583740234375 -532.95306396484375 -538.84136962890625 -544.792724609375 -550.2203369140625 -555.2913818359375 -560.8616943359375 -567.5234375 -575.70220947265625 -584.7144775390625 -593.846435546875 -600.6849365234375 -1e100 -1e100 -1e100 -1e100 -1e100 -1e100 -1e100 -1e100 -1e100 -1e100 -1e100 -1e100 -1e100 -1e100 -1e100 -1e100 -1e100 -1e100 -1e100 -1e100 -1e100 -1e100 -1e100 -1e100 -1e100 -1e100
 -1e100 -1e100 -1e100 -1e100 -1e100 -1e100 -1e100 -1e100 -1e100 -1e100 -1e100 -1e100 -1e100 -1e100 -1e100 -1e100 -1e100 -1e100 -1e100 -1e100 -1e100 -1e100 -1e100 -1e100 -1e100 -1e100 -1e100 -1e100 -1e100 -1e100 -1e100 -1e100 -1e100 -1e100 -1e100   -260   -260   -260   -260   -260   -260   -260   -260   -260   -260   -260   -260   -260   -260 -260.0283203125 -260.2784423828125 -260.8719482421875 -261.832855224609375 -263.154144287109375 -264.799713134765625 -266.56982421875 -268.340179443359375 -270.0911865234375 -271.8465576171875 -273.649505615234375 -275.567626953125 -277.695281982421875 -280.151123046875 -283.068267822265625 -286.57501220703125 -290.768951416015625 -295.693939208984375 -301.32476806640625 -307.572021484375 -314.325714111328125 -321.56903076171875 -329.5760498046875 -339.305633544921875 -350.411407470703125 -361.973602294921875 -372.80718994140625 -381.151763916015625 -387.805694580078125 -395.22186279296875 -406.765777587890625 -423.4366455078125 -445.39569091796875 -466.781829833984375 -484.0068359375 -494.492095947265625 -498.706085205078125 -498.4871826171875 -498.0482177734375 -499.283477783203125 -502.624603271484375 -507.745819091796875 -513.5374755859375 -520.20330810546875 -527.7525634765625 -535.67333984375 -543.45379638671875 -551.24139404296875 -558.175048828125 -564.06060791015625 -569.90679931640625 -576.434326171875 -584.85968017578125 -594.89044189453125 -604.94000244140625 -613.048828125 -620.90716552734375 -1e100 -1e100 -1e100 -1e100 -1e100 -1e100 -1e100 -1e100 -1e100 -1e100 -1e100 -1e100 -1e100 -1e100 -1e100 -1e100 -1e100 -1e100 -1e100 -1e100 -1e100 -1e100 -1e100 -1e100 -1e100
 -1e100 -1e100 -1e100 -1e100 -1e100 -1e100 -1e100 -1e100 -1e100 -1e100 -1e100 -1e100 -1e100 -1e100 -1e100 -1e100 -1e100 -1e100 -1e100 -1e100 -1e100 -1e100 -1e100 -1e100 -1e100 -1e100 -1e100 -1e100 -1e100 -1e100 -1e100 -1e100 -1e100 -1e100 -1e100   -260   -260   -260   -260   -260   -260   -260   -260   -260   -260   -260   -260   -260   -260 -260.06597900390625 -260.4302978515625 -261.1744384765625 -262.2945556640625 -263.7857666015625 -265.576904296875 -267.431884765625 -269.268798828125 -271.0972900390625 -272.938262939453125 -274.828887939453125 -276.82659912109375 -279.01177978515625 -281.486846923828125 -284.3692626953125 -287.776763916015625 -291.804595947265625 -296.49896240234375 -301.827117919921875 -307.655609130859375 -313.76544189453125 -319.9693603515625 -326.534088134765625 -335.247802734375 -346.229095458984375 -358.2760009765625 -370.362548828125 -380.3935546875 -386.98968505859375 -391.6959228515625 -400.28485107421875 -414.6011962890625 -434.2657470703125 -455.058349609375 -473.8746337890625 -486.313629150390625 -492.0367431640625 -493.5672607421875 -494.88214111328125 -497.684722900390625 -502.086761474609375 -507.693267822265625 -513.95172119140625 -521.32623291015625 -530.14190673828125 -540.11663818359375 -550.49432373046875 -560.584716796875 -569.0281982421875 -575.487060546875 -580.98101806640625 -586.54071044921875 -594.1998291015625 -603.79132080078125 -613.21685791015625 -620.72723388671875 -627.4619140625 -1e100 -1e100 -1e100 -1e100 -1e100 -1e100 -1e100 -1e100 -1e100 -1e100 -1e100 -1e100 -1e100 -1e100 -1e100 -1e100 -1e100 -1e100 -1e100 -1e100 -1e100 -1e100 -1e100 -1e100 -1e100
 -1e100 -1e100 -1e100 -1e100 -1e100 -1e100 -1e100 -1e100 -1e100 -1e100 -1e100 -1e100 -1e100 -1e100 -1e100 -1e100 -1e100 -1e100 -1e100 -1e100 -1e100 -1e100 -1e100 -1e100 -1e100 -1e100 -1e100 -1e100 -1e100 -1e100 -1e100 -1e100 -1e100 -1e100 -1e100   -260   -260   -260   -260   -260   -260   -260   -260   -260   -260   -260   -260   -260   -260 -260.1099853515625 -260.57830810546875 -261.428192138671875 -262.6573486328125 -264.26239013671875 -266.129791259765625 -268.00885009765625 -269.876708984375 -271.740875244140625 -273.618255615234375 -275.5389404296875 -277.550262451171875 -279.7198486328125 -282.136138916015625 -284.90411376953125 -288.13360595703125 -291.919891357421875 -296.3131103515625 -301.278350830078125 -306.651458740234375 -312.1324462890625 -317.421630859375 -322.898956298828125 -330.7366943359375 -341.363128662109375 -353.615753173828125 -366.942291259765625 -379.13616943359375 -387.417449951171875 -393.169342041015625 -401.739532470703125 -414.054168701171875 -431.316558837890625 -450.20037841796875 -467.67987060546875 -480.0531005859375 -487.426666259765625 -490.5771484375 -493.82012939453125 -498.0517578125 -503.173248291015625 -509.0738525390625 -515.717041015625 -523.4769287109375 -533.29644775390625 -545.08770751953125 -557.931884765625 -570.24993896484375 -580.40228271484375 -587.711669921875 -592.67523193359375 -596.8785400390625 -602.912841796875 -611.16424560546875 -619.38641357421875 -626.3377685546875 -632.27410888671875 -635.7655029296875 -1e100 -1e100 -1e100 -1e100 -1e100 -1e100 -1e100 -1e100 -1e100 -1e100 -1e100 -1e100 -1e100 -1e100 -1e100 -1e100 -1e100 -1e100 -1e100 -1e100 -1e100 -1e100 -1e100 -1e100
 -1e100 -1e100 -1e100 -1e100 -1e100 -1e100 -1e100 -1e100 -1e100 -1e100 -1e100 -1e100 -1e100 -1e100 -1e100 -1e100 -1e100 -1e100 -1e100 -1e100 -1e100 -1e100 -1e100 -1e100 -1e100 -1e100 -1e100 -1e100 -1e100 -1e100 -1e100 -1e100 -1e100 -1e100 -1e100   -260   -260   -260   -260   -260   -260   -260   -260   -260   -260   -260   -260   -260   -260 -260.154449462890625 -260.687591552734375 -261.599212646484375 -262.887725830078125 -264.5506591796875 -266.4305419921875 -268.300750732421875 -270.161041259765625 -272.015838623046875 -273.87713623046875 -275.767852783203125 -277.726165771484375 -279.80889892578125 -282.093719482421875 -284.6759033203125 -287.660430908203125 -291.14398193359375 -295.18438720703125 -299.753570556640625 -304.676513671875 -309.60186767578125 -314.156280517578125 -318.736572265625 -325.49822998046875 -335.5853271484375 -347.6875 -361.718505859375 -375.84808349609375 -386.591949462890625 -394.247802734375 -404.247100830078125 -416.3883056640625 -431.990478515625 -449.254852294921875 -465.5673828125 -477.43426513671875 -485.632080078125 -490.310577392578125 -494.872528076171875 -499.81219482421875 -505.086456298828125 -510.998046875 -517.49884033203125 -525.164306640625 -535.48529052734375 -548.51348876953125 -562.87847900390625 -576.938232421875 -588.67877197265625 -596.892333984375 -601.41845703125 -604.24755859375 -608.510986328125 -615.20123291015625 -622.64312744140625 -629.591552734375 -635.80059814453125 -640.04937744140625 -641.17340087890625 -1e100 -1e100 -1e100 -1e100 -1e100 -1e100 -1e100 -1e100 -1e100 -1e100 -1e100 -1e100 -1e100 -1e100 -1e100 -1e100 -1e100 -1e100 -1e100 -1e100 -1e100 -1e100 -1e100
 -1e100 -1e100 -1e100 -1e100 -1e100 -1e100 -1e100 -1e100 -1e100 -1e100 -1e100 -1e100 -1e100 -1e100 -1e100 -1e100 -1e100 -1e100 -1e100 -1e100 -1e100 -1e100 -1e100 -1e100 -1e100 -1e100 -1e100 -1e100 -1e100 -1e100 -1e100 -1e100 -1e100 -1e100 -1e100   -260   -260   -260   -260   -260   -260   -260   -260   -260   -260   -260   -260   -260   -260 -260.190765380859375 -260.752349853515625 -261.684722900390625 -262.986358642578125 -264.654541015625 -266.495025634765625 -268.324066162109375 -270.138916015625 -271.940399169921875 -273.73541259765625 -275.540252685546875 -277.38543701171875 -279.319732666015625 -281.412506103515625 -283.752716064453125 -286.4423828125 -289.581512451171875 -293.2396240234375 -297.406707763671875 -301.922943115234375 -306.427337646484375 -310.499267578125 -314.418914794921875 -320.2457275390625 -329.60418701171875 -340.710357666015625 -354.18194580078125 -369.39007568359375 -382.355560302734375 -392.3809814453125 -405.180511474609375 -420.0284423828125 -435.146942138671875 -451.450042724609375 -466.86834716796875 -478.094024658203125 -485.60028076171875 -491.36212158203125 -496.58709716796875 -501.5533447265625 -506.307373046875 -511.45648193359375 -517.3082275390625 -524.53277587890625 -534.85260009765625 -548.19610595703125 -563.143310546875 -578.07415771484375 -590.72857666015625 -599.427978515625 -603.78326416015625 -605.94134521484375 -608.986083984375 -614.37103271484375 -621.2467041015625 -628.9146728515625 -635.96337890625 -640.88671875 -642.80859375 -1e100 -1e100 -1e100 -1e100 -1e100 -1e100 -1e100 -1e100 -1e100 -1e100 -1e100 -1e100 -1e100 -1e100 -1e100 -1e100 -1e100 -1e100 -1e100 -1e100 -1e100 -1e100 -1e100
 -1e100 -1e100 -1e100 -1e100 -1e100 -1e100 -1e100 -1e100 -1e100 -1e100 -1e100 -1e100 -1e100 -1e100 -1e100 -1e100 -1e100 -1e100 -1e100 -1e100 -1e100 -1e100 -1e100 -1e100 -1e100 -1e100 -1e100 -1e100 -1e100 -1e100 -1e100 -1e100 -1e100 -1e100 -1e100   -260   -260   -260   -260   -260   -260   -260   -260   -260   -260   -260   -260   -260   -260 -260.198944091796875 -260.757476806640625 -261.6749267578125 -262.949127197265625 -264.57635498046875 -266.352569580078125 -268.111175537109375 -269.8465576171875 -271.55584716796875 -273.24102783203125 -274.913055419921875 -276.596649169921875 -278.3345947265625 -280.19091796875 -282.250396728515625 -284.613861083984375 -287.3861083984375 -290.65167236328125 -294.4307861328125 -298.61187744140625 -302.8948974609375 -306.912994384765625 -310.96307373046875 -316.617919921875 -325.442413330078125 -335.43670654296875 -347.5848388671875 -362.47576904296875 -376.701629638671875 -389.231414794921875 -404.81768798828125 -421.66583251953125 -437.284088134765625 -453.145263671875 -467.596527099609375 -478.179290771484375 -485.72027587890625 -491.72735595703125 -496.792510986328125 -501.096710205078125 -504.9339599609375 -509.347503662109375 -514.65643310546875 -521.33966064453125 -531.1068115234375 -543.99603271484375 -558.5377197265625 -573.2923583984375 -586.124267578125 -595.065673828125 -599.5279541015625 -601.677001953125 -604.217041015625 -608.59954833984375 -615.1712646484375 -623.68182373046875 -632.1898193359375 -638.0711669921875 -640.55523681640625 -642.6407470703125 -1e100 -1e100 -1e100 -1e100 -1e100 -1e100 -1e100 -1e100 -1e100 -1e100 -1e100 -1e100 -1e100 -1e100 -1e100 -1e100 -1e100 -1e100 -1e100 -1e100 -1e100 -1e100
 -1e100 -1e100 -1e100 -1e100 -1e100 -1e100 -1e100 -1e100 -1e100 -1e100 -1e100 -1e100 -1e100 -1e100 -1e100 -1e100 -1e100 -1e100 -1e100 -1e100 -1e100 -1e100 -1e100 -1e100 -1e100 -1e100 -1e100 -1e100 -1e100 -1e100 -1e100 -1e100 -1e100 -1e100 -1e100   -260   -260   -260   -260   -260   -260   -260   -260   -260   -260   -260   -260   -260   -260 -260.18487548828125 -260.71533203125 -261.589569091796875 -262.804046630859375 -264.353302001953125 -266.04498291015625 -267.709228515625 -269.337677001953125 -270.923858642578125 -272.4658203125 -273.970306396484375 -275.457855224609375 -276.96746826171875 -278.559600830078125 -280.31671142578125 -282.33905029296875 -284.736083984375 -287.607513427734375 -291.008056640625 -294.891143798828125 -299.05877685546875 -303.27630615234375 -307.853546142578125 -313.807861328125 -322.19451904296875 -331.481414794921875 -342.38671875 -355.923126220703125 -370.347076416015625 -385.159423828125 -402.0130615234375 -419.554595947265625 -436.195587158203125 -452.20648193359375 -465.741668701171875 -476.3739013671875 -484.495697021484375 -490.260467529296875 -494.453643798828125 -497.5040283203125 -500.43218994140625 -504.44586181640625 -509.670623779296875 -516.04229736328125 -525.20941162109375 -537.03387451171875 -550.040771484375 -563.43450927734375 -575.760986328125 -584.68572998046875 -589.47552490234375 -592.08935546875 -594.6297607421875 -598.47344970703125 -605.02679443359375 -614.43280029296875 -624.66961669921875 -632.25225830078125 -635.588623046875 -637.0860595703125 -1e100 -1e100 -1e100 -1e100 -1e100 -1e100 -1e100 -1e100 -1e100 -1e100 -1e100 -1e100 -1e100 -1e100 -1e100 -1e100 -1e100 -1e100 -1e100 -1e100 -1e100 -1e100
 -1e100 -1e100 -1e100 -1e100 -1e100 -1e100 -1e100 -1e100 -1e100 -1e100 -1e100 -1e100 -1e100 -1e100 -1e100 -1e100 -1e100 -1e100 -1e100 -1e100 -1e100 -1e100 -1e100 -1e100 -1e100 -1e100 -1e100 -1e100 -1e100 -1e100 -1e100 -1e100 -1e100 -1e100 -1e100   -260   -260   -260   -260   -260   -260   -260   -260   -260   -260   -260   -260   -260   -260 -260.15570068359375 -260.641204833984375 -261.453033447265625 -262.585845947265625 -264.031768798828125 -265.62469482421875 -267.177978515625 -268.680572509765625 -270.12310791015625 -271.50048828125 -272.81640625 -274.08856201171875 -275.353546142578125 -276.669647216796875 -278.117584228515625 -279.79736328125 -281.82135009765625 -284.30096435546875 -287.321044921875 -290.895172119140625 -294.917144775390625 -299.238189697265625 -304.070831298828125 -310.127349853515625 -318.11016845703125 -326.609527587890625 -336.326446533203125 -348.462188720703125 -361.888946533203125 -376.029693603515625 -392.586639404296875 -410.6953125 -428.349151611328125 -445.582275390625 -460.90411376953125 -472.91827392578125 -481.4632568359375 -487.011474609375 -490.1961669921875 -491.78472900390625 -493.856597900390625 -497.579498291015625 -502.83819580078125 -509.26409912109375 -518.07354736328125 -528.652099609375 -539.66436767578125 -550.92803955078125 -561.67529296875 -569.744873046875 -574.69482421875 -577.81280517578125 -580.68365478515625 -584.720703125 -591.66107177734375 -601.80743408203125 -613.49969482421875 -623.32220458984375 -627.74920654296875 -629.3204345703125 -629.78814697265625 -1e100 -1e100 -1e100 -1e100 -1e100 -1e100 -1e100 -1e100 -1e100 -1e100 -1e100 -1e100 -1e100 -1e100 -1e100 -1e100 -1e100 -1e100 -1e100 -1e100 -1e100
 -1e100 -1e100 -1e100 -1e100 -1e100 -1e100 -1e100 -1e100 -1e100 -1e100 -1e100 -1e100 -1e100 -1e100 -1e100 -1e100 -1e100 -1e100 -1e100 -1e100 -1e100 -1e100 -1e100 -1e100 -1e100 -1e100 -1e100 -1e100 -1e100 -1e100 -1e100 -1e100 -1e100 -1e100 -1e100   -260   -260   -260   -260   -260   -260   -260   -260   -260   -260   -260   -260   -260   -260 -260.1195068359375 -260.55230712890625 -261.293060302734375 -262.33404541015625 -263.664794921875 -265.152374267578125 -266.58660888671875 -267.954376220703125 -269.244049072265625 -270.44830322265625 -271.5687255859375 -272.621002197265625 -273.6400146484375 -274.68243408203125 -275.827667236328125 -277.174774169921875 -278.837371826171875 -280.934814453125 -283.5751953125 -286.82440185546875 -290.661468505859375 -295.01483154296875 -300.05474853515625 -306.4776611328125 -314.091552734375 -321.675567626953125 -330.271026611328125 -341.101470947265625 -353.04132080078125 -366.2164306640625 -382.403350830078125 -400.710845947265625 -418.907379150390625 -437.047882080078125 -453.955474853515625 -467.353240966796875 -476.433349609375 -481.8101806640625 -484.280853271484375 -484.88116455078125 -486.3702392578125 -490.039459228515625 -495.74774169921875 -502.6964111328125 -511.345306396484375 -520.70013427734375 -529.62603759765625 -538.4273681640625 -546.876220703125 -553.34991455078125 -557.89874267578125 -561.3746337890625 -564.528076171875 -568.742919921875 -575.8758544921875 -586.19622802734375 -598.345458984375 -609.101318359375 -614.8316650390625 -616.7913818359375 -615.77032470703125 -611.9537353515625 -1e100 -1e100 -1e100 -1e100 -1e100 -1e100 -1e100 -1e100 -1e100 -1e100 -1e100 -1e100 -1e100 -1e100 -1e100 -1e100 -1e100 -1e100 -1e100 -1e100
 -1e100 -1e100 -1e100 -1e100 -1e100 -1e100 -1e100 -1e100 -1e100 -1e100 -1e100 -1e100 -1e100 -1e100 -1e100 -1e100 -1e100 -1e100 -1e100 -1e100 -1e100 -1e100 -1e100 -1e100 -1e100 -1e100 -1e100 -1e100 -1e100 -1e100 -1e100 -1e100 -1e100 -1e100 -1e100   -260   -260   -260   -260   -260   -260   -260   -260   -260   -260   -260   -260   -260   -260 -260.084869384765625 -260.467041015625 -261.1390380859375 -262.09075927734375 -263.308990478515625 -264.692352294921875 -266.008544921875 -267.242919921875 -268.38214111328125 -269.417449951171875 -270.348907470703125 -271.19073486328125 -271.976104736328125 -272.760223388671875 -273.62060546875 -274.6549072265625 -275.97650146484375 -277.7091064453125 -279.978057861328125 -282.8922119140625 -286.506256103515625 -290.8258056640625 -296.041015625 -302.612457275390625 -309.897308349609375 -317.173858642578125 -324.84442138671875 -334.17364501953125 -344.569244384765625 -356.702606201171875 -371.793914794921875 -389.753204345703125 -408.2091064453125 -427.005401611328125 -444.96234130859375 -459.4644775390625 -469.158447265625 -474.7564697265625 -477.009063720703125 -477.28265380859375 -478.8968505859375 -483.189727783203125 -489.81085205078125 -497.577178955078125 -506.227813720703125 -514.40203857421875 -521.310791015625 -527.73004150390625 -533.896728515625 -538.81134033203125 -542.71142578125 -546.20404052734375 -549.39337158203125 -553.53515625 -560.39544677734375 -570.10845947265625 -581.58465576171875 -592.32293701171875 -599.80712890625 -602.7474365234375 -601.82672119140625 -599.77947998046875 -1e100 -1e100 -1e100 -1e100 -1e100 -1e100 -1e100 -1e100 -1e100 -1e100 -1e100 -1e100 -1e100 -1e100 -1e100 -1e100 -1e100 -1e100 -1e100 -1e100
 -1e100 -1e100 -1e100 -1e100 -1e100 -1e100 -1e100 -1e100 -1e100 -1e100 -1e100 -1e100 -1e100 -1e100 -1e100 -1e100 -1e100 -1e100 -1e100 -1e100 -1e100 -1e100 -1e100 -1e100 -1e100 -1e100 -1e100 -1e100 -1e100 -1e100 -1e100 -1e100 -1e100 -1e100 -1e100 -1e100   -260   -260   -260   -260   -260   -260   -260   -260   -260   -260   -260   -260   -260 -260.060302734375 -260.40362548828125 -261.02020263671875 -261.897705078125 -263.02032470703125 -264.308349609375 -265.516357421875 -266.6285400390625 -267.630645751953125 -268.512908935546875 -269.2742919921875 -269.92755126953125 -270.5040283203125 -271.056610107421875 -271.660369873046875 -272.41033935546875 -273.417999267578125 -274.8079833984375 -276.716064453125 -279.2816162109375 -282.618133544921875 -286.8009033203125 -292.008880615234375 -298.555755615234375 -305.64215087890625 -312.639129638671875 -319.5360107421875 -327.299346923828125 -336.361328125 -347.2364501953125 -361.192352294921875 -378.5047607421875 -397.1630859375 -416.1519775390625 -434.6824951171875 -450.072113037109375 -460.647705078125 -466.881011962890625 -469.525146484375 -470.23468017578125 -472.435302734375 -477.473175048828125 -485.0848388671875 -493.784698486328125 -502.6544189453125 -509.888946533203125 -515.09100341796875 -519.45086669921875 -523.63494873046875 -527.17279052734375 -530.52294921875 -534.06231689453125 -537.27142333984375 -541.32171630859375 -547.582275390625 -556.2381591796875 -566.40447998046875 -576.22772216796875 -583.86785888671875 -588.4615478515625 -588.54705810546875 -587.96917724609375 -586.10699462890625 -1e100 -1e100 -1e100 -1e100 -1e100 -1e100 -1e100 -1e100 -1e100 -1e100 -1e100 -1e100 -1e100 -1e100 -1e100 -1e100 -1e100 -1e100 -1e100
 -1e100 -1e100 -1e100 -1e100 -1e100 -1e100 -1e100 -1e100 -1e100 -1e100 -1e100 -1e100 -1e100 -1e100 -1e100 -1e100 -1e100 -1e100 -1e100 -1e100 -1e100 -1e100 -1e100 -1e100 -1e100 -1e100 -1e100 -1e100 -1e100 -1e100 -1e100 -1e100 -1e100 -1e100 -1e100 -1e100 -1e100   -260   -260   -260   -260   -260   -260   -260   -260   -260   -260   -260   -260 -260.053558349609375 -260.378448486328125 -260.963043212890625 -261.7928466796875 -262.849761962890625 -264.058502197265625 -265.17608642578125 -266.1861572265625 -267.074005126953125 -267.8292236328125 -268.449859619140625 -268.947052001953125 -269.349700927734375 -269.70758056640625 -270.09210205078125 -270.594451904296875 -271.322509765625 -272.398895263671875 -273.962982177734375 -276.172119140625 -279.183990478515625 -283.143890380859375 -288.25213623046875 -294.582000732421875 -301.423980712890625 -307.942779541015625 -313.9058837890625 -319.978759765625 -327.86328125 -337.652618408203125 -350.713165283203125 -367.412353515625 -386.247344970703125 -405.160247802734375 -423.8701171875 -439.921722412109375 -451.533660888671875 -458.795501708984375 -462.401763916015625 -464.14715576171875 -467.0482177734375 -472.602813720703125 -480.64215087890625 -489.775909423828125 -498.477294921875 -504.94854736328125 -509.023590087890625 -512.06500244140625 -514.8431396484375 -517.48773193359375 -520.74114990234375 -524.6829833984375 -528.3968505859375 -532.8475341796875 -538.973388671875 -546.7340087890625 -555.32208251953125 -563.79595947265625 -570.90643310546875 -575.92596435546875 -577.30328369140625 -577.82861328125 -577.7314453125 -1e100 -1e100 -1e100 -1e100 -1e100 -1e100 -1e100 -1e100 -1e100 -1e100 -1e100 -1e100 -1e100 -1e100 -1e100 -1e100 -1e100 -1e100 -1e100
 -1e100 -1e100 -1e100 -1e100 -1e100 -1e100 -1e100 -1e100 -1e100 -1e100 -1e100 -1e100 -1e100 -1e100 -1e100 -1e100 -1e100 -1e100 -1e100 -1e100 -1e100 -1e100 -1e100 -1e100 -1e100 -1e100 -1e100 -1e100 -1e100 -1e100 -1e100 -1e100 -1e100 -1e100 -1e100 -1e100 -1e100   -260   -260   -260   -260   -260   -260   -260   -260   -260   -260   -260   -260 -260.07098388671875 -260.40533447265625 -260.989654541015625 -261.807708740234375 -262.8397216796875 -263.991119384765625 -265.042572021484375 -265.977813720703125 -266.781829833984375 -267.44384765625 -267.960968017578125 -268.342529296875 -268.614501953125 -268.822845458984375 -269.03436279296875 -269.335418701171875 -269.8289794921875 -270.633087158203125 -271.8836669921875 -273.739288330078125 -276.370849609375 -279.953216552734375 -284.650970458984375 -290.466064453125 -296.838623046875 -302.9390869140625 -308.21014404296875 -313.3511962890625 -319.9281005859375 -329.178009033203125 -341.53741455078125 -357.553314208984375 -375.9598388671875 -395.102142333984375 -413.306365966796875 -429.553680419921875 -442.035675048828125 -450.35699462890625 -455.07733154296875 -458.28558349609375 -461.989410400390625 -467.81097412109375 -475.8424072265625 -484.745513916015625 -492.7821044921875 -498.58074951171875 -502.154541015625 -504.703643798828125 -507.162689208984375 -509.92694091796875 -513.63470458984375 -518.27001953125 -522.89056396484375 -527.89898681640625 -533.9359130859375 -540.86370849609375 -547.95849609375 -555.03961181640625 -561.41802978515625 -566.48358154296875 -569.5152587890625 -570.97198486328125 -572.22186279296875 -1e100 -1e100 -1e100 -1e100 -1e100 -1e100 -1e100 -1e100 -1e100 -1e100 -1e100 -1e100 -1e100 -1e100 -1e100 -1e100 -1e100 -1e100 -1e100
 -1e100 -1e100 -1e100 -1e100 -1e100 -1e100 -1e100 -1e100 -1e100 -1e100 -1e100 -1e100 -1e100 -1e100 -1e100 -1e100 -1e100 -1e100 -1e100 -1e100 -1e100 -1e100 -1e100 -1e100 -1e100 -1e100 -1e100 -1e100 -1e100 -1e100 -1e100 -1e100 -1e100 -1e100 -1e100 -1e100 -1e100   -260   -260   -260   -260   -260   -260   -260   -260   -260   -260   -260   -260 -260.117279052734375 -260.494140625 -261.115966796875 -261.96527099609375 -263.021026611328125 -264.141326904296875 -265.155853271484375 -266.04840087890625 -266.804107666015625 -267.41180419921875 -267.8675537109375 -268.178680419921875 -268.3682861328125 -268.478515625 -268.571502685546875 -268.7288818359375 -269.048980712890625 -269.644683837890625 -270.644073486328125 -272.192535400390625 -274.4420166015625 -277.5330810546875 -281.555633544921875 -286.42938232421875 -291.928863525390625 -297.4801025390625 -302.099029541015625 -306.53826904296875 -312.564697265625 -321.724609375 -333.626953125 -349.308319091796875 -367.473602294921875 -386.542877197265625 -403.98858642578125 -419.814605712890625 -432.455902099609375 -441.56561279296875 -447.44842529296875 -452.12078857421875 -456.763763427734375 -462.84002685546875 -470.5531005859375 -478.81011962890625 -486.179595947265625 -491.61114501953125 -495.2432861328125 -498.010894775390625 -500.91583251953125 -504.475830078125 -509.090850830078125 -514.57818603515625 -520.04669189453125 -525.46990966796875 -531.29840087890625 -537.53814697265625 -543.5953369140625 -549.6846923828125 -555.628662109375 -560.851318359375 -564.53131103515625 -566.52911376953125 -568.5802001953125 -1e100 -1e100 -1e100 -1e100 -1e100 -1e100 -1e100 -1e100 -1e100 -1e100 -1e100 -1e100 -1e100 -1e100 -1e100 -1e100 -1e100 -1e100 -1e100
 -1e100 -1e100 -1e100 -1e100 -1e100 -1e100 -1e100 -1e100 -1e100 -1e100 -1e100 -1e100 -1e100 -1e100 -1e100 -1e100 -1e100 -1e100 -1e100 -1e100 -1e100 -1e100 -1e100 -1e100 -1e100 -1e100 -1e100 -1e100 -1e100 -1e100 -1e100 -1e100 -1e100 -1e100 -1e100 -1e100 -1e100   -260   -260   -260   -260   -260   -260   -260   -260   -260   -260   -260 -260.02581787109375 -260.22064208984375 -260.676025390625 -261.376556396484375 -262.30401611328125 -263.4110107421875 -264.529205322265625 -265.538604736328125 -266.42340087890625 -267.168670654296875 -267.762786865234375 -268.200653076171875 -268.48785400390625 -268.645111083984375 -268.711639404296875 -268.746826171875 -268.8299560546875 -269.05743408203125 -269.539642333984375 -270.397003173828125 -271.75433349609375 -273.72540283203125 -276.387298583984375 -279.742095947265625 -283.6964111328125 -288.1065673828125 -292.6444091796875 -296.702178955078125 -300.59039306640625 -306.30877685546875 -315.631805419921875 -327.623504638671875 -343.01385498046875 -361.048095703125 -379.8089599609375 -396.40399169921875 -411.5010986328125 -424.0758056640625 -433.6141357421875 -440.583251953125 -446.563629150390625 -452.001373291015625 -458.040924072265625 -465.151214599609375 -472.5281982421875 -479.333740234375 -484.82269287109375 -488.94854736328125 -492.491912841796875 -496.160430908203125 -500.40887451171875 -505.67254638671875 -511.696807861328125 -517.51470947265625 -523.15472412109375 -529.01519775390625 -534.9864501953125 -540.6456298828125 -546.50469970703125 -552.26519775390625 -557.54473876953125 -561.7347412109375 -564.027099609375 -566.417724609375 -1e100 -1e100 -1e100 -1e100 -1e100 -1e100 -1e100 -1e100 -1e100 -1e100 -1e100 -1e100 -1e100 -1e100 -1e100 -1e100 -1e100 -1e100 -1e100
 -1e100 -1e100 -1e100 -1e100 -1e100 -1e100 -1e100 -1e100 -1e100 -1e100 -1e100 -1e100 -1e100 -1e100 -1e100 -1e100 -1e100 -1e100 -1e100 -1e100 -1e100 -1e100 -1e100 -1e100 -1e100 -1e100 -1e100 -1e100 -1e100 -1e100 -1e100 -1e100 -1e100 -1e100 -1e100 -1e100 -1e100   -260   -260   -260   -260   -260   -260   -260   -260   -260   -260   -260 -260.0826416015625 -260.386505126953125 -260.956756591796875 -261.777801513671875 -262.8311767578125 -264.012603759765625 -265.158599853515625 -266.195465087890625 -267.107635498046875 -267.879974365234375 -268.500030517578125 -268.9615478515625 -269.268707275390625 -269.44110107421875 -269.517547607421875 -269.558563232421875 -269.64630126953125 -269.88189697265625 -270.379364013671875 -271.254852294921875 -272.609893798828125 -274.506317138671875 -276.933380126953125 -279.785430908203125 -282.8968505859375 -286.14434814453125 -289.54901123046875 -292.881103515625 -296.35382080078125 -301.554290771484375 -310.71954345703125 -322.50341796875 -337.41680908203125 -354.925201416015625 -373.346923828125 -389.552764892578125 -404.38421630859375 -417.090240478515625 -427.22479248046875 -435.31756591796875 -442.155426025390625 -448.011688232421875 -453.822540283203125 -460.03961181640625 -466.333282470703125 -472.5703125 -478.270477294921875 -483.105560302734375 -487.6080322265625 -492.1085205078125 -496.9931640625 -502.632843017578125 -508.886688232421875 -514.7877197265625 -520.70819091796875 -526.91168212890625 -532.953369140625 -538.52337646484375 -544.62799072265625 -550.32818603515625 -555.5247802734375 -559.8984375 -562.375244140625 -564.67352294921875 -1e100 -1e100 -1e100 -1e100 -1e100 -1e100 -1e100 -1e100 -1e100 -1e100 -1e100 -1e100 -1e100 -1e100 -1e100 -1e100 -1e100 -1e100 -1e100
 -1e100 -1e100 -1e100 -1e100 -1e100 -1e100 -1e100 -1e100 -1e100 -1e100 -1e100 -1e100 -1e100 -1e100 -1e100 -1e100 -1e100 -1e100 -1e100 -1e100 -1e100 -1e100 -1e100 -1e100 -1e100 -1e100 -1e100 -1e100 -1e100 -1e100 -1e100 -1e100 -1e100 -1e100 -1e100 -1e100 -1e100   -260   -260   -260   -260   -260   -260   -260   -260   -260   -260 -260.02508544921875 -260.1990966796875 -260.64154052734375 -261.361053466796875 -262.342193603515625 -263.541839599609375 -264.8150634765625 -266.01776123046875 -267.113311767578125 -268.0859375 -268.919769287109375 -269.601287841796875 -270.12274169921875 -270.48760986328125 -270.715911865234375 -270.850006103515625 -270.957977294921875 -271.134368896484375 -271.4954833984375 -272.167083740234375 -273.264801025390625 -274.8670654296875 -276.977630615234375 -279.486358642578125 -282.170379638671875 -284.772979736328125 -287.15850830078125 -289.460906982421875 -291.915008544921875 -295.01251220703125 -299.39593505859375 -307.73614501953125 -318.801788330078125 -332.928192138671875 -349.35858154296875 -367.171875 -383.144989013671875 -398.0130615234375 -410.944580078125 -421.629058837890625 -430.738525390625 -438.29840087890625 -444.546417236328125 -450.182769775390625 -455.8348388671875 -461.44061279296875 -467.432769775390625 -473.366912841796875 -478.95562744140625 -484.137115478515625 -489.15753173828125 -494.411712646484375 -500.1787109375 -506.41326904296875 -512.45391845703125 -518.70306396484375 -525.1273193359375 -531.23797607421875 -536.84844970703125 -542.966796875 -548.5921630859375 -553.51324462890625 -558.05072021484375 -560.5235595703125 -562.79351806640625 -1e100 -1e100 -1e100 -1e100 -1e100 -1e100 -1e100 -1e100 -1e100 -1e100 -1e100 -1e100 -1e100 -1e100 -1e100 -1e100 -1e100 -1e100 -1e100
 -1e100 -1e100 -1e100 -1e100 -1e100 -1e100 -1e100 -1e100 -1e100 -1e100 -1e100 -1e100 -1e100 -1e100 -1e100 -1e100 -1e100 -1e100 -1e100 -1e100 -1e100 -1e100 -1e100 -1e100 -1e100 -1e100 -1e100 -1e100 -1e100 -1e100 -1e100 -1e100 -1e100 -1e100 -1e100 -1e100 -1e100   -260   -260   -260   -260   -260   -260   -260   -260   -260   -260 -260.08282470703125 -260.384918212890625 -260.991607666015625 -261.8905029296875 -263.066864013671875 -264.42059326171875 -265.79486083984375 -267.0806884765625 -268.26287841796875 -269.3248291015625 -270.24957275390625 -271.0216064453125 -271.631591796875 -272.082305908203125 -272.396514892578125 -272.62493896484375 -272.852783203125 -273.20098876953125 -273.815704345703125 -274.84136962890625 -276.392242431640625 -278.520660400390625 -281.17022705078125 -284.125579833984375 -287.048797607421875 -289.58441162109375 -291.546966552734375 -293.090789794921875 -294.6241455078125 -296.751434326171875 -300.23321533203125 -306.685760498046875 -315.77685546875 -328.224090576171875 -343.486358642578125 -360.154693603515625 -376.39276123046875 -391.95550537109375 -405.53961181640625 -416.820068359375 -426.746063232421875 -434.870941162109375 -441.435028076171875 -447.14288330078125 -452.649993896484375 -458.081024169921875 -464.069305419921875 -470.301361083984375 -476.329010009765625 -481.7857666015625 -486.932159423828125 -492.321197509765625 -498.066558837890625 -504.28204345703125 -510.459716796875 -516.978271484375 -523.4913330078125 -529.64324951171875 -535.39141845703125 -541.3507080078125 -546.723876953125 -551.4049072265625 -555.9820556640625 -558.2705078125 -560.5736083984375 -1e100 -1e100 -1e100 -1e100 -1e100 -1e100 -1e100 -1e100 -1e100 -1e100 -1e100 -1e100 -1e100 -1e100 -1e100 -1e100 -1e100 -1e100 -1e100
 -1e100 -1e100 -1e100 -1e100 -1e100 -1e100 -1e100 -1e100 -1e100 -1e100 -1e100 -1e100 -1e100 -1e100 -1e100 -1e100 -1e100 -1e100 -1e100 -1e100 -1e100 -1e100 -1e100 -1e100 -1e100 -1e100 -1e100 -1e100 -1e100 -1e100 -1e100 -1e100 -1e100 -1e100 -1e100 -1e100 -1e100   -260   -260   -260   -260   -260   -260   -260   -260   -260 -260.014404296875 -260.187957763671875 -260.655731201171875 -261.44677734375 -262.549041748046875 -263.934417724609375 -265.44195556640625 -266.917449951171875 -268.30877685546875 -269.60076904296875 -270.77557373046875 -271.814056396484375 -272.69805908203125 -273.415802001953125 -273.969268798828125 -274.385498046875 -274.730010986328125 -275.11785888671875 -275.714996337890625 -276.71600341796875 -278.285888671875 -280.52178955078125 -283.437042236328125 -286.915924072265625 -290.6285400390625 -294.1363525390625 -297.0135498046875 -298.9974365234375 -300.1497802734375 -300.901275634765625 -301.83721923828125 -303.668914794921875 -307.34039306640625 -313.342681884765625 -322.8165283203125 -336.2677001953125 -351.81329345703125 -368.490478515625 -385.24359130859375 -400.31427001953125 -412.46173095703125 -423.0467529296875 -431.7054443359375 -438.7027587890625 -444.597747802734375 -450.18914794921875 -455.704071044921875 -461.671875 -467.894287109375 -474.0694580078125 -479.69696044921875 -485.08135986328125 -490.664794921875 -496.517181396484375 -502.84454345703125 -509.2890625 -516.16082763671875 -522.9830322265625 -529.37615966796875 -535.39013671875 -541.2178955078125 -546.306396484375 -550.592529296875 -554.936767578125 -556.9599609375 -559.12298583984375 -1e100 -1e100 -1e100 -1e100 -1e100 -1e100 -1e100 -1e100 -1e100 -1e100 -1e100 -1e100 -1e100 -1e100 -1e100 -1e100 -1e100 -1e100 -1e100
 -1e100 -1e100 -1e100 -1e100 -1e100 -1e100 -1e100 -1e100 -1e100 -1e100 -1e100 -1e100 -1e100 -1e100 -1e100 -1e100 -1e100 -1e100 -1e100 -1e100 -1e100 -1e100 -1e100 -1e100 -1e100 -1e100 -1e100 -1e100 -1e100 -1e100 -1e100 -1e100 -1e100 -1e100 -1e100 -1e100 -1e100   -260   -260   -260   -260   -260   -260   -260   -260   -260 -260.056610107421875 -260.353118896484375 -260.99749755859375 -261.986114501953125 -263.308135986328125 -264.894622802734375 -266.547149658203125 -268.139801025390625 -269.65399169921875 -271.073394775390625 -272.3782958984375 -273.54669189453125 -274.556732177734375 -275.392669677734375 -276.05474853515625 -276.5755615234375 -277.041961669921875 -277.6134033203125 -278.522674560546875 -280.0411376953125 -282.346649169921875 -285.47344970703125 -289.35955810546875 -293.845062255859375 -298.46270751953125 -302.694732666015625 -306.1134033203125 -308.3948974609375 -309.43865966796875 -309.553253173828125 -309.20391845703125 -308.906768798828125 -309.332489013671875 -311.570831298828125 -317.388214111328125 -328.3709716796875 -342.689697265625 -359.733123779296875 -377.82586669921875 -394.5179443359375 -407.9017333984375 -419.207733154296875 -428.359222412109375 -435.959228515625 -442.37371826171875 -448.25531005859375 -454.002838134765625 -459.90960693359375 -465.823760986328125 -471.987060546875 -477.677276611328125 -483.315185546875 -489.308990478515625 -495.57586669921875 -502.32366943359375 -509.453857421875 -516.906494140625 -524.2435302734375 -531.20294189453125 -537.6412353515625 -543.45361328125 -548.46929931640625 -552.4234619140625 -556.1207275390625 -557.74139404296875 -559.425537109375 -1e100 -1e100 -1e100 -1e100 -1e100 -1e100 -1e100 -1e100 -1e100 -1e100 -1e100 -1e100 -1e100 -1e100 -1e100 -1e100 -1e100 -1e100 -1e100
 -1e100 -1e100 -1e100 -1e100 -1e100 -1e100 -1e100 -1e100 -1e100 -1e100 -1e100 -1e100 -1e100 -1e100 -1e100 -1e100 -1e100 -1e100 -1e100 -1e100 -1e100 -1e100 -1e100 -1e100 -1e100 -1e100 -1e100 -1e100 -1e100 -1e100 -1e100 -1e100 -1e100 -1e100 -1e100 -1e100 -1e100   -260   -260   -260   -260   -260   -260   -260   -260   -260 -260.12432861328125 -260.57373046875 -261.39849853515625 -262.59039306640625 -264.140045166015625 -265.912200927734375 -267.692535400390625 -269.41387939453125 -271.06280517578125 -272.62158203125 -274.068145751953125 -275.3770751953125 -276.521697998046875 -277.4805908203125 -278.25030517578125 -278.86895751953125 -279.448822021484375 -280.204833984375 -281.4552001953125 -283.5989990234375 -286.820831298828125 -290.98895263671875 -295.868621826171875 -301.330535888671875 -306.681060791015625 -311.42401123046875 -315.28070068359375 -317.962738037109375 -319.091278076171875 -318.848968505859375 -317.422393798828125 -315.1094970703125 -312.541046142578125 -311.03216552734375 -312.99462890625 -321.00469970703125 -334.05096435546875 -351.04156494140625 -370.0755615234375 -388.13494873046875 -402.774261474609375 -414.5731201171875 -424.2431640625 -432.5313720703125 -439.727447509765625 -446.228912353515625 -452.381103515625 -458.311798095703125 -464.07769775390625 -470.246185302734375 -476.018280029296875 -481.861175537109375 -488.423248291015625 -495.282470703125 -502.68609619140625 -510.619659423828125 -518.7967529296875 -526.59271240234375 -534.08795166015625 -540.985107421875 -547.0289306640625 -552.19097900390625 -555.90313720703125 -558.89752197265625 -560.10028076171875 -561.13336181640625 -1e100 -1e100 -1e100 -1e100 -1e100 -1e100 -1e100 -1e100 -1e100 -1e100 -1e100 -1e100 -1e100 -1e100 -1e100 -1e100 -1e100 -1e100 -1e100
 -1e100 -1e100 -1e100 -1e100 -1e100 -1e100 -1e100 -1e100 -1e100 -1e100 -1e100 -1e100 -1e100 -1e100 -1e100 -1e100 -1e100 -1e100 -1e100 -1e100 -1e100 -1e100 -1e100 -1e100 -1e100 -1e100 -1e100 -1e100 -1e100 -1e100 -1e100 -1e100 -1e100 -1e100 -1e100 -1e100 -1e100   -260   -260   -260   -260   -260   -260   -260   -260 -260.00030517578125 -260.21484375 -260.8187255859375 -261.820556640625 -263.213714599609375 -264.98992919921875 -266.925872802734375 -268.834228515625 -270.69061279296875 -272.480926513671875 -274.18609619140625 -275.781768798828125 -277.238555908203125 -278.52459716796875 -279.611236572265625 -280.489227294921875 -281.198760986328125 -281.873260498046875 -282.78387451171875 -284.31884765625 -287.108856201171875 -291.369171142578125 -296.60028076171875 -302.163970947265625 -308.02813720703125 -313.423187255859375 -318.10723876953125 -322.028900146484375 -325.22998046875 -326.968170166015625 -327.0267333984375 -325.031646728515625 -321.24591064453125 -316.2362060546875 -311.472869873046875 -309.82843017578125 -314.8748779296875 -326.4864501953125 -343.11248779296875 -362.662811279296875 -381.881103515625 -397.7357177734375 -410.11639404296875 -420.169769287109375 -428.9747314453125 -436.8577880859375 -443.8487548828125 -450.229644775390625 -456.211517333984375 -462.01824951171875 -468.220428466796875 -474.304229736328125 -480.707733154296875 -488.0775146484375 -495.6754150390625 -503.88592529296875 -512.581298828125 -521.41021728515625 -529.88519287109375 -538.14306640625 -545.6888427734375 -552.052490234375 -557.27630615234375 -560.5367431640625 -562.5224609375 -563.12969970703125 -563.44012451171875 -1e100 -1e100 -1e100 -1e100 -1e100 -1e100 -1e100 -1e100 -1e100 -1e100 -1e100 -1e100 -1e100 -1e100 -1e100 -1e100 -1e100 -1e100 -1e100
 -1e100 -1e100 -1e100 -1e100 -1e100 -1e100 -1e100 -1e100 -1e100 -1e100 -1e100 -1e100 -1e100 -1e100 -1e100 -1e100 -1e100 -1e100 -1e100 -1e100 -1e100 -1e100 -1e100 -1e100 -1e100 -1e100 -1e100 -1e100 -1e100 -1e100 -1e100 -1e100 -1e100 -1e100 -1e100 -1e100 -1e100   -260   -260   -260   -260   -260   -260   -260   -260 -260.01544189453125 -260.33868408203125 -261.0870361328125 -262.256195068359375 -263.841064453125 -265.819915771484375 -267.892364501953125 -269.930419921875 -271.92388916015625 -273.858123779296875 -275.713043212890625 -277.462432861328125 -279.073822021484375 -280.510284423828125 -281.736480712890625 -282.73590087890625 -283.544281005859375 -284.296600341796875 -285.265594482421875 -286.91815185546875 -290.11334228515625 -295.316162109375 -301.35186767578125 -307.0999755859375 -312.929534912109375 -317.998291015625 -322.051483154296875 -325.793609619140625 -329.687957763671875 -332.318206787109375 -333.12457275390625 -331.200439453125 -326.640289306640625 -320.1243896484375 -313.312652587890625 -308.9013671875 -311.0819091796875 -320.592987060546875 -336.125274658203125 -355.242431640625 -375.10284423828125 -392.3375244140625 -405.96820068359375 -416.711181640625 -426.214111328125 -434.6529541015625 -441.85577392578125 -448.2147216796875 -454.232879638671875 -459.985504150390625 -466.21063232421875 -472.76910400390625 -479.90972900390625 -487.973480224609375 -496.203369140625 -505.079803466796875 -514.19482421875 -523.43505859375 -532.48553466796875 -541.475341796875 -549.63818359375 -556.452880859375 -561.76141357421875 -564.5308837890625 -565.463134765625 -565.48980712890625 -565.00042724609375 -1e100 -1e100 -1e100 -1e100 -1e100 -1e100 -1e100 -1e100 -1e100 -1e100 -1e100 -1e100 -1e100 -1e100 -1e100 -1e100 -1e100 -1e100 -1e100
 -1e100 -1e100 -1e100 -1e100 -1e100 -1e100 -1e100 -1e100 -1e100 -1e100 -1e100 -1e100 -1e100 -1e100 -1e100 -1e100 -1e100 -1e100 -1e100 -1e100 -1e100 -1e100 -1e100 -1e100 -1e100 -1e100 -1e100 -1e100 -1e100 -1e100 -1e100 -1e100 -1e100 -1e100 -1e100 -1e100 -1e100   -260   -260   -260   -260   -260   -260   -260   -260 -260.041229248046875 -260.472930908203125 -261.350677490234375 -262.67169189453125 -264.432373046875 -266.586822509765625 -268.779205322265625 -270.944915771484375 -273.073822021484375 -275.15118408203125 -277.156585693359375 -279.0631103515625 -280.83660888671875 -282.436920166015625 -283.824676513671875 -284.979400634765625 -285.933746337890625 -286.820343017578125 -287.9249267578125 -289.69256591796875 -293.100189208984375 -298.688079833984375 -304.9166259765625 -310.19573974609375 -315.495086669921875 -320.03106689453125 -323.256805419921875 -326.723480224609375 -331.259735107421875 -334.763671875 -336.4444580078125 -335.13934326171875 -330.506591796875 -323.470184326171875 -315.73052978515625 -309.680206298828125 -309.378662109375 -316.4049072265625 -330.24237060546875 -348.31964111328125 -368.098052978515625 -386.8187255859375 -402.408447265625 -414.258209228515625 -424.42840576171875 -433.20196533203125 -440.20562744140625 -446.284698486328125 -452.308990478515625 -458.123992919921875 -464.455169677734375 -471.489654541015625 -479.0029296875 -487.364410400390625 -495.827667236328125 -504.833953857421875 -513.81732177734375 -522.96728515625 -532.151611328125 -541.61053466796875 -550.3248291015625 -557.798583984375 -563.5218505859375 -566.22369384765625 -566.609619140625 -566.3450927734375 -565.28033447265625 -1e100 -1e100 -1e100 -1e100 -1e100 -1e100 -1e100 -1e100 -1e100 -1e100 -1e100 -1e100 -1e100 -1e100 -1e100 -1e100 -1e100 -1e100 -1e100
 -1e100 -1e100 -1e100 -1e100 -1e100 -1e100 -1e100 -1e100 -1e100 -1e100 -1e100 -1e100 -1e100 -1e100 -1e100 -1e100 -1e100 -1e100 -1e100 -1e100 -1e100 -1e100 -1e100 -1e100 -1e100 -1e100 -1e100 -1e100 -1e100 -1e100 -1e100 -1e100 -1e100 -1e100 -1e100 -1e100 -1e100   -260   -260   -260   -260   -260   -260   -260   -260 -260.0733642578125 -260.595245361328125 -261.583160400390625 -263.03582763671875 -264.95123291015625 -267.252716064453125 -269.5601806640625 -271.8487548828125 -274.108642578125 -276.3258056640625 -278.480560302734375 -280.546478271484375 -282.489410400390625 -284.269012451171875 -285.8458251953125 -287.199249267578125 -288.35687255859375 -289.436920166015625 -290.711517333984375 -292.65252685546875 -296.18304443359375 -301.7896728515625 -307.71771240234375 -312.1661376953125 -316.526580810546875 -320.170654296875 -322.35498046875 -325.268524169921875 -330.055816650390625 -334.11395263671875 -336.626434326171875 -336.072723388671875 -331.931549072265625 -325.2357177734375 -317.5439453125 -310.86260986328125 -308.939971923828125 -313.598419189453125 -325.417388916015625 -342.190185546875 -361.5208740234375 -381.4100341796875 -399.16046142578125 -412.38983154296875 -422.980743408203125 -431.755126953125 -438.4454345703125 -444.150115966796875 -450.211456298828125 -456.35394287109375 -462.8626708984375 -470.178009033203125 -477.909332275390625 -486.26031494140625 -494.582733154296875 -503.329376220703125 -511.785400390625 -520.36328125 -529.22747802734375 -538.78466796875 -547.84906005859375 -555.70294189453125 -561.6761474609375 -564.6109619140625 -565.05975341796875 -564.6826171875 -563.62310791015625 -1e100 -1e100 -1e100 -1e100 -1e100 -1e100 -1e100 -1e100 -1e100 -1e100 -1e100 -1e100 -1e100 -1e100 -1e100 -1e100 -1e100 -1e100 -1e100
 -1e100 -1e100 -1e100 -1e100 -1e100 -1e100 -1e100 -1e100 -1e100 -1e100 -1e100 -1e100 -1e100 -1e100 -1e100 -1e100 -1e100 -1e100 -1e100 -1e100 -1e100 -1e100 -1e100 -1e100 -1e100 -1e100 -1e100 -1e100 -1e100 -1e100 -1e100 -1e100 -1e100 -1e100 -1e100 -1e100 -1e100   -260   -260   -260   -260   -260   -260   -260   -260 -260.107330322265625 -260.698486328125 -261.77435302734375 -263.335113525390625 -265.38018798828125 -267.800384521484375 -270.2159423828125 -272.62042236328125 -275.00482177734375 -277.356414794921875 -279.657257080078125 -281.8824462890625 -283.999755859375 -285.971405029296875 -287.76300048828125 -289.360504150390625 -290.79010009765625 -292.13946533203125 -293.63275146484375 -296.051300048828125 -299.671295166015625 -304.843963623046875 -310.011505126953125 -313.3997802734375 -316.2166748046875 -318.685455322265625 -319.973480224609375 -322.18658447265625 -326.77960205078125 -331.06402587890625 -334.1754150390625 -334.021026611328125 -330.66143798828125 -324.9833984375 -318.1290283203125 -311.983642578125 -310.199432373046875 -312.766571044921875 -322.4149169921875 -337.82965087890625 -356.308868408203125 -376.217254638671875 -396.0113525390625 -410.696319580078125 -421.6959228515625 -430.254425048828125 -436.730316162109375 -442.200927734375 -448.3626708984375 -454.689910888671875 -461.2821044921875 -468.670166015625 -476.58087158203125 -484.699188232421875 -492.67340087890625 -500.9169921875 -508.7506103515625 -516.4307861328125 -524.73138427734375 -534.0882568359375 -543.16094970703125 -550.992431640625 -557.09637451171875 -560.3740234375 -561.266845703125 -561.00439453125 -560.34783935546875 -1e100 -1e100 -1e100 -1e100 -1e100 -1e100 -1e100 -1e100 -1e100 -1e100 -1e100 -1e100 -1e100 -1e100 -1e100 -1e100 -1e100 -1e100 -1e100
 -1e100 -1e100 -1e100 -1e100 -1e100 -1e100 -1e100 -1e100 -1e100 -1e100 -1e100 -1e100 -1e100 -1e100 -1e100 -1e100 -1e100 -1e100 -1e100 -1e100 -1e100 -1e100 -1e100 -1e100 -1e100 -1e100 -1e100 -1e100 -1e100 -1e100 -1e100 -1e100 -1e100 -1e100 -1e100 -1e100 -1e100   -260   -260   -260   -260   -260   -260   -260   -260 -260.1383056640625 -260.77606201171875 -261.915618896484375 -263.558502197265625 -265.705535888671875 -268.218017578125 -270.7330322265625 -273.24481201171875 -275.745361328125 -278.223907470703125 -280.66455078125 -283.0450439453125 -285.33563232421875 -287.502471923828125 -289.519439697265625 -291.38787841796875 -293.155853271484375 -294.932830810546875 -297.008026123046875 -299.858551025390625 -303.95574951171875 -308.18798828125 -312.039154052734375 -314.162994384765625 -315.825592041015625 -317.011627197265625 -317.8717041015625 -319.703155517578125 -323.637237548828125 -327.3336181640625 -330.30133056640625 -330.9564208984375 -328.52093505859375 -324.3221435546875 -319.07611083984375 -313.95391845703125 -312.1466064453125 -312.845916748046875 -319.975555419921875 -333.56195068359375 -351.08160400390625 -370.718231201171875 -392.1375732421875 -408.519622802734375 -420.234283447265625 -428.69561767578125 -434.898529052734375 -440.246551513671875 -446.371368408203125 -452.62420654296875 -459.162200927734375 -466.521331787109375 -474.254058837890625 -482.07830810546875 -489.7777099609375 -497.42364501953125 -504.5106201171875 -511.261260986328125 -518.56085205078125 -526.99468994140625 -535.61279296875 -543.4112548828125 -549.9263916015625 -554.13494873046875 -556.33612060546875 -557.11181640625 -557.25445556640625 -1e100 -1e100 -1e100 -1e100 -1e100 -1e100 -1e100 -1e100 -1e100 -1e100 -1e100 -1e100 -1e100 -1e100 -1e100 -1e100 -1e100 -1e100 -1e100
 -1e100 -1e100 -1e100 -1e100 -1e100 -1e100 -1e100 -1e100 -1e100 -1e100 -1e100 -1e100 -1e100 -1e100 -1e100 -1e100 -1e100 -1e100 -1e100 -1e100 -1e100 -1e100 -1e100 -1e100 -1e100 -1e100 -1e100 -1e100 -1e100 -1e100 -1e100 -1e100 -1e100 -1e100 -1e100 -1e100 -1e100   -260   -260   -260   -260   -260   -260   -260   -260 -260.147369384765625 -260.80804443359375 -261.9857177734375 -263.68328857421875 -265.902801513671875 -268.49786376953125 -271.1024169921875 -273.7113037109375 -276.31781005859375 -278.91314697265625 -281.48394775390625 -284.010284423828125 -286.464447021484375 -288.814605712890625 -291.038360595703125 -293.142974853515625 -295.182525634765625 -297.27362060546875 -299.68438720703125 -302.76324462890625 -307.247467041015625 -310.417388916015625 -312.910064697265625 -314.230712890625 -315.0081787109375 -315.047943115234375 -315.956512451171875 -317.74444580078125 -320.7777099609375 -323.597869873046875 -326.274993896484375 -327.905792236328125 -325.89434814453125 -323.00408935546875 -319.6934814453125 -315.890228271484375 -313.839874267578125 -314.08123779296875 -319.000579833984375 -330.13165283203125 -345.727081298828125 -364.295440673828125 -385.88897705078125 -403.635223388671875 -416.3770751953125 -425.336944580078125 -431.756134033203125 -437.3128662109375 -443.622314453125 -450.123779296875 -456.898681640625 -464.20172119140625 -471.67535400390625 -479.160003662109375 -486.471405029296875 -493.517303466796875 -500.05999755859375 -506.13946533203125 -512.56591796875 -520.03411865234375 -528.05718994140625 -535.69921875 -542.52252197265625 -547.75494384765625 -551.43084716796875 -553.59912109375 -554.6468505859375 -555.7244873046875 -1e100 -1e100 -1e100 -1e100 -1e100 -1e100 -1e100 -1e100 -1e100 -1e100 -1e100 -1e100 -1e100 -1e100 -1e100 -1e100 -1e100 -1e100
 -1e100 -1e100 -1e100 -1e100 -1e100 -1e100 -1e100 -1e100 -1e100 -1e100 -1e100 -1e100 -1e100 -1e100 -1e100 -1e100 -1e100 -1e100 -1e100 -1e100 -1e100 -1e100 -1e100 -1e100 -1e100 -1e100 -1e100 -1e100 -1e100 -1e100 -1e100 -1e100 -1e100 -1e100 -1e100 -1e100 -1e100   -260   -260   -260   -260   -260   -260   -260   -260 -260.134185791015625 -260.7935791015625 -261.983062744140625 -263.70684814453125 -265.96807861328125 -268.6348876953125 -271.3177490234375 -274.01190185546875 -276.71221923828125 -279.41156005859375 -282.0989990234375 -284.756561279296875 -287.357635498046875 -289.870025634765625 -292.26873779296875 -294.55560302734375 -296.7706298828125 -298.998748779296875 -301.406219482421875 -304.306182861328125 -308.459808349609375 -310.82928466796875 -312.415771484375 -313.474578857421875 -313.866607666015625 -313.34466552734375 -314.26318359375 -315.88629150390625 -317.916534423828125 -320.29644775390625 -323.096099853515625 -325.625579833984375 -324.148040771484375 -322.44488525390625 -320.413238525390625 -317.7327880859375 -315.556976318359375 -315.99163818359375 -318.85565185546875 -327.28533935546875 -340.677215576171875 -357.59100341796875 -378.0877685546875 -396.85906982421875 -410.868194580078125 -420.544921875 -427.7982177734375 -433.988739013671875 -440.68499755859375 -447.6356201171875 -454.74005126953125 -461.80718994140625 -469.08575439453125 -476.364227294921875 -483.50714111328125 -490.3511962890625 -496.868011474609375 -502.810821533203125 -508.775787353515625 -515.3363037109375 -522.5501708984375 -529.74072265625 -536.3475341796875 -542.06585693359375 -546.739013671875 -550.1927490234375 -551.8250732421875 -553.55670166015625 -1e100 -1e100 -1e100 -1e100 -1e100 -1e100 -1e100 -1e100 -1e100 -1e100 -1e100 -1e100 -1e100 -1e100 -1e100 -1e100 -1e100 -1e100
 -1e100 -1e100 -1e100 -1e100 -1e100 -1e100 -1e100 -1e100 -1e100 -1e100 -1e100 -1e100 -1e100 -1e100 -1e100 -1e100 -1e100 -1e100 -1e100 -1e100 -1e100 -1e100 -1e100 -1e100 -1e100 -1e100 -1e100 -1e100 -1e100 -1e100 -1e100 -1e100 -1e100 -1e100 -1e100 -1e100 -1e100   -260   -260   -260   -260   -260   -260   -260   -260 -260.102081298828125 -260.73583984375 -261.91058349609375 -263.63153076171875 -265.9029541015625 -268.626220703125 -271.37451171875 -274.14056396484375 -276.92022705078125 -279.70806884765625 -282.49493408203125 -285.264739990234375 -287.991302490234375 -290.64080810546875 -293.183197021484375 -295.6109619140625 -297.95123291015625 -300.264678955078125 -302.664581298828125 -305.350341796875 -308.992156982421875 -310.78857421875 -311.66839599609375 -312.464447021484375 -312.689910888671875 -311.928314208984375 -312.78192138671875 -314.4537353515625 -315.707733154296875 -317.8204345703125 -320.886199951171875 -324.254638671875 -324.724761962890625 -324.694244384765625 -323.477447509765625 -321.37530517578125 -319.0052490234375 -318.43731689453125 -319.324615478515625 -325.4981689453125 -337.064056396484375 -352.1663818359375 -370.76019287109375 -389.7431640625 -404.90875244140625 -415.412017822265625 -423.746246337890625 -430.887451171875 -437.901947021484375 -444.986175537109375 -452.31976318359375 -459.23358154296875 -466.369049072265625 -473.8740234375 -481.314483642578125 -488.29815673828125 -495.021728515625 -501.05206298828125 -506.564910888671875 -512.086181640625 -518.16046142578125 -524.8067626953125 -531.05218505859375 -536.8619384765625 -542.2200927734375 -546.9854736328125 -548.9061279296875 -550.90631103515625 -1e100 -1e100 -1e100 -1e100 -1e100 -1e100 -1e100 -1e100 -1e100 -1e100 -1e100 -1e100 -1e100 -1e100 -1e100 -1e100 -1e100 -1e100
 -1e100 -1e100 -1e100 -1e100 -1e100 -1e100 -1e100 -1e100 -1e100 -1e100 -1e100 -1e100 -1e100 -1e100 -1e100 -1e100 -1e100 -1e100 -1e100 -1e100 -1e100 -1e100 -1e100 -1e100 -1e100 -1e100 -1e100 -1e100 -1e100 -1e100 -1e100 -1e100 -1e100 -1e100 -1e100 -1e100 -1e100 -1e100   -260   -260   -260   -260   -260   -260   -260 -260.068084716796875 -260.652252197265625 -261.785736083984375 -263.47467041015625 -265.7242431640625 -268.470794677734375 -271.27032470703125 -274.093017578125 -276.9356689453125 -279.794036865234375 -282.66033935546875 -285.51959228515625 -288.346099853515625 -291.104095458984375 -293.757080078125 -296.2862548828125 -298.70819091796875 -301.084381103515625 -303.5152587890625 -305.771209716796875 -308.623809814453125 -309.96405029296875 -310.26287841796875 -310.718353271484375 -311.13494873046875 -310.780914306640625 -311.94512939453125 -313.929290771484375 -314.93048095703125 -316.85125732421875 -320.052825927734375 -324.216827392578125 -326.421783447265625 -327.798675537109375 -327.2786865234375 -325.2489013671875 -321.77020263671875 -320.218109130859375 -319.312225341796875 -323.1900634765625 -332.9473876953125 -346.667266845703125 -363.014495849609375 -381.791961669921875 -398.10418701171875 -409.81915283203125 -419.328155517578125 -427.65399169921875 -435.0941162109375 -442.44793701171875 -450.10772705078125 -457.058502197265625 -464.083099365234375 -471.765045166015625 -479.3643798828125 -486.3509521484375 -493.196197509765625 -499.3829345703125 -504.649017333984375 -509.489959716796875 -514.643310546875 -520.90899658203125 -526.86334228515625 -532.73876953125 -538.49200439453125 -543.824951171875 -545.849365234375 -547.91046142578125 -1e100 -1e100 -1e100 -1e100 -1e100 -1e100 -1e100 -1e100 -1e100 -1e100 -1e100 -1e100 -1e100 -1e100 -1e100 -1e100 -1e100 -1e100
 -1e100 -1e100 -1e100 -1e100 -1e100 -1e100 -1e100 -1e100 -1e100 -1e100 -1e100 -1e100 -1e100 -1e100 -1e100 -1e100 -1e100 -1e100 -1e100 -1e100 -1e100 -1e100 -1e100 -1e100 -1e100 -1e100 -1e100 -1e100 -1e100 -1e100 -1e100 -1e100 -1e100 -1e100 -1e100 -1e100 -1e100 -1e100 -1e100   -260   -260   -260   -260   -260   -260 -260.036773681640625 -260.548065185546875 -261.61431884765625 -263.24237060546875 -265.43817138671875 -268.170196533203125 -271.00555419921875 -273.868377685546875 -276.756103515625 -279.665252685546875 -282.589019775390625 -285.513092041015625 -288.412200927734375 -291.249237060546875 -293.9815673828125 -296.575042724609375 -299.016021728515625 -301.313995361328125 -303.42022705078125 -305.2586669921875 -306.897308349609375 -307.98193359375 -308.118682861328125 -308.555419921875 -309.197113037109375 -309.78387451171875 -311.232177734375 -313.449951171875 -314.50469970703125 -316.3343505859375 -319.6251220703125 -323.92254638671875 -327.264678955078125 -329.6923828125 -329.701873779296875 -328.04180908203125 -324.174652099609375 -322.00177001953125 -319.836578369140625 -321.7318115234375 -329.44561767578125 -341.86077880859375 -356.205963134765625 -374.282623291015625 -391.267547607421875 -404.08563232421875 -414.579132080078125 -424.01129150390625 -432.24395751953125 -440.2642822265625 -448.376434326171875 -455.563873291015625 -462.48956298828125 -469.904022216796875 -477.332305908203125 -484.198150634765625 -490.925537109375 -497.2646484375 -502.737548828125 -507.44854736328125 -512.155029296875 -518.06854248046875 -523.6519775390625 -529.27716064453125 -534.97711181640625 -540.326904296875 -542.50274658203125 -544.69036865234375 -1e100 -1e100 -1e100 -1e100 -1e100 -1e100 -1e100 -1e100 -1e100 -1e100 -1e100 -1e100 -1e100 -1e100 -1e100 -1e100 -1e100 -1e100
 -1e100 -1e100 -1e100 -1e100 -1e100 -1e100 -1e100 -1e100 -1e100 -1e100 -1e100 -1e100 -1e100 -1e100 -1e100 -1e100 -1e100 -1e100 -1e100 -1e100 -1e100 -1e100 -1e100 -1e100 -1e100 -1e100 -1e100 -1e100 -1e100 -1e100 -1e100 -1e100 -1e100 -1e100 -1e100 -1e100 -1e100 -1e100 -1e100   -260   -260   -260   -260   -260   -260 -260.012603759765625 -260.428955078125 -261.40313720703125 -262.942535400390625 -265.05364990234375 -267.7296142578125 -270.58489990234375 -273.470733642578125 -276.384857177734375 -279.32421875 -282.28253173828125 -285.246002197265625 -288.190521240234375 -291.080169677734375 -293.87200927734375 -296.5274658203125 -299.02178955078125 -301.339385986328125 -303.422210693359375 -305.161285400390625 -305.874542236328125 -306.745574951171875 -306.857696533203125 -307.328094482421875 -308.191864013671875 -309.723388671875 -311.256622314453125 -313.4267578125 -314.38299560546875 -316.15869140625 -319.2135009765625 -323.19598388671875 -327.827056884765625 -331.368896484375 -331.395904541015625 -330.05511474609375 -326.687530517578125 -323.35675048828125 -320.149932861328125 -321.097808837890625 -327.688751220703125 -338.8096923828125 -351.629913330078125 -368.6053466796875 -385.410614013671875 -398.6519775390625 -409.7779541015625 -420.3004150390625 -429.352569580078125 -438.06890869140625 -446.448486328125 -454.002960205078125 -460.8917236328125 -468.09375 -475.4879150390625 -482.20843505859375 -488.70330810546875 -495.06585693359375 -500.764801025390625 -505.53399658203125 -509.999755859375 -515.579345703125 -520.8756103515625 -526.06927490234375 -531.40899658203125 -536.4608154296875 -538.77691650390625 -541.0086669921875 -1e100 -1e100 -1e100 -1e100 -1e100 -1e100 -1e100 -1e100 -1e100 -1e100 -1e100 -1e100 -1e100 -1e100 -1e100 -1e100 -1e100 -1e100
 -1e100 -1e100 -1e100 -1e100 -1e100 -1e100 -1e100 -1e100 -1e100 -1e100 -1e100 -1e100 -1e100 -1e100 -1e100 -1e100 -1e100 -1e100 -1e100 -1e100 -1e100 -1e100 -1e100 -1e100 -1e100 -1e100 -1e100 -1e100 -1e100 -1e100 -1e100 -1e100 -1e100 -1e100 -1e100 -1e100 -1e100 -1e100 -1e100   -260   -260   -260   -260   -260   -260   -260 -260.30120849609375 -261.160430908203125 -262.585418701171875 -264.582916259765625 -267.159210205078125 -270.018890380859375 -272.910919189453125 -275.833099365234375 -278.7825927734375 -281.752838134765625 -284.73077392578125 -287.693634033203125 -290.60882568359375 -293.437652587890625 -296.144287109375 -298.70294189453125 -301.09393310546875 -303.281951904296875 -305.20587158203125 -305.94073486328125 -306.804046630859375 -306.860626220703125 -307.28070068359375 -307.848358154296875 -309.50262451171875 -311.15826416015625 -313.458221435546875 -314.5137939453125 -316.20196533203125 -318.535888671875 -321.66693115234375 -327.1156005859375 -330.99371337890625 -331.338958740234375 -330.741363525390625 -328.3355712890625 -323.9366455078125 -320.545318603515625 -321.1783447265625 -326.898773193359375 -336.76885986328125 -348.521484375 -364.41290283203125 -380.5426025390625 -394.060577392578125 -405.8499755859375 -417.459259033203125 -427.115814208984375 -436.495147705078125 -445.061767578125 -452.717315673828125 -459.31951904296875 -466.315155029296875 -473.546600341796875 -480.081512451171875 -486.309539794921875 -492.606964111328125 -498.422027587890625 -503.360931396484375 -507.66070556640625 -512.969482421875 -518.20941162109375 -523.257080078125 -528.428955078125 -533.06439208984375 -535.73992919921875 -1e100 -1e100 -1e100 -1e100 -1e100 -1e100 -1e100 -1e100 -1e100 -1e100 -1e100 -1e100 -1e100 -1e100 -1e100 -1e100 -1e100 -1e100 -1e100
 -1e100 -1e100 -1e100 -1e100 -1e100 -1e100 -1e100 -1e100 -1e100 -1e100 -1e100 -1e100 -1e100 -1e100 -1e100 -1e100 -1e100 -1e100 -1e100 -1e100 -1e100 -1e100 -1e100 -1e100 -1e100 -1e100 -1e100 -1e100 -1e100 -1e100 -1e100 -1e100 -1e100 -1e100 -1e100 -1e100 -1e100 -1e100 -1e100   -260   -260   -260   -260   -260   -260   -260 -260.194427490234375 -260.918487548828125 -262.206298828125 -264.064727783203125 -266.500152587890625 -269.32415771484375 -272.2073974609375 -275.121337890625 -278.0628662109375 -281.02520751953125 -283.9954833984375 -286.95233154296875 -289.866729736328125 -292.705535888671875 -295.437225341796875 -298.034210205078125 -300.468292236328125 -302.709442138671875 -304.7364501953125 -305.7205810546875 -306.632568359375 -306.831298828125 -307.35931396484375 -307.7730712890625 -309.455535888671875 -311.346832275390625 -313.645477294921875 -314.9295654296875 -316.49542236328125 -318.099029541015625 -320.412841796875 -325.119293212890625 -328.395599365234375 -329.127410888671875 -329.3603515625 -328.12371826171875 -323.780731201171875 -320.581634521484375 -320.82177734375 -325.441680908203125 -333.869293212890625 -345.404998779296875 -360.6180419921875 -376.0821533203125 -389.664520263671875 -402.641571044921875 -414.960418701171875 -425.22479248046875 -435.44378662109375 -444.518707275390625 -451.557891845703125 -457.866912841796875 -464.6566162109375 -471.5146484375 -477.80303955078125 -483.815887451171875 -490.119171142578125 -496.06085205078125 -501.276214599609375 -505.7410888671875 -510.861083984375 -516.24615478515625 -521.5078125 -526.30926513671875 -530.4664306640625 -533.8839111328125 -1e100 -1e100 -1e100 -1e100 -1e100 -1e100 -1e100 -1e100 -1e100 -1e100 -1e100 -1e100 -1e100 -1e100 -1e100 -1e100 -1e100 -1e100 -1e100
 -1e100 -1e100 -1e100 -1e100 -1e100 -1e100 -1e100 -1e100 -1e100 -1e100 -1e100 -1e100 -1e100 -1e100 -1e100 -1e100 -1e100 -1e100 -1e100 -1e100 -1e100 -1e100 -1e100 -1e100 -1e100 -1e100 -1e100 -1e100 -1e100 -1e100 -1e100 -1e100 -1e100 -1e100 -1e100 -1e100 -1e100 -1e100 -1e100   -260   -260   -260   -260   -260   -260   -260 -260.106964111328125 -260.679046630859375 -261.810577392578125 -263.5086669921875 -265.779571533203125 -268.522369384765625 -271.384735107421875 -274.277557373046875 -277.1971435546875 -280.136505126953125 -283.08282470703125 -286.01617431640625 -288.910736083984375 -291.7379150390625 -294.46893310546875 -297.070404052734375 -299.496124267578125 -301.6942138671875 -303.6602783203125 -304.9415283203125 -305.85113525390625 -306.4998779296875 -307.44219970703125 -308.041656494140625 -309.623321533203125 -311.55413818359375 -313.597076416015625 -314.943328857421875 -316.59515380859375 -317.7921142578125 -319.6485595703125 -323.413330078125 -325.920379638671875 -326.6064453125 -327.442779541015625 -327.088653564453125 -323.07830810546875 -320.169891357421875 -320.2447509765625 -324.0635986328125 -331.489654541015625 -343.149444580078125 -357.5078125 -372.2330322265625 -385.732940673828125 -398.57159423828125 -411.0198974609375 -422.171905517578125 -432.8482666015625 -442.2021484375 -449.6839599609375 -455.954925537109375 -462.578369140625 -469.4541015625 -475.606048583984375 -481.61749267578125 -487.934295654296875 -494.04180908203125 -499.622772216796875 -504.662994384765625 -509.678009033203125 -515.24407958984375 -520.619873046875 -524.89447021484375 -528.05645751953125 -532.09136962890625 -1e100 -1e100 -1e100 -1e100 -1e100 -1e100 -1e100 -1e100 -1e100 -1e100 -1e100 -1e100 -1e100 -1e100 -1e100 -1e100 -1e100 -1e100 -1e100
 -1e100 -1e100 -1e100 -1e100 -1e100 -1e100 -1e100 -1e100 -1e100 -1e100 -1e100 -1e100 -1e100 -1e100 -1e100 -1e100 -1e100 -1e100 -1e100 -1e100 -1e100 -1e100 -1e100 -1e100 -1e100 -1e100 -1e100 -1e100 -1e100 -1e100 -1e100 -1e100 -1e100 -1e100 -1e100 -1e100 -1e100 -1e100 -1e100   -260   -260   -260   -260   -260   -260   -260 -260.0430908203125 -260.449951171875 -261.410430908203125 -262.931610107421875 -265.01983642578125 -267.63800048828125 -270.471099853515625 -273.3341064453125 -276.22283935546875 -279.130096435546875 -282.043487548828125 -284.944732666015625 -287.81085205078125 -290.617156982421875 -293.3363037109375 -295.93011474609375 -298.3394775390625 -300.508575439453125 -302.4744873046875 -304.011627197265625 -305.101959228515625 -306.18585205078125 -307.492462158203125 -308.233001708984375 -309.739013671875 -311.66253662109375 -313.599029541015625 -315.0869140625 -317.0582275390625 -318.1988525390625 -319.5723876953125 -322.3427734375 -323.990570068359375 -324.311553955078125 -325.242401123046875 -325.948883056640625 -322.712371826171875 -319.879791259765625 -319.978424072265625 -323.35394287109375 -329.3377685546875 -340.43280029296875 -354.312591552734375 -368.5733642578125 -382.07391357421875 -395.101409912109375 -407.519134521484375 -419.338958740234375 -430.10894775390625 -439.189605712890625 -446.894012451171875 -453.454010009765625 -460.096710205078125 -466.963470458984375 -473.323089599609375 -479.420501708984375 -485.758636474609375 -491.93865966796875 -498.00531005859375 -503.63848876953125 -508.77899169921875 -514.45257568359375 -519.86505126953125 -523.40338134765625 -526.2003173828125 -1e100 -1e100 -1e100 -1e100 -1e100 -1e100 -1e100 -1e100 -1e100 -1e100 -1e100 -1e100 -1e100 -1e100 -1e100 -1e100 -1e100 -1e100 -1e100 -1e100
 -1e100 -1e100 -1e100 -1e100 -1e100 -1e100 -1e100 -1e100 -1e100 -1e100 -1e100 -1e100 -1e100 -1e100 -1e100 -1e100 -1e100 -1e100 -1e100 -1e100 -1e100 -1e100 -1e100 -1e100 -1e100 -1e100 -1e100 -1e100 -1e100 -1e100 -1e100 -1e100 -1e100 -1e100 -1e100 -1e100 -1e100 -1e100 -1e100   -260   -260   -260   -260   -260   -260   -260 -260.006439208984375 -260.2650146484375 -261.043731689453125 -262.37628173828125 -264.2691650390625 -266.721954345703125 -269.494415283203125 -272.323272705078125 -275.17742919921875 -278.049713134765625 -280.9285888671875 -283.797882080078125 -286.637603759765625 -289.426361083984375 -292.138916015625 -294.736236572265625 -297.15191650390625 -299.317840576171875 -301.295379638671875 -303.04864501953125 -304.348175048828125 -305.733489990234375 -307.036041259765625 -307.724273681640625 -309.24542236328125 -311.273345947265625 -313.221832275390625 -315.096771240234375 -317.375152587890625 -318.4451904296875 -319.273284912109375 -321.301788330078125 -322.242767333984375 -322.8397216796875 -323.896728515625 -325.7919921875 -323.44403076171875 -320.922607421875 -320.518798828125 -323.338836669921875 -327.91937255859375 -338.198760986328125 -351.767059326171875 -365.95257568359375 -379.635467529296875 -392.992462158203125 -405.426727294921875 -417.2479248046875 -427.79840087890625 -436.482330322265625 -443.721405029296875 -450.453155517578125 -457.23211669921875 -463.96063232421875 -470.4822998046875 -476.9312744140625 -483.186676025390625 -489.523681640625 -496.149322509765625 -502.4534912109375 -507.79718017578125 -513.54705810546875 -518.6552734375 -521.49493408203125 -523.84002685546875 -1e100 -1e100 -1e100 -1e100 -1e100 -1e100 -1e100 -1e100 -1e100 -1e100 -1e100 -1e100 -1e100 -1e100 -1e100 -1e100 -1e100 -1e100 -1e100 -1e100
 -1e100 -1e100 -1e100 -1e100 -1e100 -1e100 -1e100 -1e100 -1e100 -1e100 -1e100 -1e100 -1e100 -1e100 -1e100 -1e100 -1e100 -1e100 -1e100 -1e100 -1e100 -1e100 -1e100 -1e100 -1e100 -1e100 -1e100 -1e100 -1e100 -1e100 -1e100 -1e100 -1e100 -1e100 -1e100 -1e100 -1e100 -1e100 -1e100   -260   -260   -260   -260   -260   -260   -260   -260 -260.141571044921875 -260.731475830078125 -261.867828369140625 -263.557403564453125 -265.806365966796875 -268.478851318359375 -271.27276611328125 -274.0928955078125 -276.932464599609375 -279.78131103515625 -282.625579833984375 -285.44854736328125 -288.232177734375 -290.955657958984375 -293.58721923828125 -296.070556640625 -298.3507080078125 -300.416290283203125 -302.233917236328125 -303.638580322265625 -305.32733154296875 -306.66058349609375 -307.48870849609375 -309.26953125 -311.452301025390625 -313.242431640625 -315.259002685546875 -317.583892822265625 -318.802337646484375 -319.46002197265625 -320.856536865234375 -321.703155517578125 -322.733917236328125 -323.599456787109375 -325.935943603515625 -324.389129638671875 -322.060821533203125 -321.078948974609375 -323.286865234375 -326.8275146484375 -336.24761962890625 -348.8953857421875 -362.905670166015625 -376.87091064453125 -390.465911865234375 -402.9234619140625 -415.3487548828125 -425.6104736328125 -433.954254150390625 -440.965972900390625 -447.9619140625 -454.314727783203125 -460.8511962890625 -467.294952392578125 -473.725677490234375 -479.288543701171875 -485.92169189453125 -493.203582763671875 -500.221649169921875 -505.946990966796875 -512.29461669921875 -517.0299072265625 -518.8466796875 -520.491943359375 -1e100 -1e100 -1e100 -1e100 -1e100 -1e100 -1e100 -1e100 -1e100 -1e100 -1e100 -1e100 -1e100 -1e100 -1e100 -1e100 -1e100 -1e100 -1e100 -1e100
 -1e100 -1e100 -1e100 -1e100 -1e100 -1e100 -1e100 -1e100 -1e100 -1e100 -1e100 -1e100 -1e100 -1e100 -1e100 -1e100 -1e100 -1e100 -1e100 -1e100 -1e100 -1e100 -1e100 -1e100 -1e100 -1e100 -1e100 -1e100 -1e100 -1e100 -1e100 -1e100 -1e100 -1e100 -1e100 -1e100 -1e100 -1e100 -1e100   -260   -260   -260   -260   -260   -260   -260   -260 -260.058349609375 -260.45538330078125 -261.391204833984375 -262.873077392578125 -264.907623291015625 -267.442626953125 -270.2030029296875 -272.992218017578125 -275.80426025390625 -278.6307373046875 -281.46038818359375 -284.279571533203125 -287.073394775390625 -289.8255615234375 -292.51220703125 -295.091400146484375 -297.504486083984375 -299.690032958984375 -301.55303955078125 -303.092803955078125 -305.12890625 -306.66937255859375 -307.582916259765625 -309.6483154296875 -312.116607666015625 -313.71240234375 -315.6356201171875 -318.04345703125 -319.215301513671875 -319.736175537109375 -320.426025390625 -321.16290283203125 -322.537353515625 -323.549224853515625 -325.492340087890625 -325.219482421875 -323.380096435546875 -321.8685302734375 -323.264495849609375 -326.39874267578125 -334.390167236328125 -345.8231201171875 -359.556549072265625 -373.827056884765625 -386.820037841796875 -399.326995849609375 -412.1549072265625 -422.161865234375 -430.185089111328125 -437.86285400390625 -445.202239990234375 -451.459808349609375 -457.935455322265625 -464.273529052734375 -470.466644287109375 -475.13690185546875 -482.05548095703125 -489.959075927734375 -497.56280517578125 -503.56707763671875 -510.43634033203125 -514.59149169921875 -516.38250732421875 -1e100 -1e100 -1e100 -1e100 -1e100 -1e100 -1e100 -1e100 -1e100 -1e100 -1e100 -1e100 -1e100 -1e100 -1e100 -1e100 -1e100 -1e100 -1e100 -1e100 -1e100
 -1e100 -1e100 -1e100 -1e100 -1e100 -1e100 -1e100 -1e100 -1e100 -1e100 -1e100 -1e100 -1e100 -1e100 -1e100 -1e100 -1e100 -1e100 -1e100 -1e100 -1e100 -1e100 -1e100 -1e100 -1e100 -1e100 -1e100 -1e100 -1e100 -1e100 -1e100 -1e100 -1e100 -1e100 -1e100 -1e100 -1e100 -1e100 -1e100   -260   -260   -260   -260   -260   -260   -260   -260 -260.01080322265625 -260.2508544921875 -260.98406982421875 -262.2562255859375 -264.07464599609375 -266.435516357421875 -269.126495361328125 -271.88848876953125 -274.678924560546875 -277.491363525390625 -280.31707763671875 -283.145538330078125 -285.964813232421875 -288.762237548828125 -291.520660400390625 -294.208038330078125 -296.772186279296875 -299.13885498046875 -301.224853515625 -303.12481689453125 -305.337005615234375 -307.04559326171875 -308.156951904296875 -310.301025390625 -312.702880859375 -314.3699951171875 -316.22955322265625 -318.42156982421875 -319.6702880859375 -320.219879150390625 -320.38470458984375 -320.92474365234375 -322.635162353515625 -323.886871337890625 -325.579132080078125 -326.41033935546875 -325.185302734375 -323.283599853515625 -323.499664306640625 -325.95758056640625 -332.262451171875 -342.7392578125 -355.846832275390625 -370.167816162109375 -383.570068359375 -396.3206787109375 -408.923370361328125 -419.1160888671875 -427.117034912109375 -434.5625 -442.124725341796875 -448.6463623046875 -454.9798583984375 -461.2462158203125 -467.161376953125 -471.2225341796875 -478.43231201171875 -486.79864501953125 -494.86993408203125 -500.892669677734375 -507.91046142578125 -511.26971435546875 -513.2054443359375 -1e100 -1e100 -1e100 -1e100 -1e100 -1e100 -1e100 -1e100 -1e100 -1e100 -1e100 -1e100 -1e100 -1e100 -1e100 -1e100 -1e100 -1e100 -1e100 -1e100 -1e100
 -1e100 -1e100 -1e100 -1e100 -1e100 -1e100 -1e100 -1e100 -1e100 -1e100 -1e100 -1e100 -1e100 -1e100 -1e100 -1e100 -1e100 -1e100 -1e100 -1e100 -1e100 -1e100 -1e100 -1e100 -1e100 -1e100 -1e100 -1e100 -1e100 -1e100 -1e100 -1e100 -1e100 -1e100 -1e100 -1e100 -1e100 -1e100 -1e100   -260   -260   -260   -260   -260   -260   -260   -260   -260 -260.12139892578125 -260.651397705078125 -261.71319580078125 -263.315032958984375 -265.464996337890625 -268.04913330078125 -270.78680419921875 -273.56036376953125 -276.365386962890625 -279.19598388671875 -282.044525146484375 -284.90203857421875 -287.758819580078125 -290.60223388671875 -293.407745361328125 -296.130401611328125 -298.697723388671875 -301.036376953125 -303.221832275390625 -305.5732421875 -307.48712158203125 -308.9364013671875 -311.3446044921875 -313.525970458984375 -315.08734130859375 -317.144378662109375 -319.081085205078125 -320.127044677734375 -320.865447998046875 -321.10479736328125 -321.19537353515625 -322.898468017578125 -324.34991455078125 -325.608917236328125 -326.726593017578125 -326.62762451171875 -324.59991455078125 -323.64117431640625 -325.611358642578125 -330.629608154296875 -339.657806396484375 -351.9500732421875 -366.156768798828125 -379.945068359375 -393.339935302734375 -405.725677490234375 -416.32745361328125 -425.001708984375 -432.37445068359375 -439.556610107421875 -446.105865478515625 -452.374114990234375 -458.25390625 -463.966766357421875 -468.258514404296875 -475.762664794921875 -483.973602294921875 -492.165313720703125 -498.136444091796875 -504.854400634765625 -507.600799560546875 -510.430511474609375 -513.70556640625 -520.87445068359375 -528.6573486328125 -534.5736083984375 -540.41009521484375 -546.85546875 -552.98724365234375 -559.2406005859375 -565.84149169921875 -570.80426025390625 -573.4161376953125 -1e100 -1e100 -1e100 -1e100 -1e100 -1e100 -1e100 -1e100 -1e100 -1e100
 -1e100 -1e100 -1e100 -1e100 -1e100 -1e100 -1e100 -1e100 -1e100 -1e100 -1e100 -1e100 -1e100 -1e100 -1e100 -1e100 -1e100 -1e100 -1e100 -1e100 -1e100 -1e100 -1e100 -1e100 -1e100 -1e100 -1e100 -1e100 -1e100 -1e100 -1e100 -1e100 -1e100 -1e100 -1e100 -1e100 -1e100 -1e100 -1e100   -260   -260   -260   -260   -260   -260   -260   -260   -260 -260.041717529296875 -260.384307861328125 -261.2357177734375 -262.62091064453125 -264.54925537109375 -266.98809814453125 -269.686920166015625 -272.4459228515625 -275.247344970703125 -278.087982177734375 -280.963348388671875 -283.8673095703125 -286.792877197265625 -289.730224609375 -292.660400390625 -295.546783447265625 -298.327056884765625 -300.9388427734375 -303.441864013671875 -306.058502197265625 -308.33563232421875 -310.27044677734375 -312.883758544921875 -314.9073486328125 -316.263092041015625 -318.412017822265625 -320.188262939453125 -321.18695068359375 -322.058135986328125 -322.338470458984375 -321.84552001953125 -322.83184814453125 -324.00469970703125 -324.5748291015625 -325.629058837890625 -326.29901123046875 -325.032958984375 -323.4564208984375 -324.945892333984375 -329.116302490234375 -336.756561279296875 -347.780120849609375 -361.6260986328125 -375.813446044921875 -389.83758544921875 -402.4569091796875 -413.539642333984375 -423.0557861328125 -430.93377685546875 -437.845794677734375 -444.3292236328125 -450.798980712890625 -456.472808837890625 -461.615509033203125 -465.7945556640625 -473.2099609375 -480.4154052734375 -487.820220947265625 -493.54412841796875 -500.2230224609375 -503.721710205078125 -508.07501220703125 -512.92938232421875 -520.8939208984375 -528.73114013671875 -535.0711669921875 -541.2183837890625 -547.861083984375 -553.93084716796875 -559.66949462890625 -565.72357177734375 -570.906494140625 -573.2015380859375 -1e100 -1e100 -1e100 -1e100 -1e100 -1e100 -1e100 -1e100 -1e100 -1e100
 -1e100 -1e100 -1e100 -1e100 -1e100 -1e100 -1e100 -1e100 -1e100 -1e100 -1e100 -1e100 -1e100 -1e100 -1e100 -1e100 -1e100 -1e100 -1e100 -1e100 -1e100 -1e100 -1e100 -1e100 -1e100 -1e100 -1e100 -1e100 -1e100 -1e100 -1e100 -1e100 -1e100 -1e100 -1e100 -1e100 -1e100 -1e100 -1e100   -260   -260   -260   -260   -260   -260   -260   -260   -260 -260.001251220703125 -260.1971435546875 -260.838409423828125 -262.006805419921875 -263.7130126953125 -265.96673583984375 -268.585479736328125 -271.3294677734375 -274.127532958984375 -276.979095458984375 -279.882476806640625 -282.834503173828125 -285.830352783203125 -288.8621826171875 -291.91473388671875 -294.9595947265625 -297.95068359375 -300.851165771484375 -303.714111328125 -306.598480224609375 -309.217987060546875 -311.700897216796875 -314.446075439453125 -316.36163330078125 -317.681671142578125 -319.84515380859375 -321.33013916015625 -322.2232666015625 -323.237884521484375 -323.60137939453125 -322.5872802734375 -322.72296142578125 -323.684661865234375 -323.95477294921875 -325.250946044921875 -326.34576416015625 -326.012603759765625 -324.200714111328125 -324.704925537109375 -327.564483642578125 -334.2215576171875 -343.9757080078125 -356.87738037109375 -371.282379150390625 -386.1263427734375 -398.683074951171875 -410.416015625 -420.935546875 -429.563751220703125 -436.218170166015625 -443.2869873046875 -449.874298095703125 -455.512542724609375 -460.399444580078125 -464.951171875 -471.913543701171875 -478.1192626953125 -484.70086669921875 -490.144500732421875 -496.3402099609375 -500.945556640625 -506.929931640625 -513.307861328125 -521.71575927734375 -529.4017333984375 -536.0667724609375 -542.2955322265625 -548.686279296875 -554.452880859375 -559.69610595703125 -565.1500244140625 -570.23529052734375 -572.41259765625 -575.06365966796875 -1e100 -1e100 -1e100 -1e100 -1e100 -1e100 -1e100 -1e100 -1e100
 -1e100 -1e100 -1e100 -1e100 -1e100 -1e100 -1e100 -1e100 -1e100 -1e100 -1e100 -1e100 -1e100 -1e100 -1e100 -1e100 -1e100 -1e100 -1e100 -1e100 -1e100 -1e100 -1e100 -1e100 -1e100 -1e100 -1e100 -1e100 -1e100 -1e100 -1e100 -1e100 -1e100 -1e100 -1e100 -1e100 -1e100 -1e100 -1e100   -260   -260   -260   -260   -260   -260   -260   -260   -260   -260 -260.0899658203125 -260.5213623046875 -261.47247314453125 -262.9554443359375 -264.982940673828125 -267.478271484375 -270.203643798828125 -272.994720458984375 -275.853179931640625 -278.779815673828125 -281.773651123046875 -284.8311767578125 -287.94512939453125 -291.101593017578125 -294.276123046875 -297.4312744140625 -300.537567138671875 -303.603790283203125 -306.58856201171875 -309.37591552734375 -312.288604736328125 -315.108612060546875 -316.9346923828125 -318.413330078125 -320.70599365234375 -322.0032958984375 -322.98260498046875 -324.1724853515625 -324.70166015625 -323.53009033203125 -323.09637451171875 -323.532257080078125 -323.888427734375 -325.06317138671875 -326.134185791015625 -326.4715576171875 -324.965087890625 -324.430084228515625 -326.160614013671875 -331.946258544921875 -340.57769775390625 -352.779327392578125 -367.498504638671875 -383.204010009765625 -396.0948486328125 -408.32867431640625 -419.283233642578125 -428.31378173828125 -434.762603759765625 -441.898345947265625 -448.64703369140625 -454.373748779296875 -459.390777587890625 -464.43096923828125 -471.022308349609375 -476.396392822265625 -482.321258544921875 -487.496124267578125 -493.4310302734375 -498.76446533203125 -505.733673095703125 -513.22479248046875 -522.3013916015625 -530.457763671875 -537.441162109375 -543.605224609375 -549.52532958984375 -554.57940673828125 -558.9117431640625 -563.49493408203125 -568.7493896484375 -571.80810546875 -574.357666015625 -1e100 -1e100 -1e100 -1e100 -1e100 -1e100 -1e100 -1e100 -1e100
 -1e100 -1e100 -1e100 -1e100 -1e100 -1e100 -1e100 -1e100 -1e100 -1e100 -1e100 -1e100 -1e100 -1e100 -1e100 -1e100 -1e100 -1e100 -1e100 -1e100 -1e100 -1e100 -1e100 -1e100 -1e100 -1e100 -1e100 -1e100 -1e100 -1e100 -1e100 -1e100 -1e100 -1e100 -1e100 -1e100 -1e100 -1e100 -1e100   -260   -260   -260   -260   -260   -260   -260   -260   -260   -260 -260.02471923828125 -260.285888671875 -261.01910400390625 -262.277008056640625 -264.0740966796875 -266.40087890625 -269.06195068359375 -271.838623046875 -274.6953125 -277.6343994140625 -280.656005859375 -283.756927490234375 -286.928924560546875 -290.1571044921875 -293.41778564453125 -296.677398681640625 -299.9053955078125 -303.07440185546875 -306.10626220703125 -308.962005615234375 -311.994354248046875 -314.909210205078125 -316.824310302734375 -318.4384765625 -320.8416748046875 -322.2060546875 -323.07879638671875 -324.29296875 -325.0880126953125 -324.212158203125 -323.658355712890625 -323.7218017578125 -324.312591552734375 -325.3035888671875 -326.24853515625 -326.791961669921875 -325.967987060546875 -324.715545654296875 -325.563446044921875 -330.22247314453125 -337.955078125 -349.326446533203125 -364.042022705078125 -380.1275634765625 -393.720794677734375 -405.8668212890625 -417.1646728515625 -426.494842529296875 -433.011810302734375 -440.04852294921875 -447.6031494140625 -453.63787841796875 -458.73382568359375 -463.96563720703125 -470.102935791015625 -474.7154541015625 -479.88751220703125 -485.2664794921875 -491.627349853515625 -498.01910400390625 -506.111907958984375 -514.734375 -524.22052001953125 -532.56195068359375 -539.5657958984375 -545.4556884765625 -550.71478271484375 -554.97125244140625 -558.49664306640625 -562.15179443359375 -567.4317626953125 -571.40179443359375 -573.8997802734375 -1e100 -1e100 -1e100 -1e100 -1e100 -1e100 -1e100 -1e100 -1e100
 -1e100 -1e100 -1e100 -1e100 -1e100 -1e100 -1e100 -1e100 -1e100 -1e100 -1e100 -1e100 -1e100 -1e100 -1e100 -1e100 -1e100 -1e100 -1e100 -1e100 -1e100 -1e100 -1e100 -1e100 -1e100 -1e100 -1e100 -1e100 -1e100 -1e100 -1e100 -1e100 -1e100 -1e100 -1e100 -1e100 -1e100 -1e100 -1e100   -260   -260   -260   -260   -260   -260   -260   -260   -260   -260   -260 -260.1329345703125 -260.647705078125 -261.678680419921875 -263.24163818359375 -265.353851318359375 -267.90069580078125 -270.65252685546875 -273.494659423828125 -276.4302978515625 -279.459686279296875 -282.5784912109375 -285.776275634765625 -289.035675048828125 -292.3319091796875 -295.633148193359375 -298.908599853515625 -302.118804931640625 -305.193817138671875 -308.1217041015625 -311.107666015625 -313.952789306640625 -316.106903076171875 -317.893218994140625 -320.040618896484375 -321.495269775390625 -322.461883544921875 -323.571502685546875 -324.4830322265625 -324.255218505859375 -323.9425048828125 -323.907745361328125 -324.66693115234375 -325.611175537109375 -326.200225830078125 -326.914642333984375 -326.688232421875 -325.139068603515625 -325.308319091796875 -329.0428466796875 -335.714691162109375 -346.144561767578125 -360.61578369140625 -376.94256591796875 -391.378021240234375 -403.36651611328125 -414.798858642578125 -424.298248291015625 -431.252227783203125 -438.443206787109375 -446.62835693359375 -453.074798583984375 -458.2716064453125 -462.800506591796875 -468.338043212890625 -472.8756103515625 -477.507537841796875 -483.201202392578125 -490.587158203125 -498.0206298828125 -506.84588623046875 -516.303955078125 -526.03070068359375 -534.37982177734375 -541.208740234375 -546.81842041015625 -551.530029296875 -554.87713623046875 -557.583251953125 -560.39337158203125 -564.72686767578125 -569.5859375 -572.13275146484375 -576.28076171875 -1e100 -1e100 -1e100 -1e100 -1e100 -1e100 -1e100 -1e100
 -1e100 -1e100 -1e100 -1e100 -1e100 -1e100 -1e100 -1e100 -1e100 -1e100 -1e100 -1e100 -1e100 -1e100 -1e100 -1e100 -1e100 -1e100 -1e100 -1e100 -1e100 -1e100 -1e100 -1e100 -1e100 -1e100 -1e100 -1e100 -1e100 -1e100 -1e100 -1e100 -1e100 -1e100 -1e100 -1e100 -1e100 -1e100 -1e100   -260   -260   -260   -260   -260   -260   -260   -260   -260   -260   -260 -260.0467529296875 -260.37109375 -261.17352294921875 -262.49896240234375 -264.366058349609375 -266.7479248046875 -269.4346923828125 -272.246978759765625 -275.160186767578125 -278.173675537109375 -281.280914306640625 -284.468505859375 -287.7156982421875 -290.99542236328125 -294.276275634765625 -297.528533935546875 -300.71563720703125 -303.7840576171875 -306.7286376953125 -309.61383056640625 -312.32611083984375 -314.612823486328125 -316.564788818359375 -318.431182861328125 -319.864715576171875 -320.9415283203125 -321.979705810546875 -322.8883056640625 -323.442535400390625 -323.77178955078125 -324.030242919921875 -324.954315185546875 -326.19830322265625 -326.592987060546875 -326.96661376953125 -327.119232177734375 -325.683319091796875 -325.006927490234375 -327.50506591796875 -333.344207763671875 -342.781524658203125 -356.7344970703125 -373.246185302734375 -388.92340087890625 -401.549835205078125 -413.245391845703125 -422.9674072265625 -430.31610107421875 -437.402374267578125 -445.195709228515625 -451.679534912109375 -457.124755859375 -461.429718017578125 -466.584808349609375 -471.818756103515625 -476.839385986328125 -483.034454345703125 -491.134765625 -499.173858642578125 -508.056640625 -517.469970703125 -526.73931884765625 -534.6304931640625 -541.24407958984375 -546.51220703125 -550.64727783203125 -553.31787109375 -555.7269287109375 -558.0316162109375 -561.9527587890625 -568.01544189453125 -572.2811279296875 -576.50103759765625 -1e100 -1e100 -1e100 -1e100 -1e100 -1e100 -1e100 -1e100
 -1e100 -1e100 -1e100 -1e100 -1e100 -1e100 -1e100 -1e100 -1e100 -1e100 -1e100 -1e100 -1e100 -1e100 -1e100 -1e100 -1e100 -1e100 -1e100 -1e100 -1e100 -1e100 -1e100 -1e100 -1e100 -1e100 -1e100 -1e100 -1e100 -1e100 -1e100 -1e100 -1e100 -1e100 -1e100 -1e100 -1e100 -1e100 -1e100   -260   -260   -260   -260   -260   -260   -260   -260   -260   -260   -260 -260.00244140625 -260.17999267578125 -260.753265380859375 -261.83868408203125 -263.455657958984375 -265.6226806640625 -268.1888427734375 -270.95538330078125 -273.826263427734375 -276.799346923828125 -279.865631103515625 -283.00848388671875 -286.20367431640625 -289.42156982421875 -292.63018798828125 -295.80059814453125 -298.90203857421875 -301.89862060546875 -304.77459716796875 -307.546966552734375 -310.15911865234375 -312.485748291015625 -314.503662109375 -316.2962646484375 -317.758514404296875 -318.915283203125 -319.90380859375 -320.835205078125 -322.277862548828125 -323.38299560546875 -323.91522216796875 -324.777191162109375 -326.0677490234375 -326.0196533203125 -325.95538330078125 -326.5225830078125 -326.005889892578125 -325.216094970703125 -326.680511474609375 -331.5848388671875 -340.132568359375 -353.1435546875 -369.132110595703125 -385.86492919921875 -399.432159423828125 -411.6427001953125 -421.7606201171875 -429.8555908203125 -436.7242431640625 -444.16815185546875 -450.595855712890625 -456.128631591796875 -460.2247314453125 -465.098602294921875 -470.672454833984375 -475.982818603515625 -482.416900634765625 -491.148468017578125 -499.8604736328125 -508.69464111328125 -517.70556640625 -526.45721435546875 -533.70654296875 -539.7362060546875 -544.740234375 -548.587890625 -550.9378662109375 -553.35064697265625 -555.595947265625 -559.46783447265625 -566.8106689453125 -572.723876953125 -577.12054443359375 -1e100 -1e100 -1e100 -1e100 -1e100 -1e100 -1e100 -1e100
 -1e100 -1e100 -1e100 -1e100 -1e100 -1e100 -1e100 -1e100 -1e100 -1e100 -1e100 -1e100 -1e100 -1e100 -1e100 -1e100 -1e100 -1e100 -1e100 -1e100 -1e100 -1e100 -1e100 -1e100 -1e100 -1e100 -1e100 -1e100 -1e100 -1e100 -1e100 -1e100 -1e100 -1e100 -1e100 -1e100 -1e100 -1e100 -1e100   -260   -260   -260   -260   -260   -260   -260   -260   -260   -260   -260   -260 -260.074493408203125 -260.441162109375 -261.28564453125 -262.64935302734375 -264.55352783203125 -266.94561767578125 -269.629486083984375 -272.439178466796875 -275.349212646484375 -278.348236083984375 -281.417083740234375 -284.529205322265625 -287.6531982421875 -290.756439208984375 -293.810882568359375 -296.790924072265625 -299.6712646484375 -302.439849853515625 -305.10125732421875 -307.628448486328125 -309.954925537109375 -312.0479736328125 -313.922576904296875 -315.5438232421875 -316.9124755859375 -318.098175048828125 -319.313262939453125 -321.29962158203125 -322.899322509765625 -323.8094482421875 -324.635162353515625 -325.892547607421875 -326.057037353515625 -325.955047607421875 -326.640533447265625 -326.7857666015625 -325.968994140625 -326.29290771484375 -329.720123291015625 -337.012725830078125 -348.787506103515625 -364.010986328125 -381.425689697265625 -396.480316162109375 -409.8289794921875 -420.779388427734375 -429.753753662109375 -436.64886474609375 -443.627685546875 -449.734100341796875 -454.9771728515625 -458.9537353515625 -463.528076171875 -469.19744873046875 -474.629608154296875 -481.434844970703125 -490.4815673828125 -499.6722412109375 -508.59918212890625 -517.2926025390625 -525.3543701171875 -531.7894287109375 -537.17413330078125 -541.96087646484375 -545.74365234375 -548.20013427734375 -550.92144775390625 -553.46868896484375 -557.6922607421875 -565.3287353515625 -572.82183837890625 -577.537353515625 -584.46905517578125 -1e100 -1e100 -1e100 -1e100 -1e100 -1e100 -1e100
 -1e100 -1e100 -1e100 -1e100 -1e100 -1e100 -1e100 -1e100 -1e100 -1e100 -1e100 -1e100 -1e100 -1e100 -1e100 -1e100 -1e100 -1e100 -1e100 -1e100 -1e100 -1e100 -1e100 -1e100 -1e100 -1e100 -1e100 -1e100 -1e100 -1e100 -1e100 -1e100 -1e100 -1e100 -1e100 -1e100 -1e100 -1e100 -1e100 -1e100   -260   -260   -260   -260   -260   -260   -260   -260   -260   -260   -260 -260.015350341796875 -260.2213134765625 -260.8260498046875 -261.93572998046875 -263.57122802734375 -265.738555908203125 -268.283233642578125 -271.015472412109375 -273.843353271484375 -276.754058837890625 -279.727142333984375 -282.735382080078125 -285.747314453125 -288.731201171875 -291.660247802734375 -294.51336669921875 -297.27374267578125 -299.9349365234375 -302.503021240234375 -304.972900390625 -307.316162109375 -309.514495849609375 -311.567352294921875 -313.452392578125 -315.139404296875 -316.622344970703125 -318.069091796875 -320.050537109375 -321.707275390625 -322.82745361328125 -323.618133544921875 -324.839385986328125 -325.636871337890625 -325.9913330078125 -326.77337646484375 -327.295013427734375 -326.40887451171875 -325.790496826171875 -327.66619873046875 -333.949310302734375 -345.231292724609375 -360.556640625 -378.81329345703125 -396.037933349609375 -410.4906005859375 -421.839935302734375 -431.295867919921875 -438.010009765625 -443.5406494140625 -448.970184326171875 -453.88836669921875 -457.454071044921875 -461.493408203125 -467.195892333984375 -472.68609619140625 -479.72149658203125 -488.78851318359375 -498.259735107421875 -507.2470703125 -515.6195068359375 -522.663330078125 -528.42596435546875 -533.37481689453125 -538.09967041015625 -541.98626708984375 -544.9417724609375 -548.00482177734375 -551.0205078125 -555.8135986328125 -563.7593994140625 -572.55792236328125 -578.49090576171875 -585.2054443359375 -1e100 -1e100 -1e100 -1e100 -1e100 -1e100 -1e100
 -1e100 -1e100 -1e100 -1e100 -1e100 -1e100 -1e100 -1e100 -1e100 -1e100 -1e100 -1e100 -1e100 -1e100 -1e100 -1e100 -1e100 -1e100 -1e100 -1e100 -1e100 -1e100 -1e100 -1e100 -1e100 -1e100 -1e100 -1e100 -1e100 -1e100 -1e100 -1e100 -1e100 -1e100 -1e100 -1e100 -1e100 -1e100 -1e100 -1e100 -1e100   -260   -260   -260   -260   -260   -260   -260   -260   -260   -260   -260 -260.0914306640625 -260.478851318359375 -261.336212158203125 -262.702606201171875 -264.598358154296875 -266.95147705078125 -269.574249267578125 -272.305389404296875 -275.1126708984375 -277.975830078125 -280.868682861328125 -283.761932373046875 -286.6263427734375 -289.43743896484375 -292.178192138671875 -294.8382568359375 -297.417083740234375 -299.92498779296875 -302.37249755859375 -304.758880615234375 -307.085052490234375 -309.35418701171875 -311.545928955078125 -313.60107421875 -315.438262939453125 -317.0921630859375 -319.068267822265625 -320.688201904296875 -321.813140869140625 -322.541015625 -323.81463623046875 -325.00335693359375 -325.6248779296875 -326.4705810546875 -327.103851318359375 -326.090301513671875 -324.84490966796875 -325.828369140625 -331.609405517578125 -342.92706298828125 -358.099761962890625 -377.0010986328125 -396.055755615234375 -411.44097900390625 -422.973602294921875 -433.021759033203125 -439.650115966796875 -444.2305908203125 -449.112213134765625 -453.8028564453125 -457.251708984375 -461.017730712890625 -466.4168701171875 -471.705047607421875 -478.22918701171875 -486.8641357421875 -496.18389892578125 -505.02301025390625 -513.33135986328125 -520.0908203125 -525.52069091796875 -530.135986328125 -534.7332763671875 -538.53045654296875 -542.031494140625 -545.447509765625 -549.0205078125 -554.16839599609375 -562.03399658203125 -571.52032470703125 -577.86920166015625 -583.897705078125 -1e100 -1e100 -1e100 -1e100 -1e100 -1e100 -1e100
 -1e100 -1e100 -1e100 -1e100 -1e100 -1e100 -1e100 -1e100 -1e100 -1e100 -1e100 -1e100 -1e100 -1e100 -1e100 -1e100 -1e100 -1e100 -1e100 -1e100 -1e100 -1e100 -1e100 -1e100 -1e100 -1e100 -1e100 -1e100 -1e100 -1e100 -1e100 -1e100 -1e100 -1e100 -1e100 -1e100 -1e100 -1e100 -1e100 -1e100 -1e100   -260   -260   -260   -260   -260   -260   -260   -260   -260   -260   -260 -260.02294921875 -260.241729736328125 -260.851043701171875 -261.95086669921875 -263.560211181640625 -265.673919677734375 -268.134521484375 -270.758758544921875 -273.452911376953125 -276.198272705078125 -278.971435546875 -281.74639892578125 -284.4979248046875 -287.20513916015625 -289.85455322265625 -292.440673828125 -294.96746826171875 -297.448974609375 -299.9051513671875 -302.353057861328125 -304.809814453125 -307.288604736328125 -309.776519775390625 -312.208526611328125 -314.46551513671875 -316.47235107421875 -318.389373779296875 -319.841156005859375 -320.875396728515625 -321.41619873046875 -322.455902099609375 -323.7431640625 -324.561187744140625 -325.28668212890625 -325.896148681640625 -324.989715576171875 -323.652435302734375 -324.07220458984375 -329.513763427734375 -340.682098388671875 -355.892425537109375 -374.8128662109375 -394.6859130859375 -410.871917724609375 -422.886566162109375 -433.143798828125 -440.2593994140625 -445.2459716796875 -450.283172607421875 -455.05291748046875 -458.803009033203125 -462.764923095703125 -467.9498291015625 -472.9229736328125 -479.122802734375 -487.3177490234375 -496.2158203125 -504.65509033203125 -512.864990234375 -519.53607177734375 -524.8072509765625 -529.154541015625 -533.41229248046875 -536.96728515625 -540.54144287109375 -543.95196533203125 -547.712158203125 -552.9827880859375 -560.39111328125 -568.96533203125 -575.24420166015625 -580.40863037109375 -585.07293701171875 -1e100 -1e100 -1e100 -1e100 -1e100 -1e100
 -1e100 -1e100 -1e100 -1e100 -1e100 -1e100 -1e100 -1e100 -1e100 -1e100 -1e100 -1e100 -1e100 -1e100 -1e100 -1e100 -1e100 -1e100 -1e100 -1e100 -1e100 -1e100 -1e100 -1e100 -1e100 -1e100 -1e100 -1e100 -1e100 -1e100 -1e100 -1e100 -1e100 -1e100 -1e100 -1e100 -1e100 -1e100 -1e100 -1e100 -1e100   -260   -260   -260   -260   -260   -260   -260   -260   -260   -260   -260   -260 -260.098541259765625 -260.486297607421875 -261.324798583984375 -262.651458740234375 -264.482513427734375 -266.733489990234375 -269.224395751953125 -271.79998779296875 -274.4241943359375 -277.07733154296875 -279.73773193359375 -282.384735107421875 -285.00152587890625 -287.578033447265625 -290.112030029296875 -292.61004638671875 -295.088226318359375 -297.57000732421875 -300.0810546875 -302.647125244140625 -305.287811279296875 -307.997161865234375 -310.71630859375 -313.3216552734375 -315.6566162109375 -317.385162353515625 -318.6331787109375 -319.559967041015625 -320.04681396484375 -320.6925048828125 -322.213043212890625 -323.14031982421875 -323.571746826171875 -323.774932861328125 -322.924224853515625 -321.5135498046875 -321.743499755859375 -327.128997802734375 -338.286163330078125 -353.508636474609375 -372.0015869140625 -392.067657470703125 -408.7100830078125 -421.253509521484375 -432.0877685546875 -440.439208984375 -446.47283935546875 -452.136016845703125 -457.394256591796875 -461.6763916015625 -465.9688720703125 -471.085205078125 -475.413604736328125 -480.83575439453125 -488.323272705078125 -496.354461669921875 -504.247314453125 -512.79986572265625 -519.94195556640625 -525.4068603515625 -529.96490478515625 -533.8682861328125 -536.96002197265625 -540.12603759765625 -543.06817626953125 -546.49945068359375 -551.532470703125 -558.46038818359375 -566.046630859375 -572.30462646484375 -576.67529296875 -580.29437255859375 -1e100 -1e100 -1e100 -1e100 -1e100 -1e100
 -1e100 -1e100 -1e100 -1e100 -1e100 -1e100 -1e100 -1e100 -1e100 -1e100 -1e100 -1e100 -1e100 -1e100 -1e100 -1e100 -1e100 -1e100 -1e100 -1e100 -1e100 -1e100 -1e100 -1e100 -1e100 -1e100 -1e100 -1e100 -1e100 -1e100 -1e100 -1e100 -1e100 -1e100 -1e100 -1e100 -1e100 -1e100 -1e100 -1e100 -1e100   -260   -260   -260   -260   -260   -260   -260   -260   -260   -260   -260   -260 -260.0260009765625 -260.243255615234375 -260.827880859375 -261.87847900390625 -263.40972900390625 -265.408538818359375 -267.71990966796875 -270.174468994140625 -272.676666259765625 -275.21087646484375 -277.760223388671875 -280.3087158203125 -282.843658447265625 -285.35791015625 -287.85125732421875 -290.331146240234375 -292.81329345703125 -295.320068359375 -297.87744140625 -300.5111083984375 -303.2379150390625 -306.0477294921875 -308.8734130859375 -311.5609130859375 -313.85552978515625 -315.458953857421875 -316.5762939453125 -317.377532958984375 -317.8511962890625 -318.378173828125 -319.639617919921875 -320.4217529296875 -320.6397705078125 -320.52197265625 -319.73309326171875 -318.64666748046875 -319.264801025390625 -324.732666015625 -335.873992919921875 -350.94671630859375 -369.11260986328125 -388.884521484375 -405.90313720703125 -419.2735595703125 -431.162811279296875 -440.943389892578125 -448.421478271484375 -455.089691162109375 -461.04071044921875 -465.718231201171875 -470.111480712890625 -474.802703857421875 -478.213043212890625 -482.068450927734375 -488.363983154296875 -495.473114013671875 -503.05328369140625 -512.08782958984375 -520.428466796875 -526.75396728515625 -531.7220458984375 -535.2916259765625 -537.7969970703125 -540.365478515625 -542.628662109375 -545.4427490234375 -549.93621826171875 -556.32684326171875 -562.9837646484375 -569.43505859375 -573.59417724609375 -576.89971923828125 -1e100 -1e100 -1e100 -1e100 -1e100 -1e100
 -1e100 -1e100 -1e100 -1e100 -1e100 -1e100 -1e100 -1e100 -1e100 -1e100 -1e100 -1e100 -1e100 -1e100 -1e100 -1e100 -1e100 -1e100 -1e100 -1e100 -1e100 -1e100 -1e100 -1e100 -1e100 -1e100 -1e100 -1e100 -1e100 -1e100 -1e100 -1e100 -1e100 -1e100 -1e100 -1e100 -1e100 -1e100 -1e100 -1e100 -1e100   -260   -260   -260   -260   -260   -260   -260   -260   -260   -260   -260   -260   -260 -260.096710205078125 -260.4625244140625 -261.246185302734375 -262.486419677734375 -264.19512939453125 -266.285614013671875 -268.59295654296875 -270.973114013671875 -273.389190673828125 -275.828857421875 -278.2806396484375 -280.7354736328125 -283.188873291015625 -285.641693115234375 -288.100799560546875 -290.579132080078125 -293.0947265625 -295.66802978515625 -298.317779541015625 -301.05206298828125 -303.853179931640625 -306.65191650390625 -309.297454833984375 -311.5548095703125 -313.231475830078125 -314.3858642578125 -315.1248779296875 -315.539276123046875 -315.905242919921875 -316.52191162109375 -316.912322998046875 -316.928619384765625 -316.637664794921875 -316.022186279296875 -315.5650634765625 -316.844329833984375 -322.2225341796875 -332.678680419921875 -347.006439208984375 -364.39276123046875 -383.555419921875 -401.138824462890625 -416.122344970703125 -429.560699462890625 -441.2200927734375 -450.6837158203125 -458.703033447265625 -465.2275390625 -470.36163330078125 -474.719818115234375 -478.61328125 -480.88348388671875 -483.170013427734375 -488.309173583984375 -494.825225830078125 -502.43206787109375 -512.2630615234375 -522.31317138671875 -529.589111328125 -534.89898681640625 -538.01727294921875 -539.6156005859375 -541.08319091796875 -542.564208984375 -544.4996337890625 -548.2974853515625 -554.02294921875 -560.03515625 -565.87677001953125 -570.49163818359375 -573.70440673828125 -575.89154052734375 -1e100 -1e100 -1e100 -1e100 -1e100
 -1e100 -1e100 -1e100 -1e100 -1e100 -1e100 -1e100 -1e100 -1e100 -1e100 -1e100 -1e100 -1e100 -1e100 -1e100 -1e100 -1e100 -1e100 -1e100 -1e100 -1e100 -1e100 -1e100 -1e100 -1e100 -1e100 -1e100 -1e100 -1e100 -1e100 -1e100 -1e100 -1e100 -1e100 -1e100 -1e100 -1e100 -1e100 -1e100 -1e100 -1e100   -260   -260   -260   -260   -260   -260   -260   -260   -260   -260   -260   -260   -260 -260.024871826171875 -260.22454833984375 -260.752716064453125 -261.713409423828125 -263.117645263671875 -264.950286865234375 -267.069488525390625 -269.3277587890625 -271.625457763671875 -273.95440673828125 -276.3070068359375 -278.677703857421875 -281.063934326171875 -283.467041015625 -285.8922119140625 -288.34808349609375 -290.8460693359375 -293.39776611328125 -296.01141357421875 -298.684112548828125 -301.390228271484375 -304.06304931640625 -306.572509765625 -308.739593505859375 -310.41558837890625 -311.58258056640625 -312.29815673828125 -312.665130615234375 -312.86767578125 -313.081634521484375 -313.166900634765625 -313.04071044921875 -312.741790771484375 -312.38018798828125 -312.428131103515625 -314.051025390625 -318.986297607421875 -328.210540771484375 -341.838958740234375 -358.4149169921875 -377.2431640625 -395.688323974609375 -412.719482421875 -427.817840576171875 -441.49822998046875 -452.77984619140625 -461.952728271484375 -468.866668701171875 -473.928802490234375 -477.746978759765625 -480.666900634765625 -481.614654541015625 -483.192474365234375 -488.093719482421875 -494.88555908203125 -503.2803955078125 -514.56439208984375 -525.85430908203125 -533.75677490234375 -539.113525390625 -541.533935546875 -541.9322509765625 -542.1441650390625 -542.83184814453125 -543.87152099609375 -547.15985107421875 -552.75445556640625 -558.49139404296875 -563.88177490234375 -569.09063720703125 -572.83563232421875 -575.0682373046875 -1e100 -1e100 -1e100 -1e100 -1e100
 -1e100 -1e100 -1e100 -1e100 -1e100 -1e100 -1e100 -1e100 -1e100 -1e100 -1e100 -1e100 -1e100 -1e100 -1e100 -1e100 -1e100 -1e100 -1e100 -1e100 -1e100 -1e100 -1e100 -1e100 -1e100 -1e100 -1e100 -1e100 -1e100 -1e100 -1e100 -1e100 -1e100 -1e100 -1e100 -1e100 -1e100 -1e100 -1e100 -1e100 -1e100   -260   -260   -260   -260   -260   -260   -260   -260   -260   -260   -260   -260   -260   -260 -260.08465576171875 -260.404541015625 -261.099639892578125 -262.213623046875 -263.755889892578125 -265.650299072265625 -267.753509521484375 -269.932037353515625 -272.147613525390625 -274.39617919921875 -276.6749267578125 -278.983001708984375 -281.321533203125 -283.693267822265625 -286.10205078125 -288.55157470703125 -291.04376220703125 -293.57550048828125 -296.133148193359375 -298.68463134765625 -301.168487548828125 -303.47991943359375 -305.48516845703125 -307.07177734375 -308.20166015625 -308.90313720703125 -309.25836181640625 -309.40008544921875 -309.446258544921875 -309.38922119140625 -309.2208251953125 -309.0023193359375 -308.895355224609375 -309.3494873046875 -311.17779541015625 -315.6680908203125 -323.78021240234375 -336.259918212890625 -352.209442138671875 -370.83245849609375 -390.024139404296875 -408.83526611328125 -425.9912109375 -441.38836669921875 -454.015167236328125 -463.922607421875 -470.85626220703125 -475.34454345703125 -478.2725830078125 -480.465545654296875 -480.5926513671875 -482.277069091796875 -487.755401611328125 -495.548095703125 -505.05926513671875 -517.8292236328125 -529.86700439453125 -538.05462646484375 -543.0091552734375 -544.848388671875 -544.0997314453125 -543.095458984375 -543.0374755859375 -543.54864501953125 -546.25341796875 -551.96441650390625 -557.8173828125 -563.2000732421875 -568.95574951171875 -573.28753662109375 -575.47064208984375 -1e100 -1e100 -1e100 -1e100 -1e100
 -1e100 -1e100 -1e100 -1e100 -1e100 -1e100 -1e100 -1e100 -1e100 -1e100 -1e100 -1e100 -1e100 -1e100 -1e100 -1e100 -1e100 -1e100 -1e100 -1e100 -1e100 -1e100 -1e100 -1e100 -1e100 -1e100 -1e100 -1e100 -1e100 -1e100 -1e100 -1e100 -1e100 -1e100 -1e100 -1e100 -1e100 -1e100 -1e100 -1e100   -260   -260   -260   -260   -260   -260   -260   -260   -260   -260   -260   -260   -260   -260   -260 -260.01885986328125 -260.184295654296875 -260.633636474609375 -261.474090576171875 -262.71820068359375 -264.355621337890625 -266.266754150390625 -268.321929931640625 -270.4215087890625 -272.560516357421875 -274.738433837890625 -276.95550537109375 -279.2122802734375 -281.508941650390625 -283.8443603515625 -286.215087890625 -288.6141357421875 -291.028717041015625 -293.43701171875 -295.803375244140625 -298.07281494140625 -300.164154052734375 -301.9798583984375 -303.437774658203125 -304.50201416015625 -305.187744140625 -305.5552978515625 -305.70111083984375 -305.71502685546875 -305.637237548828125 -305.505950927734375 -305.40753173828125 -305.52197265625 -306.232940673828125 -308.165771484375 -312.210968017578125 -319.302215576171875 -330.751251220703125 -346.303985595703125 -364.680572509765625 -384.4139404296875 -404.5992431640625 -423.287078857421875 -439.709930419921875 -453.16265869140625 -463.406982421875 -470.13671875 -473.958404541015625 -475.993743896484375 -477.47210693359375 -476.760772705078125 -478.603973388671875 -484.585845947265625 -493.324249267578125 -504.0037841796875 -518.41815185546875 -531.36541748046875 -540.247314453125 -545.2437744140625 -547.02606201171875 -545.72930908203125 -544.0966796875 -543.64752197265625 -544.06536865234375 -546.385009765625 -551.962890625 -557.774169921875 -563.14556884765625 -568.81170654296875 -573.58740234375 -575.9228515625 -578.14605712890625 -1e100 -1e100 -1e100 -1e100
 -1e100 -1e100 -1e100 -1e100 -1e100 -1e100 -1e100 -1e100 -1e100 -1e100 -1e100 -1e100 -1e100 -1e100 -1e100 -1e100 -1e100 -1e100 -1e100 -1e100 -1e100 -1e100 -1e100 -1e100 -1e100 -1e100 -1e100 -1e100 -1e100 -1e100 -1e100 -1e100 -1e100 -1e100 -1e100 -1e100 -1e100 -1e100 -1e100   -260   -260   -260   -260   -260   -260   -260   -260   -260   -260   -260   -260   -260   -260   -260   -260   -260 -260.06256103515625 -260.32257080078125 -260.908416748046875 -261.8740234375 -263.227508544921875 -264.914642333984375 -266.809112548828125 -268.791168212890625 -270.816192626953125 -272.885284423828125 -274.99932861328125 -277.1580810546875 -279.359130859375 -281.5970458984375 -283.862548828125 -286.1417236328125 -288.41522216796875 -290.656524658203125 -292.829986572265625 -294.887908935546875 -296.767669677734375 -298.398895263671875 -299.72296142578125 -300.712432861328125 -301.377899169921875 -301.765716552734375 -301.948333740234375 -301.998809814453125 -301.972259521484375 -301.9296875 -301.971710205078125 -302.27764892578125 -303.164520263671875 -305.110931396484375 -308.76812744140625 -315.067413330078125 -325.62799072265625 -340.468292236328125 -358.432891845703125 -378.37164306640625 -399.3177490234375 -418.913787841796875 -436.094757080078125 -450.0155029296875 -460.324066162109375 -466.769989013671875 -470.077239990234375 -471.5396728515625 -472.57672119140625 -471.47100830078125 -473.43243408203125 -479.5401611328125 -488.415191650390625 -499.63323974609375 -515.03564453125 -528.865966796875 -538.8333740234375 -544.8812255859375 -547.3507080078125 -546.2593994140625 -544.634521484375 -544.11505126953125 -544.5941162109375 -546.823486328125 -552.2315673828125 -557.93280029296875 -563.308349609375 -568.77618408203125 -573.80914306640625 -576.65380859375 -578.85174560546875 -1e100 -1e100 -1e100 -1e100
 -1e100 -1e100 -1e100 -1e100 -1e100 -1e100 -1e100 -1e100 -1e100 -1e100 -1e100 -1e100 -1e100 -1e100 -1e100 -1e100 -1e100 -1e100 -1e100 -1e100 -1e100 -1e100 -1e100 -1e100 -1e100 -1e100 -1e100 -1e100 -1e100 -1e100 -1e100 -1e100 -1e100 -1e100 -1e100 -1e100 -1e100 -1e100 -1e100   -260   -260   -260   -260   -260   -260   -260   -260   -260   -260   -260   -260   -260   -260   -260   -260   -260 -260.008453369140625 -260.132720947265625 -260.499176025390625 -261.20819091796875 -262.281494140625 -263.718841552734375 -265.421630859375 -267.272674560546875 -269.1815185546875 -271.13629150390625 -273.138031005859375 -275.185516357421875 -277.27423095703125 -279.395477294921875 -281.535888671875 -283.67724609375 -285.79644775390625 -287.865631103515625 -289.85137939453125 -291.71337890625 -293.403289794921875 -294.870147705078125 -296.072998046875 -296.992919921875 -297.639617919921875 -298.05072021484375 -298.283782958984375 -298.40020751953125 -298.457977294921875 -298.52630615234375 -298.70849609375 -299.1705322265625 -300.173797607421875 -302.086944580078125 -305.4083251953125 -310.99072265625 -320.52398681640625 -334.3292236328125 -351.69024658203125 -371.568634033203125 -392.905029296875 -413.1451416015625 -430.920867919921875 -445.023468017578125 -455.159149169921875 -461.263153076171875 -464.219268798828125 -465.448394775390625 -466.557525634765625 -465.791900634765625 -467.496978759765625 -473.196197509765625 -481.42803955078125 -492.15625 -507.450775146484375 -522.27752685546875 -533.6534423828125 -541.38458251953125 -545.29510498046875 -545.23260498046875 -544.255126953125 -544.18487548828125 -545.20782470703125 -547.717529296875 -553.1343994140625 -558.6956787109375 -563.79901123046875 -568.732177734375 -573.91943359375 -576.85736083984375 -578.8587646484375 -1e100 -1e100 -1e100 -1e100
 -1e100 -1e100 -1e100 -1e100 -1e100 -1e100 -1e100 -1e100 -1e100 -1e100 -1e100 -1e100 -1e100 -1e100 -1e100 -1e100 -1e100 -1e100 -1e100 -1e100 -1e100 -1e100 -1e100 -1e100 -1e100 -1e100 -1e100 -1e100 -1e100 -1e100 -1e100 -1e100 -1e100 -1e100 -1e100 -1e100 -1e100 -1e100 -1e100   -260   -260   -260   -260   -260   -260   -260   -260   -260   -260   -260   -260   -260   -260   -260   -260   -260   -260 -260.038818359375 -260.2410888671875 -260.71746826171875 -261.5357666015625 -262.703582763671875 -264.1905517578125 -265.88134765625 -267.67498779296875 -269.513427734375 -271.397552490234375 -273.325347900390625 -275.2906494140625 -277.28277587890625 -279.2861328125 -281.2806396484375 -283.24224853515625 -285.143646240234375 -286.95458984375 -288.6412353515625 -290.1661376953125 -291.492279052734375 -292.591400146484375 -293.45196533203125 -294.084075927734375 -294.51983642578125 -294.806915283203125 -294.998565673828125 -295.15057373046875 -295.331298828125 -295.637664794921875 -296.21661376953125 -297.28521728515625 -299.13494873046875 -302.15960693359375 -307.110748291015625 -315.6641845703125 -328.44183349609375 -345.2520751953125 -365.068359375 -386.652740478515625 -407.283233642578125 -425.3233642578125 -439.204620361328125 -448.817840576171875 -454.38153076171875 -456.969818115234375 -458.05010986328125 -459.415283203125 -459.56903076171875 -461.4852294921875 -466.813873291015625 -474.425506591796875 -484.46856689453125 -498.8734130859375 -513.885498046875 -526.27117919921875 -535.4019775390625 -540.65472412109375 -541.82415771484375 -541.94805908203125 -542.85455322265625 -544.861328125 -548.1087646484375 -553.73504638671875 -559.2823486328125 -564.268310546875 -568.833984375 -573.65594482421875 -576.72039794921875 -578.5701904296875 -579.96966552734375 -1e100 -1e100 -1e100
 -1e100 -1e100 -1e100 -1e100 -1e100 -1e100 -1e100 -1e100 -1e100 -1e100 -1e100 -1e100 -1e100 -1e100 -1e100 -1e100 -1e100 -1e100 -1e100 -1e100 -1e100 -1e100 -1e100 -1e100 -1e100 -1e100 -1e100 -1e100 -1e100 -1e100 -1e100 -1e100 -1e100 -1e100 -1e100 -1e100 -1e100 -1e100 -1e100   -260   -260   -260   -260   -260   -260   -260   -260   -260   -260   -260   -260   -260   -260   -260   -260   -260   -260   -260 -260.089324951171875 -260.3770751953125 -260.967559814453125 -261.885894775390625 -263.139923095703125 -264.6490478515625 -266.313232421875 -268.03704833984375 -269.80291748046875 -271.6080322265625 -273.4454345703125 -275.30352783203125 -277.1661376953125 -279.01324462890625 -280.821533203125 -282.565582275390625 -284.21844482421875 -285.751708984375 -287.1358642578125 -288.343780517578125 -289.356353759765625 -290.167755126953125 -290.7891845703125 -291.249267578125 -291.5889892578125 -291.855560302734375 -292.0997314453125 -292.38275146484375 -292.7874755859375 -293.4361572265625 -294.507568359375 -296.241546630859375 -298.977630615234375 -303.436492919921875 -311.06158447265625 -322.8948974609375 -339.46075439453125 -359.53729248046875 -381.436492919921875 -402.405670166015625 -420.506011962890625 -433.728485107421875 -442.3804931640625 -447.09375 -449.1781005859375 -449.8935546875 -451.004913330078125 -451.607391357421875 -453.260589599609375 -458.2730712890625 -465.760986328125 -475.839935302734375 -489.69921875 -505.0220947265625 -517.99053955078125 -527.91900634765625 -534.0042724609375 -536.489990234375 -538.1915283203125 -540.431396484375 -543.47760009765625 -547.69873046875 -553.430419921875 -558.866943359375 -563.85772705078125 -568.45233154296875 -573.0677490234375 -576.57080078125 -578.63800048828125 -579.92694091796875 -1e100 -1e100 -1e100
 -1e100 -1e100 -1e100 -1e100 -1e100 -1e100 -1e100 -1e100 -1e100 -1e100 -1e100 -1e100 -1e100 -1e100 -1e100 -1e100 -1e100 -1e100 -1e100 -1e100 -1e100 -1e100 -1e100 -1e100 -1e100 -1e100 -1e100 -1e100 -1e100 -1e100 -1e100 -1e100 -1e100 -1e100 -1e100 -1e100 -1e100 -1e100 -1e100   -260   -260   -260   -260   -260   -260   -260   -260   -260   -260   -260   -260   -260   -260   -260   -260   -260   -260   -260 -260.0234375 -260.17425537109375 -260.56597900390625 -261.2655029296875 -262.27984619140625 -263.593414306640625 -265.1103515625 -266.72479248046875 -268.37615966796875 -270.0611572265625 -271.7725830078125 -273.4989013671875 -275.224578857421875 -276.9307861328125 -278.59588623046875 -280.1968994140625 -281.710052490234375 -283.1112060546875 -284.376708984375 -285.486358642578125 -286.4273681640625 -287.198394775390625 -287.812042236328125 -288.295013427734375 -288.68426513671875 -289.02178955078125 -289.35174560546875 -289.7235107421875 -290.199493408203125 -290.870361328125 -291.873779296875 -293.40771484375 -295.7838134765625 -299.657318115234375 -306.21807861328125 -317.082489013671875 -333.81085205078125 -354.641326904296875 -377.266693115234375 -398.936431884765625 -417.327728271484375 -429.719268798828125 -437.167816162109375 -440.833526611328125 -442.2457275390625 -442.526458740234375 -443.42254638671875 -444.833892822265625 -446.884185791015625 -452.468841552734375 -460.69610595703125 -471.26055908203125 -484.257232666015625 -499.011260986328125 -511.383209228515625 -520.8529052734375 -526.90643310546875 -530.42041015625 -533.64385986328125 -537.30767822265625 -541.49993896484375 -546.75360107421875 -552.64569091796875 -557.878662109375 -562.8856201171875 -567.59954833984375 -572.08795166015625 -575.83502197265625 -578.08880615234375 -579.284912109375 -1e100 -1e100 -1e100
 -1e100 -1e100 -1e100 -1e100 -1e100 -1e100 -1e100 -1e100 -1e100 -1e100 -1e100 -1e100 -1e100 -1e100 -1e100 -1e100 -1e100 -1e100 -1e100 -1e100 -1e100 -1e100 -1e100 -1e100 -1e100 -1e100 -1e100 -1e100 -1e100 -1e100 -1e100 -1e100 -1e100 -1e100 -1e100 -1e100 -1e100 -1e100 -1e100   -260   -260   -260   -260   -260   -260   -260   -260   -260   -260   -260   -260   -260   -260   -260   -260   -260   -260   -260   -260 -260.06072998046875 -260.294281005859375 -260.807373046875 -261.616302490234375 -262.727691650390625 -264.087890625 -265.591064453125 -267.13555908203125 -268.707794189453125 -270.30072021484375 -271.9036865234375 -273.502288818359375 -275.07940673828125 -276.615692138671875 -278.09051513671875 -279.482757568359375 -280.77178955078125 -281.93829345703125 -282.966705322265625 -283.848907470703125 -284.587005615234375 -285.195343017578125 -285.700103759765625 -286.1361083984375 -286.541259765625 -286.952056884765625 -287.403472900390625 -287.93316650390625 -288.595367431640625 -289.485260009765625 -290.771087646484375 -292.77081298828125 -296.10833740234375 -301.986724853515625 -312.42266845703125 -329.418975830078125 -350.932220458984375 -374.277313232421875 -396.528289794921875 -415.0806884765625 -426.9833984375 -433.673736572265625 -436.651458740234375 -437.5736083984375 -437.513519287109375 -438.26715087890625 -440.101806640625 -443.03143310546875 -449.9307861328125 -459.602020263671875 -470.966766357421875 -483.646575927734375 -497.25921630859375 -508.04339599609375 -515.99517822265625 -521.404541015625 -525.46392822265625 -529.75439453125 -534.630615234375 -539.9278564453125 -545.980224609375 -551.91595458984375 -556.90667724609375 -561.781494140625 -566.53314208984375 -570.87890625 -574.53759765625 -577.13275146484375 -578.37774658203125 -579.76031494140625 -1e100 -1e100
 -1e100 -1e100 -1e100 -1e100 -1e100 -1e100 -1e100 -1e100 -1e100 -1e100 -1e100 -1e100 -1e100 -1e100 -1e100 -1e100 -1e100 -1e100 -1e100 -1e100 -1e100 -1e100 -1e100 -1e100 -1e100 -1e100 -1e100 -1e100 -1e100 -1e100 -1e100 -1e100 -1e100 -1e100 -1e100 -1e100 -1e100 -1e100 -1e100   -260   -260   -260   -260   -260   -260   -260   -260   -260   -260   -260   -260   -260   -260   -260   -260   -260   -260   -260   -260 -260.012298583984375 -260.13360595703125 -260.49383544921875 -261.133056640625 -262.056793212890625 -263.25860595703125 -264.64678955078125 -266.09539794921875 -267.56610107421875 -269.05255126953125 -270.5450439453125 -272.0308837890625 -273.494720458984375 -274.919219970703125 -276.28594970703125 -277.576141357421875 -278.771759033203125 -279.85662841796875 -280.8187255859375 -281.6533203125 -282.365509033203125 -282.971588134765625 -283.498504638671875 -283.98046875 -284.45245361328125 -284.943756103515625 -285.474090576171875 -286.0555419921875 -286.70538330078125 -287.479278564453125 -288.529541015625 -290.205902099609375 -293.203857421875 -298.850677490234375 -309.289642333984375 -326.53289794921875 -348.48858642578125 -372.27301025390625 -394.808197021484375 -413.44671630859375 -425.346588134765625 -431.99884033203125 -434.991058349609375 -435.94549560546875 -435.78924560546875 -436.1483154296875 -437.488433837890625 -441.134765625 -449.1461181640625 -460.248138427734375 -472.837921142578125 -486.0908203125 -498.527252197265625 -507.62628173828125 -513.84161376953125 -518.27337646484375 -522.4053955078125 -527.4127197265625 -533.24432373046875 -539.33880615234375 -545.9088134765625 -551.7952880859375 -556.4456787109375 -560.99700927734375 -565.6787109375 -569.73193359375 -573.23687744140625 -576.1395263671875 -577.415283203125 -578.5062255859375 -1e100 -1e100
 -1e100 -1e100 -1e100 -1e100 -1e100 -1e100 -1e100 -1e100 -1e100 -1e100 -1e100 -1e100 -1e100 -1e100 -1e100 -1e100 -1e100 -1e100 -1e100 -1e100 -1e100 -1e100 -1e100 -1e100 -1e100 -1e100 -1e100 -1e100 -1e100 -1e100 -1e100 -1e100 -1e100 -1e100 -1e100 -1e100 -1e100 -1e100 -1e100   -260   -260   -260   -260   -260   -260   -260   -260   -260   -260   -260   -260   -260   -260   -260   -260   -260   -260   -260   -260   -260 -260.049102783203125 -260.290985107421875 -260.797393798828125 -261.57293701171875 -262.622222900390625 -263.90020751953125 -265.26617431640625 -266.6495361328125 -268.044586181640625 -269.442901611328125 -270.83319091796875 -272.201751708984375 -273.533172607421875 -274.810699462890625 -276.0174560546875 -277.137481689453125 -278.15704345703125 -279.066802978515625 -279.864837646484375 -280.558837890625 -281.1673583984375 -281.71917724609375 -282.249053955078125 -282.790557861328125 -283.366851806640625 -283.98419189453125 -284.6309814453125 -285.29107666015625 -285.9864501953125 -286.861846923828125 -288.307342529296875 -291.1025390625 -296.6182861328125 -306.97674560546875 -324.1640625 -346.179656982421875 -370.0732421875 -392.81915283203125 -411.87109375 -424.48956298828125 -432.005706787109375 -435.966400146484375 -437.800689697265625 -438.154266357421875 -438.2259521484375 -438.387847900390625 -441.566558837890625 -449.507354736328125 -460.88787841796875 -474.036041259765625 -488.09600830078125 -500.126434326171875 -508.26300048828125 -513.462646484375 -517.40814208984375 -521.788818359375 -527.3502197265625 -533.81475830078125 -540.53253173828125 -547.540283203125 -553.30450439453125 -557.62445068359375 -561.728271484375 -566.02197265625 -569.49713134765625 -572.66839599609375 -575.71856689453125 -577.070068359375 -578.02874755859375 -1e100 -1e100
 -1e100 -1e100 -1e100 -1e100 -1e100 -1e100 -1e100 -1e100 -1e100 -1e100 -1e100 -1e100 -1e100 -1e100 -1e100 -1e100 -1e100 -1e100 -1e100 -1e100 -1e100 -1e100 -1e100 -1e100 -1e100 -1e100 -1e100 -1e100 -1e100 -1e100 -1e100 -1e100 -1e100 -1e100 -1e100 -1e100 -1e100 -1e100 -1e100   -260   -260   -260   -260   -260   -260   -260   -260   -260   -260   -260   -260   -260   -260   -260   -260   -260   -260   -260   -260   -260 -260.010772705078125 -260.16943359375 -260.580718994140625 -261.2484130859375 -262.176239013671875 -263.35662841796875 -264.65484619140625 -265.966888427734375 -267.28778076171875 -268.61004638671875 -269.923736572265625 -271.21661376953125 -272.474578857421875 -273.682342529296875 -274.824615478515625 -275.886993408203125 -276.857696533203125 -277.729583740234375 -278.5030517578125 -279.1883544921875 -279.80670166015625 -280.389190673828125 -280.9722900390625 -281.589508056640625 -282.260162353515625 -282.98016357421875 -283.71923828125 -284.4351806640625 -285.124298095703125 -285.928253173828125 -287.27130126953125 -289.98114013671875 -295.434661865234375 -305.541534423828125 -322.2548828125 -343.923828125 -367.5826416015625 -390.436981201171875 -410.19671630859375 -424.25152587890625 -433.418548583984375 -439.277740478515625 -442.926727294921875 -444.720458984375 -445.1544189453125 -443.600067138671875 -445.3203125 -451.9295654296875 -462.04217529296875 -474.394500732421875 -489.319366455078125 -501.492584228515625 -509.338897705078125 -514.2921142578125 -518.28692626953125 -522.8892822265625 -528.74542236328125 -535.65234375 -543.262939453125 -551.106201171875 -557.3238525390625 -561.60430908203125 -565.2152099609375 -568.48321533203125 -570.73699951171875 -572.946044921875 -575.42169189453125 -576.67413330078125 -577.430419921875 -1e100 -1e100
 -1e100 -1e100 -1e100 -1e100 -1e100 -1e100 -1e100 -1e100 -1e100 -1e100 -1e100 -1e100 -1e100 -1e100 -1e100 -1e100 -1e100 -1e100 -1e100 -1e100 -1e100 -1e100 -1e100 -1e100 -1e100 -1e100 -1e100 -1e100 -1e100 -1e100 -1e100 -1e100 -1e100 -1e100 -1e100 -1e100 -1e100 -1e100   -260   -260   -260   -260   -260   -260   -260   -260   -260   -260   -260   -260   -260   -260   -260   -260   -260   -260   -260   -260   -260   -260   -260 -260.11077880859375 -260.46490478515625 -261.0655517578125 -261.915924072265625 -263.018646240234375 -264.264892578125 -265.522674560546875 -266.787628173828125 -268.0531005859375 -269.31024169921875 -270.54779052734375 -271.752777099609375 -272.91107177734375 -274.008544921875 -275.03204345703125 -275.971435546875 -276.821380615234375 -277.584442138671875 -278.273345947265625 -278.9119873046875 -279.53424072265625 -280.17926025390625 -280.881866455078125 -281.6600341796875 -282.50360107421875 -283.370361328125 -284.200958251953125 -284.97479248046875 -285.82763671875 -287.19720458984375 -289.945831298828125 -295.459259033203125 -305.39324951171875 -321.475372314453125 -342.61212158203125 -365.87542724609375 -388.69500732421875 -409.072357177734375 -424.714111328125 -435.7313232421875 -443.824249267578125 -449.82965087890625 -453.93878173828125 -456.070587158203125 -454.67926025390625 -456.3033447265625 -461.39483642578125 -469.185028076171875 -479.06170654296875 -492.8677978515625 -503.694610595703125 -511.068206787109375 -516.10308837890625 -520.529052734375 -525.32177734375 -531.58404541015625 -539.00634765625 -547.46002197265625 -555.9586181640625 -562.6524658203125 -566.5418701171875 -569.2923583984375 -571.246826171875 -572.284423828125 -573.44647216796875 -575.46209716796875 -576.6790771484375 -577.3768310546875 -1e100 -1e100
 -1e100 -1e100 -1e100 -1e100 -1e100 -1e100 -1e100 -1e100 -1e100 -1e100 -1e100 -1e100 -1e100 -1e100 -1e100 -1e100 -1e100 -1e100 -1e100 -1e100 -1e100 -1e100 -1e100 -1e100 -1e100 -1e100 -1e100 -1e100 -1e100 -1e100 -1e100 -1e100 -1e100 -1e100 -1e100 -1e100 -1e100   -260   -260   -260   -260   -260   -260   -260   -260   -260   -260   -260   -260   -260   -260   -260   -260   -260   -260   -260   -260   -260   -260   -260   -260 -260.09814453125 -260.4329833984375 -261.007354736328125 -261.82415771484375 -262.885894775390625 -264.09625244140625 -265.31719970703125 -266.544830322265625 -267.773345947265625 -268.99444580078125 -270.19769287109375 -271.3709716796875 -272.500885009765625 -273.574310302734375 -274.579132080078125 -275.506378173828125 -276.3524169921875 -277.121612548828125 -277.829132080078125 -278.501434326171875 -279.17547607421875 -279.893585205078125 -280.693267822265625 -281.59381103515625 -282.583587646484375 -283.615142822265625 -284.620635986328125 -285.5673828125 -286.569976806640625 -288.029296875 -290.773834228515625 -296.20245361328125 -306.1331787109375 -322.241424560546875 -343.438446044921875 -366.945281982421875 -390.274566650390625 -411.2088623046875 -427.58477783203125 -439.655792236328125 -449.20257568359375 -457.030548095703125 -463.335540771484375 -467.68096923828125 -467.725311279296875 -469.8858642578125 -473.735504150390625 -479.227081298828125 -486.2462158203125 -497.8009033203125 -506.81622314453125 -513.5823974609375 -518.64422607421875 -523.44580078125 -528.312744140625 -534.7813720703125 -542.4615478515625 -551.225830078125 -559.80645751953125 -566.478759765625 -569.766845703125 -571.5562744140625 -572.40142822265625 -572.5384521484375 -573.0423583984375 -574.7489013671875 -576.03826904296875 -576.80072021484375 -1e100 -1e100
 -1e100 -1e100 -1e100 -1e100 -1e100 -1e100 -1e100 -1e100 -1e100 -1e100 -1e100 -1e100 -1e100 -1e100 -1e100 -1e100 -1e100 -1e100 -1e100 -1e100 -1e100 -1e100 -1e100 -1e100 -1e100 -1e100 -1e100 -1e100 -1e100 -1e100 -1e100 -1e100 -1e100 -1e100 -1e100 -1e100 -1e100   -260   -260   -260   -260   -260   -260   -260   -260   -260   -260   -260   -260   -260   -260   -260   -260   -260   -260   -260   -260   -260   -260   -260 -260.001434326171875 -260.121612548828125 -260.474365234375 -261.062591552734375 -261.889129638671875 -262.955230712890625 -264.145477294921875 -265.346954345703125 -266.556060791015625 -267.767333984375 -268.973052978515625 -270.16339111328125 -271.32666015625 -272.450286865234375 -273.521453857421875 -274.529052734375 -275.464996337890625 -276.32696533203125 -277.1209716796875 -277.864105224609375 -278.5853271484375 -279.324462890625 -280.12725830078125 -281.0350341796875 -282.07049560546875 -283.22430419921875 -284.449798583984375 -285.678070068359375 -286.867706298828125 -288.096710205078125 -289.675323486328125 -292.3011474609375 -297.287567138671875 -307.381805419921875 -324.2401123046875 -346.111083984375 -370.5335693359375 -395.10516357421875 -416.38946533203125 -432.42230224609375 -444.48187255859375 -454.372894287109375 -463.0059814453125 -470.9288330078125 -477.4298095703125 -479.52569580078125 -482.822357177734375 -486.326873779296875 -490.26422119140625 -494.934295654296875 -504.0238037109375 -511.11846923828125 -516.963623046875 -521.77069091796875 -526.5947265625 -531.32904052734375 -537.5252685546875 -544.78814697265625 -553.0938720703125 -561.09954833984375 -567.29974365234375 -570.0477294921875 -571.215576171875 -571.3912353515625 -571.10968017578125 -571.43658447265625 -573.1065673828125 -574.54998779296875 -575.6473388671875 -1e100 -1e100
 -1e100 -1e100 -1e100 -1e100 -1e100 -1e100 -1e100 -1e100 -1e100 -1e100 -1e100 -1e100 -1e100 -1e100 -1e100 -1e100 -1e100 -1e100 -1e100 -1e100 -1e100 -1e100 -1e100 -1e100 -1e100 -1e100 -1e100 -1e100 -1e100 -1e100 -1e100 -1e100 -1e100 -1e100 -1e100 -1e100 -1e100   -260   -260   -260   -260   -260   -260   -260   -260   -260   -260   -260   -260   -260   -260   -260   -260   -260   -260   -260   -260   -260   -260   -260 -260.026458740234375 -260.2022705078125 -260.609039306640625 -261.249969482421875 -262.128265380859375 -263.22052001953125 -264.4061279296875 -265.604949951171875 -266.813720703125 -268.027252197265625 -269.23809814453125 -270.43682861328125 -271.61212158203125 -272.751617431640625 -273.843170166015625 -274.87591552734375 -275.842559814453125 -276.74151611328125 -277.580078125 -278.376739501953125 -279.162353515625 -279.9791259765625 -280.876007080078125 -281.898406982421875 -283.07354736328125 -284.396514892578125 -285.825592041015625 -287.29693603515625 -288.766845703125 -290.276947021484375 -292.02423095703125 -294.485748291015625 -298.95709228515625 -309.162506103515625 -326.78399658203125 -349.254608154296875 -374.59454345703125 -400.305633544921875 -421.595184326171875 -436.7127685546875 -448.1705322265625 -457.695831298828125 -466.409027099609375 -475.373565673828125 -483.81109619140625 -488.43780517578125 -493.368408203125 -497.414459228515625 -500.810821533203125 -503.9617919921875 -510.72967529296875 -516.11865234375 -520.9937744140625 -525.366455078125 -529.918701171875 -534.20196533203125 -539.5823974609375 -545.65802001953125 -552.63232421875 -559.25946044921875 -564.56451416015625 -566.76824951171875 -567.67901611328125 -567.73626708984375 -567.76629638671875 -568.3651123046875 -570.12860107421875 -571.855712890625 -1e100 -1e100 -1e100
 -1e100 -1e100 -1e100 -1e100 -1e100 -1e100 -1e100 -1e100 -1e100 -1e100 -1e100 -1e100 -1e100 -1e100 -1e100 -1e100 -1e100 -1e100 -1e100 -1e100 -1e100 -1e100 -1e100 -1e100 -1e100 -1e100 -1e100 -1e100 -1e100 -1e100 -1e100 -1e100 -1e100 -1e100 -1e100 -1e100 -1e100   -260   -260   -260   -260   -260   -260   -260   -260   -260   -260   -260   -260   -260   -260   -260   -260   -260   -260   -260   -260   -260   -260 -260.0084228515625 -260.088775634765625 -260.352386474609375 -260.847625732421875 -261.578369140625 -262.540069580078125 -263.67279052734375 -264.868438720703125 -266.08074951171875 -267.306610107421875 -268.541107177734375 -269.777008056640625 -271.004974365234375 -272.2138671875 -273.391571044921875 -274.5260009765625 -275.6065673828125 -276.626220703125 -277.58367919921875 -278.48675537109375 -279.354522705078125 -280.2186279296875 -281.122802734375 -282.118255615234375 -283.253631591796875 -284.5601806640625 -286.037628173828125 -287.650360107421875 -289.3433837890625 -291.07989501953125 -292.88201904296875 -294.852081298828125 -297.246612548828125 -301.3568115234375 -311.3238525390625 -328.628936767578125 -350.6387939453125 -375.869049072265625 -401.691162109375 -422.610443115234375 -437.203826904296875 -448.4154052734375 -457.774688720703125 -466.5357666015625 -476.197998046875 -486.152313232421875 -493.82305908203125 -500.928253173828125 -506.22198486328125 -510.0985107421875 -512.89666748046875 -517.511962890625 -521.382080078125 -525.48785400390625 -529.4293212890625 -533.04241943359375 -536.4873046875 -541.076416015625 -546.3905029296875 -552.75555419921875 -558.4190673828125 -562.97564697265625 -564.46490478515625 -564.9515380859375 -564.90582275390625 -565.29132080078125 -566.13818359375 -567.8663330078125 -569.7763671875 -1e100 -1e100 -1e100
 -1e100 -1e100 -1e100 -1e100 -1e100 -1e100 -1e100 -1e100 -1e100 -1e100 -1e100 -1e100 -1e100 -1e100 -1e100 -1e100 -1e100 -1e100 -1e100 -1e100 -1e100 -1e100 -1e100 -1e100 -1e100 -1e100 -1e100 -1e100 -1e100 -1e100 -1e100 -1e100 -1e100 -1e100 -1e100 -1e100 -1e100   -260   -260   -260   -260   -260   -260   -260   -260   -260   -260   -260   -260   -260   -260   -260   -260   -260   -260   -260   -260   -260   -260 -260.04962158203125 -260.217559814453125 -260.59912109375 -261.215240478515625 -262.07061767578125 -263.120391845703125 -264.300506591796875 -265.51983642578125 -266.760589599609375 -268.019927978515625 -269.29302978515625 -270.572723388671875 -271.849822998046875 -273.11309814453125 -274.35052490234375 -275.5499267578125 -276.700714111328125 -277.795440673828125 -278.83270263671875 -279.81976318359375 -280.774993896484375 -281.7296142578125 -282.727081298828125 -283.81915283203125 -285.0557861328125 -286.4703369140625 -288.06536865234375 -289.810455322265625 -291.661041259765625 -293.596435546875 -295.644683837890625 -297.858123779296875 -300.351226806640625 -304.277679443359375 -313.672760009765625 -329.614776611328125 -349.985198974609375 -374.006683349609375 -399.110931396484375 -419.546600341796875 -434.281280517578125 -446.016326904296875 -455.72528076171875 -464.633697509765625 -474.527862548828125 -484.934326171875 -494.033782958984375 -501.877532958984375 -508.185028076171875 -513.23077392578125 -517.23681640625 -521.73065185546875 -525.966064453125 -530.1595458984375 -533.33502197265625 -536.105712890625 -538.68499755859375 -541.9945068359375 -545.9801025390625 -550.90936279296875 -555.11309814453125 -558.514892578125 -559.7166748046875 -560.18743896484375 -560.633544921875 -561.6923828125 -563.28875732421875 -564.471435546875 -566.478759765625 -1e100 -1e100 -1e100
 -1e100 -1e100 -1e100 -1e100 -1e100 -1e100 -1e100 -1e100 -1e100 -1e100 -1e100 -1e100 -1e100 -1e100 -1e100 -1e100 -1e100 -1e100 -1e100 -1e100 -1e100 -1e100 -1e100 -1e100 -1e100 -1e100 -1e100 -1e100 -1e100 -1e100 -1e100 -1e100 -1e100 -1e100 -1e100 -1e100 -1e100   -260   -260   -260   -260   -260   -260   -260   -260   -260   -260   -260   -260   -260   -260   -260   -260   -260   -260   -260   -260   -260 -260.031707763671875 -260.15924072265625 -260.45263671875 -260.980010986328125 -261.746826171875 -262.72711181640625 -263.862823486328125 -265.089691162109375 -266.345062255859375 -267.627960205078125 -268.935699462890625 -270.26348876953125 -271.60430908203125 -272.948822021484375 -274.2860107421875 -275.603546142578125 -276.889251708984375 -278.1319580078125 -279.323638916015625 -280.46173095703125 -281.55181884765625 -282.6102294921875 -283.665740966796875 -284.75946044921875 -285.940887451171875 -287.25860595703125 -288.7449951171875 -290.402923583984375 -292.20574951171875 -294.119873046875 -296.147979736328125 -298.35003662109375 -300.778076171875 -303.4625244140625 -307.302642822265625 -315.800018310546875 -329.81658935546875 -347.901336669921875 -369.790283203125 -393.281158447265625 -413.120849609375 -428.4339599609375 -441.22247314453125 -451.943756103515625 -461.581146240234375 -471.844970703125 -482.377197265625 -491.9891357421875 -500.348052978515625 -507.644134521484375 -514.126220703125 -519.85345458984375 -525.32904052734375 -530.43505859375 -535.011474609375 -537.69903564453125 -539.74371337890625 -541.42999267578125 -1e100 -1e100 -1e100 -1e100 -1e100 -1e100 -1e100 -1e100 -1e100 -1e100 -1e100 -1e100 -1e100 -1e100 -1e100
 -1e100 -1e100 -1e100 -1e100 -1e100 -1e100 -1e100 -1e100 -1e100 -1e100 -1e100 -1e100 -1e100 -1e100 -1e100 -1e100 -1e100 -1e100 -1e100 -1e100 -1e100 -1e100 -1e100 -1e100 -1e100 -1e100 -1e100 -1e100 -1e100 -1e100 -1e100 -1e100 -1e100 -1e100 -1e100 -1e100 -1e100   -260   -260   -260   -260   -260   -260   -260   -260   -260   -260   -260   -260   -260   -260   -260   -260   -260   -260   -260   -260 -260.024993896484375 -260.12750244140625 -260.373077392578125 -260.83197021484375 -261.5302734375 -262.449676513671875 -263.544677734375 -264.757171630859375 -266.024169921875 -267.32647705078125 -268.66351318359375 -270.032745361328125 -271.42950439453125 -272.84686279296875 -274.275665283203125 -275.7047119140625 -277.121673583984375 -278.51397705078125 -279.8699951171875 -281.180419921875 -282.44073486328125 -283.653656005859375 -284.83172607421875 -285.99920654296875 -287.191925048828125 -288.45428466796875 -289.829559326171875 -291.34613037109375 -293.00543212890625 -294.784149169921875 -296.661346435546875 -298.6680908203125 -300.9146728515625 -303.505615234375 -306.469268798828125 -310.55828857421875 -318.072998046875 -329.81964111328125 -345.39141845703125 -364.6405029296875 -385.715423583984375 -404.8846435546875 -421.192138671875 -435.3565673828125 -447.5836181640625 -458.5438232421875 -469.525482177734375 -480.349517822265625 -490.270263671875 -499.0299072265625 -506.970428466796875 -514.371337890625 -521.31256103515625 -527.83648681640625 -533.869384765625 -539.008056640625 -542.337890625 -544.27392578125 -1e100 -1e100 -1e100 -1e100 -1e100 -1e100 -1e100 -1e100 -1e100 -1e100 -1e100 -1e100 -1e100 -1e100 -1e100 -1e100
 -1e100 -1e100 -1e100 -1e100 -1e100 -1e100 -1e100 -1e100 -1e100 -1e100 -1e100 -1e100 -1e100 -1e100 -1e100 -1e100 -1e100 -1e100 -1e100 -1e100 -1e100 -1e100 -1e100 -1e100 -1e100 -1e100 -1e100 -1e100 -1e100 -1e100 -1e100 -1e100 -1e100 -1e100 -1e100 -1e100   -260   -260   -260   -260   -260   -260   -260   -260   -260   -260   -260   -260   -260   -260   -260   -260   -260   -260   -260   -260 -260.0206298828125 -260.1114501953125 -260.3265380859375 -260.733154296875 -261.378448486328125 -262.24920654296875 -263.303955078125 -264.4971923828125 -265.770538330078125 -267.085845947265625 -268.444305419921875 -269.8455810546875 -271.2874755859375 -272.765533447265625 -274.273040771484375 -275.801025390625 -277.338409423828125 -278.8729248046875 -280.3917236328125 -281.88214111328125 -283.333526611328125 -284.738525390625 -286.095947265625 -287.412933349609375 -288.70684814453125 -290.005462646484375 -291.344146728515625 -292.75738525390625 -294.26641845703125 -295.870574951171875 -297.552734375 -299.308624267578125 -301.200439453125 -303.390960693359375 -306.0595703125 -309.31903076171875 -313.7310791015625 -320.4654541015625 -330.294403076171875 -343.89727783203125 -360.7962646484375 -379.598663330078125 -398.161407470703125 -415.394775390625 -430.652496337890625 -444.262176513671875 -456.574188232421875 -468.3544921875 -479.560028076171875 -489.739227294921875 -498.788330078125 -507.08917236328125 -514.86444091796875 -522.32122802734375 -529.56610107421875 -536.21307373046875 -541.8892822265625 -546.0323486328125 -548.516357421875 -1e100 -1e100 -1e100 -1e100 -1e100 -1e100 -1e100 -1e100 -1e100 -1e100 -1e100 -1e100 -1e100 -1e100 -1e100 -1e100
 -1e100 -1e100 -1e100 -1e100 -1e100 -1e100 -1e100 -1e100 -1e100 -1e100 -1e100 -1e100 -1e100 -1e100 -1e100 -1e100 -1e100 -1e100 -1e100 -1e100 -1e100 -1e100 -1e100 -1e100 -1e100 -1e100 -1e100 -1e100 -1e100 -1e100 -1e100 -1e100 -1e100 -1e100 -1e100   -260   -260   -260   -260   -260   -260   -260   -260   -260   -260   -260   -260   -260   -260   -260   -260   -260   -260   -260   -260 -260.018402099609375 -260.101837158203125 -260.301513671875 -260.673248291015625 -261.277801513671875 -262.1090087890625 -263.12908935546875 -264.296356201171875 -265.565185546875 -266.8853759765625 -268.25555419921875 -269.6773681640625 -271.150970458984375 -272.674560546875 -274.244171142578125 -275.853424072265625 -277.493743896484375 -279.154571533203125 -280.823760986328125 -282.48797607421875 -284.1337890625 -285.748626708984375 -287.322113037109375 -288.848236083984375 -290.327423095703125 -291.768035888671875 -293.18670654296875 -294.606048583984375 -296.047332763671875 -297.522369384765625 -299.029022216796875 -300.561004638671875 -302.137786865234375 -303.856292724609375 -305.925262451171875 -308.588623046875 -312.048095703125 -316.64068603515625 -323.027679443359375 -332.2498779296875 -345.364349365234375 -361.1246337890625 -378.7130126953125 -396.86578369140625 -414.158477783203125 -429.3580322265625 -443.413970947265625 -456.37432861328125 -468.56573486328125 -479.944427490234375 -490.207000732421875 -499.3885498046875 -507.73492431640625 -515.52349853515625 -523.13385009765625 -530.74029541015625 -537.7291259765625 -543.986572265625 -549.0826416015625 -552.6181640625 -554.85943603515625 -1e100 -1e100 -1e100 -1e100 -1e100 -1e100 -1e100 -1e100 -1e100 -1e100 -1e100 -1e100 -1e100 -1e100 -1e100
 -1e100 -1e100 -1e100 -1e100 -1e100 -1e100 -1e100 -1e100 -1e100 -1e100 -1e100 -1e100 -1e100 -1e100 -1e100 -1e100 -1e100 -1e100 -1e100 -1e100 -1e100 -1e100 -1e100 -1e100 -1e100 -1e100 -1e100 -1e100 -1e100 -1e100 -1e100 -1e100 -1e100 -1e100 -1e100   -260   -260   -260   -260   -260   -260   -260   -260   -260   -260   -260   -260   -260   -260   -260   -260   -260   -260   -260 -260.01812744140625 -260.09814453125 -260.288330078125 -260.641632080078125 -261.215789794921875 -262.014617919921875 -263.003631591796875 -264.1448974609375 -265.39654541015625 -266.712646484375 -268.0838623046875 -269.5135498046875 -271.003936767578125 -272.55584716796875 -274.168060302734375 -275.8372802734375 -277.557891845703125 -279.32208251953125 -281.119781494140625 -282.9390869140625 -284.76641845703125 -286.5875244140625 -288.387786865234375 -290.153839111328125 -291.8746337890625 -293.543121337890625 -295.156768798828125 -296.71820068359375 -298.2330322265625 -299.7054443359375 -301.13470458984375 -302.5186767578125 -303.86761474609375 -305.23345947265625 -306.75421142578125 -308.682037353515625 -311.313201904296875 -314.891082763671875 -319.6685791015625 -326.1661376953125 -335.796875 -349.576141357421875 -365.175872802734375 -382.161834716796875 -399.857818603515625 -416.481536865234375 -430.66668701171875 -444.383819580078125 -457.480377197265625 -469.742706298828125 -481.009613037109375 -491.094573974609375 -500.131988525390625 -508.3203125 -515.9483642578125 -523.6160888671875 -531.60272216796875 -539.11920166015625 -545.955810546875 -551.9208984375 -556.385498046875 -558.84149169921875 -1e100 -1e100 -1e100 -1e100 -1e100 -1e100 -1e100 -1e100 -1e100 -1e100 -1e100 -1e100 -1e100 -1e100 -1e100
 -1e100 -1e100 -1e100 -1e100 -1e100 -1e100 -1e100 -1e100 -1e100 -1e100 -1e100 -1e100 -1e100 -1e100 -1e100 -1e100 -1e100 -1e100 -1e100 -1e100 -1e100 -1e100 -1e100 -1e100 -1e100 -1e100 -1e100 -1e100 -1e100 -1e100 -1e100 -1e100 -1e100 -1e100 -1e100   -260   -260   -260   -260   -260   -260   -260   -260   -260   -260   -260   -260   -260   -260   -260   -260   -260   -260 -260.019622802734375 -260.099853515625 -260.286102294921875 -260.6282958984375 -261.18133544921875 -261.953948974609375 -262.914794921875 -264.029205322265625 -265.25909423828125 -266.5621337890625 -267.9237060546875 -269.348480224609375 -270.840484619140625 -272.402740478515625 -274.0367431640625 -275.7423095703125 -277.517059326171875 -279.356536865234375 -281.25384521484375 -283.199676513671875 -285.1822509765625 -287.187652587890625 -289.200775146484375 -291.20574951171875 -293.18682861328125 -295.128204345703125 -297.0145263671875 -298.83087158203125 -300.563140869140625 -302.196258544921875 -303.712493896484375 -305.096038818359375 -306.34552001953125 -307.4930419921875 -308.63128662109375 -309.947479248046875 -311.7388916015625 -314.348602294921875 -318.0562744140625 -323.08013916015625 -329.9415283203125 -340.14703369140625 -354.558013916015625 -370.313232421875 -387.050201416015625 -404.2982177734375 -420.226409912109375 -433.545440673828125 -446.71710205078125 -459.598358154296875 -471.741790771484375 -482.773956298828125 -492.45269775390625 -501.221588134765625 -509.091888427734375 -516.3443603515625 -523.96466064453125 -532.36309814453125 -540.380126953125 -547.90216064453125 -554.80780029296875 -560.4068603515625 -563.3209228515625 -565.69122314453125 -1e100 -1e100 -1e100 -1e100 -1e100 -1e100 -1e100 -1e100 -1e100 -1e100 -1e100 -1e100 -1e100 -1e100
 -1e100 -1e100 -1e100 -1e100 -1e100 -1e100 -1e100 -1e100 -1e100 -1e100 -1e100 -1e100 -1e100 -1e100 -1e100 -1e100 -1e100 -1e100 -1e100 -1e100 -1e100 -1e100 -1e100 -1e100 -1e100 -1e100 -1e100 -1e100 -1e100 -1e100 -1e100 -1e100 -1e100 -1e100 -1e100   -260   -260   -260   -260   -260   -260   -260   -260   -260   -260   -260   -260   -260   -260   -260   -260   -260 -260.0225830078125 -260.1063232421875 -260.29376220703125 -260.631805419921875 -261.172393798828125 -261.92486572265625 -262.860504150390625 -263.94775390625 -265.151611328125 -266.433441162109375 -267.77557373046875 -269.18359375 -270.66290283203125 -272.21826171875 -273.853607177734375 -275.571502685546875 -277.372894287109375 -279.256805419921875 -281.2200927734375 -283.25701904296875 -285.358917236328125 -287.513763427734375 -289.707275390625 -291.923614501953125 -294.14697265625 -296.3609619140625 -298.54608154296875 -300.677001953125 -302.7237548828125 -304.652587890625 -306.424346923828125 -307.9962158203125 -309.3349609375 -310.4412841796875 -311.373016357421875 -312.269378662109375 -313.3734130859375 -315.03289794921875 -317.63311767578125 -321.48223876953125 -326.783172607421875 -334.009613037109375 -344.623779296875 -359.383392333984375 -375.268951416015625 -391.882232666015625 -408.837493896484375 -424.354888916015625 -437.2001953125 -449.9532470703125 -462.539642333984375 -474.435455322265625 -485.06610107421875 -494.087646484375 -502.504425048828125 -510.022003173828125 -517.0238037109375 -524.66387939453125 -533.37744140625 -541.63031005859375 -549.81787109375 -557.60003662109375 -564.20587158203125 -567.52899169921875 -570.29437255859375 -1e100 -1e100 -1e100 -1e100 -1e100 -1e100 -1e100 -1e100 -1e100 -1e100 -1e100 -1e100 -1e100 -1e100
 -1e100 -1e100 -1e100 -1e100 -1e100 -1e100 -1e100 -1e100 -1e100 -1e100 -1e100 -1e100 -1e100 -1e100 -1e100 -1e100 -1e100 -1e100 -1e100 -1e100 -1e100 -1e100 -1e100 -1e100 -1e100 -1e100 -1e100 -1e100 -1e100 -1e100 -1e100 -1e100 -1e100 -1e100 -1e100   -260   -260   -260   -260   -260   -260   -260   -260   -260   -260   -260   -260   -260   -260   -260   -260 -260.0267333984375 -260.116790771484375 -260.30999755859375 -260.650421142578125 -261.18670654296875 -261.9254150390625 -262.839630126953125 -263.900238037109375 -265.0753173828125 -266.329345703125 -267.643798828125 -269.024932861328125 -270.478973388671875 -272.012237548828125 -273.630340576171875 -275.338287353515625 -277.13983154296875 -279.03741455078125 -281.0316162109375 -283.120819091796875 -285.300323486328125 -287.56146240234375 -289.891632080078125 -292.275360107421875 -294.69708251953125 -297.14349365234375 -299.60186767578125 -302.05059814453125 -304.450286865234375 -306.748382568359375 -308.886260986328125 -310.7982177734375 -312.4173583984375 -313.695343017578125 -314.63897705078125 -315.336181640625 -315.9742431640625 -316.85101318359375 -318.368743896484375 -320.955780029296875 -324.940338134765625 -330.50750732421875 -338.05804443359375 -348.90704345703125 -363.691925048828125 -379.5819091796875 -396.151611328125 -413.011810302734375 -428.470123291015625 -441.34393310546875 -453.9693603515625 -466.3021240234375 -477.8367919921875 -487.948760986328125 -496.33441162109375 -504.183685302734375 -511.21038818359375 -517.873291015625 -525.444580078125 -533.9036865234375 -542.1492919921875 -550.52490234375 -558.69476318359375 -565.5540771484375 -569.0115966796875 -570.12921142578125 -571.37469482421875 -1e100 -1e100 -1e100 -1e100 -1e100 -1e100 -1e100 -1e100 -1e100 -1e100 -1e100 -1e100 -1e100
 -1e100 -1e100 -1e100 -1e100 -1e100 -1e100 -1e100 -1e100 -1e100 -1e100 -1e100 -1e100 -1e100 -1e100 -1e100 -1e100 -1e100 -1e100 -1e100 -1e100 -1e100 -1e100 -1e100 -1e100 -1e100 -1e100 -1e100 -1e100 -1e100 -1e100 -1e100 -1e100 -1e100 -1e100 -1e100   -260   -260   -260   -260   -260   -260   -260   -260   -260   -260   -260   -260   -260   -260   -260 -260.031646728515625 -260.130096435546875 -260.3330078125 -260.68157958984375 -261.22137451171875 -261.952911376953125 -262.850341796875 -263.886474609375 -265.031707763671875 -266.25360107421875 -267.534515380859375 -268.88104248046875 -270.30010986328125 -271.798858642578125 -273.38427734375 -275.0631103515625 -276.8414306640625 -278.724456787109375 -280.716339111328125 -282.819366455078125 -285.03326416015625 -287.3538818359375 -289.771942138671875 -292.272705078125 -294.838623046875 -297.454803466796875 -300.11529541015625 -302.820465087890625 -305.552276611328125 -308.247222900390625 -310.813323974609375 -313.1539306640625 -315.171844482421875 -316.78729248046875 -317.95123291015625 -318.689483642578125 -319.128662109375 -319.501495361328125 -320.142608642578125 -321.503662109375 -324.058197021484375 -328.15667724609375 -333.986175537109375 -341.92230224609375 -352.903594970703125 -367.346832275390625 -383.175689697265625 -399.82989501953125 -416.74920654296875 -432.508758544921875 -446.049560546875 -458.86541748046875 -471.00836181640625 -482.122467041015625 -491.649444580078125 -499.479095458984375 -506.673858642578125 -513.09197998046875 -519.06036376953125 -525.96966552734375 -533.56829833984375 -541.2633056640625 -549.134033203125 -557.17950439453125 -564.3531494140625 -567.9794921875 -568.26812744140625 -569.33551025390625 -1e100 -1e100 -1e100 -1e100 -1e100 -1e100 -1e100 -1e100 -1e100 -1e100 -1e100 -1e100 -1e100
 -1e100 -1e100 -1e100 -1e100 -1e100 -1e100 -1e100 -1e100 -1e100 -1e100 -1e100 -1e100 -1e100 -1e100 -1e100 -1e100 -1e100 -1e100 -1e100 -1e100 -1e100 -1e100 -1e100 -1e100 -1e100 -1e100 -1e100 -1e100 -1e100 -1e100 -1e100 -1e100 -1e100 -1e100 -1e100   -260   -260   -260   -260   -260   -260   -260   -260   -260   -260   -260   -260   -260   -260 -260.03692626953125 -260.14508056640625 -260.36053466796875 -260.722076416015625 -261.27227783203125 -262.0032958984375 -262.8895263671875 -263.90472412109375 -265.021240234375 -266.209075927734375 -267.453094482421875 -268.760223388671875 -270.137725830078125 -271.593231201171875 -273.134490966796875 -274.769439697265625 -276.5057373046875 -278.350830078125 -280.3116455078125 -282.39398193359375 -284.60174560546875 -286.93585205078125 -289.3919677734375 -291.95880126953125 -294.617645263671875 -297.34613037109375 -300.1285400390625 -302.97119140625 -305.906585693359375 -308.938720703125 -311.964080810546875 -314.821319580078125 -317.3477783203125 -319.40008544921875 -320.9141845703125 -321.871612548828125 -322.34423828125 -322.513641357421875 -322.6513671875 -323.072967529296875 -324.259857177734375 -326.732147216796875 -330.869171142578125 -336.894927978515625 -345.167144775390625 -356.228271484375 -370.200439453125 -386.051849365234375 -403.053192138671875 -420.371612548828125 -436.814910888671875 -451.496612548828125 -464.745635986328125 -476.6971435546875 -487.2977294921875 -496.207183837890625 -503.409637451171875 -509.7342529296875 -515.20147705078125 -520.120849609375 -525.7908935546875 -532.064208984375 -538.774658203125 -545.971923828125 -553.62127685546875 -560.80615234375 -564.78594970703125 -565.0306396484375 -565.064208984375 -563.75128173828125 -1e100 -1e100 -1e100 -1e100 -1e100 -1e100 -1e100 -1e100 -1e100 -1e100 -1e100 -1e100
 -1e100 -1e100 -1e100 -1e100 -1e100 -1e100 -1e100 -1e100 -1e100 -1e100 -1e100 -1e100 -1e100 -1e100 -1e100 -1e100 -1e100 -1e100 -1e100 -1e100 -1e100 -1e100 -1e100 -1e100 -1e100 -1e100 -1e100 -1e100 -1e100 -1e100 -1e100 -1e100 -1e100 -1e100   -260   -260   -260   -260   -260   -260   -260   -260   -260   -260   -260   -260   -260 -260.003082275390625 -260.045074462890625 -260.163360595703125 -260.393035888671875 -260.77099609375 -261.3341064453125 -262.0709228515625 -262.951934814453125 -263.95111083984375 -265.041961669921875 -266.196319580078125 -267.4029541015625 -268.668914794921875 -270.001556396484375 -271.408782958984375 -272.89874267578125 -274.47991943359375 -276.161041259765625 -277.950958251953125 -279.85845947265625 -281.89208984375 -284.059326171875 -286.36572265625 -288.81268310546875 -291.39520263671875 -294.098724365234375 -296.89776611328125 -299.7603759765625 -302.662078857421875 -305.61724853515625 -308.71502685546875 -312.03192138671875 -315.407012939453125 -318.5833740234375 -321.2821044921875 -323.2772216796875 -324.584075927734375 -325.25982666015625 -325.445770263671875 -325.410125732421875 -325.463623046875 -325.74884033203125 -326.73944091796875 -329.0137939453125 -332.9971923828125 -338.957305908203125 -347.253631591796875 -358.29962158203125 -372.18475341796875 -388.38494873046875 -406.125396728515625 -424.387542724609375 -441.917083740234375 -457.6859130859375 -471.367706298828125 -482.990264892578125 -492.614501953125 -500.1629638671875 -505.9989013671875 -510.9847412109375 -515.39886474609375 -519.42852783203125 -524.2620849609375 -529.45196533203125 -535.24237060546875 -541.66229248046875 -548.7847900390625 -555.43341064453125 -560.03546142578125 -560.94940185546875 -561.5865478515625 -560.86859130859375 -1e100 -1e100 -1e100 -1e100 -1e100 -1e100 -1e100 -1e100 -1e100 -1e100 -1e100 -1e100
 -1e100 -1e100 -1e100 -1e100 -1e100 -1e100 -1e100 -1e100 -1e100 -1e100 -1e100 -1e100 -1e100 -1e100 -1e100 -1e100 -1e100 -1e100 -1e100 -1e100 -1e100 -1e100 -1e100 -1e100 -1e100 -1e100 -1e100 -1e100 -1e100 -1e100 -1e100 -1e100 -1e100   -260   -260   -260   -260   -260   -260   -260   -260   -260   -260   -260   -260   -260 -260.007293701171875 -260.056793212890625 -260.1846923828125 -260.428802490234375 -260.824951171875 -261.4036865234375 -262.148590087890625 -263.030426025390625 -264.0194091796875 -265.0892333984375 -266.212921142578125 -267.384185791015625 -268.610015869140625 -269.897857666015625 -271.255462646484375 -272.691192626953125 -274.21368408203125 -275.832122802734375 -277.5560302734375 -279.395355224609375 -281.360382080078125 -283.46112060546875 -285.706756591796875 -288.104034423828125 -290.6549072265625 -293.3531494140625 -296.180145263671875 -299.102142333984375 -302.072174072265625 -305.042510986328125 -308.001068115234375 -311.101959228515625 -314.547760009765625 -318.090911865234375 -321.4674072265625 -324.307708740234375 -326.124267578125 -327.2049560546875 -327.758331298828125 -327.898193359375 -327.91546630859375 -328.331024169921875 -328.75311279296875 -329.571319580078125 -331.4520263671875 -334.949127197265625 -340.363006591796875 -348.258544921875 -359.17034912109375 -373.2581787109375 -390.24078369140625 -409.243988037109375 -428.9715576171875 -447.878936767578125 -464.672943115234375 -478.620086669921875 -489.66046142578125 -497.96148681640625 -503.783721923828125 -508.1536865234375 -511.71368408203125 -515.1263427734375 -518.6099853515625 -523.01068115234375 -527.39263916015625 -532.40789794921875 -538.00927734375 -544.2572021484375 -550.15447998046875 -554.99041748046875 -556.939697265625 -558.67315673828125 -559.6319580078125 -558.66815185546875 -1e100 -1e100 -1e100 -1e100 -1e100 -1e100 -1e100 -1e100 -1e100 -1e100 -1e100
 -1e100 -1e100 -1e100 -1e100 -1e100 -1e100 -1e100 -1e100 -1e100 -1e100 -1e100 -1e100 -1e100 -1e100 -1e100 -1e100 -1e100 -1e100 -1e100 -1e100 -1e100 -1e100 -1e100 -1e100 -1e100 -1e100 -1e100 -1e100 -1e100 -1e100 -1e100 -1e100 -1e100   -260   -260   -260   -260   -260   -260   -260   -260   -260   -260   -260   -260 -260.0101318359375 -260.067169189453125 -260.206207275390625 -260.463623046875 -260.87786865234375 -261.475250244140625 -262.23114013671875 -263.11614990234375 -264.1009521484375 -265.15557861328125 -266.2532958984375 -267.39324951171875 -268.58245849609375 -269.82818603515625 -271.138153076171875 -272.520477294921875 -273.983795166015625 -275.537261962890625 -277.190643310546875 -278.954132080078125 -280.83892822265625 -282.856536865234375 -285.018524169921875 -287.335540771484375 -289.8154296875 -292.460540771484375 -295.263519287109375 -298.2022705078125 -301.23577880859375 -304.303314208984375 -307.332855224609375 -310.279754638671875 -313.167022705078125 -316.10650634765625 -318.73150634765625 -321.80169677734375 -324.527191162109375 -325.89971923828125 -327.17919921875 -328.6666259765625 -329.39288330078125 -330.033355712890625 -331.771331787109375 -332.891998291015625 -333.757232666015625 -335.1441650390625 -337.73016357421875 -341.873504638671875 -348.710418701171875 -359.174835205078125 -373.5684814453125 -391.733001708984375 -412.496917724609375 -434.14227294921875 -454.5948486328125 -472.2591552734375 -486.152313232421875 -496.339599609375 -503.190887451171875 -507.105194091796875 -509.80340576171875 -512.0289306640625 -514.61456298828125 -517.70849609375 -522.16143798828125 -526.66583251953125 -531.55157470703125 -536.95001220703125 -542.62445068359375 -547.996337890625 -552.54412841796875 -555.7933349609375 -558.3125 -560.7706298828125 -561.4437255859375 -1e100 -1e100 -1e100 -1e100 -1e100 -1e100 -1e100 -1e100 -1e100 -1e100 -1e100
 -1e100 -1e100 -1e100 -1e100 -1e100 -1e100 -1e100 -1e100 -1e100 -1e100 -1e100 -1e100 -1e100 -1e100 -1e100 -1e100 -1e100 -1e100 -1e100 -1e100 -1e100 -1e100 -1e100 -1e100 -1e100 -1e100 -1e100 -1e100 -1e100 -1e100 -1e100 -1e100 -1e100   -260   -260   -260   -260   -260   -260   -260   -260   -260   -260   -260 -260.01116943359375 -260.07281494140625 -260.2216796875 -260.492889404296875 -260.92327880859375 -261.540496826171875 -262.3109130859375 -263.202423095703125 -264.185760498046875 -265.231414794921875 -266.3092041015625 -267.423553466796875 -268.58135986328125 -269.789825439453125 -271.0565185546875 -272.389312744140625 -273.796539306640625 -275.287139892578125 -276.87054443359375 -278.557037353515625 -280.35760498046875 -282.284332275390625 -284.350006103515625 -286.567626953125 -288.948974609375 -291.50299072265625 -294.23248291015625 -297.129425048828125 -300.168975830078125 -303.303955078125 -306.463043212890625 -309.561279296875 -312.529541015625 -315.34442138671875 -318.073150634765625 -319.790435791015625 -321.905029296875 -323.799957275390625 -324.5328369140625 -325.390777587890625 -327.29180908203125 -329.226654052734375 -331.45330810546875 -335.265380859375 -338.06903076171875 -339.924713134765625 -341.0692138671875 -342.5250244140625 -344.5933837890625 -349.5255126953125 -359.16375732421875 -373.7596435546875 -393.33831787109375 -416.152435302734375 -439.8773193359375 -461.6527099609375 -479.81427001953125 -493.171356201171875 -502.2752685546875 -507.8729248046875 -510.260498046875 -511.13433837890625 -512.05352783203125 -513.71661376953125 -516.44287109375 -521.15234375 -526.73431396484375 -532.36602783203125 -538.30462646484375 -543.92236328125 -548.984619140625 -553.116943359375 -556.7413330078125 -559.49444580078125 -562.533203125 -564.62005615234375 -566.89947509765625 -1e100 -1e100 -1e100 -1e100 -1e100 -1e100 -1e100 -1e100 -1e100 -1e100
 -1e100 -1e100 -1e100 -1e100 -1e100 -1e100 -1e100 -1e100 -1e100 -1e100 -1e100 -1e100 -1e100 -1e100 -1e100 -1e100 -1e100 -1e100 -1e100 -1e100 -1e100 -1e100 -1e100 -1e100 -1e100 -1e100 -1e100 -1e100 -1e100 -1e100 -1e100 -1e100 -1e100   -260   -260   -260   -260   -260   -260   -260   -260   -260   -260 -260.010040283203125 -260.072509765625 -260.22650146484375 -260.508697509765625 -260.95440673828125 -261.5906982421875 -262.37774658203125 -263.28009033203125 -264.265838623046875 -265.305755615234375 -266.370269775390625 -267.46563720703125 -268.59857177734375 -269.776123046875 -271.005645751953125 -272.2947998046875 -273.651580810546875 -275.084503173828125 -276.602630615234375 -278.2156982421875 -279.934234619140625 -281.769989013671875 -283.735870361328125 -285.845672607421875 -288.113525390625 -290.552337646484375 -293.17205810546875 -295.97607421875 -298.95623779296875 -302.08575439453125 -305.312042236328125 -308.552978515625 -311.706268310546875 -314.6766357421875 -317.413970947265625 -319.93804931640625 -320.891082763671875 -321.93292236328125 -322.8616943359375 -323.01934814453125 -323.301239013671875 -325.479156494140625 -328.46844482421875 -332.275115966796875 -338.805938720703125 -343.95367431640625 -347.340423583984375 -348.94464111328125 -349.722808837890625 -349.3819580078125 -352.3388671875 -361.050079345703125 -375.73590087890625 -396.468353271484375 -420.744110107421875 -445.733154296875 -467.93695068359375 -485.853271484375 -498.2626953125 -506.182647705078125 -510.549713134765625 -511.5565185546875 -511.01202392578125 -511.11846923828125 -512.3099365234375 -515.19049072265625 -520.77520751953125 -527.61639404296875 -534.1617431640625 -540.87548828125 -546.691650390625 -551.54376220703125 -555.3939208984375 -558.98651123046875 -562.1546630859375 -565.43560791015625 -568.42547607421875 -571.16845703125 -1e100 -1e100 -1e100 -1e100 -1e100 -1e100 -1e100 -1e100 -1e100 -1e100
 -1e100 -1e100 -1e100 -1e100 -1e100 -1e100 -1e100 -1e100 -1e100 -1e100 -1e100 -1e100 -1e100 -1e100 -1e100 -1e100 -1e100 -1e100 -1e100 -1e100 -1e100 -1e100 -1e100 -1e100 -1e100 -1e100 -1e100 -1e100 -1e100 -1e100 -1e100 -1e100 -1e100   -260   -260   -260   -260   -260   -260   -260   -260   -260 -260.006439208984375 -260.065277099609375 -260.218505859375 -260.505035400390625 -260.961578369140625 -261.61407470703125 -262.418182373046875 -263.334564208984375 -264.3280029296875 -265.366912841796875 -266.425048828125 -267.50848388671875 -268.62359619140625 -269.77734375 -270.976837158203125 -272.229522705078125 -273.5430908203125 -274.9256591796875 -276.385650634765625 -277.9322509765625 -279.575286865234375 -281.325653076171875 -283.19549560546875 -285.198272705078125 -287.3485107421875 -289.661285400390625 -292.1505126953125 -294.8270263671875 -297.69525146484375 -300.74737548828125 -303.9552001953125 -307.26129150390625 -310.572021484375 -313.76263427734375 -316.68988037109375 -319.236053466796875 -321.378448486328125 -321.8470458984375 -322.051422119140625 -321.953369140625 -321.667022705078125 -321.61053466796875 -323.740478515625 -327.205352783203125 -332.136474609375 -340.524810791015625 -347.597259521484375 -352.8687744140625 -355.722076416015625 -356.812469482421875 -356.074127197265625 -358.594970703125 -366.789520263671875 -381.5093994140625 -402.7989501953125 -426.8831787109375 -451.358856201171875 -472.680908203125 -489.451202392578125 -500.603240966796875 -507.372161865234375 -510.71856689453125 -511.0068359375 -510.011749267578125 -509.9208984375 -511.16583251953125 -514.5439453125 -520.8590087890625 -528.7567138671875 -536.2606201171875 -543.7945556640625 -549.99298095703125 -554.858154296875 -558.3487548828125 -561.568359375 -564.3983154296875 -567.6441650390625 -570.8408203125 -574.038818359375 -576.60821533203125 -1e100 -1e100 -1e100 -1e100 -1e100 -1e100 -1e100 -1e100 -1e100
 -1e100 -1e100 -1e100 -1e100 -1e100 -1e100 -1e100 -1e100 -1e100 -1e100 -1e100 -1e100 -1e100 -1e100 -1e100 -1e100 -1e100 -1e100 -1e100 -1e100 -1e100 -1e100 -1e100 -1e100 -1e100 -1e100 -1e100 -1e100 -1e100 -1e100 -1e100 -1e100 -1e100   -260   -260   -260   -260   -260   -260   -260   -260 -260.0001220703125 -260.050201416015625 -260.19573974609375 -260.478485107421875 -260.93719482421875 -261.601104736328125 -262.42108154296875 -263.353424072265625 -264.35906982421875 -265.403289794921875 -266.461761474609375 -267.540252685546875 -268.644927978515625 -269.782257080078125 -270.95928955078125 -272.183135986328125 -273.461456298828125 -274.801788330078125 -276.2122802734375 -277.7012939453125 -279.277923583984375 -280.95196533203125 -282.734375 -284.637451171875 -286.67498779296875 -288.861907958984375 -291.2137451171875 -293.74530029296875 -296.468719482421875 -299.38946533203125 -302.500732421875 -305.77362060546875 -309.147003173828125 -312.519622802734375 -315.753173828125 -318.691986083984375 -321.169464111328125 -322.9371337890625 -322.773712158203125 -322.367950439453125 -321.268951416015625 -320.526763916015625 -320.400360107421875 -322.568328857421875 -326.16021728515625 -331.690887451171875 -340.5809326171875 -348.73663330078125 -356.094451904296875 -360.521575927734375 -362.779876708984375 -363.7279052734375 -367.387115478515625 -375.60675048828125 -390.378509521484375 -411.499755859375 -433.92352294921875 -456.179718017578125 -475.313201904296875 -490.20928955078125 -500.041748046875 -506.0601806640625 -509.094329833984375 -509.55548095703125 -508.787200927734375 -508.804412841796875 -510.282958984375 -513.856689453125 -520.4010009765625 -529.1014404296875 -537.65618896484375 -546.03704833984375 -552.84161376953125 -557.96881103515625 -561.2283935546875 -563.850830078125 -566.1007080078125 -568.91058349609375 -572.0867919921875 -575.28936767578125 -577.57012939453125 -1e100 -1e100 -1e100 -1e100 -1e100 -1e100 -1e100 -1e100 -1e100
 -1e100 -1e100 -1e100 -1e100 -1e100 -1e100 -1e100 -1e100 -1e100 -1e100 -1e100 -1e100 -1e100 -1e100 -1e100 -1e100 -1e100 -1e100 -1e100 -1e100 -1e100 -1e100 -1e100 -1e100 -1e100 -1e100 -1e100 -1e100 -1e100 -1e100 -1e100 -1e100 -1e100   -260   -260   -260   -260   -260   -260   -260   -260 -260.0357666015625 -260.165863037109375 -260.435302734375 -260.8856201171875 -261.54522705078125 -262.378326416015625 -263.327239990234375 -264.348663330078125 -265.40411376953125 -266.46923828125 -267.549407958984375 -268.650482177734375 -269.77874755859375 -270.9407958984375 -272.1436767578125 -273.3946533203125 -274.701263427734375 -276.071014404296875 -277.511962890625 -279.032318115234375 -280.640869140625 -282.3472900390625 -284.16229248046875 -286.097900390625 -288.16748046875 -290.385986328125 -292.769287109375 -295.33319091796875 -298.09130859375 -301.0511474609375 -304.20672607421875 -307.527923583984375 -310.9490966796875 -314.36376953125 -317.63330078125 -320.6173095703125 -323.274017333984375 -325.170166015625 -325.33953857421875 -324.700347900390625 -323.291534423828125 -322.140869140625 -321.541473388671875 -323.21209716796875 -326.6229248046875 -331.723236083984375 -339.82684326171875 -347.608428955078125 -355.198822021484375 -360.6163330078125 -365.07843017578125 -369.369049072265625 -376.34735107421875 -386.479339599609375 -401.74237060546875 -421.446044921875 -440.851806640625 -459.420074462890625 -475.40020751953125 -488.153411865234375 -496.967864990234375 -502.8031005859375 -506.155029296875 -507.347076416015625 -507.31097412109375 -507.790191650390625 -509.451629638671875 -513.141845703125 -519.55938720703125 -528.5042724609375 -537.68206787109375 -546.79779052734375 -554.4144287109375 -560.37286376953125 -563.79248046875 -565.94775390625 -567.7401123046875 -569.94482421875 -572.9371337890625 -576.2470703125 -578.46734619140625 -580.553955078125 -1e100 -1e100 -1e100 -1e100 -1e100 -1e100 -1e100 -1e100
 -1e100 -1e100 -1e100 -1e100 -1e100 -1e100 -1e100 -1e100 -1e100 -1e100 -1e100 -1e100 -1e100 -1e100 -1e100 -1e100 -1e100 -1e100 -1e100 -1e100 -1e100 -1e100 -1e100 -1e100 -1e100 -1e100 -1e100 -1e100 -1e100 -1e100 -1e100 -1e100   -260   -260   -260   -260   -260   -260   -260   -260 -260.024688720703125 -260.130859375 -260.376434326171875 -260.806243896484375 -261.4501953125 -262.282958984375 -263.24774169921875 -264.287506103515625 -265.359619140625 -266.4371337890625 -267.525146484375 -268.629180908203125 -269.755126953125 -270.909423828125 -272.098724365234375 -273.330169677734375 -274.61102294921875 -275.94873046875 -277.35076904296875 -278.824920654296875 -280.37908935546875 -282.02178955078125 -283.7620849609375 -285.609893798828125 -287.576324462890625 -289.67388916015625 -291.91668701171875 -294.3209228515625 -296.903778076171875 -299.681549072265625 -302.664581298828125 -305.848419189453125 -309.199615478515625 -312.643035888671875 -316.059600830078125 -319.2945556640625 -322.179290771484375 -324.812255859375 -326.34942626953125 -326.5736083984375 -326.41436767578125 -325.31939697265625 -324.3304443359375 -324.150360107421875 -326.254608154296875 -328.8201904296875 -332.74542236328125 -339.168670654296875 -345.825592041015625 -352.80938720703125 -359.36090087890625 -366.769805908203125 -375.580322265625 -386.495147705078125 -398.891632080078125 -414.28082275390625 -431.602691650390625 -446.824310302734375 -461.060394287109375 -473.512725830078125 -484.2601318359375 -492.499603271484375 -498.538177490234375 -502.090362548828125 -503.933837890625 -504.768463134765625 -505.6666259765625 -507.710052490234375 -512.02093505859375 -518.60107421875 -527.63409423828125 -537.2679443359375 -546.9647216796875 -555.29986572265625 -561.961181640625 -565.54534912109375 -567.6363525390625 -569.23260498046875 -571.16424560546875 -573.79901123046875 -576.84454345703125 -578.9771728515625 -581.04681396484375 -1e100 -1e100 -1e100 -1e100 -1e100 -1e100 -1e100 -1e100
 -1e100 -1e100 -1e100 -1e100 -1e100 -1e100 -1e100 -1e100 -1e100 -1e100 -1e100 -1e100 -1e100 -1e100 -1e100 -1e100 -1e100 -1e100 -1e100 -1e100 -1e100 -1e100 -1e100 -1e100 -1e100 -1e100 -1e100 -1e100 -1e100 -1e100 -1e100   -260   -260   -260   -260   -260   -260   -260   -260 -260.01055908203125 -260.092926025390625 -260.30328369140625 -260.699127197265625 -261.3148193359375 -262.138427734375 -263.10809326171875 -264.1678466796875 -265.261322021484375 -266.356353759765625 -267.457672119140625 -268.570556640625 -269.7005615234375 -270.85369873046875 -272.036468505859375 -273.25567626953125 -274.51837158203125 -275.8319091796875 -277.203643798828125 -278.64093017578125 -280.151123046875 -281.741790771484375 -283.42071533203125 -285.19598388671875 -287.07611083984375 -289.070343017578125 -291.189208984375 -293.445770263671875 -295.85662841796875 -298.441314697265625 -301.220306396484375 -304.208526611328125 -307.404571533203125 -310.769989013671875 -314.21356201171875 -317.5963134765625 -320.7503662109375 -323.53302001953125 -326.0208740234375 -327.3280029296875 -327.6041259765625 -327.912689208984375 -327.23944091796875 -326.2967529296875 -326.65240478515625 -329.2799072265625 -331.269134521484375 -333.997650146484375 -338.212921142578125 -343.033660888671875 -348.6817626953125 -357.093170166015625 -368.694488525390625 -383.244659423828125 -399.236419677734375 -415.662139892578125 -430.454345703125 -443.98675537109375 -454.65155029296875 -464.101715087890625 -472.13531494140625 -480.83160400390625 -488.8067626953125 -495.169952392578125 -498.912384033203125 -501.22503662109375 -502.6551513671875 -503.724151611328125 -506.176025390625 -510.974700927734375 -517.7449951171875 -526.6473388671875 -536.19970703125 -545.94927978515625 -554.87384033203125 -562.194580078125 -566.4324951171875 -569.298583984375 -571.28289794921875 -573.056396484375 -575.09613037109375 -577.76025390625 -579.52764892578125 -581.09625244140625 -1e100 -1e100 -1e100 -1e100 -1e100 -1e100 -1e100 -1e100
 -1e100 -1e100 -1e100 -1e100 -1e100 -1e100 -1e100 -1e100 -1e100 -1e100 -1e100 -1e100 -1e100 -1e100 -1e100 -1e100 -1e100 -1e100 -1e100 -1e100 -1e100 -1e100 -1e100 -1e100 -1e100 -1e100 -1e100 -1e100 -1e100 -1e100 -1e100   -260   -260   -260   -260   -260   -260   -260   -260 -260.0523681640625 -260.2244873046875 -260.572021484375 -261.1456298828125 -261.943389892578125 -262.91192626953125 -263.983184814453125 -265.102020263671875 -266.21905517578125 -267.3387451171875 -268.4656982421875 -269.6053466796875 -270.763427734375 -271.946014404296875 -273.15966796875 -274.411346435546875 -275.70806884765625 -277.05718994140625 -278.46588134765625 -279.941314697265625 -281.490478515625 -283.1202392578125 -284.837310791015625 -286.648193359375 -288.55889892578125 -290.575775146484375 -292.70654296875 -294.962890625 -297.362762451171875 -299.930084228515625 -302.69061279296875 -305.665130615234375 -308.858306884765625 -312.228759765625 -315.665435791015625 -319.00128173828125 -322.07147216796875 -324.82562255859375 -327.151275634765625 -328.133270263671875 -328.075469970703125 -328.5164794921875 -328.404266357421875 -327.668060302734375 -328.48968505859375 -331.64605712890625 -333.5992431640625 -335.488250732421875 -338.095245361328125 -341.545196533203125 -346.482696533203125 -357.120361328125 -371.45257568359375 -389.26605224609375 -409.490142822265625 -429.0955810546875 -444.25518798828125 -456.470306396484375 -465.4530029296875 -471.484649658203125 -476.3089599609375 -481.80340576171875 -488.151885986328125 -493.6441650390625 -497.49200439453125 -500.2265625 -502.175872802734375 -503.481658935546875 -506.241363525390625 -510.728759765625 -517.2200927734375 -525.46173095703125 -534.40655517578125 -543.880126953125 -553.25201416015625 -561.52215576171875 -566.90399169921875 -570.82696533203125 -573.21014404296875 -574.67205810546875 -575.9036865234375 -577.75372314453125 -579.1827392578125 -1e100 -1e100 -1e100 -1e100 -1e100 -1e100 -1e100 -1e100 -1e100
 -1e100 -1e100 -1e100 -1e100 -1e100 -1e100 -1e100 -1e100 -1e100 -1e100 -1e100 -1e100 -1e100 -1e100 -1e100 -1e100 -1e100 -1e100 -1e100 -1e100 -1e100 -1e100 -1e100 -1e100 -1e100 -1e100 -1e100 -1e100 -1e100 -1e100 -1e100   -260   -260   -260   -260   -260   -260   -260 -260.022674560546875 -260.147186279296875 -260.440338134765625 -260.957183837890625 -261.704559326171875 -262.6580810546875 -263.73760986328125 -264.876068115234375 -266.018951416015625 -267.161163330078125 -268.3070068359375 -269.46136474609375 -270.6297607421875 -271.817901611328125 -273.032196044921875 -274.279144287109375 -275.565826416015625 -276.8992919921875 -278.28680419921875 -279.735443115234375 -281.25201416015625 -282.843048095703125 -284.514434814453125 -286.27130126953125 -288.11749267578125 -290.055816650390625 -292.0882568359375 -294.2191162109375 -296.459136962890625 -298.830169677734375 -301.3638916015625 -304.092559814453125 -307.0389404296875 -310.216217041015625 -313.5853271484375 -317.016204833984375 -320.303466796875 -323.2586669921875 -326.089935302734375 -328.132293701171875 -328.87249755859375 -328.848236083984375 -329.3018798828125 -329.4375 -329.173431396484375 -330.163665771484375 -333.255584716796875 -335.32928466796875 -336.871124267578125 -338.958251953125 -341.733673095703125 -346.96722412109375 -358.634063720703125 -373.840301513671875 -392.596588134765625 -414.935821533203125 -436.13043212890625 -452.234771728515625 -464.90692138671875 -473.99725341796875 -478.969879150390625 -481.9600830078125 -485.212615966796875 -489.406402587890625 -493.66943359375 -497.036865234375 -499.7861328125 -501.997894287109375 -503.3875732421875 -506.168060302734375 -510.614105224609375 -516.9818115234375 -524.91766357421875 -533.5474853515625 -542.92425537109375 -553.62310791015625 -562.91046142578125 -568.93280029296875 -573.02044677734375 -575.1920166015625 -576.34429931640625 -576.969482421875 -577.99383544921875 -579.14495849609375 -1e100 -1e100 -1e100 -1e100 -1e100 -1e100 -1e100 -1e100 -1e100
 -1e100 -1e100 -1e100 -1e100 -1e100 -1e100 -1e100 -1e100 -1e100 -1e100 -1e100 -1e100 -1e100 -1e100 -1e100 -1e100 -1e100 -1e100 -1e100 -1e100 -1e100 -1e100 -1e100 -1e100 -1e100 -1e100 -1e100 -1e100 -1e100 -1e100 -1e100   -260   -260   -260   -260   -260   -260 -260.000274658203125 -260.074249267578125 -260.30047607421875 -260.74517822265625 -261.42724609375 -262.344268798828125 -263.42132568359375 -264.579010009765625 -265.751068115234375 -266.919464111328125 -268.088226318359375 -269.2618408203125 -270.445343017578125 -271.644287109375 -272.8646240234375 -274.11273193359375 -275.39532470703125 -276.719482421875 -278.09234619140625 -279.52105712890625 -281.0125732421875 -282.573394775390625 -284.209228515625 -285.92462158203125 -287.722503662109375 -289.603302001953125 -291.565185546875 -293.6051025390625 -295.723175048828125 -297.93084716796875 -300.2591552734375 -302.755767822265625 -305.46221923828125 -308.38665771484375 -311.5452880859375 -314.908447265625 -318.34637451171875 -321.6519775390625 -324.69366455078125 -327.71429443359375 -329.569732666015625 -330.198699951171875 -330.167938232421875 -330.44879150390625 -330.210906982421875 -330.514251708984375 -331.587432861328125 -333.943115234375 -335.5955810546875 -337.17437744140625 -339.000030517578125 -342.3720703125 -348.89581298828125 -361.942230224609375 -377.402252197265625 -395.91387939453125 -417.813018798828125 -439.28765869140625 -456.39703369140625 -470.506744384765625 -480.858673095703125 -486.418487548828125 -488.84527587890625 -490.130828857421875 -492.25616455078125 -494.93109130859375 -497.182342529296875 -1e100 -1e100 -502.736846923828125 -505.651458740234375 -510.282012939453125 -516.72705078125 -524.5396728515625 -532.85052490234375 -541.90802001953125 -553.03216552734375 -562.56683349609375 -569.1568603515625 -573.93829345703125 -576.4564208984375 -577.73040771484375 -578.15728759765625 -578.304443359375 -1e100 -1e100 -1e100 -1e100 -1e100 -1e100 -1e100 -1e100 -1e100 -1e100
 -1e100 -1e100 -1e100 -1e100 -1e100 -1e100 -1e100 -1e100 -1e100 -1e100 -1e100 -1e100 -1e100 -1e100 -1e100 -1e100 -1e100 -1e100 -1e100 -1e100 -1e100 -1e100 -1e100 -1e100 -1e100 -1e100 -1e100 -1e100 -1e100 -1e100 -1e100   -260   -260   -260   -260   -260   -260 -260.027496337890625 -260.1806640625 -260.537445068359375 -261.1387939453125 -261.98223876953125 -263.038421630859375 -264.207733154296875 -265.41168212890625 -266.60943603515625 -267.804595947265625 -269.0013427734375 -270.2042236328125 -271.41851806640625 -272.6497802734375 -273.904205322265625 -275.188232421875 -276.508697509765625 -277.872772216796875 -279.28765869140625 -280.760467529296875 -282.2979736328125 -283.9061279296875 -285.589752197265625 -287.351654052734375 -289.19171142578125 -291.106292724609375 -293.0880126953125 -295.127655029296875 -297.22088623046875 -299.381591796875 -301.658111572265625 -304.1324462890625 -306.87091064453125 -309.834869384765625 -313.00469970703125 -316.338348388671875 -319.7198486328125 -322.93511962890625 -325.9764404296875 -329.30487060546875 -330.674224853515625 -331.250823974609375 -331.5457763671875 -331.658447265625 -330.9884033203125 -331.612274169921875 -332.644012451171875 -333.891510009765625 -335.2061767578125 -336.615325927734375 -338.64105224609375 -342.6368408203125 -350.43829345703125 -364.359283447265625 -379.5740966796875 -397.17742919921875 -418.404296875 -439.892303466796875 -457.985260009765625 -473.79229736328125 -486.068603515625 -492.520233154296875 -494.77191162109375 -494.4324951171875 -495.11761474609375 -496.4140625 -1e100 -1e100 -1e100 -1e100 -1e100 -1e100 -1e100 -1e100 -1e100 -1e100 -1e100 -1e100 -569.36175537109375 -574.91998291015625 -577.6937255859375 -579.0118408203125 -579.17987060546875 -1e100 -1e100 -1e100 -1e100 -1e100 -1e100 -1e100 -1e100 -1e100 -1e100 -1e100
 -1e100 -1e100 -1e100 -1e100 -1e100 -1e100 -1e100 -1e100 -1e100 -1e100 -1e100 -1e100 -1e100 -1e100 -1e100 -1e100 -1e100 -1e100 -1e100 -1e100 -1e100 -1e100 -1e100 -1e100 -1e100 -1e100 -1e100 -1e100 -1e100 -1e100 -1e100   -260   -260   -260   -260   -260   -260 -260.080902099609375 -260.340423583984375 -260.845306396484375 -261.599609375 -262.6009521484375 -263.76666259765625 -264.99798583984375 -266.227783203125 -267.452423095703125 -268.675689697265625 -269.901763916015625 -271.13543701171875 -272.382080078125 -273.647369384765625 -274.93768310546875 -276.259613037109375 -277.6201171875 -279.0264892578125 -280.48602294921875 -282.005828857421875 -283.5924072265625 -285.25128173828125 -286.98590087890625 -288.796966552734375 -290.68096923828125 -292.62957763671875 -294.629302978515625 -296.66412353515625 -298.723876953125 -300.823944091796875 -303.03448486328125 -305.495452880859375 -308.38043212890625 -311.444366455078125 -314.612548828125 -317.888214111328125 -321.15838623046875 -324.1427001953125 -327.0828857421875 -330.45782470703125 -331.601837158203125 -332.169891357421875 -332.4530029296875 -332.398712158203125 -331.660614013671875 -332.51483154296875 -333.349578857421875 -333.96649169921875 -334.788909912109375 -335.89691162109375 -338.447235107421875 -343.204986572265625 -352.388153076171875 -366.0667724609375 -379.540313720703125 -394.731048583984375 -414.1845703125 -433.45037841796875 -452.2537841796875 -470.64471435546875 -485.37420654296875 -493.39776611328125 -497.213623046875 -497.02093505859375 -496.799957275390625 -496.934356689453125 -1e100 -1e100 -1e100 -1e100 -1e100 -1e100 -1e100 -1e100 -1e100 -1e100 -1e100 -1e100 -1e100 -1e100 -1e100 -1e100 -1e100 -1e100 -1e100 -1e100 -1e100 -1e100 -1e100 -1e100 -1e100 -1e100 -1e100 -1e100
 -1e100 -1e100 -1e100 -1e100 -1e100 -1e100 -1e100 -1e100 -1e100 -1e100 -1e100 -1e100 -1e100 -1e100 -1e100 -1e100 -1e100 -1e100 -1e100 -1e100 -1e100 -1e100 -1e100 -1e100 -1e100 -1e100 -1e100 -1e100 -1e100 -1e100 -1e100   -260   -260   -260   -260   -260 -260.024444580078125 -260.184326171875 -260.576751708984375 -261.226165771484375 -262.129913330078125 -263.261444091796875 -264.50823974609375 -265.772308349609375 -267.029052734375 -268.28179931640625 -269.53436279296875 -270.7911376953125 -272.057037353515625 -273.337432861328125 -274.63836669921875 -275.966278076171875 -277.327972412109375 -278.7305908203125 -280.181549072265625 -281.688323974609375 -283.257965087890625 -284.896942138671875 -286.609954833984375 -288.39923095703125 -290.262939453125 -292.194091796875 -294.179534912109375 -296.199951171875 -298.232269287109375 -300.25830078125 -302.287933349609375 -304.3992919921875 -306.780303955078125 -309.618743896484375 -312.56829833984375 -315.612945556640625 -318.780792236328125 -321.9312744140625 -324.79840087890625 -327.735076904296875 -331.075286865234375 -332.2373046875 -333.056121826171875 -333.407257080078125 -333.3031005859375 -332.371978759765625 -332.98321533203125 -333.40008544921875 -334.020538330078125 -334.879058837890625 -336.502410888671875 -340.36016845703125 -345.24139404296875 -354.705657958984375 -366.605010986328125 -378.449462890625 -391.5848388671875 -409.67608642578125 -427.221649169921875 -445.4659423828125 -463.6751708984375 -478.629852294921875 -487.603668212890625 -492.667205810546875 -494.408721923828125 -495.164947509765625 -1e100 -1e100 -1e100 -1e100 -1e100 -1e100 -1e100 -1e100 -1e100 -1e100 -1e100 -1e100 -1e100 -1e100 -1e100 -1e100 -1e100 -1e100 -1e100 -1e100 -1e100 -1e100 -1e100 -1e100 -1e100 -1e100 -1e100 -1e100 -1e100
 -1e100 -1e100 -1e100 -1e100 -1e100 -1e100 -1e100 -1e100 -1e100 -1e100 -1e100 -1e100 -1e100 -1e100 -1e100 -1e100 -1e100 -1e100 -1e100 -1e100 -1e100 -1e100 -1e100 -1e100 -1e100 -1e100 -1e100 -1e100 -1e100 -1e100   -260   -260   -260   -260   -260   -260 -260.07293701171875 -260.3367919921875 -260.865447998046875 -261.6561279296875 -262.70635986328125 -263.9412841796875 -265.2415771484375 -266.532684326171875 -267.817535400390625 -269.099578857421875 -270.3826904296875 -271.67138671875 -272.970733642578125 -274.28631591796875 -275.624267578125 -276.9913330078125 -278.3944091796875 -279.84100341796875 -281.33868408203125 -282.8951416015625 -284.51763916015625 -286.212249755859375 -287.983154296875 -289.8311767578125 -291.752105712890625 -293.73565673828125 -295.764556884765625 -297.814697265625 -299.857177734375 -301.865447998046875 -303.838348388671875 -305.84393310546875 -308.0709228515625 -310.648101806640625 -313.299346923828125 -316.1162109375 -319.1009521484375 -322.102630615234375 -324.93231201171875 -327.898284912109375 -330.973236083984375 -332.14874267578125 -333.1051025390625 -333.5518798828125 -333.51593017578125 -332.715667724609375 -333.081207275390625 -333.468048095703125 -334.559844970703125 -335.7659912109375 -337.4696044921875 -342.39178466796875 -347.417694091796875 -355.892425537109375 -366.786163330078125 -378.89630126953125 -391.0360107421875 -408.404693603515625 -424.55926513671875 -441.0675048828125 -457.1649169921875 -470.91534423828125 -479.39019775390625 -485.429107666015625 -488.469940185546875 -490.531280517578125 -1e100 -1e100 -1e100 -1e100 -1e100 -1e100 -1e100 -1e100 -1e100 -1e100 -1e100 -1e100 -1e100 -1e100 -1e100 -1e100 -1e100 -1e100 -1e100 -1e100 -1e100 -1e100 -1e100 -1e100 -1e100 -1e100 -1e100 -1e100 -1e100
 -1e100 -1e100 -1e100 -1e100 -1e100 -1e100 -1e100 -1e100 -1e100 -1e100 -1e100 -1e100 -1e100 -1e100 -1e100 -1e100 -1e100 -1e100 -1e100 -1e100 -1e100 -1e100 -1e100 -1e100 -1e100 -1e100 -1e100 -1e100 -1e100   -260   -260   -260   -260   -260   -260 -260.014801025390625 -260.15966796875 -260.5517578125 -261.2137451171875 -262.14288330078125 -263.322235107421875 -264.634765625 -265.962158203125 -267.281402587890625 -268.59552001953125 -269.90789794921875 -271.222747802734375 -272.54449462890625 -273.87847900390625 -275.2303466796875 -276.606536865234375 -278.01397705078125 -279.459869384765625 -280.952056884765625 -282.4984130859375 -284.106842041015625 -285.7847900390625 -287.53826904296875 -289.370880126953125 -291.2822265625 -293.266082763671875 -295.3094482421875 -297.39215087890625 -299.486846923828125 -301.56072998046875 -303.58123779296875 -305.535888671875 -307.48052978515625 -309.599090576171875 -312.05645751953125 -314.578216552734375 -317.175689697265625 -319.901336669921875 -322.599151611328125 -325.02191162109375 -327.407501220703125 -329.746826171875 -330.51336669921875 -331.527740478515625 -332.35894775390625 -332.84893798828125 -332.53790283203125 -332.9605712890625 -333.471832275390625 -335.089385986328125 -336.901214599609375 -338.9940185546875 -344.67010498046875 -349.500152587890625 -357.7431640625 -367.9417724609375 -380.1663818359375 -392.0823974609375 -409.352294921875 -423.786285400390625 -437.841949462890625 -451.6302490234375 -463.656341552734375 -471.068603515625 -476.951019287109375 -480.749847412109375 -1e100 -1e100 -1e100 -1e100 -1e100 -1e100 -1e100 -1e100 -1e100 -1e100 -1e100 -1e100 -1e100 -1e100 -1e100 -1e100 -1e100 -1e100 -1e100 -1e100 -1e100 -1e100 -1e100 -1e100 -1e100 -1e100 -1e100 -1e100 -1e100 -1e100
 -1e100 -1e100 -1e100 -1e100 -1e100 -1e100 -1e100 -1e100 -1e100 -1e100 -1e100 -1e100 -1e100 -1e100 -1e100 -1e100 -1e100 -1e100 -1e100 -1e100 -1e100 -1e100 -1e100 -1e100 -1e100 -1e100 -1e100 -1e100 -1e100   -260   -260   -260   -260   -260   -260 -260.0516357421875 -260.291473388671875 -260.809112548828125 -261.601806640625 -262.66717529296875 -263.951507568359375 -265.31671142578125 -266.67236328125 -268.0208740234375 -269.365325927734375 -270.709228515625 -272.0567626953125 -273.412628173828125 -274.782135009765625 -276.1712646484375 -277.58660888671875 -279.03533935546875 -280.52508544921875 -282.063995361328125 -283.660400390625 -285.32257080078125 -287.058197021484375 -288.873382568359375 -290.771240234375 -292.750518798828125 -294.8035888671875 -296.91583251953125 -299.06512451171875 -301.22235107421875 -303.352783203125 -305.418548583984375 -307.392578125 -309.299713134765625 -311.274139404296875 -313.4190673828125 -315.53948974609375 -317.781707763671875 -320.19000244140625 -322.587371826171875 -324.74835205078125 -326.711151123046875 -328.1126708984375 -328.451751708984375 -329.473785400390625 -330.660400390625 -331.614410400390625 -332.05133056640625 -332.8135986328125 -333.6695556640625 -336.164093017578125 -338.672271728515625 -340.84454345703125 -346.911376953125 -351.611419677734375 -359.27386474609375 -369.1068115234375 -381.894805908203125 -393.865325927734375 -410.83843994140625 -423.938629150390625 -435.80316162109375 -447.58050537109375 -457.980072021484375 -463.912200927734375 -468.690673828125 -473.367431640625 -1e100 -1e100 -1e100 -1e100 -1e100 -1e100 -1e100 -1e100 -1e100 -1e100 -1e100 -1e100 -1e100 -1e100 -1e100 -1e100 -1e100 -1e100 -1e100 -1e100 -1e100 -1e100 -1e100 -1e100 -1e100 -1e100 -1e100 -1e100 -1e100 -1e100
 -1e100 -1e100 -1e100 -1e100 -1e100 -1e100 -1e100 -1e100 -1e100 -1e100 -1e100 -1e100 -1e100 -1e100 -1e100 -1e100 -1e100 -1e100 -1e100 -1e100 -1e100 -1e100 -1e100 -1e100 -1e100 -1e100 -1e100 -1e100 -1e100   -260   -260   -260   -260   -260   -260 -260.110107421875 -260.467742919921875 -261.10858154296875 -262.02996826171875 -263.229736328125 -264.5958251953125 -265.9896240234375 -267.37469482421875 -268.75360107421875 -270.129486083984375 -271.505950927734375 -272.887176513671875 -274.277923583984375 -275.683685302734375 -277.11065673828125 -278.56561279296875 -280.05609130859375 -281.59014892578125 -283.176300048828125 -284.823394775390625 -286.54022216796875 -288.33477783203125 -290.213348388671875 -292.178955078125 -294.229888916015625 -296.358123779296875 -298.54815673828125 -300.777099609375 -303.015228271484375 -305.22711181640625 -307.372802734375 -309.41485595703125 -311.3463134765625 -313.227142333984375 -315.0362548828125 -316.7554931640625 -318.65899658203125 -320.718292236328125 -322.77020263671875 -324.68121337890625 -326.250457763671875 -326.94500732421875 -326.824066162109375 -327.704559326171875 -328.914031982421875 -330.03546142578125 -330.7237548828125 -331.81268310546875 -333.14617919921875 -336.09051513671875 -339.92022705078125 -343.534912109375 -350.260650634765625 -355.199798583984375 -363.06219482421875 -372.1695556640625 -384.274139404296875 -396.235626220703125 -412.670745849609375 -425.085662841796875 -436.043121337890625 -446.6162109375 -455.1796875 -459.790740966796875 -462.750823974609375 -1e100 -1e100 -1e100 -1e100 -1e100 -1e100 -1e100 -1e100 -1e100 -1e100 -1e100 -1e100 -1e100 -1e100 -1e100 -1e100 -1e100 -1e100 -1e100 -1e100 -1e100 -1e100 -1e100 -1e100 -1e100 -1e100 -1e100 -1e100 -1e100 -1e100 -1e100
 -1e100 -1e100 -1e100 -1e100 -1e100 -1e100 -1e100 -1e100 -1e100 -1e100 -1e100 -1e100 -1e100 -1e100 -1e100 -1e100 -1e100 -1e100 -1e100 -1e100 -1e100 -1e100 -1e100 -1e100 -1e100 -1e100 -1e100 -1e100 -1e100   -260   -260   -260   -260   -260 -260.0189208984375 -260.2088623046875 -260.682373046875 -261.444610595703125 -262.4931640625 -263.807098388671875 -265.23260498046875 -266.656036376953125 -268.071685791015625 -269.482208251953125 -270.890655517578125 -272.30059814453125 -273.71624755859375 -275.142486572265625 -276.584991455078125 -278.0499267578125 -279.5445556640625 -281.07659912109375 -282.654541015625 -284.2874755859375 -285.9847412109375 -287.7557373046875 -289.608795166015625 -291.550689697265625 -293.5845947265625 -295.708984375 -297.915924072265625 -300.189910888671875 -302.50799560546875 -304.840087890625 -307.150848388671875 -309.40155029296875 -311.554931640625 -313.594818115234375 -315.5355224609375 -317.343231201171875 -319.105224609375 -320.892425537109375 -322.62518310546875 -324.22406005859375 -325.602996826171875 -326.4658203125 -326.498382568359375 -326.0152587890625 -326.7904052734375 -328.035614013671875 -329.138397216796875 -329.878448486328125 -331.303680419921875 -333.23785400390625 -336.50469970703125 -341.74005126953125 -346.4925537109375 -353.40234375 -359.070831298828125 -367.23870849609375 -375.5474853515625 -387.099334716796875 -399.307769775390625 -414.38519287109375 -426.072967529296875 -436.662689208984375 -446.83660888671875 -453.9171142578125 -457.541534423828125 -460.425994873046875 -1e100 -1e100 -1e100 -1e100 -1e100 -1e100 -1e100 -1e100 -1e100 -1e100 -1e100 -1e100 -1e100 -1e100 -1e100 -1e100 -1e100 -1e100 -1e100 -1e100 -1e100 -1e100 -1e100 -1e100 -1e100 -1e100 -1e100 -1e100 -1e100 -1e100 -1e100
 -1e100 -1e100 -1e100 -1e100 -1e100 -1e100 -1e100 -1e100 -1e100 -1e100 -1e100 -1e100 -1e100 -1e100 -1e100 -1e100 -1e100 -1e100 -1e100 -1e100 -1e100 -1e100 -1e100 -1e100 -1e100 -1e100 -1e100 -1e100 -1e100   -260   -260   -260   -260   -260 -260.05780029296875 -260.34881591796875 -260.936676025390625 -261.819000244140625 -262.993682861328125 -264.401031494140625 -265.864227294921875 -267.31854248046875 -268.76611328125 -270.2093505859375 -271.65130615234375 -273.0955810546875 -274.546295166015625 -276.00848388671875 -277.4876708984375 -278.99041748046875 -280.524017333984375 -282.096588134765625 -283.71710205078125 -285.39508056640625 -287.140472412109375 -288.963165283203125 -290.872222900390625 -292.874755859375 -294.974578857421875 -297.170623779296875 -299.455474853515625 -301.81414794921875 -304.22320556640625 -306.651397705078125 -309.061767578125 -311.415985107421875 -313.681610107421875 -315.855438232421875 -317.977813720703125 -320.143310546875 -322.32757568359375 -324.13665771484375 -325.57012939453125 -326.626983642578125 -327.179595947265625 -327.10919189453125 -326.621429443359375 -326.001983642578125 -326.864166259765625 -328.120635986328125 -328.87249755859375 -329.52947998046875 -331.364105224609375 -333.585784912109375 -336.901885986328125 -342.90838623046875 -349.099853515625 -356.111846923828125 -362.162353515625 -370.804962158203125 -379.07293701171875 -389.592742919921875 -401.671295166015625 -415.914520263671875 -427.7998046875 -438.62847900390625 -448.031036376953125 -454.3756103515625 -457.524322509765625 -1e100 -1e100 -1e100 -1e100 -1e100 -1e100 -1e100 -1e100 -1e100 -1e100 -1e100 -1e100 -1e100 -1e100 -1e100 -1e100 -1e100 -1e100 -1e100 -1e100 -1e100 -1e100 -1e100 -1e100 -1e100 -1e100 -1e100 -1e100 -1e100 -1e100 -1e100 -1e100
 -1e100 -1e100 -1e100 -1e100 -1e100 -1e100 -1e100 -1e100 -1e100 -1e100 -1e100 -1e100 -1e100 -1e100 -1e100 -1e100 -1e100 -1e100 -1e100 -1e100 -1e100 -1e100 -1e100 -1e100 -1e100 -1e100 -1e100 -1e100 -1e100   -260   -260   -260   -260   -260 -260.116607666015625 -260.51495361328125 -261.21600341796875 -262.2176513671875 -263.5179443359375 -264.99859619140625 -266.493133544921875 -267.97979736328125 -269.460479736328125 -270.9376220703125 -272.414154052734375 -273.893524169921875 -275.379852294921875 -276.878021240234375 -278.3936767578125 -279.93341064453125 -281.504791259765625 -283.116058349609375 -284.77655029296875 -286.496337890625 -288.285888671875 -290.155731201171875 -292.115478515625 -294.17291259765625 -296.332489013671875 -298.593841552734375 -300.950286865234375 -303.386962890625 -305.879547119140625 -308.393798828125 -310.887664794921875 -313.3162841796875 -315.63970947265625 -317.84246826171875 -319.94952392578125 -321.99249267578125 -323.948699951171875 -325.485076904296875 -326.572723388671875 -327.234893798828125 -327.4697265625 -327.247039794921875 -326.802001953125 -326.45733642578125 -327.515289306640625 -328.761199951171875 -329.5458984375 -330.495208740234375 -332.727294921875 -335.187896728515625 -338.743743896484375 -344.885986328125 -351.618011474609375 -358.916595458984375 -365.832061767578125 -374.73077392578125 -383.2698974609375 -393.447235107421875 -405.29925537109375 -418.843902587890625 -431.118194580078125 -442.331024169921875 -450.866424560546875 -456.47882080078125 -459.802276611328125 -1e100 -1e100 -1e100 -1e100 -1e100 -1e100 -1e100 -1e100 -1e100 -1e100 -1e100 -1e100 -1e100 -1e100 -1e100 -1e100 -1e100 -1e100 -1e100 -1e100 -1e100 -1e100 -1e100 -1e100 -1e100 -1e100 -1e100 -1e100 -1e100 -1e100 -1e100 -1e100
 -1e100 -1e100 -1e100 -1e100 -1e100 -1e100 -1e100 -1e100 -1e100 -1e100 -1e100 -1e100 -1e100 -1e100 -1e100 -1e100 -1e100 -1e100 -1e100 -1e100 -1e100 -1e100 -1e100 -1e100 -1e100 -1e100 -1e100 -1e100 -1e100   -260   -260   -260   -260 -260.01348876953125 -260.208587646484375 -260.71331787109375 -261.5269775390625 -262.647552490234375 -264.0599365234375 -265.59442138671875 -267.121826171875 -268.64227294921875 -270.15753173828125 -271.6697998046875 -273.181884765625 -274.69708251953125 -276.219451904296875 -277.753631591796875 -279.305206298828125 -280.880859375 -282.488037109375 -284.135345458984375 -285.832275390625 -287.589263916015625 -289.417327880859375 -291.327423095703125 -293.329833984375 -295.432952880859375 -297.6419677734375 -299.95733642578125 -302.372833251953125 -304.873443603515625 -307.43316650390625 -310.013946533203125 -312.566650390625 -315.03594970703125 -317.367431640625 -319.52093505859375 -321.475067138671875 -323.1934814453125 -324.6229248046875 -325.686431884765625 -326.36065673828125 -326.698760986328125 -326.811431884765625 -326.80694580078125 -326.811614990234375 -327.2218017578125 -328.696044921875 -329.928466796875 -330.853912353515625 -332.172607421875 -334.428955078125 -336.82305908203125 -340.32659912109375 -346.416717529296875 -353.853118896484375 -361.447723388671875 -368.1275634765625 -377.505340576171875 -386.2237548828125 -395.957855224609375 -407.943878173828125 -422.469268798828125 -435.2095947265625 -446.028778076171875 -454.060272216796875 -459.07183837890625 -1e100 -1e100 -1e100 -1e100 -1e100 -1e100 -1e100 -1e100 -1e100 -1e100 -1e100 -1e100 -1e100 -1e100 -1e100 -1e100 -1e100 -1e100 -1e100 -1e100 -1e100 -1e100 -1e100 -1e100 -1e100 -1e100 -1e100 -1e100 -1e100 -1e100 -1e100 -1e100 -1e100
 -1e100 -1e100 -1e100 -1e100 -1e100 -1e100 -1e100 -1e100 -1e100 -1e100 -1e100 -1e100 -1e100 -1e100 -1e100 -1e100 -1e100 -1e100 -1e100 -1e100 -1e100 -1e100 -1e100 -1e100 -1e100 -1e100 -1e100 -1e100   -260   -260   -260   -260   -260 -260.04534912109375 -260.33868408203125 -260.949249267578125 -261.875244140625 -263.114898681640625 -264.62139892578125 -266.190765380859375 -267.75274658203125 -269.308502197265625 -270.8597412109375 -272.40850830078125 -273.957305908203125 -275.50921630859375 -277.0679931640625 -278.63812255859375 -280.22503662109375 -281.835174560546875 -283.47601318359375 -285.156097412109375 -286.8851318359375 -288.673675537109375 -290.5330810546875 -292.474700927734375 -294.50933837890625 -296.645965576171875 -298.89044189453125 -301.243804931640625 -303.700164794921875 -306.243896484375 -308.847137451171875 -311.468170166015625 -314.051513671875 -316.53179931640625 -318.839874267578125 -320.91143798828125 -322.683990478515625 -324.08319091796875 -325.050872802734375 -325.66339111328125 -325.9302978515625 -325.95068359375 -325.911102294921875 -326.018524169921875 -326.383819580078125 -327.36749267578125 -329.13507080078125 -330.583831787109375 -331.85491943359375 -333.5614013671875 -336.043487548828125 -338.705780029296875 -342.5511474609375 -347.86004638671875 -354.961395263671875 -362.29229736328125 -368.93719482421875 -378.26031494140625 -387.974609375 -398.5931396484375 -411.58026123046875 -426.80596923828125 -438.589019775390625 -449.1767578125 -456.8232421875 -461.46234130859375 -1e100 -1e100 -1e100 -1e100 -1e100 -1e100 -1e100 -1e100 -1e100 -1e100 -1e100 -1e100 -1e100 -1e100 -1e100 -1e100 -1e100 -1e100 -1e100 -1e100 -1e100 -1e100 -1e100 -1e100 -1e100 -1e100 -1e100 -1e100 -1e100 -1e100 -1e100 -1e100 -1e100
 -1e100 -1e100 -1e100 -1e100 -1e100 -1e100 -1e100 -1e100 -1e100 -1e100 -1e100 -1e100 -1e100 -1e100 -1e100 -1e100 -1e100 -1e100 -1e100 -1e100 -1e100 -1e100 -1e100 -1e100 -1e100 -1e100 -1e100   -260   -260   -260   -260   -260   -260 -260.09552001953125 -260.48785400390625 -261.204071044921875 -262.2425537109375 -263.601837158203125 -265.18505859375 -266.78973388671875 -268.38800048828125 -269.980926513671875 -271.569854736328125 -273.156585693359375 -274.743377685546875 -276.33306884765625 -277.92889404296875 -279.535125732421875 -281.1568603515625 -282.80023193359375 -284.472503662109375 -286.18206787109375 -287.9385986328125 -289.752532958984375 -291.6353759765625 -293.598663330078125 -295.65350341796875 -297.80926513671875 -300.072357177734375 -302.444244384765625 -304.91900634765625 -307.48028564453125 -310.098663330078125 -312.729644775390625 -315.313690185546875 -317.779083251953125 -320.047271728515625 -322.0408935546875 -323.688018798828125 -324.935882568359375 -325.718658447265625 -326.035125732421875 -325.967132568359375 -325.6531982421875 -325.29400634765625 -325.1695556640625 -325.556488037109375 -326.70928955078125 -328.593902587890625 -330.289947509765625 -332.07354736328125 -334.409027099609375 -337.4647216796875 -340.6519775390625 -344.67578125 -348.61639404296875 -354.3516845703125 -361.136322021484375 -367.888946533203125 -377.458038330078125 -389.096435546875 -401.960205078125 -416.260986328125 -430.2886962890625 -441.549774169921875 -451.888275146484375 -458.885955810546875 -1e100 -1e100 -1e100 -1e100 -1e100 -1e100 -1e100 -1e100 -1e100 -1e100 -1e100 -1e100 -1e100 -1e100 -1e100 -1e100 -1e100 -1e100 -1e100 -1e100 -1e100 -1e100 -1e100 -1e100 -1e100 -1e100 -1e100 -1e100 -1e100 -1e100 -1e100 -1e100 -1e100 -1e100
 -1e100 -1e100 -1e100 -1e100 -1e100 -1e100 -1e100 -1e100 -1e100 -1e100 -1e100 -1e100 -1e100 -1e100 -1e100 -1e100 -1e100 -1e100 -1e100 -1e100 -1e100 -1e100 -1e100 -1e100 -1e100 -1e100 -1e100   -260   -260   -260   -260   -260   -260 -260.1639404296875 -260.655059814453125 -261.476959228515625 -262.62847900390625 -264.10821533203125 -265.751220703125 -267.3931884765625 -269.02978515625 -270.66180419921875 -272.2904052734375 -273.916961669921875 -275.54345703125 -277.1722412109375 -278.806182861328125 -280.4490966796875 -282.105621337890625 -283.781494140625 -285.4835205078125 -287.21978759765625 -288.999481201171875 -290.833038330078125 -292.73150634765625 -294.706512451171875 -296.769012451171875 -298.928680419921875 -301.192047119140625 -303.56085205078125 -306.029022216796875 -308.5797119140625 -311.182647705078125 -313.79229736328125 -316.34783935546875 -318.775390625 -320.99224853515625 -322.912567138671875 -324.454620361328125 -325.540740966796875 -326.0958251953125 -326.182037353515625 -325.8612060546875 -325.27325439453125 -324.655517578125 -324.330322265625 -324.55340576171875 -325.601959228515625 -327.400543212890625 -329.260589599609375 -331.822021484375 -335.03936767578125 -338.6422119140625 -342.44183349609375 -346.816680908203125 -350.020660400390625 -354.698089599609375 -361.230316162109375 -368.4930419921875 -378.404296875 -391.64190673828125 -406.656341552734375 -422.26129150390625 -434.986724853515625 -445.783355712890625 -455.45416259765625 -1e100 -1e100 -1e100 -1e100 -1e100 -1e100 -1e100 -1e100 -1e100 -1e100 -1e100 -1e100 -1e100 -1e100 -1e100 -1e100 -1e100 -1e100 -1e100 -1e100 -1e100 -1e100 -1e100 -1e100 -1e100 -1e100 -1e100 -1e100 -1e100 -1e100 -1e100 -1e100 -1e100 -1e100 -1e100
 -1e100 -1e100 -1e100 -1e100 -1e100 -1e100 -1e100 -1e100 -1e100 -1e100 -1e100 -1e100 -1e100 -1e100 -1e100 -1e100 -1e100 -1e100 -1e100 -1e100 -1e100 -1e100 -1e100 -1e100 -1e100 -1e100 -1e100   -260   -260   -260   -260   -260 -260.0157470703125 -260.266357421875 -260.856201171875 -261.784271240234375 -263.049468994140625 -264.63519287109375 -266.321380615234375 -268.00286865234375 -269.6800537109375 -271.353485107421875 -273.023956298828125 -274.692626953125 -276.36090087890625 -278.030670166015625 -279.70440673828125 -281.385284423828125 -283.077423095703125 -284.785888671875 -286.516998291015625 -288.2781982421875 -290.078094482421875 -291.926422119140625 -293.833892822265625 -295.81158447265625 -297.870086669921875 -300.018768310546875 -302.26416015625 -304.6077880859375 -307.043426513671875 -309.554290771484375 -312.110260009765625 -314.666961669921875 -317.1656494140625 -319.535675048828125 -321.698272705078125 -323.571868896484375 -325.073333740234375 -326.106201171875 -326.599853515625 -326.606414794921875 -326.139556884765625 -325.33917236328125 -324.4635009765625 -323.841156005859375 -323.7523193359375 -324.5263671875 -326.051300048828125 -327.763427734375 -330.3453369140625 -333.839324951171875 -337.787261962890625 -342.247314453125 -347.2388916015625 -351.002655029296875 -355.93621826171875 -362.871917724609375 -370.48394775390625 -381.05413818359375 -395.950164794921875 -412.4027099609375 -426.781890869140625 -438.92755126953125 -449.4190673828125 -1e100 -1e100 -1e100 -1e100 -1e100 -1e100 -1e100 -1e100 -1e100 -1e100 -1e100 -1e100 -1e100 -1e100 -1e100 -1e100 -1e100 -1e100 -1e100 -1e100 -1e100 -1e100 -1e100 -1e100 -1e100 -1e100 -1e100 -1e100 -1e100 -1e100 -1e100 -1e100 -1e100 -1e100 -1e100 -1e100
 -1e100 -1e100 -1e100 -1e100 -1e100 -1e100 -1e100 -1e100 -1e100 -1e100 -1e100 -1e100 -1e100 -1e100 -1e100 -1e100 -1e100 -1e100 -1e100 -1e100 -1e100 -1e100 -1e100 -1e100 -1e100 -1e100 -1e100   -260   -260   -260   -260   -260 -260.04815673828125 -260.39013671875 -261.078857421875 -262.11358642578125 -263.49359130859375 -265.170166015625 -266.8968505859375 -268.620208740234375 -270.3404541015625 -272.057861328125 -273.772918701171875 -275.486328125 -277.19903564453125 -278.912445068359375 -280.628387451171875 -282.3494873046875 -284.079071044921875 -285.82159423828125 -287.582550048828125 -289.368499755859375 -291.187225341796875 -293.047607421875 -294.959381103515625 -296.93267822265625 -298.97735595703125 -301.102081298828125 -303.3126220703125 -305.610137939453125 -307.98828125 -310.430450439453125 -312.908203125 -315.38031005859375 -317.793365478515625 -320.08453369140625 -322.18756103515625 -324.042022705078125 -325.599853515625 -326.82647705078125 -327.6011962890625 -327.725830078125 -327.23541259765625 -326.27032470703125 -325.037200927734375 -323.91357421875 -323.41387939453125 -323.839874267578125 -324.870513916015625 -326.388153076171875 -328.8848876953125 -332.397918701171875 -336.704620361328125 -342.047027587890625 -347.726470947265625 -352.400787353515625 -358.07073974609375 -365.711761474609375 -374.5606689453125 -385.973388671875 -401.9488525390625 -417.168365478515625 -430.53240966796875 -441.258331298828125 -451.178985595703125 -1e100 -1e100 -1e100 -1e100 -1e100 -1e100 -1e100 -1e100 -1e100 -1e100 -1e100 -1e100 -1e100 -1e100 -1e100 -1e100 -1e100 -1e100 -1e100 -1e100 -1e100 -1e100 -1e100 -1e100 -1e100 -1e100 -1e100 -1e100 -1e100 -1e100 -1e100 -1e100 -1e100 -1e100 -1e100 -1e100
 -1e100 -1e100 -1e100 -1e100 -1e100 -1e100 -1e100 -1e100 -1e100 -1e100 -1e100 -1e100 -1e100 -1e100 -1e100 -1e100 -1e100 -1e100 -1e100 -1e100 -1e100 -1e100 -1e100 -1e100 -1e100 -1e100 -1e100   -260   -260   -260   -260   -260 -260.097076416015625 -260.53021240234375 -261.3179931640625 -262.4600830078125 -263.95611572265625 -265.7086181640625 -267.478271484375 -269.246185302734375 -271.012237548828125 -272.776580810546875 -274.539306640625 -276.3006591796875 -278.061126708984375 -279.82147216796875 -281.583038330078125 -283.347564697265625 -285.117767333984375 -286.897186279296875 -288.690338134765625 -290.502838134765625 -292.34124755859375 -294.213287353515625 -296.12725830078125 -298.092041015625 -300.1160888671875 -302.206787109375 -304.368804931640625 -306.602447509765625 -308.900909423828125 -311.248504638671875 -313.61944580078125 -315.977447509765625 -318.27642822265625 -320.462799072265625 -322.481903076171875 -324.28924560546875 -325.8604736328125 -327.155303955078125 -328.101531982421875 -328.3206787109375 -327.864410400390625 -326.868927001953125 -325.5406494140625 -324.208770751953125 -323.569793701171875 -323.878021240234375 -324.644622802734375 -326.186676025390625 -328.92449951171875 -332.523406982421875 -337.111785888671875 -343.064697265625 -349.163238525390625 -354.736358642578125 -360.97991943359375 -369.1953125 -378.44403076171875 -390.410858154296875 -404.761322021484375 -419.2178955078125 -431.749786376953125 -441.89190673828125 -1e100 -1e100 -1e100 -1e100 -1e100 -1e100 -1e100 -1e100 -1e100 -1e100 -1e100 -1e100 -1e100 -1e100 -1e100 -1e100 -1e100 -1e100 -1e100 -1e100 -1e100 -1e100 -1e100 -1e100 -1e100 -1e100 -1e100 -1e100 -1e100 -1e100 -1e100 -1e100 -1e100 -1e100 -1e100 -1e100 -1e100
 -1e100 -1e100 -1e100 -1e100 -1e100 -1e100 -1e100 -1e100 -1e100 -1e100 -1e100 -1e100 -1e100 -1e100 -1e100 -1e100 -1e100 -1e100 -1e100 -1e100 -1e100 -1e100 -1e100 -1e100 -1e100 -1e100 -1e100   -260   -260   -260   -260   -260 -260.16229248046875 -260.68646240234375 -261.57354736328125 -262.823699951171875 -264.436920166015625 -266.250946044921875 -268.066162109375 -269.881378173828125 -271.696380615234375 -273.51092529296875 -275.324798583984375 -277.137786865234375 -278.949859619140625 -280.761322021484375 -282.572601318359375 -284.384979248046875 -286.2001953125 -288.020904541015625 -289.8504638671875 -291.693267822265625 -293.5545654296875 -295.440399169921875 -297.3575439453125 -299.312957763671875 -301.31329345703125 -303.36407470703125 -305.4683837890625 -307.62518310546875 -309.827239990234375 -312.0601806640625 -314.302001953125 -316.52313232421875 -318.68670654296875 -320.748046875 -322.6588134765625 -324.38018798828125 -325.900543212890625 -327.208892822265625 -328.085235595703125 -328.229949951171875 -327.780517578125 -326.83319091796875 -325.533660888671875 -324.36102294921875 -323.96099853515625 -324.4615478515625 -325.185516357421875 -326.849456787109375 -329.857147216796875 -333.64862060546875 -338.356201171875 -344.765594482421875 -351.166839599609375 -357.5833740234375 -364.96502685546875 -373.918426513671875 -383.8206787109375 -396.26226806640625 -408.91754150390625 -421.451568603515625 -432.473602294921875 -1e100 -1e100 -1e100 -1e100 -1e100 -1e100 -1e100 -1e100 -1e100 -1e100 -1e100 -1e100 -1e100 -1e100 -1e100 -1e100 -1e100 -1e100 -1e100 -1e100 -1e100 -1e100 -1e100 -1e100 -1e100 -1e100 -1e100 -1e100 -1e100 -1e100 -1e100 -1e100 -1e100 -1e100 -1e100 -1e100 -1e100 -1e100
 -1e100 -1e100 -1e100 -1e100 -1e100 -1e100 -1e100 -1e100 -1e100 -1e100 -1e100 -1e100 -1e100 -1e100 -1e100 -1e100 -1e100 -1e100 -1e100 -1e100 -1e100 -1e100 -1e100 -1e100 -1e100 -1e100 -1e100   -260   -260   -260   -260 -260.003936767578125 -260.24761962890625 -260.8624267578125 -261.8489990234375 -263.207855224609375 -264.935516357421875 -266.796661376953125 -268.660186767578125 -270.5257568359375 -272.3929443359375 -274.26123046875 -276.13006591796875 -277.998779296875 -279.86700439453125 -281.734222412109375 -283.600433349609375 -285.466033935546875 -287.3319091796875 -289.199615478515625 -291.0714111328125 -292.95037841796875 -294.839996337890625 -296.744598388671875 -298.668853759765625 -300.617584228515625 -302.595123291015625 -304.60479736328125 -306.6475830078125 -308.720733642578125 -310.81683349609375 -312.923065185546875 -315.022674560546875 -317.095733642578125 -319.117767333984375 -321.053192138671875 -322.8475341796875 -324.43194580078125 -325.742919921875 -326.66229248046875 -327.031768798828125 -326.9583740234375 -326.51446533203125 -325.76519775390625 -324.888641357421875 -324.29522705078125 -324.22723388671875 -324.865386962890625 -325.624603271484375 -327.517333984375 -330.687255859375 -334.735107421875 -339.699737548828125 -346.55548095703125 -353.36309814453125 -360.80609130859375 -369.6519775390625 -379.465576171875 -389.562744140625 -400.7821044921875 -411.779144287109375 -421.550048828125 -1e100 -1e100 -1e100 -1e100 -1e100 -1e100 -1e100 -1e100 -1e100 -1e100 -1e100 -1e100 -1e100 -1e100 -1e100 -1e100 -1e100 -1e100 -1e100 -1e100 -1e100 -1e100 -1e100 -1e100 -1e100 -1e100 -1e100 -1e100 -1e100 -1e100 -1e100 -1e100 -1e100 -1e100 -1e100 -1e100 -1e100 -1e100 -1e100
 -1e100 -1e100 -1e100 -1e100 -1e100 -1e100 -1e100 -1e100 -1e100 -1e100 -1e100 -1e100 -1e100 -1e100 -1e100 -1e100 -1e100 -1e100 -1e100 -1e100 -1e100 -1e100 -1e100 -1e100 -1e100 -1e100   -260   -260   -260   -260   -260 -260.02191162109375 -260.34698486328125 -261.05194091796875 -262.137908935546875 -263.605865478515625 -265.4349365234375 -267.344757080078125 -269.2593994140625 -271.1783447265625 -273.101104736328125 -275.026885986328125 -276.95477294921875 -278.883758544921875 -280.812896728515625 -282.741302490234375 -284.66815185546875 -286.593170166015625 -288.516326904296875 -290.4381103515625 -292.359527587890625 -294.281982421875 -296.2073974609375 -298.137908935546875 -300.07598876953125 -302.023895263671875 -303.983428955078125 -305.955322265625 -307.93817138671875 -309.927642822265625 -311.915740966796875 -313.891998291015625 -315.846405029296875 -317.77294921875 -319.66766357421875 -321.5126953125 -323.24676513671875 -324.754974365234375 -325.91741943359375 -326.6009521484375 -326.65191650390625 -326.485260009765625 -326.112457275390625 -325.52783203125 -324.883514404296875 -324.583160400390625 -324.579833984375 -325.173675537109375 -326.086181640625 -328.386627197265625 -332.048309326171875 -336.44647216796875 -341.76287841796875 -348.895599365234375 -355.94549560546875 -363.654266357421875 -373.15313720703125 -383.549530029296875 -392.608001708984375 -402.800506591796875 -411.7822265625 -418.19268798828125 -1e100 -1e100 -1e100 -1e100 -1e100 -1e100 -1e100 -1e100 -1e100 -1e100 -1e100 -1e100 -1e100 -1e100 -1e100 -1e100 -1e100 -1e100 -1e100 -1e100 -1e100 -1e100 -1e100 -1e100 -1e100 -1e100 -1e100 -1e100 -1e100 -1e100 -1e100 -1e100 -1e100 -1e100 -1e100 -1e100 -1e100 -1e100 -1e100
 -1e100 -1e100 -1e100 -1e100 -1e100 -1e100 -1e100 -1e100 -1e100 -1e100 -1e100 -1e100 -1e100 -1e100 -1e100 -1e100 -1e100 -1e100 -1e100 -1e100 -1e100 -1e100 -1e100 -1e100 -1e100   -260   -260   -260   -260   -260   -260 -260.05340576171875 -260.4586181640625 -261.252838134765625 -262.437744140625 -264.014892578125 -265.9324951171875 -267.89349365234375 -269.86199951171875 -271.837493896484375 -273.8192138671875 -275.80621337890625 -277.797332763671875 -279.791259765625 -281.7864990234375 -283.781646728515625 -285.775390625 -287.766571044921875 -289.754364013671875 -291.738067626953125 -293.71734619140625 -295.691986083984375 -297.662017822265625 -299.62738037109375 -301.5880126953125 -303.54351806640625 -305.492919921875 -307.43408203125 -309.363311767578125 -311.2744140625 -313.15899658203125 -315.008514404296875 -316.8203125 -318.60626220703125 -320.39532470703125 -322.208038330078125 -323.98272705078125 -325.5289306640625 -326.652740478515625 -327.2078857421875 -327.095428466796875 -326.813140869140625 -326.402435302734375 -325.844879150390625 -325.2684326171875 -324.985015869140625 -324.883087158203125 -325.2786865234375 -326.175048828125 -328.775390625 -332.91534423828125 -337.873016357421875 -343.638916015625 -351.18304443359375 -358.578125 -366.669464111328125 -376.628387451171875 -387.55035400390625 -395.657012939453125 -404.569244384765625 -411.05645751953125 -1e100 -1e100 -1e100 -1e100 -1e100 -1e100 -1e100 -1e100 -1e100 -1e100 -1e100 -1e100 -1e100 -1e100 -1e100 -1e100 -1e100 -1e100 -1e100 -1e100 -1e100 -1e100 -1e100 -1e100 -1e100 -1e100 -1e100 -1e100 -1e100 -1e100 -1e100 -1e100 -1e100 -1e100 -1e100 -1e100 -1e100 -1e100 -1e100 -1e100
 -1e100 -1e100 -1e100 -1e100 -1e100 -1e100 -1e100 -1e100 -1e100 -1e100 -1e100 -1e100 -1e100 -1e100 -1e100 -1e100 -1e100 -1e100 -1e100 -1e100 -1e100 -1e100 -1e100 -1e100 -1e100   -260   -260   -260   -260   -260   -260 -260.097808837890625 -260.58148193359375 -261.46368408203125 -262.746612548828125 -264.432525634765625 -266.42572021484375 -268.440185546875 -270.4652099609375 -272.5001220703125 -274.544158935546875 -276.59613037109375 -278.6546630859375 -280.718109130859375 -282.78460693359375 -284.85235595703125 -286.9193115234375 -288.98370361328125 -291.043701171875 -293.0975341796875 -295.1434326171875 -297.179443359375 -299.203704833984375 -301.213714599609375 -303.2069091796875 -305.179901123046875 -307.128814697265625 -309.048797607421875 -310.93359375 -312.775299072265625 -314.5643310546875 -316.2923583984375 -317.960662841796875 -319.5975341796875 -321.276580810546875 -323.092071533203125 -325.021575927734375 -326.6878662109375 -327.845184326171875 -328.3759765625 -328.1802978515625 -327.662322998046875 -327.05682373046875 -326.413665771484375 -325.78436279296875 -325.358856201171875 -325.08221435546875 -325.31768798828125 -326.300445556640625 -329.205474853515625 -333.564208984375 -338.889129638671875 -345.152740478515625 -352.994842529296875 -360.8922119140625 -369.91363525390625 -380.7880859375 -390.8643798828125 -398.660308837890625 -406.662200927734375 -1e100 -1e100 -1e100 -1e100 -1e100 -1e100 -1e100 -1e100 -1e100 -1e100 -1e100 -1e100 -1e100 -1e100 -1e100 -1e100 -1e100 -1e100 -1e100 -1e100 -1e100 -1e100 -1e100 -1e100 -1e100 -1e100 -1e100 -1e100 -1e100 -1e100 -1e100 -1e100 -1e100 -1e100 -1e100 -1e100 -1e100 -1e100 -1e100 -1e100 -1e100
 -1e100 -1e100 -1e100 -1e100 -1e100 -1e100 -1e100 -1e100 -1e100 -1e100 -1e100 -1e100 -1e100 -1e100 -1e100 -1e100 -1e100 -1e100 -1e100 -1e100 -1e100 -1e100 -1e100 -1e100 -1e100   -260   -260   -260   -260   -260   -260 -260.1544189453125 -260.714324951171875 -261.682525634765625 -263.061981201171875 -264.855438232421875 -266.911376953125 -268.981414794921875 -271.065277099609375 -273.162322998046875 -275.27166748046875 -277.392059326171875 -279.521881103515625 -281.6593017578125 -283.80206298828125 -285.947906494140625 -288.09429931640625 -290.238739013671875 -292.37847900390625 -294.51055908203125 -296.631744384765625 -298.738372802734375 -300.8262939453125 -302.890899658203125 -304.9266357421875 -306.927276611328125 -308.8858642578125 -310.794769287109375 -312.645355224609375 -314.427825927734375 -316.130706787109375 -317.742095947265625 -319.2576904296875 -320.707550048828125 -322.205810546875 -323.96435546875 -325.960357666015625 -327.5262451171875 -328.57421875 -328.92120361328125 -328.54144287109375 -327.87554931640625 -327.332550048828125 -326.803009033203125 -326.413055419921875 -325.7684326171875 -325.197265625 -325.148345947265625 -326.0311279296875 -329.014739990234375 -333.698638916015625 -339.43231201171875 -346.4132080078125 -354.775543212890625 -363.58648681640625 -373.973876953125 -384.334625244140625 -393.91717529296875 -401.179656982421875 -407.75 -1e100 -1e100 -1e100 -1e100 -1e100 -1e100 -1e100 -1e100 -1e100 -1e100 -1e100 -1e100 -1e100 -1e100 -1e100 -1e100 -1e100 -1e100 -1e100 -1e100 -1e100 -1e100 -1e100 -1e100 -1e100 -1e100 -1e100 -1e100 -1e100 -1e100 -1e100 -1e100 -1e100 -1e100 -1e100 -1e100 -1e100 -1e100 -1e100 -1e100 -1e100
 -1e100 -1e100 -1e100 -1e100 -1e100 -1e100 -1e100 -1e100 -1e100 -1e100 -1e100 -1e100 -1e100 -1e100 -1e100 -1e100 -1e100 -1e100 -1e100 -1e100 -1e100 -1e100 -1e100 -1e100 -1e100   -260   -260   -260   -260   -260   -260 -260.218292236328125 -260.851470947265625 -261.903076171875 -263.376617431640625 -265.275634765625 -267.3853759765625 -269.512725830078125 -271.65740966796875 -273.81884765625 -275.99615478515625 -278.187957763671875 -280.392578125 -282.60791015625 -284.8314208984375 -287.060455322265625 -289.292022705078125 -291.5228271484375 -293.749176025390625 -295.96697998046875 -298.17144775390625 -300.357086181640625 -302.517669677734375 -304.6458740234375 -306.7333984375 -308.77093505859375 -310.7484130859375 -312.65521240234375 -314.48065185546875 -316.21356201171875 -317.840576171875 -319.3433837890625 -320.700897216796875 -321.91778564453125 -323.104949951171875 -324.718597412109375 -326.58514404296875 -327.872772216796875 -328.803253173828125 -329.26885986328125 -329.054168701171875 -328.515472412109375 -328.2821044921875 -327.99163818359375 -328.06182861328125 -327.1707763671875 -326.3992919921875 -326.379364013671875 -327.210357666015625 -329.781707763671875 -334.644500732421875 -340.750732421875 -348.215728759765625 -357.208740234375 -366.915069580078125 -377.998992919921875 -387.106781005859375 -395.666412353515625 -402.101104736328125 -1e100 -1e100 -1e100 -1e100 -1e100 -1e100 -1e100 -1e100 -1e100 -1e100 -1e100 -1e100 -1e100 -1e100 -1e100 -1e100 -1e100 -1e100 -1e100 -1e100 -1e100 -1e100 -1e100 -1e100 -1e100 -1e100 -1e100 -1e100 -1e100 -1e100 -1e100 -1e100 -1e100 -1e100 -1e100 -1e100 -1e100 -1e100 -1e100 -1e100 -1e100 -1e100
 -1e100 -1e100 -1e100 -1e100 -1e100 -1e100 -1e100 -1e100 -1e100 -1e100 -1e100 -1e100 -1e100 -1e100 -1e100 -1e100 -1e100 -1e100 -1e100 -1e100 -1e100 -1e100 -1e100 -1e100 -1e100   -260   -260   -260   -260   -260   -260 -260.278289794921875 -260.9810791015625 -262.112518310546875 -263.676849365234375 -265.6783447265625 -267.84295654296875 -270.028839111328125 -272.235809326171875 -274.463409423828125 -276.710723876953125 -278.97637939453125 -281.25860595703125 -283.555084228515625 -285.8631591796875 -288.179718017578125 -290.50128173828125 -292.8238525390625 -295.142822265625 -297.452728271484375 -299.747314453125 -302.019256591796875 -304.259979248046875 -306.45953369140625 -308.606597900390625 -310.6885986328125 -312.6920166015625 -314.603485107421875 -316.410247802734375 -318.100799560546875 -319.662567138671875 -321.07489013671875 -322.30108642578125 -323.304229736328125 -324.189849853515625 -325.613983154296875 -327.376007080078125 -328.432159423828125 -329.266448974609375 -329.810546875 -329.759307861328125 -329.2296142578125 -329.220458984375 -329.0625 -329.3631591796875 -328.1759033203125 -327.361602783203125 -327.58038330078125 -328.474212646484375 -331.171783447265625 -336.544830322265625 -343.085540771484375 -351.102264404296875 -360.73028564453125 -370.96063232421875 -381.269256591796875 -389.74615478515625 -397.19000244140625 -1e100 -1e100 -1e100 -1e100 -1e100 -1e100 -1e100 -1e100 -1e100 -1e100 -1e100 -1e100 -1e100 -1e100 -1e100 -1e100 -1e100 -1e100 -1e100 -1e100 -1e100 -1e100 -1e100 -1e100 -1e100 -1e100 -1e100 -1e100 -1e100 -1e100 -1e100 -1e100 -1e100 -1e100 -1e100 -1e100 -1e100 -1e100 -1e100 -1e100 -1e100 -1e100 -1e100
 -1e100 -1e100 -1e100 -1e100 -1e100 -1e100 -1e100 -1e100 -1e100 -1e100 -1e100 -1e100 -1e100 -1e100 -1e100 -1e100 -1e100 -1e100 -1e100 -1e100 -1e100 -1e100 -1e100 -1e100 -1e100   -260   -260   -260   -260   -260   -260 -260.33367919921875 -261.1014404296875 -262.30816650390625 -263.95880126953125 -266.0584716796875 -268.278533935546875 -270.52362060546875 -272.793853759765625 -275.088653564453125 -277.4073486328125 -279.748504638671875 -282.1103515625 -284.490386962890625 -286.8858642578125 -289.293212890625 -291.708526611328125 -294.127105712890625 -296.5433349609375 -298.95050048828125 -301.3406982421875 -303.70465087890625 -306.03143310546875 -308.308349609375 -310.520965576171875 -312.652984619140625 -314.68731689453125 -316.60711669921875 -318.39764404296875 -320.048095703125 -321.55108642578125 -322.895416259765625 -324.051788330078125 -324.9730224609375 -325.741912841796875 -326.926177978515625 -328.409423828125 -329.11773681640625 -329.73870849609375 -330.17071533203125 -330.19561767578125 -329.768463134765625 -329.956939697265625 -330.03826904296875 -330.638641357421875 -329.120697021484375 -328.158660888671875 -328.73553466796875 -330.10546875 -333.05047607421875 -339.231903076171875 -346.578277587890625 -355.247161865234375 -365.5340576171875 -374.7666015625 -384.401153564453125 -392.26080322265625 -398.24810791015625 -1e100 -1e100 -1e100 -1e100 -1e100 -1e100 -1e100 -1e100 -1e100 -1e100 -1e100 -1e100 -1e100 -1e100 -1e100 -1e100 -1e100 -1e100 -1e100 -1e100 -1e100 -1e100 -1e100 -1e100 -1e100 -1e100 -1e100 -1e100 -1e100 -1e100 -1e100 -1e100 -1e100 -1e100 -1e100 -1e100 -1e100 -1e100 -1e100 -1e100 -1e100 -1e100 -1e100
 -1e100 -1e100 -1e100 -1e100 -1e100 -1e100 -1e100 -1e100 -1e100 -1e100 -1e100 -1e100 -1e100 -1e100 -1e100 -1e100 -1e100 -1e100 -1e100 -1e100 -1e100 -1e100 -1e100 -1e100 -1e100   -260   -260   -260   -260   -260 -260.0030517578125 -260.38653564453125 -261.213714599609375 -262.490142822265625 -264.22149658203125 -266.410675048828125 -268.6861572265625 -270.99053955078125 -273.3240966796875 -275.6865234375 -278.0771484375 -280.494598388671875 -282.93707275390625 -285.402130126953125 -287.886627197265625 -290.38690185546875 -292.898406982421875 -295.41583251953125 -297.932464599609375 -300.4404296875 -302.930145263671875 -305.390289306640625 -307.8076171875 -310.166595458984375 -312.449249267578125 -314.63555908203125 -316.70404052734375 -318.6336669921875 -320.406494140625 -322.01190185546875 -323.4503173828125 -324.732666015625 -325.870086669921875 -326.865631103515625 -327.80328369140625 -328.8648681640625 -329.9449462890625 -330.105926513671875 -330.179656982421875 -330.027587890625 -329.803253173828125 -329.580352783203125 -330.2493896484375 -330.76531982421875 -331.6885986328125 -330.55859375 -329.97344970703125 -330.81500244140625 -332.491363525390625 -335.93084716796875 -342.684539794921875 -350.742095947265625 -360.133819580078125 -371.665130615234375 -379.984405517578125 -388.697998046875 -395.38323974609375 -1e100 -1e100 -1e100 -1e100 -1e100 -1e100 -1e100 -1e100 -1e100 -1e100 -1e100 -1e100 -1e100 -1e100 -1e100 -1e100 -1e100 -1e100 -1e100 -1e100 -1e100 -1e100 -1e100 -1e100 -1e100 -1e100 -1e100 -1e100 -1e100 -1e100 -1e100 -1e100 -1e100 -1e100 -1e100 -1e100 -1e100 -1e100 -1e100 -1e100 -1e100 -1e100 -1e100 -1e100
 -1e100 -1e100 -1e100 -1e100 -1e100 -1e100 -1e100 -1e100 -1e100 -1e100 -1e100 -1e100 -1e100 -1e100 -1e100 -1e100 -1e100 -1e100 -1e100 -1e100 -1e100 -1e100 -1e100 -1e100   -260   -260   -260   -260   -260   -260 -260.0101318359375 -260.436981201171875 -261.316986083984375 -262.656341552734375 -264.461578369140625 -266.729217529296875 -269.059417724609375 -271.4224853515625 -273.818878173828125 -276.24847412109375 -278.710662841796875 -281.204254150390625 -283.7274169921875 -286.27764892578125 -288.851776123046875 -291.44561767578125 -294.054412841796875 -296.671966552734375 -299.2906494140625 -301.90142822265625 -304.493011474609375 -307.052215576171875 -309.56329345703125 -312.007965087890625 -314.364715576171875 -316.609283447265625 -318.71539306640625 -320.6563720703125 -322.40875244140625 -323.95843505859375 -325.3104248046875 -326.49951171875 -327.594390869140625 -328.686920166015625 -329.84625244140625 -330.815032958984375 -331.534332275390625 -331.40679931640625 -331.074127197265625 -330.43768310546875 -329.987060546875 -329.91558837890625 -330.7200927734375 -331.51837158203125 -332.642059326171875 -332.221649169921875 -332.207183837890625 -333.325653076171875 -335.517974853515625 -339.691436767578125 -347.0498046875 -355.869110107421875 -366.1180419921875 -376.617034912109375 -384.01226806640625 -391.260009765625 -1e100 -1e100 -1e100 -1e100 -1e100 -1e100 -1e100 -1e100 -1e100 -1e100 -1e100 -1e100 -1e100 -1e100 -1e100 -1e100 -1e100 -1e100 -1e100 -1e100 -1e100 -1e100 -1e100 -1e100 -1e100 -1e100 -1e100 -1e100 -1e100 -1e100 -1e100 -1e100 -1e100 -1e100 -1e100 -1e100 -1e100 -1e100 -1e100 -1e100 -1e100 -1e100 -1e100 -1e100 -1e100
 -1e100 -1e100 -1e100 -1e100 -1e100 -1e100 -1e100 -1e100 -1e100 -1e100 -1e100 -1e100 -1e100 -1e100 -1e100 -1e100 -1e100 -1e100 -1e100 -1e100 -1e100 -1e100 -1e100   -260   -260   -260   -260   -260   -260   -260 -260.019500732421875 -260.482330322265625 -261.407470703125 -262.80194091796875 -264.672882080078125 -267.008331298828125 -269.391998291015625 -271.81243896484375 -274.27032470703125 -276.765777587890625 -279.298309326171875 -281.8668212890625 -284.469635009765625 -287.104095458984375 -289.76702880859375 -292.4539794921875 -295.159637451171875 -297.877197265625 -300.598175048828125 -303.312225341796875 -306.006683349609375 -308.66650390625 -311.273834228515625 -313.807525634765625 -316.242828369140625 -318.551177978515625 -320.70086669921875 -322.658447265625 -324.3917236328125 -325.8773193359375 -327.115631103515625 -328.156097412109375 -329.12371826171875 -330.215972900390625 -331.50897216796875 -332.405181884765625 -333.07659912109375 -333.020751953125 -332.55426025390625 -331.714691162109375 -331.152801513671875 -331.029693603515625 -331.6214599609375 -332.434417724609375 -333.12811279296875 -333.208038330078125 -333.690521240234375 -335.31329345703125 -338.405792236328125 -344.072296142578125 -352.37860107421875 -360.438018798828125 -370.1524658203125 -380.060943603515625 -386.64569091796875 -392.464691162109375 -1e100 -1e100 -1e100 -1e100 -1e100 -1e100 -1e100 -1e100 -1e100 -1e100 -1e100 -1e100 -1e100 -1e100 -1e100 -1e100 -1e100 -1e100 -1e100 -1e100 -1e100 -1e100 -1e100 -1e100 -1e100 -1e100 -1e100 -1e100 -1e100 -1e100 -1e100 -1e100 -1e100 -1e100 -1e100 -1e100 -1e100 -1e100 -1e100 -1e100 -1e100 -1e100 -1e100 -1e100 -1e100
 -1e100 -1e100 -1e100 -1e100 -1e100 -1e100 -1e100 -1e100 -1e100 -1e100 -1e100 -1e100 -1e100 -1e100 -1e100 -1e100 -1e100 -1e100 -1e100 -1e100 -1e100 -1e100 -1e100   -260   -260   -260   -260   -260   -260   -260 -260.029296875 -260.5198974609375 -261.48162841796875 -262.9222412109375 -264.849578857421875 -267.242584228515625 -269.677734375 -272.153594970703125 -274.670928955078125 -277.2301025390625 -279.830810546875 -282.472076416015625 -285.15234375 -287.8690185546875 -290.61865234375 -293.396728515625 -296.19744873046875 -299.013427734375 -301.83538818359375 -304.651885986328125 -307.449005126953125 -310.210205078125 -312.91571044921875 -315.542144775390625 -318.061767578125 -320.44219970703125 -322.646392822265625 -324.633087158203125 -326.358642578125 -327.783782958984375 -328.89141845703125 -329.726654052734375 -330.456512451171875 -331.394683837890625 -332.700164794921875 -333.5838623046875 -334.283233642578125 -334.404052734375 -333.95367431640625 -333.125518798828125 -332.559722900390625 -332.203643798828125 -332.368743896484375 -333.197174072265625 -333.81719970703125 -334.414764404296875 -335.723876953125 -338.46343994140625 -342.802978515625 -348.0340576171875 -355.745697021484375 -363.622528076171875 -373.108642578125 -383.057159423828125 -389.067108154296875 -1e100 -1e100 -1e100 -1e100 -1e100 -1e100 -1e100 -1e100 -1e100 -1e100 -1e100 -1e100 -1e100 -1e100 -1e100 -1e100 -1e100 -1e100 -1e100 -1e100 -1e100 -1e100 -1e100 -1e100 -1e100 -1e100 -1e100 -1e100 -1e100 -1e100 -1e100 -1e100 -1e100 -1e100 -1e100 -1e100 -1e100 -1e100 -1e100 -1e100 -1e100 -1e100 -1e100 -1e100 -1e100 -1e100
 -1e100 -1e100 -1e100 -1e100 -1e100 -1e100 -1e100 -1e100 -1e100 -1e100 -1e100 -1e100 -1e100 -1e100 -1e100 -1e100 -1e100 -1e100 -1e100 -1e100 -1e100 -1e100 -1e100   -260   -260   -260   -260   -260   -260   -260 -260.037567138671875 -260.546844482421875 -261.535736083984375 -263.012542724609375 -264.985809326171875 -267.427001953125 -269.911163330078125 -272.43975830078125 -275.01373291015625 -277.633697509765625 -280.29949951171875 -283.010467529296875 -285.765045166015625 -288.5606689453125 -291.393829345703125 -294.259796142578125 -297.152435302734375 -300.063812255859375 -302.9840087890625 -305.900787353515625 -308.799224853515625 -311.661712646484375 -314.46710205078125 -317.190399169921875 -319.801849365234375 -322.2659912109375 -324.541412353515625 -326.57928466796875 -328.32305908203125 -329.711761474609375 -330.6968994140625 -331.2935791015625 -331.6807861328125 -332.290985107421875 -333.5963134765625 -334.6822509765625 -335.7137451171875 -336.2730712890625 -336.161407470703125 -335.3809814453125 -334.820892333984375 -334.1644287109375 -333.934600830078125 -334.750152587890625 -335.26837158203125 -336.408477783203125 -338.908355712890625 -343.036163330078125 -347.082000732421875 -352.2552490234375 -359.476959228515625 -366.667755126953125 -375.714141845703125 -1e100 -1e100 -1e100 -1e100 -1e100 -1e100 -1e100 -1e100 -1e100 -1e100 -1e100 -1e100 -1e100 -1e100 -1e100 -1e100 -1e100 -1e100 -1e100 -1e100 -1e100 -1e100 -1e100 -1e100 -1e100 -1e100 -1e100 -1e100 -1e100 -1e100 -1e100 -1e100 -1e100 -1e100 -1e100 -1e100 -1e100 -1e100 -1e100 -1e100 -1e100 -1e100 -1e100 -1e100 -1e100 -1e100 -1e100 -1e100
 -1e100 -1e100 -1e100 -1e100 -1e100 -1e100 -1e100 -1e100 -1e100 -1e100 -1e100 -1e100 -1e100 -1e100 -1e100 -1e100 -1e100 -1e100 -1e100 -1e100 -1e100 -1e100 -1e100   -260   -260   -260   -260   -260   -260   -260 -260.0391845703125 -260.557464599609375 -261.563232421875 -263.065399169921875 -265.073211669921875 -267.557220458984375 -270.08740234375 -272.665496826171875 -275.292694091796875 -277.969818115234375 -280.697021484375 -283.473663330078125 -286.298370361328125 -289.168670654296875 -292.08099365234375 -295.0303955078125 -298.010498046875 -301.012969970703125 -304.027374267578125 -307.0408935546875 -310.038177490234375 -313.000885009765625 -315.90728759765625 -318.731658935546875 -321.443450927734375 -324.00579833984375 -326.37457275390625 -328.495147705078125 -330.29913330078125 -331.7030029296875 -332.619171142578125 -333.008514404296875 -332.9949951171875 -333.05548095703125 -334.1102294921875 -335.41656494140625 -336.852996826171875 -338.207122802734375 -338.995208740234375 -338.452392578125 -338.044219970703125 -337.2265625 -336.420623779296875 -336.958160400390625 -338.08551025390625 -339.505462646484375 -341.709381103515625 -345.92840576171875 -349.981689453125 -354.74053955078125 -362.0479736328125 -1e100 -1e100 -1e100 -1e100 -1e100 -1e100 -1e100 -1e100 -1e100 -1e100 -1e100 -1e100 -1e100 -1e100 -1e100 -1e100 -1e100 -1e100 -1e100 -1e100 -1e100 -1e100 -1e100 -1e100 -1e100 -1e100 -1e100 -1e100 -1e100 -1e100 -1e100 -1e100 -1e100 -1e100 -1e100 -1e100 -1e100 -1e100 -1e100 -1e100 -1e100 -1e100 -1e100 -1e100 -1e100 -1e100 -1e100 -1e100 -1e100 -1e100
 -1e100 -1e100 -1e100 -1e100 -1e100 -1e100 -1e100 -1e100 -1e100 -1e100 -1e100 -1e100 -1e100 -1e100 -1e100 -1e100 -1e100 -1e100 -1e100 -1e100 -1e100 -1e100 -1e100   -260   -260   -260   -260   -260   -260   -260 -260.0321044921875 -260.54913330078125 -261.560943603515625 -263.076995849609375 -265.10723876953125 -267.629791259765625 -270.202545166015625 -272.82647705078125 -275.502960205078125 -278.2330322265625 -281.01708984375 -283.85467529296875 -286.74456787109375 -289.68426513671875 -292.6702880859375 -295.69757080078125 -298.75946044921875 -301.847412109375 -304.95068359375 -308.05615234375 -311.148284912109375 -314.20880126953125 -317.2161865234375 -320.145263671875 -322.965728759765625 -325.64141845703125 -328.1278076171875 -330.021636962890625 -331.66412353515625 -332.9398193359375 -333.700531005859375 -334.1124267578125 -334.11285400390625 -334.17901611328125 -335.556304931640625 -337.7279052734375 -340.0389404296875 -342.256683349609375 -343.383056640625 -342.56658935546875 -341.214691162109375 -339.9287109375 -338.878021240234375 -339.857818603515625 -341.036468505859375 -342.55633544921875 -344.32757568359375 -348.57373046875 -352.353363037109375 -357.002593994140625 -1e100 -1e100 -1e100 -1e100 -1e100 -1e100 -1e100 -1e100 -1e100 -1e100 -1e100 -1e100 -1e100 -1e100 -1e100 -1e100 -1e100 -1e100 -1e100 -1e100 -1e100 -1e100 -1e100 -1e100 -1e100 -1e100 -1e100 -1e100 -1e100 -1e100 -1e100 -1e100 -1e100 -1e100 -1e100 -1e100 -1e100 -1e100 -1e100 -1e100 -1e100 -1e100 -1e100 -1e100 -1e100 -1e100 -1e100 -1e100 -1e100 -1e100 -1e100
 -1e100 -1e100 -1e100 -1e100 -1e100 -1e100 -1e100 -1e100 -1e100 -1e100 -1e100 -1e100 -1e100 -1e100 -1e100 -1e100 -1e100 -1e100 -1e100 -1e100 -1e100 -1e100 -1e100   -260   -260   -260   -260   -260   -260   -260 -260.02276611328125 -260.52789306640625 -261.5345458984375 -263.0526123046875 -265.092498779296875 -267.642425537109375 -270.253936767578125 -272.919525146484375 -275.64080810546875 -278.41912841796875 -281.254974365234375 -284.148101806640625 -287.097381591796875 -290.100555419921875 -293.1539306640625 -296.25250244140625 -299.389373779296875 -302.555938720703125 -305.741302490234375 -308.932373046875 -312.1138916015625 -315.2681884765625 -318.374755859375 -321.409912109375 -324.345367431640625 -327.1470947265625 -329.41229248046875 -331.196197509765625 -332.779571533203125 -334.0196533203125 -334.684661865234375 -335.05291748046875 -334.888519287109375 -334.763031005859375 -336.246002197265625 -338.76934814453125 -341.477386474609375 -344.1669921875 -345.639617919921875 -344.633087158203125 -342.924102783203125 -341.259674072265625 -339.896209716796875 -340.903106689453125 -342.488372802734375 -344.159637451171875 -346.203704833984375 -351.09613037109375 -1e100 -1e100 -1e100 -1e100 -1e100 -1e100 -1e100 -1e100 -1e100 -1e100 -1e100 -1e100 -1e100 -1e100 -1e100 -1e100 -1e100 -1e100 -1e100 -1e100 -1e100 -1e100 -1e100 -1e100 -1e100 -1e100 -1e100 -1e100 -1e100 -1e100 -1e100 -1e100 -1e100 -1e100 -1e100 -1e100 -1e100 -1e100 -1e100 -1e100 -1e100 -1e100 -1e100 -1e100 -1e100 -1e100 -1e100 -1e100 -1e100 -1e100 -1e100 -1e100 -1e100
 -1e100 -1e100 -1e100 -1e100 -1e100 -1e100 -1e100 -1e100 -1e100 -1e100 -1e100 -1e100 -1e100 -1e100 -1e100 -1e100 -1e100 -1e100 -1e100 -1e100 -1e100 -1e100 -1e100   -260   -260   -260   -260   -260   -260   -260 -260.012939453125 -260.4954833984375 -261.4854736328125 -262.993316650390625 -265.0299072265625 -267.593719482421875 -270.23992919921875 -272.9427490234375 -275.70416259765625 -278.525482177734375 -281.407562255859375 -284.350341796875 -287.35272216796875 -290.41253662109375 -293.52618408203125 -296.6884765625 -299.892547607421875 -303.129730224609375 -306.38916015625 -309.6580810546875 -312.921783447265625 -316.16375732421875 -319.365325927734375 -322.5050048828125 -325.202911376953125 -327.87677001953125 -330.10943603515625 -331.924530029296875 -333.61883544921875 -1e100 -1e100 -1e100 -1e100 -335.72412109375 -337.580810546875 -340.60723876953125 -343.767303466796875 -346.964141845703125 -348.77545166015625 -347.272735595703125 -344.9908447265625 -343.2135009765625 -341.74835205078125 -342.917205810546875 -345.004302978515625 -347.065460205078125 -1e100 -1e100 -1e100 -1e100 -1e100 -1e100 -1e100 -1e100 -1e100 -1e100 -1e100 -1e100 -1e100 -1e100 -1e100 -1e100 -1e100 -1e100 -1e100 -1e100 -1e100 -1e100 -1e100 -1e100 -1e100 -1e100 -1e100 -1e100 -1e100 -1e100 -1e100 -1e100 -1e100 -1e100 -1e100 -1e100 -1e100 -1e100 -1e100 -1e100 -1e100 -1e100 -1e100 -1e100 -1e100 -1e100 -1e100 -1e100 -1e100 -1e100 -1e100 -1e100 -1e100 -1e100 -1e100
 -1e100 -1e100 -1e100 -1e100 -1e100 -1e100 -1e100 -1e100 -1e100 -1e100 -1e100 -1e100 -1e100 -1e100 -1e100 -1e100 -1e100 -1e100 -1e100 -1e100 -1e100 -1e100   -260   -260   -260   -260   -260   -260   -260   -260 -260.00469970703125 -260.45379638671875 -261.415679931640625 -262.901031494140625 -264.92120361328125 -267.483367919921875 -270.1600341796875 -272.895599365234375 -275.692047119140625 -278.551055908203125 -281.473541259765625 -284.4595947265625 -287.508270263671875 -290.617462158203125 -293.78350830078125 -297.0013427734375 -300.26397705078125 -303.562774658203125 -306.8870849609375 -310.22467041015625 -313.56170654296875 -316.883209228515625 -320.172637939453125 -323.069976806640625 -325.63153076171875 -328.273040771484375 -330.5550537109375 -332.502716064453125 -1e100 -1e100 -1e100 -1e100 -1e100 -1e100 -1e100 -1e100 -1e100 -1e100 -1e100 -1e100 -1e100 -1e100 -1e100 -1e100 -1e100 -1e100 -1e100 -1e100 -1e100 -1e100 -1e100 -1e100 -1e100 -1e100 -1e100 -1e100 -1e100 -1e100 -1e100 -1e100 -1e100 -1e100 -1e100 -1e100 -1e100 -1e100 -1e100 -1e100 -1e100 -1e100 -1e100 -1e100 -1e100 -1e100 -1e100 -1e100 -1e100 -1e100 -1e100 -1e100 -1e100 -1e100 -1e100 -1e100 -1e100 -1e100 -1e100 -1e100 -1e100 -1e100 -1e100 -1e100 -1e100 -1e100 -1e100 -1e100 -1e100 -1e100 -1e100 -1e100 -1e100
 -1e100 -1e100 -1e100 -1e100 -1e100 -1e100 -1e100 -1e100 -1e100 -1e100 -1e100 -1e100 -1e100 -1e100 -1e100 -1e100 -1e100 -1e100 -1e100 -1e100 -1e100   -260   -260   -260   -260   -260   -260   -260   -260   -260   -260 -260.40509033203125 -261.32745361328125 -262.778228759765625 -264.769012451171875 -267.312042236328125 -270.014923095703125 -272.778472900390625 -275.60498046875 -278.49609375 -281.45294189453125 -284.475677490234375 -287.563507080078125 -290.714324951171875 -293.924591064453125 -297.189117431640625 -300.501007080078125 -303.851654052734375 -307.23077392578125 -310.626708984375 -314.026641845703125 -317.0966796875 -320.257415771484375 -323.119354248046875 -325.71942138671875 -328.595794677734375 -1e100 -1e100 -1e100 -1e100 -1e100 -1e100 -1e100 -1e100 -1e100 -1e100 -1e100 -1e100 -1e100 -1e100 -1e100 -1e100 -1e100 -1e100 -1e100 -1e100 -1e100 -1e100 -1e100 -1e100 -1e100 -1e100 -1e100 -1e100 -1e100 -1e100 -1e100 -1e100 -1e100 -1e100 -1e100 -1e100 -1e100 -1e100 -1e100 -1e100 -1e100 -1e100 -1e100 -1e100 -1e100 -1e100 -1e100 -1e100 -1e100 -1e100 -1e100 -1e100 -1e100 -1e100 -1e100 -1e100 -1e100 -1e100 -1e100 -1e100 -1e100 -1e100 -1e100 -1e100 -1e100 -1e100 -1e100 -1e100 -1e100 -1e100 -1e100 -1e100 -1e100 -1e100 -1e100
 -1e100 -1e100 -1e100 -1e100 -1e100 -1e100 -1e100 -1e100 -1e100 -1e100 -1e100 -1e100 -1e100 -1e100 -1e100 -1e100 -1e100 -1e100 -1e100 -1e100 -1e100   -260   -260   -260   -260   -260   -260   -260   -260   -260   -260 -260.350677490234375 -261.2225341796875 -262.62689208984375 -264.575653076171875 -267.081298828125 -269.806182861328125 -272.5931396484375 -275.44451904296875 -278.36212158203125 -281.347198486328125 -284.399932861328125 -287.5196533203125 -290.704193115234375 -293.950103759765625 -297.25213623046875 -300.603546142578125 -303.995697021484375 -307.41876220703125 -310.861724853515625 -314.009124755859375 -316.91656494140625 -320.037017822265625 -322.946044921875 -325.706756591796875 -1e100 -1e100 -1e100 -1e100 -1e100 -1e100 -1e100 -1e100 -1e100 -1e100 -1e100 -1e100 -1e100 -1e100 -1e100 -1e100 -1e100 -1e100 -1e100 -1e100 -1e100 -1e100 -1e100 -1e100 -1e100 -1e100 -1e100 -1e100 -1e100 -1e100 -1e100 -1e100 -1e100 -1e100 -1e100 -1e100 -1e100 -1e100 -1e100 -1e100 -1e100 -1e100 -1e100 -1e100 -1e100 -1e100 -1e100 -1e100 -1e100 -1e100 -1e100 -1e100 -1e100 -1e100 -1e100 -1e100 -1e100 -1e100 -1e100 -1e100 -1e100 -1e100 -1e100 -1e100 -1e100 -1e100 -1e100 -1e100 -1e100 -1e100 -1e100 -1e100 -1e100 -1e100 -1e100 -1e100
 -1e100 -1e100 -1e100 -1e100 -1e100 -1e100 -1e100 -1e100 -1e100 -1e100 -1e100 -1e100 -1e100 -1e100 -1e100 -1e100 -1e100 -1e100 -1e100 -1e100 -1e100   -260   -260   -260   -260   -260   -260   -260   -260   -260   -260 -260.286346435546875 -261.097076416015625 -262.44366455078125 -264.3382568359375 -266.79345703125 -269.536163330078125 -272.34197998046875 -275.21319580078125 -278.151763916015625 -281.15899658203125 -284.235076904296875 -287.37933349609375 -290.58966064453125 -293.86248779296875 -297.19268798828125 -300.57342529296875 -303.99639892578125 -307.168121337890625 -310.485321044921875 -313.59161376953125 -316.529083251953125 -319.92559814453125 -1e100 -1e100 -1e100 -1e100 -1e100 -1e100 -1e100 -1e100 -1e100 -1e100 -1e100 -1e100 -1e100 -1e100 -1e100 -1e100 -1e100 -1e100 -1e100 -1e100 -1e100 -1e100 -1e100 -1e100 -1e100 -1e100 -1e100 -1e100 -1e100 -1e100 -1e100 -1e100 -1e100 -1e100 -1e100 -1e100 -1e100 -1e100 -1e100 -1e100 -1e100 -1e100 -1e100 -1e100 -1e100 -1e100 -1e100 -1e100 -1e100 -1e100 -1e100 -1e100 -1e100 -1e100 -1e100 -1e100 -1e100 -1e100 -1e100 -1e100 -1e100 -1e100 -1e100 -1e100 -1e100 -1e100 -1e100 -1e100 -1e100 -1e100 -1e100 -1e100 -1e100 -1e100 -1e100 -1e100 -1e100 -1e100
 -1e100 -1e100 -1e100 -1e100 -1e100 -1e100 -1e100 -1e100 -1e100 -1e100 -1e100 -1e100 -1e100 -1e100 -1e100 -1e100 -1e100 -1e100 -1e100 -1e100 -1e100   -260   -260   -260   -260   -260   -260   -260   -260   -260   -260 -260.212615966796875 -260.95220947265625 -262.230316162109375 -264.059112548828125 -266.45147705078125 -269.2080078125 -272.0281982421875 -274.914459228515625 -277.868621826171875 -280.891998291015625 -283.984893798828125 -287.14642333984375 -290.37451171875 -293.66558837890625 -297.01446533203125 -300.414398193359375 -303.588775634765625 -306.58782958984375 -309.86114501953125 -313.00921630859375 -316.11297607421875 -1e100 -1e100 -1e100 -1e100 -1e100 -1e100 -1e100 -1e100 -1e100 -1e100 -1e100 -1e100 -1e100 -1e100 -1e100 -1e100 -1e100 -1e100 -1e100 -1e100 -1e100 -1e100 -1e100 -1e100 -1e100 -1e100 -1e100 -1e100 -1e100 -1e100 -1e100 -1e100 -1e100 -1e100 -1e100 -1e100 -1e100 -1e100 -1e100 -1e100 -1e100 -1e100 -1e100 -1e100 -1e100 -1e100 -1e100 -1e100 -1e100 -1e100 -1e100 -1e100 -1e100 -1e100 -1e100 -1e100 -1e100 -1e100 -1e100 -1e100 -1e100 -1e100 -1e100 -1e100 -1e100 -1e100 -1e100 -1e100 -1e100 -1e100 -1e100 -1e100 -1e100 -1e100 -1e100 -1e100 -1e100 -1e100 -1e100
 -1e100 -1e100 -1e100 -1e100 -1e100 -1e100 -1e100 -1e100 -1e100 -1e100 -1e100 -1e100 -1e100 -1e100 -1e100 -1e100 -1e100 -1e100 -1e100 -1e100 -1e100   -260   -260   -260   -260   -260   -260   -260   -260   -260   -260 -260.1405029296875 -260.79949951171875 -261.998992919921875 -263.751220703125 -266.06903076171875 -268.825286865234375 -271.655670166015625 -274.552215576171875 -277.516845703125 -280.5506591796875 -283.653900146484375 -286.82568359375 -290.06378173828125 -293.364532470703125 -296.472076416015625 -299.753326416015625 -302.88470458984375 -305.90771484375 -309.471405029296875 -1e100 -1e100 -1e100 -1e100 -1e100 -1e100 -1e100 -1e100 -1e100 -1e100 -1e100 -1e100 -1e100 -1e100 -1e100 -1e100 -1e100 -1e100 -1e100 -1e100 -1e100 -1e100 -1e100 -1e100 -1e100 -1e100 -1e100 -1e100 -1e100 -1e100 -1e100 -1e100 -1e100 -1e100 -1e100 -1e100 -1e100 -1e100 -1e100 -1e100 -1e100 -1e100 -1e100 -1e100 -1e100 -1e100 -1e100 -1e100 -1e100 -1e100 -1e100 -1e100 -1e100 -1e100 -1e100 -1e100 -1e100 -1e100 -1e100 -1e100 -1e100 -1e100 -1e100 -1e100 -1e100 -1e100 -1e100 -1e100 -1e100 -1e100 -1e100 -1e100 -1e100 -1e100 -1e100 -1e100 -1e100 -1e100 -1e100 -1e100 -1e100
 -1e100 -1e100 -1e100 -1e100 -1e100 -1e100 -1e100 -1e100 -1e100 -1e100 -1e100 -1e100 -1e100 -1e100 -1e100 -1e100 -1e100 -1e100 -1e100 -1e100 -1e100   -260   -260   -260   -260   -260   -260   -260   -260   -260   -260 -260.081329345703125 -260.650970458984375 -261.762451171875 -263.42803955078125 -265.66046142578125 -268.391632080078125 -271.22833251953125 -274.130859375 -277.100982666015625 -280.1397705078125 -283.247314453125 -286.422515869140625 -289.66314697265625 -292.727813720703125 -295.6632080078125 -298.900146484375 -302.068359375 -305.254913330078125 -1e100 -1e100 -1e100 -1e100 -1e100 -1e100 -1e100 -1e100 -1e100 -1e100 -1e100 -1e100 -1e100 -1e100 -1e100 -1e100 -1e100 -1e100 -1e100 -1e100 -1e100 -1e100 -1e100 -1e100 -1e100 -1e100 -1e100 -1e100 -1e100 -1e100 -1e100 -1e100 -1e100 -1e100 -1e100 -1e100 -1e100 -1e100 -1e100 -1e100 -1e100 -1e100 -1e100 -1e100 -1e100 -1e100 -1e100 -1e100 -1e100 -1e100 -1e100 -1e100 -1e100 -1e100 -1e100 -1e100 -1e100 -1e100 -1e100 -1e100 -1e100 -1e100 -1e100 -1e100 -1e100 -1e100 -1e100 -1e100 -1e100 -1e100 -1e100 -1e100 -1e100 -1e100 -1e100 -1e100 -1e100 -1e100 -1e100 -1e100 -1e100 -1e100
 -1e100 -1e100 -1e100 -1e100 -1e100 -1e100 -1e100 -1e100 -1e100 -1e100 -1e100 -1e100 -1e100 -1e100 -1e100 -1e100 -1e100 -1e100 -1e100 -1e100 -1e100   -260   -260   -260   -260   -260   -260   -260   -260   -260   -260 -260.037017822265625 -260.509246826171875 -261.5240478515625 -263.0936279296875 -265.2305908203125 -267.91107177734375 -270.750396728515625 -273.654815673828125 -276.625885009765625 -279.664520263671875 -282.7706298828125 -285.721099853515625 -288.852813720703125 -291.87548828125 -294.83001708984375 -298.3538818359375 -1e100 -1e100 -1e100 -1e100 -1e100 -1e100 -1e100 -1e100 -1e100 -1e100 -1e100 -1e100 -1e100 -1e100 -1e100 -1e100 -1e100 -1e100 -1e100 -1e100 -1e100 -1e100 -1e100 -1e100 -1e100 -1e100 -1e100 -1e100 -1e100 -1e100 -1e100 -1e100 -1e100 -1e100 -1e100 -1e100 -1e100 -1e100 -1e100 -1e100 -1e100 -1e100 -1e100 -1e100 -1e100 -1e100 -1e100 -1e100 -1e100 -1e100 -1e100 -1e100 -1e100 -1e100 -1e100 -1e100 -1e100 -1e100 -1e100 -1e100 -1e100 -1e100 -1e100 -1e100 -1e100 -1e100 -1e100 -1e100 -1e100 -1e100 -1e100 -1e100 -1e100 -1e100 -1e100 -1e100 -1e100 -1e100 -1e100 -1e100 -1e100 -1e100 -1e100 -1e100
 -1e100 -1e100 -1e100 -1e100 -1e100 -1e100 -1e100 -1e100 -1e100 -1e100 -1e100 -1e100 -1e100 -1e100 -1e100 -1e100 -1e100 -1e100 -1e100 -1e100   -260   -260   -260   -260   -260   -260   -260   -260   -260   -260   -260 -260.009368896484375 -260.37677001953125 -261.287017822265625 -262.7520751953125 -264.784454345703125 -267.38763427734375 -270.2261962890625 -273.128753662109375 -276.096527099609375 -278.923095703125 -281.9278564453125 -284.83892822265625 -288.095306396484375 -291.37933349609375 -294.060577392578125 -1e100 -1e100 -1e100 -1e100 -1e100 -1e100 -1e100 -1e100 -1e100 -1e100 -1e100 -1e100 -1e100 -1e100 -1e100 -1e100 -1e100 -1e100 -1e100 -1e100 -1e100 -1e100 -1e100 -1e100 -1e100 -1e100 -1e100 -1e100 -1e100 -1e100 -1e100 -1e100 -1e100 -1e100 -1e100 -1e100 -1e100 -1e100 -1e100 -1e100 -1e100 -1e100 -1e100 -1e100 -1e100 -1e100 -1e100 -1e100 -1e100 -1e100 -1e100 -1e100 -1e100 -1e100 -1e100 -1e100 -1e100 -1e100 -1e100 -1e100 -1e100 -1e100 -1e100 -1e100 -1e100 -1e100 -1e100 -1e100 -1e100 -1e100 -1e100 -1e100 -1e100 -1e100 -1e100 -1e100 -1e100 -1e100 -1e100 -1e100 -1e100 -1e100 -1e100 -1e100 -1e100
 -1e100 -1e100 -1e100 -1e100 -1e100 -1e100 -1e100 -1e100 -1e100 -1e100 -1e100 -1e100 -1e100 -1e100 -1e100 -1e100 -1e100 -1e100 -1e100   -260   -260   -260   -260   -260   -260   -260   -260   -260   -260   -260   -260   -260 -260.255889892578125 -261.05438232421875 -262.4072265625 -264.326690673828125 -266.825286865234375 -269.660064697265625 -272.557220458984375 -275.32012939453125 -277.9915771484375 -280.958343505859375 -283.901611328125 -287.505340576171875 -1e100 -1e100 -1e100 -1e100 -1e100 -1e100 -1e100 -1e100 -1e100 -1e100 -1e100 -1e100 -1e100 -1e100 -1e100 -1e100 -1e100 -1e100 -1e100 -1e100 -1e100 -1e100 -1e100 -1e100 -1e100 -1e100 -1e100 -1e100 -1e100 -1e100 -1e100 -1e100 -1e100 -1e100 -1e100 -1e100 -1e100 -1e100 -1e100 -1e100 -1e100 -1e100 -1e100 -1e100 -1e100 -1e100 -1e100 -1e100 -1e100 -1e100 -1e100 -1e100 -1e100 -1e100 -1e100 -1e100 -1e100 -1e100 -1e100 -1e100 -1e100 -1e100 -1e100 -1e100 -1e100 -1e100 -1e100 -1e100 -1e100 -1e100 -1e100 -1e100 -1e100 -1e100 -1e100 -1e100 -1e100 -1e100 -1e100 -1e100 -1e100 -1e100 -1e100 -1e100 -1e100 -1e100 -1e100
 -1e100 -1e100 -1e100 -1e100 -1e100 -1e100 -1e100 -1e100 -1e100 -1e100 -1e100 -1e100 -1e100 -1e100 -1e100 -1e100 -1e100 -1e100 -1e100   -260   -260   -260   -260   -260   -260   -260   -260   -260   -260   -260   -260   -260 -260.15997314453125 -260.84027099609375 -262.074005126953125 -263.873016357421875 -266.249603271484375 -268.870635986328125 -271.679290771484375 -274.408935546875 -277.099029541015625 -280.332794189453125 -1e100 -1e100 -1e100 -1e100 -1e100 -1e100 -1e100 -1e100 -1e100 -1e100 -1e100 -1e100 -1e100 -1e100 -1e100 -1e100 -1e100 -1e100 -1e100 -1e100 -1e100 -1e100 -1e100 -1e100 -1e100 -1e100 -1e100 -1e100 -1e100 -1e100 -1e100 -1e100 -1e100 -1e100 -1e100 -1e100 -1e100 -1e100 -1e100 -1e100 -1e100 -1e100 -1e100 -1e100 -1e100 -1e100 -1e100 -1e100 -1e100 -1e100 -1e100 -1e100 -1e100 -1e100 -1e100 -1e100 -1e100 -1e100 -1e100 -1e100 -1e100 -1e100 -1e100 -1e100 -1e100 -1e100 -1e100 -1e100 -1e100 -1e100 -1e100 -1e100 -1e100 -1e100 -1e100 -1e100 -1e100 -1e100 -1e100 -1e100 -1e100 -1e100 -1e100 -1e100 -1e100 -1e100 -1e100 -1e100 -1e100
 -1e100 -1e100 -1e100 -1e100 -1e100 -1e100 -1e100 -1e100 -1e100 -1e100 -1e100 -1e100 -1e100 -1e100 -1e100 -1e100 -1e100 -1e100 -1e100   -260   -260   -260   -260   -260   -260   -260   -260   -260   -260   -260   -260   -260 -260.08514404296875 -260.641510009765625 -261.7498779296875 -263.4217529296875 -265.4937744140625 -267.922607421875 -270.700439453125 -273.463775634765625 -276.29718017578125 -1e100 -1e100 -1e100 -1e100 -1e100 -1e100 -1e100 -1e100 -1e100 -1e100 -1e100 -1e100 -1e100 -1e100 -1e100 -1e100 -1e100 -1e100 -1e100 -1e100 -1e100 -1e100 -1e100 -1e100 -1e100 -1e100 -1e100 -1e100 -1e100 -1e100 -1e100 -1e100 -1e100 -1e100 -1e100 -1e100 -1e100 -1e100 -1e100 -1e100 -1e100 -1e100 -1e100 -1e100 -1e100 -1e100 -1e100 -1e100 -1e100 -1e100 -1e100 -1e100 -1e100 -1e100 -1e100 -1e100 -1e100 -1e100 -1e100 -1e100 -1e100 -1e100 -1e100 -1e100 -1e100 -1e100 -1e100 -1e100 -1e100 -1e100 -1e100 -1e100 -1e100 -1e100 -1e100 -1e100 -1e100 -1e100 -1e100 -1e100 -1e100 -1e100 -1e100 -1e100 -1e100 -1e100 -1e100 -1e100 -1e100 -1e100
 -1e100 -1e100 -1e100 -1e100 -1e100 -1e100 -1e100 -1e100 -1e100 -1e100 -1e100 -1e100 -1e100 -1e100 -1e100 -1e100 -1e100 -1e100 -1e100   -260   -260   -260   -260   -260   -260   -260   -260   -260   -260   -260   -260   -260 -260.03277587890625 -260.460052490234375 -261.350433349609375 -262.80755615234375 -264.68316650390625 -267.033721923828125 -270.06793212890625 -1e100 -1e100 -1e100 -1e100 -1e100 -1e100 -1e100 -1e100 -1e100 -1e100 -1e100 -1e100 -1e100 -1e100 -1e100 -1e100 -1e100 -1e100 -1e100 -1e100 -1e100 -1e100 -1e100 -1e100 -1e100 -1e100 -1e100 -1e100 -1e100 -1e100 -1e100 -1e100 -1e100 -1e100 -1e100 -1e100 -1e100 -1e100 -1e100 -1e100 -1e100 -1e100 -1e100 -1e100 -1e100 -1e100 -1e100 -1e100 -1e100 -1e100 -1e100 -1e100 -1e100 -1e100 -1e100 -1e100 -1e100 -1e100 -1e100 -1e100 -1e100 -1e100 -1e100 -1e100 -1e100 -1e100 -1e100 -1e100 -1e100 -1e100 -1e100 -1e100 -1e100 -1e100 -1e100 -1e100 -1e100 -1e100 -1e100 -1e100 -1e100 -1e100 -1e100 -1e100 -1e100 -1e100 -1e100 -1e100 -1e100 -1e100 -1e100 -1e100
 -1e100 -1e100 -1e100 -1e100 -1e100 -1e100 -1e100 -1e100 -1e100 -1e100 -1e100 -1e100 -1e100 -1e100 -1e100 -1e100 -1e100 -1e100 -1e100   -260   -260   -260   -260   -260   -260   -260   -260   -260   -260   -260   -260   -260 -260.0040283203125 -260.306365966796875 -261.00286865234375 -262.259918212890625 -263.9442138671875 -266.24298095703125 -1e100 -1e100 -1e100 -1e100 -1e100 -1e100 -1e100 -1e100 -1e100 -1e100 -1e100 -1e100 -1e100 -1e100 -1e100 -1e100 -1e100 -1e100 -1e100 -1e100 -1e100 -1e100 -1e100 -1e100 -1e100 -1e100 -1e100 -1e100 -1e100 -1e100 -1e100 -1e100 -1e100 -1e100 -1e100 -1e100 -1e100 -1e100 -1e100 -1e100 -1e100 -1e100 -1e100 -1e100 -1e100 -1e100 -1e100 -1e100 -1e100 -1e100 -1e100 -1e100 -1e100 -1e100 -1e100 -1e100 -1e100 -1e100 -1e100 -1e100 -1e100 -1e100 -1e100 -1e100 -1e100 -1e100 -1e100 -1e100 -1e100 -1e100 -1e100 -1e100 -1e100 -1e100 -1e100 -1e100 -1e100 -1e100 -1e100 -1e100 -1e100 -1e100 -1e100 -1e100 -1e100 -1e100 -1e100 -1e100 -1e100 -1e100 -1e100 -1e100 -1e100
 -1e100 -1e100 -1e100 -1e100 -1e100 -1e100 -1e100 -1e100 -1e100 -1e100 -1e100 -1e100 -1e100 -1e100 -1e100 -1e100 -1e100 -1e100 -1e100   -260   -260   -260   -260   -260   -260   -260   -260   -260   -260   -260   -260   -260   -260 -260.211639404296875 -260.7547607421875 -261.8887939453125 -1e100 -1e100 -1e100 -1e100 -1e100 -1e100 -1e100 -1e100 -1e100 -1e100 -1e100 -1e100 -1e100 -1e100 -1e100 -1e100 -1e100 -1e100 -1e100 -1e100 -1e100 -1e100 -1e100 -1e100 -1e100 -1e100 -1e100 -1e100 -1e100 -1e100 -1e100 -1e100 -1e100 -1e100 -1e100 -1e100 -1e100 -1e100 -1e100 -1e100 -1e100 -1e100 -1e100 -1e100 -1e100 -1e100 -1e100 -1e100 -1e100 -1e100 -1e100 -1e100 -1e100 -1e100 -1e100 -1e100 -1e100 -1e100 -1e100 -1e100 -1e100 -1e100 -1e100 -1e100 -1e100 -1e100 -1e100 -1e100 -1e100 -1e100 -1e100 -1e100 -1e100 -1e100 -1e100 -1e100 -1e100 -1e100 -1e100 -1e100 -1e100 -1e100 -1e100 -1e100 -1e100 -1e100 -1e100 -1e100 -1e100 -1e100 -1e100 -1e100 -1e100 -1e100 -1e100
 -1e100 -1e100 -1e100 -1e100 -1e100 -1e100 -1e100 -1e100 -1e100 -1e100 -1e100 -1e100 -1e100 -1e100 -1e100 -1e100 -1e100 -1e100 -1e100   -260   -260   -260   -260   -260   -260   -260   -260   -260   -260   -260   -260   -260   -260 -260.13446044921875 -260.501220703125 -1e100 -1e100 -1e100 -1e100 -1e100 -1e100 -1e100 -1e100 -1e100 -1e100 -1e100 -1e100 -1e100 -1e100 -1e100 -1e100 -1e100 -1e100 -1e100 -1e100 -1e100 -1e100 -1e100 -1e100 -1e100 -1e100 -1e100 -1e100 -1e100 -1e100 -1e100 -1e100 -1e100 -1e100 -1e100 -1e100 -1e100 -1e100 -1e100 -1e100 -1e100 -1e100 -1e100 -1e100 -1e100 -1e100 -1e100 -1e100 -1e100 -1e100 -1e100 -1e100 -1e100 -1e100 -1e100 -1e100 -1e100 -1e100 -1e100 -1e100 -1e100 -1e100 -1e100 -1e100 -1e100 -1e100 -1e100 -1e100 -1e100 -1e100 -1e100 -1e100 -1e100 -1e100 -1e100 -1e100 -1e100 -1e100 -1e100 -1e100 -1e100 -1e100 -1e100 -1e100 -1e100 -1e100 -1e100 -1e100 -1e100 -1e100 -1e100 -1e100 -1e100 -1e100 -1e100 -1e100
 -1e100 -1e100 -1e100 -1e100 -1e100 -1e100 -1e100 -1e100 -1e100 -1e100 -1e100 -1e100 -1e100 -1e100 -1e100 -1e100 -1e100 -1e100   -260   -260   -260   -260   -260   -260   -260   -260   -260   -260   -260   -260   -260   -260   -260 -1e100 -1e100 -1e100 -1e100 -1e100 -1e100 -1e100 -1e100 -1e100 -1e100 -1e100 -1e100 -1e100 -1e100 -1e100 -1e100 -1e100 -1e100 -1e100 -1e100 -1e100 -1e100 -1e100 -1e100 -1e100 -1e100 -1e100 -1e100 -1e100 -1e100 -1e100 -1e100 -1e100 -1e100 -1e100 -1e100 -1e100 -1e100 -1e100 -1e100 -1e100 -1e100 -1e100 -1e100 -1e100 -1e100 -1e100 -1e100 -1e100 -1e100 -1e100 -1e100 -1e100 -1e100 -1e100 -1e100 -1e100 -1e100 -1e100 -1e100 -1e100 -1e100 -1e100 -1e100 -1e100 -1e100 -1e100 -1e100 -1e100 -1e100 -1e100 -1e100 -1e100 -1e100 -1e100 -1e100 -1e100 -1e100 -1e100 -1e100 -1e100 -1e100 -1e100 -1e100 -1e100 -1e100 -1e100 -1e100 -1e100 -1e100 -1e100 -1e100 -1e100 -1e100 -1e100 -1e100 -1e100 -1e100
 -1e100 -1e100 -1e100 -1e100 -1e100 -1e100 -1e100 -1e100 -1e100 -1e100 -1e100 -1e100 -1e100 -1e100 -1e100 -1e100 -1e100   -260   -260   -260   -260   -260   -260   -260   -260   -260   -260   -260   -260   -260   -260   -260 -1e100 -1e100 -1e100 -1e100 -1e100 -1e100 -1e100 -1e100 -1e100 -1e100 -1e100 -1e100 -1e100 -1e100 -1e100 -1e100 -1e100 -1e100 -1e100 -1e100 -1e100 -1e100 -1e100 -1e100 -1e100 -1e100 -1e100 -1e100 -1e100 -1e100 -1e100 -1e100 -1e100 -1e100 -1e100 -1e100 -1e100 -1e100 -1e100 -1e100 -1e100 -1e100 -1e100 -1e100 -1e100 -1e100 -1e100 -1e100 -1e100 -1e100 -1e100 -1e100 -1e100 -1e100 -1e100 -1e100 -1e100 -1e100 -1e100 -1e100 -1e100 -1e100 -1e100 -1e100 -1e100 -1e100 -1e100 -1e100 -1e100 -1e100 -1e100 -1e100 -1e100 -1e100 -1e100 -1e100 -1e100 -1e100 -1e100 -1e100 -1e100 -1e100 -1e100 -1e100 -1e100 -1e100 -1e100 -1e100 -1e100 -1e100 -1e100 -1e100 -1e100 -1e100 -1e100 -1e100 -1e100 -1e100 -1e100
 -1e100 -1e100 -1e100 -1e100 -1e100 -1e100 -1e100 -1e100 -1e100 -1e100 -1e100 -1e100 -1e100 -1e100 -1e100 -1e100 -1e100   -260   -260   -260   -260   -260   -260   -260   -260   -260   -260   -260   -260   -260 -1e100 -1e100 -1e100 -1e100 -1e100 -1e100 -1e100 -1e100 -1e100 -1e100 -1e100 -1e100 -1e100 -1e100 -1e100 -1e100 -1e100 -1e100 -1e100 -1e100 -1e100 -1e100 -1e100 -1e100 -1e100 -1e100 -1e100 -1e100 -1e100 -1e100 -1e100 -1e100 -1e100 -1e100 -1e100 -1e100 -1e100 -1e100 -1e100 -1e100 -1e100 -1e100 -1e100 -1e100 -1e100 -1e100 -1e100 -1e100 -1e100 -1e100 -1e100 -1e100 -1e100 -1e100 -1e100 -1e100 -1e100 -1e100 -1e100 -1e100 -1e100 -1e100 -1e100 -1e100 -1e100 -1e100 -1e100 -1e100 -1e100 -1e100 -1e100 -1e100 -1e100 -1e100 -1e100 -1e100 -1e100 -1e100 -1e100 -1e100 -1e100 -1e100 -1e100 -1e100 -1e100 -1e100 -1e100 -1e100 -1e100 -1e100 -1e100 -1e100 -1e100 -1e100 -1e100 -1e100 -1e100 -1e100 -1e100 -1e100 -1e100
 -1e100 -1e100 -1e100 -1e100 -1e100 -1e100 -1e100 -1e100 -1e100 -1e100 -1e100 -1e100 -1e100 -1e100 -1e100 -1e100 -1e100   -260   -260   -260   -260   -260   -260   -260   -260   -260   -260   -260   -260 -1e100 -1e100 -1e100 -1e100 -1e100 -1e100 -1e100 -1e100 -1e100 -1e100 -1e100 -1e100 -1e100 -1e100 -1e100 -1e100 -1e100 -1e100 -1e100 -1e100 -1e100 -1e100 -1e100 -1e100 -1e100 -1e100 -1e100 -1e100 -1e100 -1e100 -1e100 -1e100 -1e100 -1e100 -1e100 -1e100 -1e100 -1e100 -1e100 -1e100 -1e100 -1e100 -1e100 -1e100 -1e100 -1e100 -1e100 -1e100 -1e100 -1e100 -1e100 -1e100 -1e100 -1e100 -1e100 -1e100 -1e100 -1e100 -1e100 -1e100 -1e100 -1e100 -1e100 -1e100 -1e100 -1e100 -1e100 -1e100 -1e100 -1e100 -1e100 -1e100 -1e100 -1e100 -1e100 -1e100 -1e100 -1e100 -1e100 -1e100 -1e100 -1e100 -1e100 -1e100 -1e100 -1e100 -1e100 -1e100 -1e100 -1e100 -1e100 -1e100 -1e100 -1e100 -1e100 -1e100 -1e100 -1e100 -1e100 -1e100 -1e100 -1e100
 -1e100 -1e100 -1e100 -1e100 -1e100 -1e100 -1e100 -1e100 -1e100 -1e100 -1e100 -1e100 -1e100 -1e100 -1e100 -1e100 -1e100   -260   -260   -260   -260   -260   -260   -260   -260   -260   -260 -1e100 -1e100 -1e100 -1e100 -1e100 -1e100 -1e100 -1e100 -1e100 -1e100 -1e100 -1e100 -1e100 -1e100 -1e100 -1e100 -1e100 -1e100 -1e100 -1e100 -1e100 -1e100 -1e100 -1e100 -1e100 -1e100 -1e100 -1e100 -1e100 -1e100 -1e100 -1e100 -1e100 -1e100 -1e100 -1e100 -1e100 -1e100 -1e100 -1e100 -1e100 -1e100 -1e100 -1e100 -1e100 -1e100 -1e100 -1e100 -1e100 -1e100 -1e100 -1e100 -1e100 -1e100 -1e100 -1e100 -1e100 -1e100 -1e100 -1e100 -1e100 -1e100 -1e100 -1e100 -1e100 -1e100 -1e100 -1e100 -1e100 -1e100 -1e100 -1e100 -1e100 -1e100 -1e100 -1e100 -1e100 -1e100 -1e100 -1e100 -1e100 -1e100 -1e100 -1e100 -1e100 -1e100 -1e100 -1e100 -1e100 -1e100 -1e100 -1e100 -1e100 -1e100 -1e100 -1e100 -1e100 -1e100 -1e100 -1e100 -1e100 -1e100 -1e100 -1e100
 -1e100 -1e100 -1e100 -1e100 -1e100 -1e100 -1e100 -1e100 -1e100 -1e100 -1e100 -1e100 -1e100 -1e100 -1e100 -1e100 -1e100   -260   -260   -260   -260   -260   -260   -260   -260   -260 -1e100 -1e100 -1e100 -1e100 -1e100 -1e100 -1e100 -1e100 -1e100 -1e100 -1e100 -1e100 -1e100 -1e100 -1e100 -1e100 -1e100 -1e100 -1e100 -1e100 -1e100 -1e100 -1e100 -1e100 -1e100 -1e100 -1e100 -1e100 -1e100 -1e100 -1e100 -1e100 -1e100 -1e100 -1e100 -1e100 -1e100 -1e100 -1e100 -1e100 -1e100 -1e100 -1e100 -1e100 -1e100 -1e100 -1e100 -1e100 -1e100 -1e100 -1e100 -1e100 -1e100 -1e100 -1e100 -1e100 -1e100 -1e100 -1e100 -1e100 -1e100 -1e100 -1e100 -1e100 -1e100 -1e100 -1e100 -1e100 -1e100 -1e100 -1e100 -1e100 -1e100 -1e100 -1e100 -1e100 -1e100 -1e100 -1e100 -1e100 -1e100 -1e100 -1e100 -1e100 -1e100 -1e100 -1e100 -1e100 -1e100 -1e100 -1e100 -1e100 -1e100 -1e100 -1e100 -1e100 -1e100 -1e100 -1e100 -1e100 -1e100 -1e100 -1e100 -1e100 -1e100
 -1e100 -1e100 -1e100 -1e100 -1e100 -1e100 -1e100 -1e100 -1e100 -1e100 -1e100 -1e100 -1e100 -1e100 -1e100 -1e100   -260   -260   -260   -260   -260   -260   -260   -260 -1e100 -1e100 -1e100 -1e100 -1e100 -1e100 -1e100 -1e100 -1e100 -1e100 -1e100 -1e100 -1e100 -1e100 -1e100 -1e100 -1e100 -1e100 -1e100 -1e100 -1e100 -1e100 -1e100 -1e100 -1e100 -1e100 -1e100 -1e100 -1e100 -1e100 -1e100 -1e100 -1e100 -1e100 -1e100 -1e100 -1e100 -1e100 -1e100 -1e100 -1e100 -1e100 -1e100 -1e100 -1e100 -1e100 -1e100 -1e100 -1e100 -1e100 -1e100 -1e100 -1e100 -1e100 -1e100 -1e100 -1e100 -1e100 -1e100 -1e100 -1e100 -1e100 -1e100 -1e100 -1e100 -1e100 -1e100 -1e100 -1e100 -1e100 -1e100 -1e100 -1e100 -1e100 -1e100 -1e100 -1e100 -1e100 -1e100 -1e100 -1e100 -1e100 -1e100 -1e100 -1e100 -1e100 -1e100 -1e100 -1e100 -1e100 -1e100 -1e100 -1e100 -1e100 -1e100 -1e100 -1e100 -1e100 -1e100 -1e100 -1e100 -1e100 -1e100 -1e100 -1e100 -1e100 -1e100
 -1e100 -1e100 -1e100 -1e100 -1e100 -1e100 -1e100 -1e100 -1e100 -1e100 -1e100 -1e100 -1e100 -1e100 -1e100   -260   -260   -260   -260   -260   -260   -260   -260 -1e100 -1e100 -1e100 -1e100 -1e100 -1e100 -1e100 -1e100 -1e100 -1e100 -1e100 -1e100 -1e100 -1e100 -1e100 -1e100 -1e100 -1e100 -1e100 -1e100 -1e100 -1e100 -1e100 -1e100 -1e100 -1e100 -1e100 -1e100 -1e100 -1e100 -1e100 -1e100 -1e100 -1e100 -1e100 -1e100 -1e100 -1e100 -1e100 -1e100 -1e100 -1e100 -1e100 -1e100 -1e100 -1e100 -1e100 -1e100 -1e100 -1e100 -1e100 -1e100 -1e100 -1e100 -1e100 -1e100 -1e100 -1e100 -1e100 -1e100 -1e100 -1e100 -1e100 -1e100 -1e100 -1e100 -1e100 -1e100 -1e100 -1e100 -1e100 -1e100 -1e100 -1e100 -1e100 -1e100 -1e100 -1e100 -1e100 -1e100 -1e100 -1e100 -1e100 -1e100 -1e100 -1e100 -1e100 -1e100 -1e100 -1e100 -1e100 -1e100 -1e100 -1e100 -1e100 -1e100 -1e100 -1e100 -1e100 -1e100 -1e100 -1e100 -1e100 -1e100 -1e100 -1e100 -1e100 -1e100
 -1e100 -1e100 -1e100 -1e100 -1e100 -1e100 -1e100 -1e100 -1e100 -1e100 -1e100 -1e100 -1e100 -1e100 -1e100   -260   -260   -260   -260   -260   -260 -1e100 -1e100 -1e100 -1e100 -1e100 -1e100 -1e100 -1e100 -1e100 -1e100 -1e100 -1e100 -1e100 -1e100 -1e100 -1e100 -1e100 -1e100 -1e100 -1e100 -1e100 -1e100 -1e100 -1e100 -1e100 -1e100 -1e100 -1e100 -1e100 -1e100 -1e100 -1e100 -1e100 -1e100 -1e100 -1e100 -1e100 -1e100 -1e100 -1e100 -1e100 -1e100 -1e100 -1e100 -1e100 -1e100 -1e100 -1e100 -1e100 -1e100 -1e100 -1e100 -1e100 -1e100 -1e100 -1e100 -1e100 -1e100 -1e100 -1e100 -1e100 -1e100 -1e100 -1e100 -1e100 -1e100 -1e100 -1e100 -1e100 -1e100 -1e100 -1e100 -1e100 -1e100 -1e100 -1e100 -1e100 -1e100 -1e100 -1e100 -1e100 -1e100 -1e100 -1e100 -1e100 -1e100 -1e100 -1e100 -1e100 -1e100 -1e100 -1e100 -1e100 -1e100 -1e100 -1e100 -1e100 -1e100 -1e100 -1e100 -1e100 -1e100 -1e100 -1e100 -1e100 -1e100 -1e100 -1e100 -1e100 -1e100
 -1e100 -1e100 -1e100 -1e100 -1e100 -1e100 -1e100 -1e100 -1e100 -1e100 -1e100 -1e100 -1e100 -1e100 -1e100   -260   -260   -260   -260   -260 -1e100 -1e100 -1e100 -1e100 -1e100 -1e100 -1e100 -1e100 -1e100 -1e100 -1e100 -1e100 -1e100 -1e100 -1e100 -1e100 -1e100 -1e100 -1e100 -1e100 -1e100 -1e100 -1e100 -1e100 -1e100 -1e100 -1e100 -1e100 -1e100 -1e100 -1e100 -1e100 -1e100 -1e100 -1e100 -1e100 -1e100 -1e100 -1e100 -1e100 -1e100 -1e100 -1e100 -1e100 -1e100 -1e100 -1e100 -1e100 -1e100 -1e100 -1e100 -1e100 -1e100 -1e100 -1e100 -1e100 -1e100 -1e100 -1e100 -1e100 -1e100 -1e100 -1e100 -1e100 -1e100 -1e100 -1e100 -1e100 -1e100 -1e100 -1e100 -1e100 -1e100 -1e100 -1e100 -1e100 -1e100 -1e100 -1e100 -1e100 -1e100 -1e100 -1e100 -1e100 -1e100 -1e100 -1e100 -1e100 -1e100 -1e100 -1e100 -1e100 -1e100 -1e100 -1e100 -1e100 -1e100 -1e100 -1e100 -1e100 -1e100 -1e100 -1e100 -1e100 -1e100 -1e100 -1e100 -1e100 -1e100 -1e100 -1e100
 -1e100 -1e100 -1e100 -1e100 -1e100 -1e100 -1e100 -1e100 -1e100 -1e100 -1e100 -1e100 -1e100 -1e100 -1e100   -260   -260   -260 -1e100 -1e100 -1e100 -1e100 -1e100 -1e100 -1e100 -1e100 -1e100 -1e100 -1e100 -1e100 -1e100 -1e100 -1e100 -1e100 -1e100 -1e100 -1e100 -1e100 -1e100 -1e100 -1e100 -1e100 -1e100 -1e100 -1e100 -1e100 -1e100 -1e100 -1e100 -1e100 -1e100 -1e100 -1e100 -1e100 -1e100 -1e100 -1e100 -1e100 -1e100 -1e100 -1e100 -1e100 -1e100 -1e100 -1e100 -1e100 -1e100 -1e100 -1e100 -1e100 -1e100 -1e100 -1e100 -1e100 -1e100 -1e100 -1e100 -1e100 -1e100 -1e100 -1e100 -1e100 -1e100 -1e100 -1e100 -1e100 -1e100 -1e100 -1e100 -1e100 -1e100 -1e100 -1e100 -1e100 -1e100 -1e100 -1e100 -1e100 -1e100 -1e100 -1e100 -1e100 -1e100 -1e100 -1e100 -1e100 -1e100 -1e100 -1e100 -1e100 -1e100 -1e100 -1e100 -1e100 -1e100 -1e100 -1e100 -1e100 -1e100 -1e100 -1e100 -1e100 -1e100 -1e100 -1e100 -1e100 -1e100 -1e100 -1e100 -1e100 -1e100
 -1e100 -1e100 -1e100 -1e100 -1e100 -1e100 -1e100 -1e100 -1e100 -1e100 -1e100 -1e100 -1e100 -1e100 -1e100   -260   -260 -1e100 -1e100 -1e100 -1e100 -1e100 -1e100 -1e100 -1e100 -1e100 -1e100 -1e100 -1e100 -1e100 -1e100 -1e100 -1e100 -1e100 -1e100 -1e100 -1e100 -1e100 -1e100 -1e100 -1e100 -1e100 -1e100 -1e100 -1e100 -1e100 -1e100 -1e100 -1e100 -1e100 -1e100 -1e100 -1e100 -1e100 -1e100 -1e100 -1e100 -1e100 -1e100 -1e100 -1e100 -1e100 -1e100 -1e100 -1e100 -1e100 -1e100 -1e100 -1e100 -1e100 -1e100 -1e100 -1e100 -1e100 -1e100 -1e100 -1e100 -1e100 -1e100 -1e100 -1e100 -1e100 -1e100 -1e100 -1e100 -1e100 -1e100 -1e100 -1e100 -1e100 -1e100 -1e100 -1e100 -1e100 -1e100 -1e100 -1e100 -1e100 -1e100 -1e100 -1e100 -1e100 -1e100 -1e100 -1e100 -1e100 -1e100 -1e100 -1e100 -1e100 -1e100 -1e100 -1e100 -1e100 -1e100 -1e100 -1e100 -1e100 -1e100 -1e100 -1e100 -1e100 -1e100 -1e100 -1e100 -1e100 -1e100 -1e100 -1e100 -1e100 -1e100
 -1e100 -1e100 -1e100 -1e100 -1e100 -1e100 -1e100 -1e100 -1e100 -1e100 -1e100 -1e100 -1e100 -1e100 -1e100 -1e100 -1e100 -1e100 -1e100 -1e100 -1e100 -1e100 -1e100 -1e100 -1e100 -1e100 -1e100 -1e100 -1e100 -1e100 -1e100 -1e100 -1e100 -1e100 -1e100 -1e100 -1e100 -1e100 -1e100 -1e100 -1e100 -1e100 -1e100 -1e100 -1e100 -1e100 -1e100 -1e100 -1e100 -1e100 -1e100 -1e100 -1e100 -1e100 -1e100 -1e100 -1e100 -1e100 -1e100 -1e100 -1e100 -1e100 -1e100 -1e100 -1e100 -1e100 -1e100 -1e100 -1e100 -1e100 -1e100 -1e100 -1e100 -1e100 -1e100 -1e100 -1e100 -1e100 -1e100 -1e100 -1e100 -1e100 -1e100 -1e100 -1e100 -1e100 -1e100 -1e100 -1e100 -1e100 -1e100 -1e100 -1e100 -1e100 -1e100 -1e100 -1e100 -1e100 -1e100 -1e100 -1e100 -1e100 -1e100 -1e100 -1e100 -1e100 -1e100 -1e100 -1e100 -1e100 -1e100 -1e100 -1e100 -1e100 -1e100 -1e100 -1e100 -1e100 -1e100 -1e100 -1e100 -1e100 -1e100 -1e100 -1e100 -1e100 -1e100 -1e100 -1e100 -1e100 -1e100
 -1e100 -1e100 -1e100 -1e100 -1e100 -1e100 -1e100 -1e100 -1e100 -1e100 -1e100 -1e100 -1e100 -1e100 -1e100 -1e100 -1e100 -1e100 -1e100 -1e100 -1e100 -1e100 -1e100 -1e100 -1e100 -1e100 -1e100 -1e100 -1e100 -1e100 -1e100 -1e100 -1e100 -1e100 -1e100 -1e100 -1e100 -1e100 -1e100 -1e100 -1e100 -1e100 -1e100 -1e100 -1e100 -1e100 -1e100 -1e100 -1e100 -1e100 -1e100 -1e100 -1e100 -1e100 -1e100 -1e100 -1e100 -1e100 -1e100 -1e100 -1e100 -1e100 -1e100 -1e100 -1e100 -1e100 -1e100 -1e100 -1e100 -1e100 -1e100 -1e100 -1e100 -1e100 -1e100 -1e100 -1e100 -1e100 -1e100 -1e100 -1e100 -1e100 -1e100 -1e100 -1e100 -1e100 -1e100 -1e100 -1e100 -1e100 -1e100 -1e100 -1e100 -1e100 -1e100 -1e100 -1e100 -1e100 -1e100 -1e100 -1e100 -1e100 -1e100 -1e100 -1e100 -1e100 -1e100 -1e100 -1e100 -1e100 -1e100 -1e100 -1e100 -1e100 -1e100 -1e100 -1e100 -1e100 -1e100 -1e100 -1e100 -1e100 -1e100 -1e100 -1e100 -1e100 -1e100 -1e100 -1e100 -1e100 -1e100
 -1e100 -1e100 -1e100 -1e100 -1e100 -1e100 -1e100 -1e100 -1e100 -1e100 -1e100 -1e100 -1e100 -1e100 -1e100 -1e100 -1e100 -1e100 -1e100 -1e100 -1e100 -1e100 -1e100 -1e100 -1e100 -1e100 -1e100 -1e100 -1e100 -1e100 -1e100 -1e100 -1e100 -1e100 -1e100 -1e100 -1e100 -1e100 -1e100 -1e100 -1e100 -1e100 -1e100 -1e100 -1e100 -1e100 -1e100 -1e100 -1e100 -1e100 -1e100 -1e100 -1e100 -1e100 -1e100 -1e100 -1e100 -1e100 -1e100 -1e100 -1e100 -1e100 -1e100 -1e100 -1e100 -1e100 -1e100 -1e100 -1e100 -1e100 -1e100 -1e100 -1e100 -1e100 -1e100 -1e100 -1e100 -1e100 -1e100 -1e100 -1e100 -1e100 -1e100 -1e100 -1e100 -1e100 -1e100 -1e100 -1e100 -1e100 -1e100 -1e100 -1e100 -1e100 -1e100 -1e100 -1e100 -1e100 -1e100 -1e100 -1e100 -1e100 -1e100 -1e100 -1e100 -1e100 -1e100 -1e100 -1e100 -1e100 -1e100 -1e100 -1e100 -1e100 -1e100 -1e100 -1e100 -1e100 -1e100 -1e100 -1e100 -1e100 -1e100 -1e100 -1e100 -1e100 -1e100 -1e100 -1e100 -1e100 -1e100
 -1e100 -1e100 -1e100 -1e100 -1e100 -1e100 -1e100 -1e100 -1e100 -1e100 -1e100 -1e100 -1e100 -1e100 -1e100 -1e100 -1e100 -1e100 -1e100 -1e100 -1e100 -1e100 -1e100 -1e100 -1e100 -1e100 -1e100 -1e100 -1e100 -1e100 -1e100 -1e100 -1e100 -1e100 -1e100 -1e100 -1e100 -1e100 -1e100 -1e100 -1e100 -1e100 -1e100 -1e100 -1e100 -1e100 -1e100 -1e100 -1e100 -1e100 -1e100 -1e100 -1e100 -1e100 -1e100 -1e100 -1e100 -1e100 -1e100 -1e100 -1e100 -1e100 -1e100 -1e100 -1e100 -1e100 -1e100 -1e100 -1e100 -1e100 -1e100 -1e100 -1e100 -1e100 -1e100 -1e100 -1e100 -1e100 -1e100 -1e100 -1e100 -1e100 -1e100 -1e100 -1e100 -1e100 -1e100 -1e100 -1e100 -1e100 -1e100 -1e100 -1e100 -1e100 -1e100 -1e100 -1e100 -1e100 -1e100 -1e100 -1e100 -1e100 -1e100 -1e100 -1e100 -1e100 -1e100 -1e100 -1e100 -1e100 -1e100 -1e100 -1e100 -1e100 -1e100 -1e100 -1e100 -1e100 -1e100 -1e100 -1e100 -1e100 -1e100 -1e100 -1e100 -1e100 -1e100 -1e100 -1e100 -1e100 -1e100
 -1e100 -1e100 -1e100 -1e100 -1e100 -1e100 -1e100 -1e100 -1e100 -1e100 -1e100 -1e100 -1e100 -1e100 -1e100 -1e100 -1e100 -1e100 -1e100 -1e100 -1e100 -1e100 -1e100 -1e100 -1e100 -1e100 -1e100 -1e100 -1e100 -1e100 -1e100 -1e100 -1e100 -1e100 -1e100 -1e100 -1e100 -1e100 -1e100 -1e100 -1e100 -1e100 -1e100 -1e100 -1e100 -1e100 -1e100 -1e100 -1e100 -1e100 -1e100 -1e100 -1e100 -1e100 -1e100 -1e100 -1e100 -1e100 -1e100 -1e100 -1e100 -1e100 -1e100 -1e100 -1e100 -1e100 -1e100 -1e100 -1e100 -1e100 -1e100 -1e100 -1e100 -1e100 -1e100 -1e100 -1e100 -1e100 -1e100 -1e100 -1e100 -1e100 -1e100 -1e100 -1e100 -1e100 -1e100 -1e100 -1e100 -1e100 -1e100 -1e100 -1e100 -1e100 -1e100 -1e100 -1e100 -1e100 -1e100 -1e100 -1e100 -1e100 -1e100 -1e100 -1e100 -1e100 -1e100 -1e100 -1e100 -1e100 -1e100 -1e100 -1e100 -1e100 -1e100 -1e100 -1e100 -1e100 -1e100 -1e100 -1e100 -1e100 -1e100 -1e100 -1e100 -1e100 -1e100 -1e100 -1e100 -1e100 -1e100
 -1e100 -1e100 -1e100 -1e100 -1e100 -1e100 -1e100 -1e100 -1e100 -1e100 -1e100 -1e100 -1e100 -1e100 -1e100 -1e100 -1e100 -1e100 -1e100 -1e100 -1e100 -1e100 -1e100 -1e100 -1e100 -1e100 -1e100 -1e100 -1e100 -1e100 -1e100 -1e100 -1e100 -1e100 -1e100 -1e100 -1e100 -1e100 -1e100 -1e100 -1e100 -1e100 -1e100 -1e100 -1e100 -1e100 -1e100 -1e100 -1e100 -1e100 -1e100 -1e100 -1e100 -1e100 -1e100 -1e100 -1e100 -1e100 -1e100 -1e100 -1e100 -1e100 -1e100 -1e100 -1e100 -1e100 -1e100 -1e100 -1e100 -1e100 -1e100 -1e100 -1e100 -1e100 -1e100 -1e100 -1e100 -1e100 -1e100 -1e100 -1e100 -1e100 -1e100 -1e100 -1e100 -1e100 -1e100 -1e100 -1e100 -1e100 -1e100 -1e100 -1e100 -1e100 -1e100 -1e100 -1e100 -1e100 -1e100 -1e100 -1e100 -1e100 -1e100 -1e100 -1e100 -1e100 -1e100 -1e100 -1e100 -1e100 -1e100 -1e100 -1e100 -1e100 -1e100 -1e100 -1e100 -1e100 -1e100 -1e100 -1e100 -1e100 -1e100 -1e100 -1e100 -1e100 -1e100 -1e100 -1e100 -1e100 -1e100
