ncols        167
nrows        408
xllcorner    413780.220488281222
yllcorner    6431588.805937499739
cellsize     500.000000000000
NODATA_value -1e100
 -1e100 -1e100 -1e100 -1e100 -1e100 -1e100 -1e100 -1e100 -1e100 -1e100 -1e100 -1e100 -1e100 -1e100 -1e100 -1e100 -1e100 -1e100 -1e100 -1e100 -1e100 -1e100 -1e100 -1e100 -1e100 -1e100 -1e100 -1e100 -1e100 -1e100 -1e100 -1e100 -1e100 -1e100 -1e100 -1e100 -1e100 -1e100 -1e100 -1e100 -1e100 -1e100 -1e100 -1e100 -1e100 -1e100 -1e100 -1e100 -1e100 -1e100 -1e100 -1e100 -1e100 -1e100 -1e100 -1e100 -1e100 -1e100 -1e100 -1e100 -1e100 -1e100 -1e100 -1e100 -1e100 -1e100 -1e100 -1e100 -1e100 -1e100 -1e100 -1e100 -1e100 -1e100 -1e100 -1e100 -1e100 -1e100 -1e100 -1e100 -1e100 -1e100 -1e100 -1e100 -1e100 -1e100 -1e100 -1e100 -1e100 -1e100 -1e100 -1e100 -1e100 -1e100 -1e100 -1e100 -1e100 -1e100 -1e100 -1e100 -1e100 -1e100 -1e100 -1e100 -1e100 -1e100 -1e100 -1e100 -1e100 -1e100 -1e100 -1e100 -1e100 -1e100 -1e100 -1e100 -1e100 -1e100 -1e100 -1e100 -1e100 -1e100 -1e100 -1e100 -1e100 -1e100 -1e100 -1e100 -1e100 -1e100 -1e100 -1e100 -1e100 -1e100 -1e100 -1e100 -1e100 -1e100 -1e100 -1e100 -1e100 -1e100 -1e100 -1e100 -1e100 -1e100 -1e100 -1e100 -1e100 -1e100 -1e100 -1e100 -1e100 -1e100 -1e100 -1e100 -1e100 -1e100 -1e100 -1e100 -1e100 -1e100 -1e100 -1e100 -1e100 -1e100 -1e100
 -1e100 -1e100 -1e100 -1e100 -1e100 -1e100 -1e100 -1e100 -1e100 -1e100 -1e100 -1e100 -1e100 -1e100 -1e100 -1e100 -1e100 -1e100 -1e100 -1e100 -1e100 -1e100 -1e100 -1e100 -1e100 -1e100 -1e100 -1e100 -1e100 -1e100 -1e100 -1e100 -1e100 -1e100 -1e100 -1e100 -1e100 -1e100 -1e100 -1e100 -1e100 -1e100 -1e100 -1e100 -1e100 -1e100 -1e100 -1e100 -1e100 -1e100 -1e100 -1e100 -1e100 -1e100 -1e100 -1e100 -1e100 -1e100 -1e100 -1e100 -1e100 -1e100 -1e100 -1e100 -1e100 -1e100 -1e100 -1e100 -1e100 -1e100 -1e100 -1e100 -1e100 -1e100 -1e100 -1e100 -1e100 -1e100 -1e100 -1e100 -1e100 -1e100 -1e100 -1e100 -1e100 -1e100 -1e100 -1e100 -1e100 -1e100 -1e100 -1e100 -1e100 -1e100 -1e100 -1e100 -1e100 -1e100 -1e100 -1e100 -1e100 -1e100 -1e100 -1e100 -1e100 -1e100 -1e100 -1e100 -1e100 -1e100 -1e100 -1e100 -1e100 -1e100 -1e100 -1e100 -1e100 -1e100 -1e100 -1e100 -1e100 -1e100 -1e100 -1e100 -1e100 -1e100 -1e100 -1e100 -1e100 -1e100 -1e100 -1e100 -1e100 -1e100 -1e100 -1e100 -1e100 -1e100 -1e100 -1e100 -1e100 -1e100 -1e100 -1e100 -1e100 -1e100 -1e100 -1e100 -1e100 -1e100 -1e100 -1e100 -1e100 -1e100 -1e100 -1e100 -1e100 -1e100 -1e100 -1e100 -1e100 -1e100 -1e100 -1e100 -1e100 -1e100 -1e100
 -1e100 -1e100 -1e100 -1e100 -1e100 -1e100 -1e100 -1e100 -1e100 -1e100 -1e100 -1e100 -1e100 -1e100 -1e100 -1e100 -1e100 -1e100 -1e100 -1e100 -1e100 -1e100 -1e100 -1e100 -1e100 -1e100 -1e100 -1e100 -1e100 -1e100 -1e100 -1e100 -1e100 -1e100 -1e100 -1e100 -1e100 -1e100 -1e100 -1e100 -1e100 -1e100 -1e100 -1e100 -1e100 -1e100 -1e100 -1e100 -1e100 -1e100 -1e100 -1e100 -1e100 -1e100 -1e100 -1e100 -1e100 -1e100 -1e100 -1e100 -1e100 -1e100 -1e100 -1e100 -1e100 -1e100 -1e100 -1e100 -1e100 -1e100 -1e100 -1e100 -1e100 -1e100 -1e100 -1e100 -1e100 -1e100 -1e100 -1e100 -1e100 -1e100 -1e100 -1e100 -1e100 -1e100 -1e100 -1e100 -1e100 -1e100 -1e100 -1e100 -1e100 -1e100 -1e100 -1e100 -1e100 -1e100 -1e100 -1e100 -1e100 -1e100 -1e100 -1e100 -1e100 -1e100 -1e100 -1e100 -1e100 -1e100 -1e100 -1e100 102.7903900146484375 105.67330169677734375 108.656005859375 -1e100 -1e100 -1e100 -1e100 -1e100 -1e100 -1e100 -1e100 -1e100 -1e100 -1e100 -1e100 -1e100 -1e100 -1e100 -1e100 -1e100 -1e100 -1e100 -1e100 -1e100 -1e100 -1e100 -1e100 -1e100 -1e100 -1e100 -1e100 -1e100 -1e100 -1e100 -1e100 -1e100 -1e100 -1e100 -1e100 -1e100 -1e100 -1e100 -1e100 -1e100 -1e100 -1e100 -1e100 -1e100 -1e100 -1e100 -1e100 -1e100 -1e100 -1e100 -1e100
 -1e100 -1e100 -1e100 -1e100 -1e100 -1e100 -1e100 -1e100 -1e100 -1e100 -1e100 -1e100 -1e100 -1e100 -1e100 -1e100 -1e100 -1e100 -1e100 -1e100 -1e100 -1e100 -1e100 -1e100 -1e100 -1e100 -1e100 -1e100 -1e100 -1e100 -1e100 -1e100 -1e100 -1e100 -1e100 -1e100 -1e100 -1e100 -1e100 -1e100 -1e100 -1e100 -1e100 -1e100 -1e100 -1e100 -1e100 -1e100 -1e100 -1e100 -1e100 -1e100 -1e100 -1e100 -1e100 -1e100 -1e100 -1e100 -1e100 -1e100 -1e100 -1e100 -1e100 -1e100 -1e100 -1e100 -1e100 -1e100 -1e100 -1e100 -1e100 -1e100 -1e100 -1e100 -1e100 -1e100 -1e100 -1e100 -1e100 -1e100 -1e100 -1e100 -1e100 -1e100 -1e100 -1e100 -1e100 -1e100 -1e100 -1e100 -1e100 -1e100 -1e100 -1e100 -1e100 -1e100 -1e100 -1e100 -1e100 -1e100 -1e100 -1e100 -1e100 -1e100 -1e100 -1e100 -1e100 -1e100 -1e100 -1e100 -1e100 97.70279693603515625 100.37938690185546875 103.1338348388671875 105.98786163330078125 108.982269287109375 -1e100 -1e100 -1e100 -1e100 -1e100 -1e100 -1e100 -1e100 -1e100 -1e100 -1e100 -1e100 -1e100 -1e100 -1e100 -1e100 -1e100 -1e100 -1e100 -1e100 -1e100 -1e100 -1e100 -1e100 -1e100 -1e100 -1e100 -1e100 -1e100 -1e100 -1e100 -1e100 -1e100 -1e100 -1e100 -1e100 -1e100 -1e100 -1e100 -1e100 -1e100 -1e100 -1e100 -1e100 -1e100 -1e100 -1e100 -1e100 -1e100 -1e100 -1e100
 -1e100 -1e100 -1e100 -1e100 -1e100 -1e100 -1e100 -1e100 -1e100 -1e100 -1e100 -1e100 -1e100 -1e100 -1e100 -1e100 -1e100 -1e100 -1e100 -1e100 -1e100 -1e100 -1e100 -1e100 -1e100 -1e100 -1e100 -1e100 -1e100 -1e100 -1e100 -1e100 -1e100 -1e100 -1e100 -1e100 -1e100 -1e100 -1e100 -1e100 -1e100 -1e100 -1e100 -1e100 -1e100 -1e100 -1e100 -1e100 -1e100 -1e100 -1e100 -1e100 -1e100 -1e100 -1e100 -1e100 -1e100 -1e100 -1e100 -1e100 -1e100 -1e100 -1e100 -1e100 -1e100 -1e100 -1e100 -1e100 -1e100 -1e100 -1e100 -1e100 -1e100 -1e100 -1e100 -1e100 -1e100 -1e100 -1e100 -1e100 -1e100 -1e100 -1e100 -1e100 -1e100 -1e100 -1e100 -1e100 -1e100 -1e100 -1e100 -1e100 -1e100 -1e100 -1e100 -1e100 -1e100 -1e100 -1e100 -1e100 -1e100 -1e100 -1e100 -1e100 -1e100 -1e100 -1e100 -1e100 -1e100 90.45021820068359375 92.86957550048828125 95.35884857177734375 97.911407470703125 100.53289031982421875 103.24759674072265625 106.106475830078125 109.179840087890625 -1e100 -1e100 -1e100 -1e100 -1e100 -1e100 -1e100 -1e100 -1e100 -1e100 -1e100 -1e100 -1e100 -1e100 -1e100 -1e100 -1e100 -1e100 -1e100 -1e100 -1e100 -1e100 -1e100 -1e100 -1e100 -1e100 -1e100 -1e100 -1e100 -1e100 -1e100 -1e100 -1e100 -1e100 -1e100 -1e100 -1e100 -1e100 -1e100 -1e100 -1e100 -1e100 -1e100 -1e100 -1e100 -1e100 -1e100 -1e100 -1e100 -1e100
 -1e100 -1e100 -1e100 -1e100 -1e100 -1e100 -1e100 -1e100 -1e100 -1e100 -1e100 -1e100 -1e100 -1e100 -1e100 -1e100 -1e100 -1e100 -1e100 -1e100 -1e100 -1e100 -1e100 -1e100 -1e100 -1e100 -1e100 -1e100 -1e100 -1e100 -1e100 -1e100 -1e100 -1e100 -1e100 -1e100 -1e100 -1e100 -1e100 -1e100 -1e100 -1e100 -1e100 -1e100 -1e100 -1e100 -1e100 -1e100 -1e100 -1e100 -1e100 -1e100 -1e100 -1e100 -1e100 -1e100 -1e100 -1e100 -1e100 -1e100 -1e100 -1e100 -1e100 -1e100 -1e100 -1e100 -1e100 -1e100 -1e100 -1e100 -1e100 -1e100 -1e100 -1e100 -1e100 -1e100 -1e100 -1e100 -1e100 -1e100 -1e100 -1e100 -1e100 -1e100 -1e100 -1e100 -1e100 -1e100 -1e100 -1e100 -1e100 -1e100 -1e100 -1e100 -1e100 -1e100 -1e100 -1e100 -1e100 -1e100 -1e100 -1e100 -1e100 -1e100 -1e100 -1e100 -1e100 -1e100 86.05005645751953125 88.28478240966796875 90.603179931640625 92.985809326171875 95.41855621337890625 97.9027252197265625 100.46479034423828125 103.16895294189453125 106.10509490966796875 109.37375640869140625 -1e100 -1e100 -1e100 -1e100 -1e100 -1e100 -1e100 -1e100 -1e100 -1e100 -1e100 -1e100 -1e100 -1e100 -1e100 -1e100 -1e100 -1e100 -1e100 -1e100 -1e100 -1e100 -1e100 -1e100 -1e100 -1e100 -1e100 -1e100 -1e100 -1e100 -1e100 -1e100 -1e100 -1e100 -1e100 -1e100 -1e100 -1e100 -1e100 -1e100 -1e100 -1e100 -1e100 -1e100 -1e100 -1e100 -1e100 -1e100 -1e100
 -1e100 -1e100 -1e100 -1e100 -1e100 -1e100 -1e100 -1e100 -1e100 -1e100 -1e100 -1e100 -1e100 -1e100 -1e100 -1e100 -1e100 -1e100 -1e100 -1e100 -1e100 -1e100 -1e100 -1e100 -1e100 -1e100 -1e100 -1e100 -1e100 -1e100 -1e100 -1e100 -1e100 -1e100 -1e100 -1e100 -1e100 -1e100 -1e100 -1e100 -1e100 -1e100 -1e100 -1e100 -1e100 -1e100 -1e100 -1e100 -1e100 -1e100 -1e100 -1e100 -1e100 -1e100 -1e100 -1e100 -1e100 -1e100 -1e100 -1e100 -1e100 -1e100 -1e100 -1e100 -1e100 -1e100 -1e100 -1e100 -1e100 -1e100 -1e100 -1e100 -1e100 -1e100 -1e100 -1e100 -1e100 -1e100 -1e100 -1e100 -1e100 -1e100 -1e100 -1e100 -1e100 -1e100 -1e100 -1e100 -1e100 -1e100 -1e100 -1e100 -1e100 -1e100 -1e100 -1e100 -1e100 -1e100 -1e100 -1e100 -1e100 -1e100 -1e100 -1e100 -1e100 -1e100 -1e100 81.89896392822265625 83.93906402587890625 86.09075927734375 88.327362060546875 90.61847686767578125 92.93804931640625 95.2784423828125 97.668121337890625 100.19167327880859375 102.9639892578125 106.1089324951171875 109.75287628173828125 -1e100 -1e100 -1e100 -1e100 -1e100 -1e100 -1e100 -1e100 -1e100 -1e100 -1e100 -1e100 -1e100 -1e100 -1e100 -1e100 -1e100 -1e100 -1e100 -1e100 -1e100 -1e100 -1e100 -1e100 -1e100 -1e100 -1e100 -1e100 -1e100 -1e100 -1e100 -1e100 -1e100 -1e100 -1e100 -1e100 -1e100 -1e100 -1e100 -1e100 -1e100 -1e100 -1e100 -1e100 -1e100 -1e100 -1e100 -1e100
 -1e100 -1e100 -1e100 -1e100 -1e100 -1e100 -1e100 -1e100 -1e100 -1e100 -1e100 -1e100 -1e100 -1e100 -1e100 -1e100 -1e100 -1e100 -1e100 -1e100 -1e100 -1e100 -1e100 -1e100 -1e100 -1e100 -1e100 -1e100 -1e100 -1e100 -1e100 -1e100 -1e100 -1e100 -1e100 -1e100 -1e100 -1e100 -1e100 -1e100 -1e100 -1e100 -1e100 -1e100 -1e100 -1e100 -1e100 -1e100 -1e100 -1e100 -1e100 -1e100 -1e100 -1e100 -1e100 -1e100 -1e100 -1e100 -1e100 -1e100 -1e100 -1e100 -1e100 -1e100 -1e100 -1e100 -1e100 -1e100 -1e100 -1e100 -1e100 -1e100 -1e100 -1e100 -1e100 -1e100 -1e100 -1e100 -1e100 -1e100 -1e100 -1e100 -1e100 -1e100 -1e100 -1e100 -1e100 -1e100 -1e100 -1e100 -1e100 -1e100 -1e100 -1e100 -1e100 -1e100 -1e100 -1e100 -1e100 -1e100 -1e100 -1e100 -1e100 -1e100 -1e100 -1e100 78.008941650390625 79.82855224609375 81.7980804443359375 83.8903961181640625 86.06905364990234375 88.28802490234375 90.50287628173828125 92.69087982177734375 94.8809967041015625 97.1895294189453125 99.7644500732421875 102.75482177734375 106.31342315673828125 110.5820465087890625 -1e100 -1e100 -1e100 -1e100 -1e100 -1e100 -1e100 -1e100 -1e100 -1e100 -1e100 -1e100 -1e100 -1e100 -1e100 -1e100 -1e100 -1e100 -1e100 -1e100 -1e100 -1e100 -1e100 -1e100 -1e100 -1e100 -1e100 -1e100 -1e100 -1e100 -1e100 -1e100 -1e100 -1e100 -1e100 -1e100 -1e100 -1e100 -1e100 -1e100 -1e100 -1e100 -1e100 -1e100 -1e100 -1e100 -1e100
 -1e100 -1e100 -1e100 -1e100 -1e100 -1e100 -1e100 -1e100 -1e100 -1e100 -1e100 -1e100 -1e100 -1e100 -1e100 -1e100 -1e100 -1e100 -1e100 -1e100 -1e100 -1e100 -1e100 -1e100 -1e100 -1e100 -1e100 -1e100 -1e100 -1e100 -1e100 -1e100 -1e100 -1e100 -1e100 -1e100 -1e100 -1e100 -1e100 -1e100 -1e100 -1e100 -1e100 -1e100 -1e100 -1e100 -1e100 -1e100 -1e100 -1e100 -1e100 -1e100 -1e100 -1e100 -1e100 -1e100 -1e100 -1e100 -1e100 -1e100 -1e100 -1e100 -1e100 -1e100 -1e100 -1e100 -1e100 -1e100 -1e100 -1e100 -1e100 -1e100 -1e100 -1e100 -1e100 -1e100 -1e100 -1e100 -1e100 -1e100 -1e100 -1e100 -1e100 -1e100 -1e100 -1e100 -1e100 -1e100 -1e100 -1e100 -1e100 -1e100 -1e100 -1e100 -1e100 -1e100 -1e100 -1e100 -1e100 -1e100 -1e100 -1e100 -1e100 -1e100 73.03801727294921875 74.40526580810546875 75.9666595458984375 77.71718597412109375 79.6384735107421875 81.69699859619140625 83.84454345703125 86.01512908935546875 88.13838958740234375 90.16196441650390625 92.11090850830078125 94.1623687744140625 96.50235748291015625 99.30091094970703125 102.73886871337890625 106.99388885498046875 112.2030487060546875 118.43347930908203125 -1e100 -1e100 -1e100 -1e100 -1e100 -1e100 -1e100 -1e100 -1e100 -1e100 -1e100 -1e100 -1e100 -1e100 -1e100 -1e100 -1e100 -1e100 -1e100 -1e100 -1e100 -1e100 -1e100 -1e100 -1e100 -1e100 -1e100 -1e100 -1e100 -1e100 -1e100 -1e100 -1e100 -1e100 -1e100 -1e100 -1e100 -1e100 -1e100 -1e100 -1e100 -1e100 -1e100 -1e100 -1e100
 -1e100 -1e100 -1e100 -1e100 -1e100 -1e100 -1e100 -1e100 -1e100 -1e100 -1e100 -1e100 -1e100 -1e100 -1e100 -1e100 -1e100 -1e100 -1e100 -1e100 -1e100 -1e100 -1e100 -1e100 -1e100 -1e100 -1e100 -1e100 -1e100 -1e100 -1e100 -1e100 -1e100 -1e100 -1e100 -1e100 -1e100 -1e100 -1e100 -1e100 -1e100 -1e100 -1e100 -1e100 -1e100 -1e100 -1e100 -1e100 -1e100 -1e100 -1e100 -1e100 -1e100 -1e100 -1e100 -1e100 -1e100 -1e100 -1e100 -1e100 -1e100 -1e100 -1e100 -1e100 -1e100 -1e100 -1e100 -1e100 -1e100 -1e100 -1e100 -1e100 -1e100 -1e100 -1e100 -1e100 -1e100 -1e100 -1e100 -1e100 -1e100 -1e100 -1e100 -1e100 -1e100 -1e100 -1e100 -1e100 -1e100 -1e100 -1e100 -1e100 -1e100 -1e100 -1e100 -1e100 -1e100 -1e100 -1e100 -1e100 -1e100 -1e100 -1e100 70.07982635498046875 71.1283111572265625 72.38945770263671875 73.8714447021484375 75.569305419921875 77.46179962158203125 79.50872039794921875 81.6496734619140625 83.795928955078125 85.84264373779296875 87.6867523193359375 89.33446502685546875 91.084686279296875 93.15074920654296875 95.714996337890625 98.9917755126953125 103.2008819580078125 108.512176513671875 115.014801025390625 122.70018768310546875 -1e100 -1e100 -1e100 -1e100 -1e100 -1e100 -1e100 -1e100 -1e100 -1e100 -1e100 -1e100 -1e100 -1e100 -1e100 -1e100 -1e100 -1e100 -1e100 -1e100 -1e100 -1e100 -1e100 -1e100 -1e100 -1e100 -1e100 -1e100 -1e100 -1e100 -1e100 -1e100 -1e100 -1e100 -1e100 -1e100 -1e100 -1e100 -1e100 -1e100 -1e100 -1e100 -1e100 -1e100
 -1e100 -1e100 -1e100 -1e100 -1e100 -1e100 -1e100 -1e100 -1e100 -1e100 -1e100 -1e100 -1e100 -1e100 -1e100 -1e100 -1e100 -1e100 -1e100 -1e100 -1e100 -1e100 -1e100 -1e100 -1e100 -1e100 -1e100 -1e100 -1e100 -1e100 -1e100 -1e100 -1e100 -1e100 -1e100 -1e100 -1e100 -1e100 -1e100 -1e100 -1e100 -1e100 -1e100 -1e100 -1e100 -1e100 -1e100 -1e100 -1e100 -1e100 -1e100 -1e100 -1e100 -1e100 -1e100 -1e100 -1e100 -1e100 -1e100 -1e100 -1e100 -1e100 -1e100 -1e100 -1e100 -1e100 -1e100 -1e100 -1e100 -1e100 -1e100 -1e100 -1e100 -1e100 -1e100 -1e100 -1e100 -1e100 -1e100 -1e100 -1e100 -1e100 -1e100 -1e100 -1e100 -1e100 -1e100 -1e100 -1e100 -1e100 -1e100 -1e100 -1e100 -1e100 -1e100 -1e100 -1e100 -1e100 -1e100 -1e100 -1e100 -1e100 67.5223846435546875 68.22858428955078125 69.15225982666015625 70.3148040771484375 71.726287841796875 73.38120269775390625 75.25446319580078125 77.299468994140625 79.44390869140625 81.578582763671875 83.5627593994140625 85.2240142822265625 86.4803466796875 87.8858489990234375 89.650360107421875 91.94040679931640625 95.01772308349609375 99.1466064453125 104.53516387939453125 111.3017578125 119.457366943359375 128.886993408203125 -1e100 -1e100 -1e100 -1e100 -1e100 -1e100 -1e100 -1e100 -1e100 -1e100 -1e100 -1e100 -1e100 -1e100 -1e100 -1e100 -1e100 -1e100 -1e100 -1e100 -1e100 -1e100 -1e100 -1e100 -1e100 -1e100 -1e100 -1e100 -1e100 -1e100 -1e100 -1e100 -1e100 -1e100 -1e100 -1e100 -1e100 -1e100 -1e100 -1e100 -1e100 -1e100 -1e100
 -1e100 -1e100 -1e100 -1e100 -1e100 -1e100 -1e100 -1e100 -1e100 -1e100 -1e100 -1e100 -1e100 -1e100 -1e100 -1e100 -1e100 -1e100 -1e100 -1e100 -1e100 -1e100 -1e100 -1e100 -1e100 -1e100 -1e100 -1e100 -1e100 -1e100 -1e100 -1e100 -1e100 -1e100 -1e100 -1e100 -1e100 -1e100 -1e100 -1e100 -1e100 -1e100 -1e100 -1e100 -1e100 -1e100 -1e100 -1e100 -1e100 -1e100 -1e100 -1e100 -1e100 -1e100 -1e100 -1e100 -1e100 -1e100 -1e100 -1e100 -1e100 -1e100 -1e100 -1e100 -1e100 -1e100 -1e100 -1e100 -1e100 -1e100 -1e100 -1e100 -1e100 -1e100 -1e100 -1e100 -1e100 -1e100 -1e100 -1e100 -1e100 -1e100 -1e100 -1e100 -1e100 -1e100 -1e100 -1e100 -1e100 -1e100 -1e100 -1e100 -1e100 -1e100 -1e100 -1e100 -1e100 -1e100 -1e100 -1e100 -1e100 65.40584564208984375 65.75899505615234375 66.32070159912109375 67.12281036376953125 68.189910888671875 69.5328521728515625 71.1438140869140625 72.99176025390625 75.0222930908203125 77.14862060546875 79.24414825439453125 81.14900970458984375 82.626983642578125 83.4171295166015625 84.47832489013671875 85.9162139892578125 87.90305328369140625 90.7520294189453125 94.7709197998046875 100.2088623046875 107.22045135498046875 115.84381103515625 125.97960662841796875 137.373779296875 -1e100 -1e100 -1e100 -1e100 -1e100 -1e100 -1e100 -1e100 -1e100 -1e100 -1e100 -1e100 -1e100 -1e100 -1e100 -1e100 -1e100 -1e100 -1e100 -1e100 -1e100 -1e100 -1e100 -1e100 -1e100 -1e100 -1e100 -1e100 -1e100 -1e100 -1e100 -1e100 -1e100 -1e100 -1e100 -1e100 -1e100 -1e100 -1e100 -1e100 -1e100 -1e100
 -1e100 -1e100 -1e100 -1e100 -1e100 -1e100 -1e100 -1e100 -1e100 -1e100 -1e100 -1e100 -1e100 -1e100 -1e100 -1e100 -1e100 -1e100 -1e100 -1e100 -1e100 -1e100 -1e100 -1e100 -1e100 -1e100 -1e100 -1e100 -1e100 -1e100 -1e100 -1e100 -1e100 -1e100 -1e100 -1e100 -1e100 -1e100 -1e100 -1e100 -1e100 -1e100 -1e100 -1e100 -1e100 -1e100 -1e100 -1e100 -1e100 -1e100 -1e100 -1e100 -1e100 -1e100 -1e100 -1e100 -1e100 -1e100 -1e100 -1e100 -1e100 -1e100 -1e100 -1e100 -1e100 -1e100 -1e100 -1e100 -1e100 -1e100 -1e100 -1e100 -1e100 -1e100 -1e100 -1e100 -1e100 -1e100 -1e100 -1e100 -1e100 -1e100 -1e100 -1e100 -1e100 -1e100 -1e100 -1e100 -1e100 -1e100 -1e100 -1e100 -1e100 -1e100 -1e100 -1e100 -1e100 -1e100 -1e100 -1e100 63.760936737060546875 63.76638031005859375 63.95829010009765625 64.37651824951171875 65.0569305419921875 66.0261077880859375 67.2937469482421875 68.84649658203125 70.64427947998046875 72.61707305908203125 74.6552886962890625 76.6121368408203125 78.29816436767578125 79.53676605224609375 80.0624847412109375 80.8027496337890625 81.88782501220703125 83.55379486083984375 86.1541748046875 90.03318023681640625 95.48154449462890625 102.69622039794921875 111.756988525390625 122.5985565185546875 134.9832916259765625 148.44134521484375 -1e100 -1e100 -1e100 -1e100 -1e100 -1e100 -1e100 -1e100 -1e100 -1e100 -1e100 -1e100 -1e100 -1e100 -1e100 -1e100 -1e100 -1e100 -1e100 -1e100 -1e100 -1e100 -1e100 -1e100 -1e100 -1e100 -1e100 -1e100 -1e100 -1e100 -1e100 -1e100 -1e100 -1e100 -1e100 -1e100 -1e100 -1e100 -1e100 -1e100 -1e100
 -1e100 -1e100 -1e100 -1e100 -1e100 -1e100 -1e100 -1e100 -1e100 -1e100 -1e100 -1e100 -1e100 -1e100 -1e100 -1e100 -1e100 -1e100 -1e100 -1e100 -1e100 -1e100 -1e100 -1e100 -1e100 -1e100 -1e100 -1e100 -1e100 -1e100 -1e100 -1e100 -1e100 -1e100 -1e100 -1e100 -1e100 -1e100 -1e100 -1e100 -1e100 -1e100 -1e100 -1e100 -1e100 -1e100 -1e100 -1e100 -1e100 -1e100 -1e100 -1e100 -1e100 -1e100 -1e100 -1e100 -1e100 -1e100 -1e100 -1e100 -1e100 -1e100 -1e100 -1e100 -1e100 -1e100 -1e100 -1e100 -1e100 -1e100 -1e100 -1e100 -1e100 -1e100 -1e100 -1e100 -1e100 -1e100 -1e100 -1e100 -1e100 -1e100 -1e100 -1e100 -1e100 -1e100 -1e100 -1e100 -1e100 -1e100 -1e100 -1e100 -1e100 -1e100 -1e100 -1e100 -1e100 -1e100 63.0328521728515625 62.60174560546875 62.28177642822265625 62.1150665283203125 62.146564483642578125 62.420345306396484375 62.975299835205078125 63.838283538818359375 65.01564788818359375 66.48561859130859375 68.194854736328125 70.05169677734375 71.92462158203125 73.64987945556640625 75.028961181640625 75.960906982421875 76.39046478271484375 76.83382415771484375 77.5580902099609375 78.89781951904296875 81.2293243408203125 84.92758941650390625 90.32537078857421875 97.673309326171875 107.11425018310546875 118.6516876220703125 132.0906829833984375 146.924224853515625 162.2400360107421875 -1e100 -1e100 -1e100 -1e100 -1e100 -1e100 -1e100 -1e100 -1e100 -1e100 -1e100 -1e100 -1e100 -1e100 -1e100 -1e100 -1e100 -1e100 -1e100 -1e100 -1e100 -1e100 -1e100 -1e100 -1e100 -1e100 -1e100 -1e100 -1e100 -1e100 -1e100 -1e100 -1e100 -1e100 -1e100 -1e100 -1e100 -1e100 -1e100 -1e100
 -1e100 -1e100 -1e100 -1e100 -1e100 -1e100 -1e100 -1e100 -1e100 -1e100 -1e100 -1e100 -1e100 -1e100 -1e100 -1e100 -1e100 -1e100 -1e100 -1e100 -1e100 -1e100 -1e100 -1e100 -1e100 -1e100 -1e100 -1e100 -1e100 -1e100 -1e100 -1e100 -1e100 -1e100 -1e100 -1e100 -1e100 -1e100 -1e100 -1e100 -1e100 -1e100 -1e100 -1e100 -1e100 -1e100 -1e100 -1e100 -1e100 -1e100 -1e100 -1e100 -1e100 -1e100 -1e100 -1e100 -1e100 -1e100 -1e100 -1e100 -1e100 -1e100 -1e100 -1e100 -1e100 -1e100 -1e100 -1e100 -1e100 -1e100 -1e100 -1e100 -1e100 -1e100 -1e100 -1e100 -1e100 -1e100 -1e100 -1e100 -1e100 -1e100 -1e100 -1e100 -1e100 -1e100 -1e100 -1e100 -1e100 -1e100 -1e100 -1e100 -1e100 -1e100 -1e100 -1e100 -1e100 62.60295867919921875 61.9232177734375 61.31502532958984375 60.819789886474609375 60.483463287353515625 60.355037689208984375 60.482036590576171875 60.905059814453125 61.649967193603515625 62.71807098388671875 64.07840728759765625 65.662200927734375 67.35942840576171875 69.02480316162109375 70.4860992431640625 71.5751190185546875 72.2090911865234375 72.43302154541015625 72.5791473388671875 72.97563934326171875 73.99590301513671875 76.03409576416015625 79.494293212890625 84.7563629150390625 92.14263153076171875 101.90235137939453125 114.15222930908203125 128.750732421875 145.1241302490234375 162.126373291015625 178.2197265625 -1e100 -1e100 -1e100 -1e100 -1e100 -1e100 -1e100 -1e100 -1e100 -1e100 -1e100 -1e100 -1e100 -1e100 -1e100 -1e100 -1e100 -1e100 -1e100 -1e100 -1e100 -1e100 -1e100 -1e100 -1e100 -1e100 -1e100 -1e100 -1e100 -1e100 -1e100 -1e100 -1e100 -1e100 -1e100 -1e100 -1e100 -1e100 -1e100
 -1e100 -1e100 -1e100 -1e100 -1e100 -1e100 -1e100 -1e100 -1e100 -1e100 -1e100 -1e100 -1e100 -1e100 -1e100 -1e100 -1e100 -1e100 -1e100 -1e100 -1e100 -1e100 -1e100 -1e100 -1e100 -1e100 -1e100 -1e100 -1e100 -1e100 -1e100 -1e100 -1e100 -1e100 -1e100 -1e100 -1e100 -1e100 -1e100 -1e100 -1e100 -1e100 -1e100 -1e100 -1e100 -1e100 -1e100 -1e100 -1e100 -1e100 -1e100 -1e100 -1e100 -1e100 -1e100 -1e100 -1e100 -1e100 -1e100 -1e100 -1e100 -1e100 -1e100 -1e100 -1e100 -1e100 -1e100 -1e100 -1e100 -1e100 -1e100 -1e100 -1e100 -1e100 -1e100 -1e100 -1e100 -1e100 -1e100 -1e100 -1e100 -1e100 -1e100 -1e100 -1e100 -1e100 -1e100 -1e100 -1e100 -1e100 -1e100 -1e100 -1e100 -1e100 -1e100 -1e100 62.5787811279296875 61.69952392578125 60.852306365966796875 60.074047088623046875 59.40909576416015625 58.9067535400390625 58.6193695068359375 58.59690093994140625 58.880584716796875 59.494251251220703125 60.433635711669921875 61.658519744873046875 63.0865478515625 64.59372711181640625 66.0254364013671875 67.206512451171875 67.9926910400390625 68.32837677001953125 68.29888153076171875 68.16965484619140625 68.26842498779296875 68.97138214111328125 70.6815643310546875 73.8290557861328125 78.84978485107421875 86.17595672607421875 96.2220916748046875 109.25873565673828125 125.18015289306640625 143.244476318359375 161.9448394775390625 179.3462371826171875 193.786285400390625 -1e100 -1e100 -1e100 -1e100 -1e100 -1e100 -1e100 -1e100 -1e100 -1e100 -1e100 -1e100 -1e100 -1e100 -1e100 -1e100 -1e100 -1e100 -1e100 -1e100 -1e100 -1e100 -1e100 -1e100 -1e100 -1e100 -1e100 -1e100 -1e100 -1e100 -1e100 -1e100 -1e100 -1e100 -1e100 -1e100 -1e100 -1e100
 -1e100 -1e100 -1e100 -1e100 -1e100 -1e100 -1e100 -1e100 -1e100 -1e100 -1e100 -1e100 -1e100 -1e100 -1e100 -1e100 -1e100 -1e100 -1e100 -1e100 -1e100 -1e100 -1e100 -1e100 -1e100 -1e100 -1e100 -1e100 -1e100 -1e100 -1e100 -1e100 -1e100 -1e100 -1e100 -1e100 -1e100 -1e100 -1e100 -1e100 -1e100 -1e100 -1e100 -1e100 -1e100 -1e100 -1e100 -1e100 -1e100 -1e100 -1e100 -1e100 -1e100 -1e100 -1e100 -1e100 -1e100 -1e100 -1e100 -1e100 -1e100 -1e100 -1e100 -1e100 -1e100 -1e100 -1e100 -1e100 -1e100 -1e100 -1e100 -1e100 -1e100 -1e100 -1e100 -1e100 -1e100 -1e100 -1e100 -1e100 -1e100 -1e100 -1e100 -1e100 -1e100 -1e100 -1e100 -1e100 -1e100 -1e100 -1e100 -1e100 -1e100 -1e100 -1e100 62.913639068603515625 61.887691497802734375 60.856769561767578125 59.85236358642578125 58.91324615478515625 58.08621978759765625 57.423370361328125 56.979549407958984375 56.80622100830078125 56.9442596435546875 57.414539337158203125 58.206813812255859375 59.271678924560546875 60.515499114990234375 61.80550384521484375 62.9819793701171875 63.8782501220703125 64.3740997314453125 64.4367828369140625 64.16551971435546875 63.789813995361328125 63.613422393798828125 63.996189117431640625 65.33664703369140625 68.08443450927734375 72.74803924560546875 79.91934967041015625 90.24608612060546875 104.201263427734375 121.6294403076171875 141.504974365234375 161.8176422119140625 180.0465087890625 194.5836334228515625 204.6995849609375 210.4586334228515625 -1e100 -1e100 -1e100 -1e100 -1e100 -1e100 -1e100 -1e100 -1e100 -1e100 -1e100 -1e100 -1e100 -1e100 -1e100 -1e100 -1e100 -1e100 -1e100 -1e100 -1e100 -1e100 -1e100 -1e100 -1e100 -1e100 -1e100 -1e100 -1e100 -1e100 -1e100 -1e100 -1e100 -1e100 -1e100 -1e100
 -1e100 -1e100 -1e100 -1e100 -1e100 -1e100 -1e100 -1e100 -1e100 -1e100 -1e100 -1e100 -1e100 -1e100 -1e100 -1e100 -1e100 -1e100 -1e100 -1e100 -1e100 -1e100 -1e100 -1e100 -1e100 -1e100 -1e100 -1e100 -1e100 -1e100 -1e100 -1e100 -1e100 -1e100 -1e100 -1e100 -1e100 -1e100 -1e100 -1e100 -1e100 -1e100 -1e100 -1e100 -1e100 -1e100 -1e100 -1e100 -1e100 -1e100 -1e100 -1e100 -1e100 -1e100 -1e100 -1e100 -1e100 -1e100 -1e100 -1e100 -1e100 -1e100 -1e100 -1e100 -1e100 -1e100 -1e100 -1e100 -1e100 -1e100 -1e100 -1e100 -1e100 -1e100 -1e100 -1e100 -1e100 -1e100 -1e100 -1e100 -1e100 -1e100 -1e100 -1e100 -1e100 -1e100 -1e100 -1e100 -1e100 -1e100 -1e100 -1e100 -1e100 -1e100 63.5515899658203125 62.430927276611328125 61.273365020751953125 60.103916168212890625 58.95489501953125 57.866485595703125 56.88745880126953125 56.072052001953125 55.476932525634765625 55.154285430908203125 55.14382171630859375 55.462696075439453125 56.094066619873046875 56.97949981689453125 58.016918182373046875 59.072154998779296875 59.989532470703125 60.6168060302734375 60.854991912841796875 60.687145233154296875 60.209690093994140625 59.622722625732421875 59.19720458984375 59.261295318603515625 60.1929779052734375 62.45055389404296875 66.62143707275390625 73.49715423583984375 84.05169677734375 99.02931976318359375 118.12729644775390625 139.992523193359375 161.923828125 180.30120849609375 193.971923828125 203.0727386474609375 208.2166900634765625 209.93865966796875 -1e100 -1e100 -1e100 -1e100 -1e100 -1e100 -1e100 -1e100 -1e100 -1e100 -1e100 -1e100 -1e100 -1e100 -1e100 -1e100 -1e100 -1e100 -1e100 -1e100 -1e100 -1e100 -1e100 -1e100 -1e100 -1e100 -1e100 -1e100 -1e100 -1e100 -1e100 -1e100 -1e100 -1e100 -1e100
 -1e100 -1e100 -1e100 -1e100 -1e100 -1e100 -1e100 -1e100 -1e100 -1e100 -1e100 -1e100 -1e100 -1e100 -1e100 -1e100 -1e100 -1e100 -1e100 -1e100 -1e100 -1e100 -1e100 -1e100 -1e100 -1e100 -1e100 -1e100 -1e100 -1e100 -1e100 -1e100 -1e100 -1e100 -1e100 -1e100 -1e100 -1e100 -1e100 -1e100 -1e100 -1e100 -1e100 -1e100 -1e100 -1e100 -1e100 -1e100 -1e100 -1e100 -1e100 -1e100 -1e100 -1e100 -1e100 -1e100 -1e100 -1e100 -1e100 -1e100 -1e100 -1e100 -1e100 -1e100 -1e100 -1e100 -1e100 -1e100 -1e100 -1e100 -1e100 -1e100 -1e100 -1e100 -1e100 -1e100 -1e100 -1e100 -1e100 -1e100 -1e100 -1e100 -1e100 -1e100 -1e100 -1e100 -1e100 -1e100 -1e100 -1e100 -1e100 -1e100 65.52239227294921875 64.431732177734375 63.264301300048828125 62.03406524658203125 60.759960174560546875 59.467010498046875 58.187946319580078125 56.96392059326171875 55.84521484375 54.8877105712890625 54.149333953857421875 53.682537078857421875 53.5254974365234375 53.691478729248046875 54.156963348388671875 54.855243682861328125 55.67583465576171875 56.492877960205078125 57.162837982177734375 57.548583984375 57.5692291259765625 57.216899871826171875 56.578685760498046875 55.825481414794921875 55.18988037109375 54.95574951171875 55.460681915283203125 57.142833709716796875 60.642791748046875 66.94962310791015625 77.45909881591796875 93.4192657470703125 114.27143096923828125 138.3695220947265625 162.127532958984375 180.1585693359375 192.1453399658203125 199.267730712890625 203.5713653564453125 205.0064544677734375 204.1011962890625 -1e100 -1e100 -1e100 -1e100 -1e100 -1e100 -1e100 -1e100 -1e100 -1e100 -1e100 -1e100 -1e100 -1e100 -1e100 -1e100 -1e100 -1e100 -1e100 -1e100 -1e100 -1e100 -1e100 -1e100 -1e100 -1e100 -1e100 -1e100 -1e100 -1e100 -1e100 -1e100 -1e100 -1e100
 -1e100 -1e100 -1e100 -1e100 -1e100 -1e100 -1e100 -1e100 -1e100 -1e100 -1e100 -1e100 -1e100 -1e100 -1e100 -1e100 -1e100 -1e100 -1e100 -1e100 -1e100 -1e100 -1e100 -1e100 -1e100 -1e100 -1e100 -1e100 -1e100 -1e100 -1e100 -1e100 -1e100 -1e100 -1e100 -1e100 -1e100 -1e100 -1e100 -1e100 -1e100 -1e100 -1e100 -1e100 -1e100 -1e100 -1e100 -1e100 -1e100 -1e100 -1e100 -1e100 -1e100 -1e100 -1e100 -1e100 -1e100 -1e100 -1e100 -1e100 -1e100 -1e100 -1e100 -1e100 -1e100 -1e100 -1e100 -1e100 -1e100 -1e100 -1e100 -1e100 -1e100 -1e100 -1e100 -1e100 -1e100 -1e100 -1e100 -1e100 -1e100 -1e100 -1e100 -1e100 -1e100 -1e100 -1e100 -1e100 -1e100 -1e100 -1e100 66.57505035400390625 65.4935302734375 64.3205108642578125 63.06536865234375 61.74143218994140625 60.3670501708984375 58.966884613037109375 57.5736541748046875 56.22902679443359375 54.98435211181640625 53.896694183349609375 53.024936676025390625 52.421756744384765625 52.12427520751953125 52.142669677734375 52.44840240478515625 52.96776580810546875 53.57350921630859375 54.15972900390625 54.597347259521484375 54.7682342529296875 54.609828948974609375 54.119037628173828125 53.371273040771484375 52.509548187255859375 51.726043701171875 51.25213623046875 51.363460540771484375 52.436168670654296875 55.0738525390625 60.329242706298828125 70.077484130859375 86.6974334716796875 108.975799560546875 134.8883819580078125 161.5673065185546875 178.1141510009765625 187.2784576416015625 192.9263153076171875 196.5523834228515625 197.845916748046875 197.114471435546875 195.029327392578125 -1e100 -1e100 -1e100 -1e100 -1e100 -1e100 -1e100 -1e100 -1e100 -1e100 -1e100 -1e100 -1e100 -1e100 -1e100 -1e100 -1e100 -1e100 -1e100 -1e100 -1e100 -1e100 -1e100 -1e100 -1e100 -1e100 -1e100 -1e100 -1e100 -1e100 -1e100 -1e100 -1e100
 -1e100 -1e100 -1e100 -1e100 -1e100 -1e100 -1e100 -1e100 -1e100 -1e100 -1e100 -1e100 -1e100 -1e100 -1e100 -1e100 -1e100 -1e100 -1e100 -1e100 -1e100 -1e100 -1e100 -1e100 -1e100 -1e100 -1e100 -1e100 -1e100 -1e100 -1e100 -1e100 -1e100 -1e100 -1e100 -1e100 -1e100 -1e100 -1e100 -1e100 -1e100 -1e100 -1e100 -1e100 -1e100 -1e100 -1e100 -1e100 -1e100 -1e100 -1e100 -1e100 -1e100 -1e100 -1e100 -1e100 -1e100 -1e100 -1e100 -1e100 -1e100 -1e100 -1e100 -1e100 -1e100 -1e100 -1e100 -1e100 -1e100 -1e100 -1e100 -1e100 -1e100 -1e100 -1e100 -1e100 -1e100 -1e100 -1e100 -1e100 -1e100 -1e100 -1e100 -1e100 -1e100 -1e100 -1e100 -1e100 -1e100 -1e100 67.72582244873046875 66.6813201904296875 65.53568267822265625 64.294921875 62.967655181884765625 61.566349029541015625 60.1084442138671875 58.6178131103515625 57.126667022705078125 55.67667388916015625 54.31977081298828125 53.113727569580078125 52.118366241455078125 51.387233734130859375 50.95801544189453125 50.8396148681640625 51.000232696533203125 51.371006011962890625 51.76876068115234375 52.128543853759765625 52.342498779296875 52.321903228759765625 52.019695281982421875 51.434848785400390625 50.632747650146484375 49.732402801513671875 48.88973236083984375 48.2837066650390625 48.121967315673828125 48.683712005615234375 50.411876678466796875 54.16442108154296875 61.988437652587890625 79.117706298828125 101.6223297119140625 126.80626678466796875 151.435699462890625 167.949554443359375 177.5601806640625 183.556671142578125 187.2350616455078125 188.71368408203125 188.361297607421875 186.75970458984375 -1e100 -1e100 -1e100 -1e100 -1e100 -1e100 -1e100 -1e100 -1e100 -1e100 -1e100 -1e100 -1e100 -1e100 -1e100 -1e100 -1e100 -1e100 -1e100 -1e100 -1e100 -1e100 -1e100 -1e100 -1e100 -1e100 -1e100 -1e100 -1e100 -1e100 -1e100 -1e100 -1e100
 -1e100 -1e100 -1e100 -1e100 -1e100 -1e100 -1e100 -1e100 -1e100 -1e100 -1e100 -1e100 -1e100 -1e100 -1e100 -1e100 -1e100 -1e100 -1e100 -1e100 -1e100 -1e100 -1e100 -1e100 -1e100 -1e100 -1e100 -1e100 -1e100 -1e100 -1e100 -1e100 -1e100 -1e100 -1e100 -1e100 -1e100 -1e100 -1e100 -1e100 -1e100 -1e100 -1e100 -1e100 -1e100 -1e100 -1e100 -1e100 -1e100 -1e100 -1e100 -1e100 -1e100 -1e100 -1e100 -1e100 -1e100 -1e100 -1e100 -1e100 -1e100 -1e100 -1e100 -1e100 -1e100 -1e100 -1e100 -1e100 -1e100 -1e100 -1e100 -1e100 -1e100 -1e100 -1e100 -1e100 -1e100 -1e100 -1e100 -1e100 -1e100 -1e100 -1e100 -1e100 -1e100 -1e100 -1e100 -1e100 -1e100 68.93451690673828125 67.9476318359375 66.8542022705078125 65.65777587890625 64.36373138427734375 62.979766845703125 61.517276763916015625 59.9924163818359375 58.427761077880859375 56.854404449462890625 55.313381195068359375 53.856449127197265625 52.541595458984375 51.429790496826171875 50.57717132568359375 50.0258026123046875 49.78768157958984375 49.835102081298828125 50.0808258056640625 50.27520751953125 50.400096893310546875 50.400516510009765625 50.21387481689453125 49.800441741943359375 49.16216278076171875 48.35894012451171875 47.49365997314453125 46.695758819580078125 46.10829925537109375 45.8956298828125 46.270130157470703125 47.546451568603515625 50.434478759765625 57.217388153076171875 73.60406494140625 94.11478424072265625 116.760833740234375 137.9547119140625 154.1726837158203125 164.9941253662109375 171.958831787109375 176.127471923828125 178.03692626953125 178.2167205810546875 177.2291107177734375 175.6093902587890625 -1e100 -1e100 -1e100 -1e100 -1e100 -1e100 -1e100 -1e100 -1e100 -1e100 -1e100 -1e100 -1e100 -1e100 -1e100 -1e100 -1e100 -1e100 -1e100 -1e100 -1e100 -1e100 -1e100 -1e100 -1e100 -1e100 -1e100 -1e100 -1e100 -1e100 -1e100 -1e100
 -1e100 -1e100 -1e100 -1e100 -1e100 -1e100 -1e100 -1e100 -1e100 -1e100 -1e100 -1e100 -1e100 -1e100 -1e100 -1e100 -1e100 -1e100 -1e100 -1e100 -1e100 -1e100 -1e100 -1e100 -1e100 -1e100 -1e100 -1e100 -1e100 -1e100 -1e100 -1e100 -1e100 -1e100 -1e100 -1e100 -1e100 -1e100 -1e100 -1e100 -1e100 -1e100 -1e100 -1e100 -1e100 -1e100 -1e100 -1e100 -1e100 -1e100 -1e100 -1e100 -1e100 -1e100 -1e100 -1e100 -1e100 -1e100 -1e100 -1e100 -1e100 -1e100 -1e100 -1e100 -1e100 -1e100 -1e100 -1e100 -1e100 -1e100 -1e100 -1e100 -1e100 -1e100 -1e100 -1e100 -1e100 -1e100 -1e100 -1e100 -1e100 -1e100 -1e100 -1e100 -1e100 -1e100 -1e100 -1e100 70.16974639892578125 69.254913330078125 68.23101806640625 67.10021209716796875 65.865692138671875 64.53211212158203125 63.106166839599609375 61.5979156494140625 60.021785736083984375 58.39853668212890625 56.757434844970703125 55.137969970703125 53.59075927734375 52.17337799072265625 50.94817352294921875 49.976253509521484375 49.310443878173828125 48.98433685302734375 48.9635467529296875 49.068614959716796875 49.017116546630859375 48.921314239501953125 48.737926483154296875 48.416004180908203125 47.922214508056640625 47.265796661376953125 46.5063018798828125 45.74057769775390625 45.0838470458984375 44.66603851318359375 44.640438079833984375 45.2244873046875 46.774562835693359375 50.13004302978515625 57.299732208251953125 70.7875823974609375 87.9535064697265625 106.94293212890625 125.37628173828125 140.7479400634765625 151.8833465576171875 159.34796142578125 163.9510040283203125 166.3440399169921875 167.1191864013671875 166.81219482421875 165.896148681640625 164.72998046875 -1e100 -1e100 -1e100 -1e100 -1e100 -1e100 -1e100 -1e100 -1e100 -1e100 -1e100 -1e100 -1e100 -1e100 -1e100 -1e100 -1e100 -1e100 -1e100 -1e100 -1e100 -1e100 -1e100 -1e100 -1e100 -1e100 -1e100 -1e100 -1e100 -1e100 -1e100
 -1e100 -1e100 -1e100 -1e100 -1e100 -1e100 -1e100 -1e100 -1e100 -1e100 -1e100 -1e100 -1e100 -1e100 -1e100 -1e100 -1e100 -1e100 -1e100 -1e100 -1e100 -1e100 -1e100 -1e100 -1e100 -1e100 -1e100 -1e100 -1e100 -1e100 -1e100 -1e100 -1e100 -1e100 -1e100 -1e100 -1e100 -1e100 -1e100 -1e100 -1e100 -1e100 -1e100 -1e100 -1e100 -1e100 -1e100 -1e100 -1e100 -1e100 -1e100 -1e100 -1e100 -1e100 -1e100 -1e100 -1e100 -1e100 -1e100 -1e100 -1e100 -1e100 -1e100 -1e100 -1e100 -1e100 -1e100 -1e100 -1e100 -1e100 -1e100 -1e100 -1e100 -1e100 -1e100 -1e100 -1e100 -1e100 -1e100 -1e100 -1e100 -1e100 -1e100 -1e100 -1e100 -1e100 72.1319122314453125 71.40869903564453125 70.5755157470703125 69.63260650634765625 68.58126068115234375 67.4236297607421875 66.16255950927734375 64.8019866943359375 63.34746551513671875 61.807483673095703125 60.194393157958984375 58.526592254638671875 56.830707550048828125 55.14366912841796875 53.513896942138671875 51.997753143310546875 50.6586151123046875 49.56114959716796875 48.76493072509765625 48.305728912353515625 48.11267852783203125 48.017913818359375 47.845241546630859375 47.611286163330078125 47.303134918212890625 46.884860992431640625 46.34004974365234375 45.690113067626953125 45.000003814697265625 44.36571502685546875 43.897457122802734375 43.717868804931640625 43.976291656494140625 44.90711212158203125 46.905040740966796875 50.740299224853515625 57.64116668701171875 68.6796417236328125 82.94310760498046875 98.97965240478515625 114.81182098388671875 128.5439910888671875 139.0935821533203125 146.5144500732421875 151.342132568359375 154.1599273681640625 155.52020263671875 155.8978424072265625 155.696319580078125 155.214752197265625 154.647613525390625 -1e100 -1e100 -1e100 -1e100 -1e100 -1e100 -1e100 -1e100 -1e100 -1e100 -1e100 -1e100 -1e100 -1e100 -1e100 -1e100 -1e100 -1e100 -1e100 -1e100 -1e100 -1e100 -1e100 -1e100 -1e100 -1e100 -1e100 -1e100 -1e100 -1e100
 -1e100 -1e100 -1e100 -1e100 -1e100 -1e100 -1e100 -1e100 -1e100 -1e100 -1e100 -1e100 -1e100 -1e100 -1e100 -1e100 -1e100 -1e100 -1e100 -1e100 -1e100 -1e100 -1e100 -1e100 -1e100 -1e100 -1e100 -1e100 -1e100 -1e100 -1e100 -1e100 -1e100 -1e100 -1e100 -1e100 -1e100 -1e100 -1e100 -1e100 -1e100 -1e100 -1e100 -1e100 -1e100 -1e100 -1e100 -1e100 -1e100 -1e100 -1e100 -1e100 -1e100 -1e100 -1e100 -1e100 -1e100 -1e100 -1e100 -1e100 -1e100 -1e100 -1e100 -1e100 -1e100 -1e100 -1e100 -1e100 -1e100 -1e100 -1e100 -1e100 -1e100 -1e100 -1e100 -1e100 -1e100 -1e100 -1e100 -1e100 -1e100 -1e100 -1e100 -1e100 -1e100 73.2716827392578125 72.635894775390625 71.89073944091796875 71.03606414794921875 70.07269287109375 69.002288818359375 67.82703399658203125 66.5494232177734375 65.17264556884765625 63.701030731201171875 62.141384124755859375 60.50368499755859375 58.803554534912109375 57.06418609619140625 55.31916046142578125 53.61383056640625 52.003269195556640625 50.55191802978515625 49.32794189453125 48.39447021484375 47.773895263671875 47.389957427978515625 47.106868743896484375 46.812313079833984375 46.47821807861328125 46.078136444091796875 45.589000701904296875 45.00975799560546875 44.374637603759765625 43.75400543212890625 43.244510650634765625 42.952243804931640625 42.990985870361328125 43.50091552734375 44.71190643310546875 46.9774322509765625 50.848186492919921875 57.144412994384765625 66.44437408447265625 78.35958099365234375 91.83232879638671875 105.29128265380859375 117.261962890625 126.83728790283203125 133.895904541015625 138.7731475830078125 141.9286956787109375 143.818878173828125 144.8369140625 145.3106536865234375 145.481353759765625 145.5080413818359375 145.481536865234375 -1e100 -1e100 -1e100 -1e100 -1e100 -1e100 -1e100 -1e100 -1e100 -1e100 -1e100 -1e100 -1e100 -1e100 -1e100 -1e100 -1e100 -1e100 -1e100 -1e100 -1e100 -1e100 -1e100 -1e100 -1e100 -1e100 -1e100 -1e100 -1e100
 -1e100 -1e100 -1e100 -1e100 -1e100 -1e100 -1e100 -1e100 -1e100 -1e100 -1e100 -1e100 -1e100 -1e100 -1e100 -1e100 -1e100 -1e100 -1e100 -1e100 -1e100 -1e100 -1e100 -1e100 -1e100 -1e100 -1e100 -1e100 -1e100 -1e100 -1e100 -1e100 -1e100 -1e100 -1e100 -1e100 -1e100 -1e100 -1e100 -1e100 -1e100 -1e100 -1e100 -1e100 -1e100 -1e100 -1e100 -1e100 -1e100 -1e100 -1e100 -1e100 -1e100 -1e100 -1e100 -1e100 -1e100 -1e100 -1e100 -1e100 -1e100 -1e100 -1e100 -1e100 -1e100 -1e100 -1e100 -1e100 -1e100 -1e100 -1e100 -1e100 -1e100 -1e100 -1e100 -1e100 -1e100 -1e100 -1e100 -1e100 -1e100 -1e100 -1e100 -1e100 74.3850250244140625 73.84136199951171875 73.1889495849609375 72.42734527587890625 71.5571441650390625 70.57976531982421875 69.49726104736328125 68.31183624267578125 67.02564239501953125 65.64102935791015625 64.16119384765625 62.59123992919921875 60.93880462646484375 59.216400146484375 57.44333648681640625 55.649295806884765625 53.876522064208984375 52.17885589599609375 50.622100830078125 49.277027130126953125 48.20192718505859375 47.408466339111328125 46.8367462158203125 46.387783050537109375 45.97220611572265625 45.538707733154296875 45.053897857666015625 44.502140045166015625 43.89330291748046875 43.269924163818359375 42.705532073974609375 42.296222686767578125 42.14371490478515625 42.351245880126953125 43.040912628173828125 44.399463653564453125 46.698822021484375 50.338314056396484375 55.871662139892578125 63.64286041259765625 73.5262451171875 84.8769989013671875 96.3165130615234375 106.669219970703125 115.20680999755859375 121.781158447265625 126.60138702392578125 130.0049285888671875 132.3418731689453125 133.9182891845703125 134.9896392822265625 135.7444000244140625 136.3114471435546875 136.7701568603515625 137.166717529296875 -1e100 -1e100 -1e100 -1e100 -1e100 -1e100 -1e100 -1e100 -1e100 -1e100 -1e100 -1e100 -1e100 -1e100 -1e100 -1e100 -1e100 -1e100 -1e100 -1e100 -1e100 -1e100 -1e100 -1e100 -1e100 -1e100 -1e100 -1e100
 -1e100 -1e100 -1e100 -1e100 -1e100 -1e100 -1e100 -1e100 -1e100 -1e100 -1e100 -1e100 -1e100 -1e100 -1e100 -1e100 -1e100 -1e100 -1e100 -1e100 -1e100 -1e100 -1e100 -1e100 -1e100 -1e100 -1e100 -1e100 -1e100 -1e100 -1e100 -1e100 -1e100 -1e100 -1e100 -1e100 -1e100 -1e100 -1e100 -1e100 -1e100 -1e100 -1e100 -1e100 -1e100 -1e100 -1e100 -1e100 -1e100 -1e100 -1e100 -1e100 -1e100 -1e100 -1e100 -1e100 -1e100 -1e100 -1e100 -1e100 -1e100 -1e100 -1e100 -1e100 -1e100 -1e100 -1e100 -1e100 -1e100 -1e100 -1e100 -1e100 -1e100 -1e100 -1e100 -1e100 -1e100 -1e100 -1e100 -1e100 -1e100 -1e100 -1e100 75.4654541015625 75.0185089111328125 74.46320343017578125 73.79874420166015625 73.025482177734375 72.14473724365234375 71.15853118896484375 70.069244384765625 68.87908172607421875 67.58971405029296875 66.202728271484375 64.72026824951171875 63.146106719970703125 61.485759735107421875 59.74868011474609375 57.94997406005859375 56.11553192138671875 54.2845916748046875 52.50959014892578125 50.856842041015625 49.396465301513671875 48.1807861328125 47.22194671630859375 46.479595184326171875 45.8745269775390625 45.327655792236328125 44.7840728759765625 44.209972381591796875 43.594219207763671875 42.95304107666015625 42.33243560791015625 41.80625152587890625 41.46844482421875 41.41652679443359375 41.743900299072265625 42.5478668212890625 43.958469390869140625 46.15670013427734375 49.410266876220703125 54.06732940673828125 60.364166259765625 68.42475128173828125 78.07839202880859375 87.819305419921875 96.7698211669921875 104.32694244384765625 110.383453369140625 115.07357025146484375 118.633056640625 121.31522369384765625 123.34546661376953125 124.9147186279296875 126.16680145263671875 127.20465087890625 128.095855712890625 128.8842010498046875 129.598663330078125 -1e100 -1e100 -1e100 -1e100 -1e100 -1e100 -1e100 -1e100 -1e100 -1e100 -1e100 -1e100 -1e100 -1e100 -1e100 -1e100 -1e100 -1e100 -1e100 -1e100 -1e100 -1e100 -1e100 -1e100 -1e100 -1e100 -1e100
 -1e100 -1e100 -1e100 -1e100 -1e100 -1e100 -1e100 -1e100 -1e100 -1e100 -1e100 -1e100 -1e100 -1e100 -1e100 -1e100 -1e100 -1e100 -1e100 -1e100 -1e100 -1e100 -1e100 -1e100 -1e100 -1e100 -1e100 -1e100 -1e100 -1e100 -1e100 -1e100 -1e100 -1e100 -1e100 -1e100 -1e100 -1e100 -1e100 -1e100 -1e100 -1e100 -1e100 -1e100 -1e100 -1e100 -1e100 -1e100 -1e100 -1e100 -1e100 -1e100 -1e100 -1e100 -1e100 -1e100 -1e100 -1e100 -1e100 -1e100 -1e100 -1e100 -1e100 -1e100 -1e100 -1e100 -1e100 -1e100 -1e100 -1e100 -1e100 -1e100 -1e100 -1e100 -1e100 -1e100 -1e100 -1e100 -1e100 -1e100 -1e100 -1e100 76.50717926025390625 76.16205596923828125 75.7087860107421875 75.14598846435546875 74.47359466552734375 73.69271087646484375 72.80535888671875 71.8140869140625 70.72150421142578125 69.529632568359375 68.23956298828125 66.8520660400390625 65.36858367919921875 63.792148590087890625 62.12703704833984375 60.37982177734375 58.561431884765625 56.69422149658203125 54.8143768310546875 52.972507476806640625 51.233768463134765625 49.66567230224609375 48.31853485107421875 47.207916259765625 46.3033294677734375 45.54003143310546875 44.851329803466796875 44.186279296875 43.5143890380859375 42.828441619873046875 42.14763641357421875 41.51836395263671875 41.01213836669921875 40.718578338623046875 40.72985076904296875 41.12960052490234375 41.990478515625 43.388458251953125 45.421482086181640625 48.24669647216796875 52.069866180419921875 57.0741119384765625 63.40325927734375 71.71900177001953125 80.02600860595703125 87.68215179443359375 94.31391143798828125 99.83868408203125 104.3359832763671875 107.95934295654296875 110.87920379638671875 113.2515716552734375 115.21331787109375 116.8707122802734375 118.303375244140625 119.56694793701171875 120.70087432861328125 121.73372650146484375 122.684722900390625 -1e100 -1e100 -1e100 -1e100 -1e100 -1e100 -1e100 -1e100 -1e100 -1e100 -1e100 -1e100 -1e100 -1e100 -1e100 -1e100 -1e100 -1e100 -1e100 -1e100 -1e100 -1e100 -1e100 -1e100 -1e100 -1e100
 -1e100 -1e100 -1e100 -1e100 -1e100 -1e100 -1e100 -1e100 -1e100 -1e100 -1e100 -1e100 -1e100 -1e100 -1e100 -1e100 -1e100 -1e100 -1e100 -1e100 -1e100 -1e100 -1e100 -1e100 -1e100 -1e100 -1e100 -1e100 -1e100 -1e100 -1e100 -1e100 -1e100 -1e100 -1e100 -1e100 -1e100 -1e100 -1e100 -1e100 -1e100 -1e100 -1e100 -1e100 -1e100 -1e100 -1e100 -1e100 -1e100 -1e100 -1e100 -1e100 -1e100 -1e100 -1e100 -1e100 -1e100 -1e100 -1e100 -1e100 -1e100 -1e100 -1e100 -1e100 -1e100 -1e100 -1e100 -1e100 -1e100 -1e100 -1e100 -1e100 -1e100 -1e100 -1e100 -1e100 -1e100 -1e100 -1e100 -1e100 -1e100 77.50333404541015625 77.2658538818359375 76.92047119140625 76.4649658203125 75.89856719970703125 75.22186279296875 74.43665313720703125 73.54552459716796875 72.55146026611328125 71.45709991455078125 70.26404571533203125 68.97259521484375 67.58258819580078125 66.09508514404296875 64.51342010498046875 62.84228515625 61.0859527587890625 59.251220703125 57.35747528076171875 55.4371795654296875 53.5374908447265625 51.721744537353515625 50.054828643798828125 48.5849456787109375 47.328861236572265625 46.2637481689453125 45.33916473388671875 44.5006866455078125 43.705020904541015625 42.9271697998046875 42.1632537841796875 41.434070587158203125 40.784358978271484375 40.281787872314453125 40.009735107421875 40.052845001220703125 40.48406219482421875 41.353664398193359375 42.693187713623046875 44.53752899169921875 46.974925994873046875 50.168735504150390625 54.301952362060546875 59.562335968017578125 66.32765960693359375 73.0748138427734375 79.4683380126953125 85.2079620361328125 90.192108154296875 94.4436187744140625 98.046844482421875 101.10338592529296875 103.71269989013671875 105.96703338623046875 107.94084930419921875 109.69300079345703125 111.267242431640625 112.697357177734375 114.0096893310546875 115.2234649658203125 -1e100 -1e100 -1e100 -1e100 -1e100 -1e100 -1e100 -1e100 -1e100 -1e100 -1e100 -1e100 -1e100 -1e100 -1e100 -1e100 -1e100 -1e100 -1e100 -1e100 -1e100 -1e100 -1e100 -1e100 -1e100 -1e100
 -1e100 -1e100 -1e100 -1e100 -1e100 -1e100 -1e100 -1e100 -1e100 -1e100 -1e100 -1e100 -1e100 -1e100 -1e100 -1e100 -1e100 -1e100 -1e100 -1e100 -1e100 -1e100 -1e100 -1e100 -1e100 -1e100 -1e100 -1e100 -1e100 -1e100 -1e100 -1e100 -1e100 -1e100 -1e100 -1e100 -1e100 -1e100 -1e100 -1e100 -1e100 -1e100 -1e100 -1e100 -1e100 -1e100 -1e100 -1e100 -1e100 -1e100 -1e100 -1e100 -1e100 -1e100 -1e100 -1e100 -1e100 -1e100 -1e100 -1e100 -1e100 -1e100 -1e100 -1e100 -1e100 -1e100 -1e100 -1e100 -1e100 -1e100 -1e100 -1e100 -1e100 -1e100 -1e100 -1e100 -1e100 -1e100 -1e100 -1e100 -1e100 78.3216705322265625 78.090911865234375 77.749603271484375 77.29590606689453125 76.72955322265625 76.05168914794921875 75.26465606689453125 74.37152862548828125 73.37548065185546875 72.27899169921875 71.08293914794921875 69.7864532470703125 68.38802337646484375 66.88831329345703125 65.292144775390625 63.6072540283203125 61.83826446533203125 59.99016571044921875 58.075656890869140625 56.120349884033203125 54.16806793212890625 52.28057098388671875 50.519733428955078125 48.931171417236328125 47.5323944091796875 46.308368682861328125 45.22144317626953125 44.229022979736328125 43.296539306640625 42.4051055908203125 41.55454254150390625 40.766414642333984375 40.083263397216796875 39.567943572998046875 39.296512603759765625 39.344669342041015625 39.773281097412109375 40.612010955810546875 41.85715484619140625 43.490871429443359375 45.552448272705078125 48.199314117431640625 51.590946197509765625 55.927532196044921875 61.20568084716796875 66.67836761474609375 72.0022125244140625 76.94416046142578125 81.40877532958984375 85.38315582275390625 88.90024566650390625 92.0090789794921875 94.764892578125 97.22374725341796875 99.43361663818359375 101.43505096435546875 103.2605743408203125 104.937713623046875 106.4893646240234375 107.9333343505859375 109.28336334228515625 -1e100 -1e100 -1e100 -1e100 -1e100 -1e100 -1e100 -1e100 -1e100 -1e100 -1e100 -1e100 -1e100 -1e100 -1e100 -1e100 -1e100 -1e100 -1e100 -1e100 -1e100 -1e100 -1e100 -1e100 -1e100
 -1e100 -1e100 -1e100 -1e100 -1e100 -1e100 -1e100 -1e100 -1e100 -1e100 -1e100 -1e100 -1e100 -1e100 -1e100 -1e100 -1e100 -1e100 -1e100 -1e100 -1e100 -1e100 -1e100 -1e100 -1e100 -1e100 -1e100 -1e100 -1e100 -1e100 -1e100 -1e100 -1e100 -1e100 -1e100 -1e100 -1e100 -1e100 -1e100 -1e100 -1e100 -1e100 -1e100 -1e100 -1e100 -1e100 -1e100 -1e100 -1e100 -1e100 -1e100 -1e100 -1e100 -1e100 -1e100 -1e100 -1e100 -1e100 -1e100 -1e100 -1e100 -1e100 -1e100 -1e100 -1e100 -1e100 -1e100 -1e100 -1e100 -1e100 -1e100 -1e100 -1e100 -1e100 -1e100 -1e100 -1e100 -1e100 -1e100 -1e100 79.3183746337890625 79.20946502685546875 78.99017333984375 78.6573638916015625 78.209442138671875 77.646514892578125 76.9701385498046875 76.1830902099609375 75.28871917724609375 74.29022979736328125 73.18968963623046875 71.9870147705078125 70.679656982421875 69.2637939453125 67.73838043212890625 66.10953521728515625 64.394317626953125 62.609348297119140625 60.75689697265625 58.824382781982421875 56.8331756591796875 54.82804107666015625 52.86954498291015625 51.0160064697265625 49.31046295166015625 47.771480560302734375 46.3909759521484375 45.1422271728515625 43.993396759033203125 42.9188995361328125 41.90621185302734375 40.95886993408203125 40.098949432373046875 39.366374969482421875 38.818531036376953125 38.52358245849609375 38.548114776611328125 38.942043304443359375 39.71945953369140625 40.848583221435546875 42.26141357421875 43.932373046875 46.047206878662109375 48.780338287353515625 52.24291229248046875 56.36432647705078125 60.771472930908203125 65.188995361328125 69.43326568603515625 73.41595458984375 77.10179901123046875 80.487640380859375 83.5845184326171875 86.41408538818359375 89.0040435791015625 91.38069915771484375 93.56908416748046875 95.59165191650390625 97.46954345703125 99.22149658203125 100.86287689208984375 102.40595245361328125 103.86013031005859375 -1e100 -1e100 -1e100 -1e100 -1e100 -1e100 -1e100 -1e100 -1e100 -1e100 -1e100 -1e100 -1e100 -1e100 -1e100 -1e100 -1e100 -1e100 -1e100 -1e100 -1e100 -1e100 -1e100 -1e100
 -1e100 -1e100 -1e100 -1e100 -1e100 -1e100 -1e100 -1e100 -1e100 -1e100 -1e100 -1e100 -1e100 -1e100 -1e100 -1e100 -1e100 -1e100 -1e100 -1e100 -1e100 -1e100 -1e100 -1e100 -1e100 -1e100 -1e100 -1e100 -1e100 -1e100 -1e100 -1e100 -1e100 -1e100 -1e100 -1e100 -1e100 -1e100 -1e100 -1e100 -1e100 -1e100 -1e100 -1e100 -1e100 -1e100 -1e100 -1e100 -1e100 -1e100 -1e100 -1e100 -1e100 -1e100 -1e100 -1e100 -1e100 -1e100 -1e100 -1e100 -1e100 -1e100 -1e100 -1e100 -1e100 -1e100 -1e100 -1e100 -1e100 -1e100 -1e100 -1e100 -1e100 -1e100 -1e100 -1e100 -1e100 -1e100 -1e100 -1e100 80.26203155517578125 80.1728668212890625 79.96993255615234375 79.650054931640625 79.211761474609375 78.655364990234375 77.98270416259765625 77.19681549072265625 76.3011474609375 75.298797607421875 74.19129180908203125 72.9775238037109375 71.652801513671875 70.20966339111328125 68.64051055908203125 66.94638824462890625 65.19782257080078125 63.40904998779296875 61.54656219482421875 59.58681488037109375 57.552089691162109375 55.489208221435546875 53.456867218017578125 51.509372711181640625 49.68708038330078125 48.0094757080078125 46.47431182861328125 45.064159393310546875 43.756885528564453125 42.535190582275390625 41.392543792724609375 40.335819244384765625 39.38722991943359375 38.583690643310546875 37.976551055908203125 37.62591552734375 37.58986663818359375 37.911472320556640625 38.597564697265625 39.60529327392578125 40.817901611328125 42.07933807373046875 43.672237396240234375 45.7805023193359375 48.487659454345703125 51.716953277587890625 55.260303497314453125 58.925670623779296875 62.573368072509765625 66.12351226806640625 69.52722930908203125 72.75728607177734375 75.798126220703125 78.64704132080078125 81.3100433349609375 83.79654693603515625 86.11898040771484375 88.29106903076171875 90.32784271240234375 92.243621826171875 94.05071258544921875 95.7592315673828125 97.37706756591796875 98.910369873046875 -1e100 -1e100 -1e100 -1e100 -1e100 -1e100 -1e100 -1e100 -1e100 -1e100 -1e100 -1e100 -1e100 -1e100 -1e100 -1e100 -1e100 -1e100 -1e100 -1e100 -1e100 -1e100 -1e100
 -1e100 -1e100 -1e100 -1e100 -1e100 -1e100 -1e100 -1e100 -1e100 -1e100 -1e100 -1e100 -1e100 -1e100 -1e100 -1e100 -1e100 -1e100 -1e100 -1e100 -1e100 -1e100 -1e100 -1e100 -1e100 -1e100 -1e100 -1e100 -1e100 -1e100 -1e100 -1e100 -1e100 -1e100 -1e100 -1e100 -1e100 -1e100 -1e100 -1e100 -1e100 -1e100 -1e100 -1e100 -1e100 -1e100 -1e100 -1e100 -1e100 -1e100 -1e100 -1e100 -1e100 -1e100 -1e100 -1e100 -1e100 -1e100 -1e100 -1e100 -1e100 -1e100 -1e100 -1e100 -1e100 -1e100 -1e100 -1e100 -1e100 -1e100 -1e100 -1e100 -1e100 -1e100 -1e100 -1e100 -1e100 -1e100 -1e100 -1e100 81.280029296875 81.21588134765625 81.0341949462890625 80.73162841796875 80.306640625 79.759613037109375 79.0924835205078125 78.308380126953125 77.410736083984375 76.4024200439453125 75.28452301025390625 74.05517578125 72.70796966552734375 71.23046875 69.604583740234375 67.84485626220703125 66.05743408203125 64.25726318359375 62.36345672607421875 60.357387542724609375 58.26548004150390625 56.135730743408203125 54.023540496826171875 51.978363037109375 50.037628173828125 48.221343994140625 46.532108306884765625 44.960201263427734375 43.49173736572265625 42.11664581298828125 40.833507537841796875 39.6518402099609375 38.5933837890625 37.691623687744140625 36.991344451904296875 36.54415130615234375 36.399555206298828125 36.5938568115234375 37.13323974609375 37.986644744873046875 39.040416717529296875 39.891300201416015625 41.005062103271484375 42.579578399658203125 44.6655120849609375 47.202503204345703125 50.064403533935546875 53.122699737548828125 56.274456024169921875 59.449008941650390625 62.59053802490234375 65.6565093994140625 68.6139984130859375 71.44332122802734375 74.1349334716796875 76.685699462890625 79.098236083984375 81.378997802734375 83.53746795654296875 85.58358001708984375 87.52637481689453125 89.3734283447265625 91.13068389892578125 92.8027191162109375 94.3928070068359375 -1e100 -1e100 -1e100 -1e100 -1e100 -1e100 -1e100 -1e100 -1e100 -1e100 -1e100 -1e100 -1e100 -1e100 -1e100 -1e100 -1e100 -1e100 -1e100 -1e100 -1e100 -1e100
 -1e100 -1e100 -1e100 -1e100 -1e100 -1e100 -1e100 -1e100 -1e100 -1e100 -1e100 -1e100 -1e100 -1e100 -1e100 -1e100 -1e100 -1e100 -1e100 -1e100 -1e100 -1e100 -1e100 -1e100 -1e100 -1e100 -1e100 -1e100 -1e100 -1e100 -1e100 -1e100 -1e100 -1e100 -1e100 -1e100 -1e100 -1e100 -1e100 -1e100 -1e100 -1e100 -1e100 -1e100 -1e100 -1e100 -1e100 -1e100 -1e100 -1e100 -1e100 -1e100 -1e100 -1e100 -1e100 -1e100 -1e100 -1e100 -1e100 -1e100 -1e100 -1e100 -1e100 -1e100 -1e100 -1e100 -1e100 -1e100 -1e100 -1e100 -1e100 -1e100 -1e100 -1e100 -1e100 -1e100 -1e100 -1e100 -1e100 82.29100799560546875 82.37347412109375 82.3395538330078125 82.1839141845703125 81.9028778076171875 81.49468231201171875 80.95958709716796875 80.2994537353515625 79.517364501953125 78.616607666015625 77.5998077392578125 76.4677886962890625 75.21855926513671875 73.8454437255859375 72.33530426025390625 70.67572784423828125 68.90201568603515625 67.070556640625 65.19347381591796875 63.21974945068359375 61.13755035400390625 58.970447540283203125 56.762317657470703125 54.562068939208984375 52.413547515869140625 50.35089111328125 48.394290924072265625 46.550167083740234375 44.81494903564453125 43.181560516357421875 41.645763397216796875 40.21019744873046875 38.886051177978515625 37.694091796875 36.66382598876953125 35.833545684814453125 35.24564361572265625 34.9390716552734375 34.93624114990234375 35.234920501708984375 35.79669952392578125 36.508914947509765625 37.124691009521484375 37.97037506103515625 39.17078399658203125 40.788299560546875 42.800628662109375 45.138141632080078125 47.718990325927734375 50.469097137451171875 53.326610565185546875 56.23300933837890625 59.137248992919921875 61.9960174560546875 64.778839111328125 67.4658050537109375 70.0449676513671875 72.511627197265625 74.86643218994140625 77.11400604248046875 79.260223388671875 81.3108367919921875 83.27072906494140625 85.1436920166015625 86.9325408935546875 88.6392822265625 90.26557159423828125 -1e100 -1e100 -1e100 -1e100 -1e100 -1e100 -1e100 -1e100 -1e100 -1e100 -1e100 -1e100 -1e100 -1e100 -1e100 -1e100 -1e100 -1e100 -1e100 -1e100 -1e100
 -1e100 -1e100 -1e100 -1e100 -1e100 -1e100 -1e100 -1e100 -1e100 -1e100 -1e100 -1e100 -1e100 -1e100 -1e100 -1e100 -1e100 -1e100 -1e100 -1e100 -1e100 -1e100 -1e100 -1e100 -1e100 -1e100 -1e100 -1e100 -1e100 -1e100 -1e100 -1e100 -1e100 -1e100 -1e100 -1e100 -1e100 -1e100 -1e100 -1e100 -1e100 -1e100 -1e100 -1e100 -1e100 -1e100 -1e100 -1e100 -1e100 -1e100 -1e100 -1e100 -1e100 -1e100 -1e100 -1e100 -1e100 -1e100 -1e100 -1e100 -1e100 -1e100 -1e100 -1e100 -1e100 -1e100 -1e100 -1e100 -1e100 -1e100 -1e100 -1e100 -1e100 -1e100 -1e100 -1e100 -1e100 -1e100 -1e100 83.41849517822265625 83.540252685546875 83.54157257080078125 83.41657257080078125 83.16107940673828125 82.77294158935546875 82.2521209716796875 81.600250244140625 80.82016754150390625 79.91492462158203125 78.88686370849609375 77.73662567138671875 76.462158203125 75.057281494140625 73.51349639892578125 71.83026885986328125 70.02953338623046875 68.1404266357421875 66.1702423095703125 64.09812164306640625 61.9228057861328125 59.667758941650390625 57.37091064453125 55.074069976806640625 52.815631866455078125 50.626522064208984375 48.52689361572265625 46.526012420654296875 44.625110626220703125 42.822429656982421875 41.118312835693359375 39.5183563232421875 38.0346832275390625 36.686656951904296875 35.5002593994140625 34.508144378662109375 33.744670867919921875 33.238536834716796875 33.00208282470703125 33.030704498291015625 33.288867950439453125 33.6829986572265625 34.117084503173828125 34.737331390380859375 35.648700714111328125 36.9121551513671875 38.53093719482421875 40.471637725830078125 42.684253692626953125 45.115222930908203125 47.7096710205078125 50.409221649169921875 53.1591949462890625 55.911285400390625 58.629180908203125 61.286651611328125 63.866039276123046875 66.3574676513671875 68.75710296630859375 71.0654754638671875 73.2847747802734375 75.4176177978515625 77.46619415283203125 79.43209075927734375 81.31635284423828125 83.11963653564453125 84.842559814453125 86.4858856201171875 -1e100 -1e100 -1e100 -1e100 -1e100 -1e100 -1e100 -1e100 -1e100 -1e100 -1e100 -1e100 -1e100 -1e100 -1e100 -1e100 -1e100 -1e100 -1e100 -1e100
 -1e100 -1e100 -1e100 -1e100 -1e100 -1e100 -1e100 -1e100 -1e100 -1e100 -1e100 -1e100 -1e100 -1e100 -1e100 -1e100 -1e100 -1e100 -1e100 -1e100 -1e100 -1e100 -1e100 -1e100 -1e100 -1e100 -1e100 -1e100 -1e100 -1e100 -1e100 -1e100 -1e100 -1e100 -1e100 -1e100 -1e100 -1e100 -1e100 -1e100 -1e100 -1e100 -1e100 -1e100 -1e100 -1e100 -1e100 -1e100 -1e100 -1e100 -1e100 -1e100 -1e100 -1e100 -1e100 -1e100 -1e100 -1e100 -1e100 -1e100 -1e100 -1e100 -1e100 -1e100 -1e100 -1e100 -1e100 -1e100 -1e100 -1e100 -1e100 -1e100 -1e100 -1e100 -1e100 -1e100 -1e100 -1e100 84.32621002197265625 84.60878753662109375 84.7747955322265625 84.816070556640625 84.72603607177734375 84.49988555908203125 84.134918212890625 83.6306304931640625 82.98822784423828125 82.21016693115234375 81.29913330078125 80.2571868896484375 79.08484649658203125 77.7801055908203125 76.33855438232421875 74.75713348388671875 73.03667449951171875 71.188079833984375 69.22809600830078125 67.16255950927734375 64.98825836181640625 62.7140655517578125 60.36342620849609375 57.969425201416015625 55.568088531494140625 53.1931610107421875 50.872890472412109375 48.62717437744140625 46.46734619140625 44.398281097412109375 42.422344207763671875 40.5433807373046875 38.769134521484375 37.112224578857421875 35.59082794189453125 34.2286834716796875 33.054485321044921875 32.097438812255859375 31.3790130615234375 30.907579421997070312 30.6767578125 30.654644012451171875 30.781148910522460938 31.01941680908203125 31.439281463623046875 32.1185455322265625 33.112361907958984375 34.436649322509765625 36.079341888427734375 38.01032257080078125 40.188747406005859375 42.56507110595703125 45.082866668701171875 47.6872406005859375 50.328884124755859375 52.9691314697265625 55.578548431396484375 58.13613128662109375 60.628589630126953125 63.04868316650390625 65.3935089111328125 67.66199493408203125 69.85384368896484375 71.96868133544921875 74.0059967041015625 75.965118408203125 77.84539031982421875 79.64641571044921875 81.36815643310546875 83.0110321044921875 -1e100 -1e100 -1e100 -1e100 -1e100 -1e100 -1e100 -1e100 -1e100 -1e100 -1e100 -1e100 -1e100 -1e100 -1e100 -1e100 -1e100 -1e100 -1e100
 -1e100 -1e100 -1e100 -1e100 -1e100 -1e100 -1e100 -1e100 -1e100 -1e100 -1e100 -1e100 -1e100 -1e100 -1e100 -1e100 -1e100 -1e100 -1e100 -1e100 -1e100 -1e100 -1e100 -1e100 -1e100 -1e100 -1e100 -1e100 -1e100 -1e100 -1e100 -1e100 -1e100 -1e100 -1e100 -1e100 -1e100 -1e100 -1e100 -1e100 -1e100 -1e100 -1e100 -1e100 -1e100 -1e100 -1e100 -1e100 -1e100 -1e100 -1e100 -1e100 -1e100 -1e100 -1e100 -1e100 -1e100 -1e100 -1e100 -1e100 -1e100 -1e100 -1e100 -1e100 -1e100 -1e100 -1e100 -1e100 -1e100 -1e100 -1e100 -1e100 -1e100 -1e100 -1e100 -1e100 -1e100 -1e100 85.51857757568359375 85.85356903076171875 86.06835174560546875 86.15393829345703125 86.10294342041015625 85.9097900390625 85.57108306884765625 85.08567047119140625 84.45415496826171875 83.678436279296875 82.7607574462890625 81.7029571533203125 80.505462646484375 79.16663360595703125 77.68393707275390625 76.0560150146484375 74.2825469970703125 72.3699493408203125 70.329742431640625 68.168731689453125 65.8934326171875 63.51837158203125 61.0670166015625 58.56916046142578125 56.056560516357421875 53.5594482421875 51.103885650634765625 48.7094573974609375 46.38897705078125 44.150119781494140625 41.99845123291015625 39.940525054931640625 37.985675811767578125 36.146991729736328125 34.44220733642578125 32.894012451171875 31.529134750366210938 30.373697280883789062 29.445562362670898438 28.750638961791992188 28.280763626098632812 28.010313034057617188 27.903257369995117188 27.948760986328125 28.187915802001953125 28.677028656005859375 29.462476730346679688 30.564716339111328125 31.982755661010742188 33.69683074951171875 35.673351287841796875 37.866619110107421875 40.223171234130859375 42.69024658203125 45.22003936767578125 47.77398681640625 50.321643829345703125 52.840427398681640625 55.3148651123046875 57.73516845703125 60.095592498779296875 62.39221954345703125 64.62209320068359375 66.78252410888671875 68.8710784912109375 70.88553619384765625 72.82402801513671875 74.6852264404296875 76.46837615966796875 78.17331695556640625 -1e100 -1e100 -1e100 -1e100 -1e100 -1e100 -1e100 -1e100 -1e100 -1e100 -1e100 -1e100 -1e100 -1e100 -1e100 -1e100 -1e100 -1e100 -1e100
 -1e100 -1e100 -1e100 -1e100 -1e100 -1e100 -1e100 -1e100 -1e100 -1e100 -1e100 -1e100 -1e100 -1e100 -1e100 -1e100 -1e100 -1e100 -1e100 -1e100 -1e100 -1e100 -1e100 -1e100 -1e100 -1e100 -1e100 -1e100 -1e100 -1e100 -1e100 -1e100 -1e100 -1e100 -1e100 -1e100 -1e100 -1e100 -1e100 -1e100 -1e100 -1e100 -1e100 -1e100 -1e100 -1e100 -1e100 -1e100 -1e100 -1e100 -1e100 -1e100 -1e100 -1e100 -1e100 -1e100 -1e100 -1e100 -1e100 -1e100 -1e100 -1e100 -1e100 -1e100 -1e100 -1e100 -1e100 -1e100 -1e100 -1e100 -1e100 -1e100 -1e100 -1e100 -1e100 -1e100 -1e100 -1e100 86.7502288818359375 87.14170074462890625 87.4093475341796875 87.54326629638671875 87.5351715087890625 87.37860107421875 87.0693359375 86.60540008544921875 85.9866180419921875 85.21416473388671875 84.28971099853515625 83.21484375 81.989959716796875 80.61383056640625 79.08477020263671875 77.40151214599609375 75.56436920166015625 73.57880401611328125 71.45383453369140625 69.198028564453125 66.82268524169921875 64.34528350830078125 61.789348602294921875 59.18242645263671875 56.5533599853515625 53.929759979248046875 51.336002349853515625 48.79137420654296875 46.30980682373046875 43.90117645263671875 41.5735931396484375 39.335727691650390625 37.198253631591796875 35.1749725341796875 33.28379058837890625 31.547344207763671875 29.99137115478515625 28.640077590942382812 27.509572982788085938 26.60446929931640625 25.91681671142578125 25.428539276123046875 25.119493484497070312 24.989847183227539062 25.06967926025390625 25.401760101318359375 26.02413177490234375 26.957212448120117188 28.203418731689453125 29.7472686767578125 31.558454513549804688 33.5943450927734375 35.80507659912109375 38.14154815673828125 40.55908203125 43.020709991455078125 45.496448516845703125 47.963237762451171875 50.404293060302734375 52.807918548583984375 55.1660003662109375 57.472141265869140625 59.721065521240234375 61.908084869384765625 64.0290985107421875 66.0805206298828125 68.0594482421875 69.96373748779296875 71.7919921875 73.5435638427734375 75.21842193603515625 -1e100 -1e100 -1e100 -1e100 -1e100 -1e100 -1e100 -1e100 -1e100 -1e100 -1e100 -1e100 -1e100 -1e100 -1e100 -1e100 -1e100 -1e100
 -1e100 -1e100 -1e100 -1e100 -1e100 -1e100 -1e100 -1e100 -1e100 -1e100 -1e100 -1e100 -1e100 -1e100 -1e100 -1e100 -1e100 -1e100 -1e100 -1e100 -1e100 -1e100 -1e100 -1e100 -1e100 -1e100 -1e100 -1e100 -1e100 -1e100 -1e100 -1e100 -1e100 -1e100 -1e100 -1e100 -1e100 -1e100 -1e100 -1e100 -1e100 -1e100 -1e100 -1e100 -1e100 -1e100 -1e100 -1e100 -1e100 -1e100 -1e100 -1e100 -1e100 -1e100 -1e100 -1e100 -1e100 -1e100 -1e100 -1e100 -1e100 -1e100 -1e100 -1e100 -1e100 -1e100 -1e100 -1e100 -1e100 -1e100 -1e100 -1e100 -1e100 -1e100 -1e100 -1e100 -1e100 87.4413299560546875 88.0081329345703125 88.45960235595703125 88.78376007080078125 88.9697418212890625 89.00829315185546875 88.8919525146484375 88.61554718017578125 88.17612457275390625 87.5725555419921875 86.80511474609375 85.87474822998046875 84.78261566162109375 83.52910614013671875 82.1134185791015625 80.53438568115234375 78.7913970947265625 76.885833740234375 74.82300567626953125 72.61121368408203125 70.26059722900390625 67.785247802734375 65.20418548583984375 62.5408935546875 59.821380615234375 57.072452545166015625 54.31982421875 51.586612701416015625 48.89191436767578125 46.25058746337890625 43.674312591552734375 41.1732177734375 38.75774383544921875 36.43988037109375 34.2343597412109375 32.1597747802734375 30.238965988159179688 28.49700164794921875 26.956989288330078125 25.634405136108398438 24.534297943115234375 23.651227951049804688 22.973178863525390625 22.48992919921875 22.207403182983398438 22.150556564331054688 22.3535308837890625 22.847194671630859375 23.648715972900390625 24.759691238403320312 26.16481781005859375 27.835233688354492188 29.73099517822265625 31.806514739990234375 34.017333984375 36.322582244873046875 38.687744140625 41.08402252197265625 43.488529205322265625 45.883739471435546875 48.256481170654296875 50.59664154052734375 52.89572906494140625 55.14655303955078125 57.342746734619140625 59.478824615478515625 61.550090789794921875 63.552776336669921875 65.4840545654296875 67.34200286865234375 69.12554168701171875 70.83431243896484375 72.468597412109375 -1e100 -1e100 -1e100 -1e100 -1e100 -1e100 -1e100 -1e100 -1e100 -1e100 -1e100 -1e100 -1e100 -1e100 -1e100 -1e100 -1e100
 -1e100 -1e100 -1e100 -1e100 -1e100 -1e100 -1e100 -1e100 -1e100 -1e100 -1e100 -1e100 -1e100 -1e100 -1e100 -1e100 -1e100 -1e100 -1e100 -1e100 -1e100 -1e100 -1e100 -1e100 -1e100 -1e100 -1e100 -1e100 -1e100 -1e100 -1e100 -1e100 -1e100 -1e100 -1e100 -1e100 -1e100 -1e100 -1e100 -1e100 -1e100 -1e100 -1e100 -1e100 -1e100 -1e100 -1e100 -1e100 -1e100 -1e100 -1e100 -1e100 -1e100 -1e100 -1e100 -1e100 -1e100 -1e100 -1e100 -1e100 -1e100 -1e100 -1e100 -1e100 -1e100 -1e100 -1e100 -1e100 -1e100 -1e100 -1e100 -1e100 -1e100 -1e100 -1e100 -1e100 -1e100 88.645416259765625 89.2774505615234375 89.79190826416015625 90.175872802734375 90.4174652099609375 90.506378173828125 90.4340972900390625 90.1943359375 89.7830352783203125 89.19795989990234375 88.43831634521484375 87.5042266845703125 86.39627838134765625 85.1147918701171875 83.65946197509765625 82.02973175048828125 80.22585296630859375 78.25016021728515625 76.108245849609375 73.80886077880859375 71.3636627197265625 68.78838348388671875 66.10300445556640625 63.330841064453125 60.496891021728515625 57.626567840576171875 54.7442474365234375 51.872203826904296875 49.029483795166015625 46.231781005859375 43.49224090576171875 40.822673797607421875 38.23508453369140625 35.742763519287109375 33.361598968505859375 31.1110076904296875 29.014095306396484375 27.095415115356445312 25.377552032470703125 23.876186370849609375 22.597879409790039062 21.54064178466796875 20.697818756103515625 20.065645217895507812 19.652795791625976562 19.481145858764648438 19.578504562377929688 19.968919754028320312 20.664728164672851562 21.663763046264648438 22.949550628662109375 24.493928909301757812 26.2601165771484375 28.207439422607421875 30.296123504638671875 32.48931121826171875 34.7551116943359375 37.066257476806640625 39.400348663330078125 41.7394256591796875 44.069091796875 46.37760162353515625 48.65480804443359375 50.8919830322265625 53.08142852783203125 55.2165679931640625 57.2918243408203125 59.3027496337890625 61.245983123779296875 63.119182586669921875 64.92090606689453125 66.65048980712890625 68.3079681396484375 69.89394378662109375 -1e100 -1e100 -1e100 -1e100 -1e100 -1e100 -1e100 -1e100 -1e100 -1e100 -1e100 -1e100 -1e100 -1e100 -1e100 -1e100
 -1e100 -1e100 -1e100 -1e100 -1e100 -1e100 -1e100 -1e100 -1e100 -1e100 -1e100 -1e100 -1e100 -1e100 -1e100 -1e100 -1e100 -1e100 -1e100 -1e100 -1e100 -1e100 -1e100 -1e100 -1e100 -1e100 -1e100 -1e100 -1e100 -1e100 -1e100 -1e100 -1e100 -1e100 -1e100 -1e100 -1e100 -1e100 -1e100 -1e100 -1e100 -1e100 -1e100 -1e100 -1e100 -1e100 -1e100 -1e100 -1e100 -1e100 -1e100 -1e100 -1e100 -1e100 -1e100 -1e100 -1e100 -1e100 -1e100 -1e100 -1e100 -1e100 -1e100 -1e100 -1e100 -1e100 -1e100 -1e100 -1e100 -1e100 -1e100 -1e100 -1e100 -1e100 -1e100 -1e100 89.03849029541015625 89.84252166748046875 90.54189300537109375 91.1219024658203125 91.56870269775390625 91.86936187744140625 92.01250457763671875 91.98841094970703125 91.78961181640625 91.41077423095703125 90.84839630126953125 90.10053253173828125 89.16631317138671875 88.0457000732421875 86.7388458251953125 85.2458343505859375 83.56679534912109375 81.70287322998046875 79.6573944091796875 77.43671417236328125 75.05042266845703125 72.5115203857421875 69.8370513916015625 67.047607421875 64.1664581298828125 61.21794891357421875 58.22658538818359375 55.215900421142578125 52.207660675048828125 49.2210235595703125 46.27243804931640625 43.3762969970703125 40.54581451416015625 37.794399261474609375 35.136653900146484375 32.58960723876953125 30.173490524291992188 27.911634445190429688 25.828294754028320312 23.946018218994140625 22.281347274780273438 20.843061447143554688 19.632806777954101562 18.648302078247070312 17.890056610107421875 17.367967605590820312 17.10089874267578125 17.110864639282226562 17.415182113647460938 18.020109176635742188 18.919544219970703125 20.09569549560546875 21.521732330322265625 23.164644241333007812 24.98839569091796875 26.95764923095703125 29.039218902587890625 31.203762054443359375 33.42551422119140625 35.682643890380859375 37.956851959228515625 40.232784271240234375 42.497455596923828125 44.7394561767578125 46.9488983154296875 49.1170806884765625 51.236629486083984375 53.30130767822265625 55.306179046630859375 57.247467041015625 59.122501373291015625 60.929553985595703125 62.667705535888671875 64.33675384521484375 65.937103271484375 -1e100 -1e100 -1e100 -1e100 -1e100 -1e100 -1e100 -1e100 -1e100 -1e100 -1e100 -1e100 -1e100 -1e100 -1e100 -1e100
 -1e100 -1e100 -1e100 -1e100 -1e100 -1e100 -1e100 -1e100 -1e100 -1e100 -1e100 -1e100 -1e100 -1e100 -1e100 -1e100 -1e100 -1e100 -1e100 -1e100 -1e100 -1e100 -1e100 -1e100 -1e100 -1e100 -1e100 -1e100 -1e100 -1e100 -1e100 -1e100 -1e100 -1e100 -1e100 -1e100 -1e100 -1e100 -1e100 -1e100 -1e100 -1e100 -1e100 -1e100 -1e100 -1e100 -1e100 -1e100 -1e100 -1e100 -1e100 -1e100 -1e100 -1e100 -1e100 -1e100 -1e100 -1e100 -1e100 -1e100 -1e100 -1e100 -1e100 -1e100 -1e100 -1e100 -1e100 -1e100 -1e100 -1e100 -1e100 -1e100 -1e100 -1e100 -1e100 -1e100 90.142913818359375 91.016204833984375 91.7845306396484375 92.43235015869140625 92.94488525390625 93.30814361572265625 93.50960540771484375 93.5382843017578125 93.3853759765625 93.0441436767578125 92.50968170166015625 91.7786712646484375 90.84915924072265625 89.7203521728515625 88.39218902587890625 86.8650360107421875 85.13970947265625 83.21829986572265625 81.105133056640625 78.80750274658203125 76.33614349365234375 73.7053680419921875 70.93328094482421875 68.04109954833984375 65.05219268798828125 61.99060821533203125 58.88036346435546875 55.7445526123046875 52.604740142822265625 49.48030853271484375 46.388416290283203125 43.344470977783203125 40.362903594970703125 37.4583740234375 34.646701812744140625 31.945957183837890625 29.377077102661132812 26.963550567626953125 24.729665756225585938 22.698459625244140625 20.887769699096679688 19.308904647827148438 17.966516494750976562 16.86167144775390625 15.997463226318359375 15.3836212158203125 15.035655021667480469 14.969874382019042969 15.196742057800292969 15.717059135437011719 16.5215606689453125 17.592052459716796875 18.903875350952148438 20.427568435668945312 22.131238937377929688 23.98339080810546875 25.954038619995117188 28.016054153442382812 30.145023345947265625 32.319583892822265625 34.521205902099609375 36.733882904052734375 38.9437408447265625 41.138477325439453125 43.30739593505859375 45.4411163330078125 47.531703948974609375 49.572490692138671875 51.558193206787109375 53.4847564697265625 55.3492584228515625 57.14974212646484375 58.885082244873046875 60.55489349365234375 62.159374237060546875 63.699275970458984375 -1e100 -1e100 -1e100 -1e100 -1e100 -1e100 -1e100 -1e100 -1e100 -1e100 -1e100 -1e100 -1e100 -1e100 -1e100
 -1e100 -1e100 -1e100 -1e100 -1e100 -1e100 -1e100 -1e100 -1e100 -1e100 -1e100 -1e100 -1e100 -1e100 -1e100 -1e100 -1e100 -1e100 -1e100 -1e100 -1e100 -1e100 -1e100 -1e100 -1e100 -1e100 -1e100 -1e100 -1e100 -1e100 -1e100 -1e100 -1e100 -1e100 -1e100 -1e100 -1e100 -1e100 -1e100 -1e100 -1e100 -1e100 -1e100 -1e100 -1e100 -1e100 -1e100 -1e100 -1e100 -1e100 -1e100 -1e100 -1e100 -1e100 -1e100 -1e100 -1e100 -1e100 -1e100 -1e100 -1e100 -1e100 -1e100 -1e100 -1e100 -1e100 -1e100 -1e100 -1e100 -1e100 -1e100 -1e100 -1e100 -1e100 -1e100 90.1753692626953125 91.20655059814453125 92.149566650390625 92.988067626953125 93.70574951171875 94.2869110107421875 94.71648406982421875 94.980712890625 95.06726837158203125 94.96584320068359375 94.66814422607421875 94.16765594482421875 93.45954132080078125 92.540557861328125 91.40909576416015625 90.06481170654296875 88.50830078125 86.74100494384765625 84.76590728759765625 82.58837890625 80.2168121337890625 77.663177490234375 74.94309234619140625 72.0757904052734375 69.08322906494140625 65.9890899658203125 62.817462921142578125 59.59224700927734375 56.336414337158203125 53.07155609130859375 49.81737518310546875 46.591632843017578125 43.4105987548828125 40.289722442626953125 37.24477386474609375 34.2926483154296875 31.45235443115234375 28.745380401611328125 26.195466995239257812 23.827220916748046875 21.664398193359375 19.72631072998046875 18.02625274658203125 16.571130752563476562 15.364202499389648438 14.409836769104003906 13.716700553894042969 13.296574592590332031 13.1600189208984375 13.311682701110839844 13.7481689453125 14.458374977111816406 15.424767494201660156 16.62485504150390625 18.032335281372070312 19.618795394897460938 21.355924606323242188 23.216375350952148438 25.17484283447265625 27.207996368408203125 29.294889450073242188 31.416925430297851562 33.55770111083984375 35.702793121337890625 37.83934783935546875 39.956165313720703125 42.043460845947265625 44.092983245849609375 46.097797393798828125 48.05242156982421875 49.952610015869140625 51.7952728271484375 53.578289031982421875 55.3003692626953125 56.96096038818359375 58.56009674072265625 60.098358154296875 -1e100 -1e100 -1e100 -1e100 -1e100 -1e100 -1e100 -1e100 -1e100 -1e100 -1e100 -1e100 -1e100 -1e100 -1e100
 -1e100 -1e100 -1e100 -1e100 -1e100 -1e100 -1e100 -1e100 -1e100 -1e100 -1e100 -1e100 -1e100 -1e100 -1e100 -1e100 -1e100 -1e100 -1e100 -1e100 -1e100 -1e100 -1e100 -1e100 -1e100 -1e100 -1e100 -1e100 -1e100 -1e100 -1e100 -1e100 -1e100 -1e100 -1e100 -1e100 -1e100 -1e100 -1e100 -1e100 -1e100 -1e100 -1e100 -1e100 -1e100 -1e100 -1e100 -1e100 -1e100 -1e100 -1e100 -1e100 -1e100 -1e100 -1e100 -1e100 -1e100 -1e100 -1e100 -1e100 -1e100 -1e100 -1e100 -1e100 -1e100 -1e100 -1e100 -1e100 -1e100 -1e100 -1e100 -1e100 -1e100 -1e100 89.94561004638671875 91.1141204833984375 92.213104248046875 93.22585296630859375 94.13547515869140625 94.92494964599609375 95.57770538330078125 96.0775604248046875 96.4094696044921875 96.5595703125 96.515899658203125 96.26840972900390625 95.80875396728515625 95.13036346435546875 94.2285614013671875 93.10080718994140625 91.74636077880859375 90.16600799560546875 88.36182403564453125 86.33762359619140625 84.09983062744140625 81.65802001953125 79.0254974365234375 76.219329833984375 73.26001739501953125 70.17043304443359375 66.97486114501953125 63.69770050048828125 60.363040924072265625 56.99399566650390625 53.612346649169921875 50.238132476806640625 46.8896484375 43.58385467529296875 40.337062835693359375 37.1660003662109375 34.08850860595703125 31.124410629272460938 28.295671463012695312 25.626329421997070312 23.141345977783203125 20.865163803100585938 18.818065643310546875 17.014705657958984375 15.463369369506835938 14.168598175048828125 13.135130882263183594 12.369927406311035156 11.880963325500488281 11.6738739013671875 11.748913764953613281 12.099971771240234375 12.71535491943359375 13.578470230102539062 14.668809890747070312 15.962683677673339844 17.434473037719726562 19.05841827392578125 20.809240341186523438 22.6630706787109375 24.597452163696289062 26.591884613037109375 28.627857208251953125 30.688823699951171875 32.76010894775390625 34.828601837158203125 36.882884979248046875 38.913005828857421875 40.910564422607421875 42.86853790283203125 44.78133392333984375 46.644618988037109375 48.455196380615234375 50.21083831787109375 51.91013336181640625 53.552387237548828125 55.1374969482421875 56.665866851806640625 58.138294219970703125 -1e100 -1e100 -1e100 -1e100 -1e100 -1e100 -1e100 -1e100 -1e100 -1e100 -1e100 -1e100 -1e100 -1e100
 -1e100 -1e100 -1e100 -1e100 -1e100 -1e100 -1e100 -1e100 -1e100 -1e100 -1e100 -1e100 -1e100 -1e100 -1e100 -1e100 -1e100 -1e100 -1e100 -1e100 -1e100 -1e100 -1e100 -1e100 -1e100 -1e100 -1e100 -1e100 -1e100 -1e100 -1e100 -1e100 -1e100 -1e100 -1e100 -1e100 -1e100 -1e100 -1e100 -1e100 -1e100 -1e100 -1e100 -1e100 -1e100 -1e100 -1e100 -1e100 -1e100 -1e100 -1e100 -1e100 -1e100 -1e100 -1e100 -1e100 -1e100 -1e100 -1e100 -1e100 -1e100 -1e100 -1e100 -1e100 -1e100 -1e100 -1e100 -1e100 -1e100 -1e100 -1e100 -1e100 -1e100 89.46756744384765625 90.749298095703125 91.9810638427734375 93.14644622802734375 94.228515625 95.209930419921875 96.073089599609375 96.800537109375 97.37497711181640625 97.779937744140625 97.99988555908203125 98.0209808349609375 97.8311309814453125 97.4199066162109375 96.77875518798828125 95.90130615234375 94.78397369384765625 93.42560577392578125 91.82721710205078125 89.991485595703125 87.92307281494140625 85.6294403076171875 83.1214141845703125 80.413848876953125 77.52539825439453125 74.478057861328125 71.29584503173828125 68.00384521484375 64.6270599365234375 61.1899871826171875 57.716060638427734375 54.2273406982421875 50.744205474853515625 47.285388946533203125 43.86843109130859375 40.510364532470703125 37.22870635986328125 34.0421142578125 30.971052169799804688 28.037862777709960938 25.266803741455078125 22.683073043823242188 20.311277389526367188 18.172086715698242188 16.280702590942382812 14.646144866943359375 13.273663520812988281 12.16779327392578125 11.33359527587890625 10.775739669799804688 10.496114730834960938 10.492016792297363281 10.755949020385742188 11.276126861572265625 12.036936759948730469 13.019497871398925781 14.202173233032226562 15.56153106689453125 17.073764801025390625 18.715181350708007812 20.46303558349609375 22.295667648315429688 24.193063735961914062 26.136957168579101562 28.110897064208984375 30.100210189819335938 32.091793060302734375 34.074230194091796875 36.037593841552734375 37.973499298095703125 39.874935150146484375 41.736316680908203125 43.553279876708984375 45.32259368896484375 47.041957855224609375 48.70987701416015625 50.325557708740234375 51.888759613037109375 53.39974212646484375 54.859104156494140625 -1e100 -1e100 -1e100 -1e100 -1e100 -1e100 -1e100 -1e100 -1e100 -1e100 -1e100 -1e100 -1e100 -1e100
 -1e100 -1e100 -1e100 -1e100 -1e100 -1e100 -1e100 -1e100 -1e100 -1e100 -1e100 -1e100 -1e100 -1e100 -1e100 -1e100 -1e100 -1e100 -1e100 -1e100 -1e100 -1e100 -1e100 -1e100 -1e100 -1e100 -1e100 -1e100 -1e100 -1e100 -1e100 -1e100 -1e100 -1e100 -1e100 -1e100 -1e100 -1e100 -1e100 -1e100 -1e100 -1e100 -1e100 -1e100 -1e100 -1e100 -1e100 -1e100 -1e100 -1e100 -1e100 -1e100 -1e100 -1e100 -1e100 -1e100 -1e100 -1e100 -1e100 -1e100 -1e100 -1e100 -1e100 -1e100 -1e100 -1e100 -1e100 -1e100 -1e100 -1e100 -1e100 -1e100 88.7626190185546875 90.1309967041015625 91.4690704345703125 92.7611846923828125 93.99102020263671875 95.1415557861328125 96.1952056884765625 97.1338348388671875 97.9391937255859375 98.592803955078125 99.07668304443359375 99.37339019775390625 99.46697998046875 99.342987060546875 98.9884796142578125 98.392547607421875 97.5468597412109375 96.446685791015625 95.0904998779296875 93.4796600341796875 91.6175384521484375 89.509674072265625 87.16461944580078125 84.5945892333984375 81.8161773681640625 78.84984588623046875 75.71926116943359375 72.449798583984375 69.0675811767578125 65.598358154296875 62.067203521728515625 58.4979705810546875 54.9130401611328125 51.333103179931640625 47.777271270751953125 44.263553619384765625 40.809566497802734375 37.433475494384765625 34.154529571533203125 30.9936370849609375 27.973356246948242188 25.117986679077148438 22.452510833740234375 20.001173019409179688 17.784360885620117188 15.817251205444335938 14.109253883361816406 12.665961265563964844 11.491457939147949219 10.589137077331542969 9.9611721038818359375 9.6068754196166992188 9.5218334197998046875 9.69781494140625 10.123187065124511719 10.783148765563964844 11.660063743591308594 12.733857154846191406 13.982726097106933594 15.384327888488769531 16.916179656982421875 18.5565032958984375 20.284393310546875 22.080402374267578125 23.926670074462890625 25.80704498291015625 27.707086563110351562 29.613912582397460938 31.516294479370117188 33.404460906982421875 35.270175933837890625 37.10652923583984375 38.908016204833984375 40.670318603515625 42.390216827392578125 44.06537628173828125 45.6942596435546875 47.275989532470703125 48.81021881103515625 50.297054290771484375 51.73691558837890625 53.130428314208984375 -1e100 -1e100 -1e100 -1e100 -1e100 -1e100 -1e100 -1e100 -1e100 -1e100 -1e100 -1e100 -1e100
 -1e100 -1e100 -1e100 -1e100 -1e100 -1e100 -1e100 -1e100 -1e100 -1e100 -1e100 -1e100 -1e100 -1e100 -1e100 -1e100 -1e100 -1e100 -1e100 -1e100 -1e100 -1e100 -1e100 -1e100 -1e100 -1e100 -1e100 -1e100 -1e100 -1e100 -1e100 -1e100 -1e100 -1e100 -1e100 -1e100 -1e100 -1e100 -1e100 -1e100 -1e100 -1e100 -1e100 -1e100 -1e100 -1e100 -1e100 -1e100 -1e100 -1e100 -1e100 -1e100 -1e100 -1e100 -1e100 -1e100 -1e100 -1e100 -1e100 -1e100 -1e100 -1e100 -1e100 -1e100 -1e100 -1e100 -1e100 -1e100 -1e100 -1e100 86.43441009521484375 87.8585357666015625 89.28548431396484375 90.7012939453125 92.09125518798828125 93.44010162353515625 94.73180389404296875 95.9494781494140625 97.075439453125 98.09116363525390625 98.9776611328125 99.71524810791015625 100.28429412841796875 100.665283203125 100.8397979736328125 100.7905426025390625 100.5016021728515625 99.9591522216796875 99.15259552001953125 98.0759735107421875 96.7275543212890625 95.1092529296875 93.225341796875 91.08237457275390625 88.69013214111328125 86.062408447265625 83.21771240234375 80.178497314453125 76.9702911376953125 73.61998748779296875 70.1548614501953125 66.6015472412109375 62.98575592041015625 59.33177947998046875 55.662319183349609375 51.998340606689453125 48.35926055908203125 44.763477325439453125 41.229053497314453125 37.77460479736328125 34.41974639892578125 31.185596466064453125 28.094715118408203125 25.171072006225585938 22.439016342163085938 19.921924591064453125 17.639459609985351562 15.606504440307617188 13.832612037658691406 12.323523521423339844 11.082909584045410156 10.112977981567382812 9.41420745849609375 8.9843597412109375 8.8179807662963867188 8.9064741134643554688 9.2383670806884765625 9.7994642257690429688 10.573023796081542969 11.540093421936035156 12.680051803588867188 13.971651077270507812 15.393424034118652344 16.924465179443359375 18.544645309448242188 20.235181808471679688 21.978776931762695312 23.759759902954101562 25.564117431640625 27.379339218139648438 29.19451904296875 31.000158309936523438 32.7882537841796875 34.552082061767578125 36.286285400390625 37.986637115478515625 39.649967193603515625 41.27396392822265625 42.857067108154296875 44.398334503173828125 45.897327423095703125 47.35401153564453125 48.768619537353515625 50.141544342041015625 -1e100 -1e100 -1e100 -1e100 -1e100 -1e100 -1e100 -1e100 -1e100 -1e100 -1e100 -1e100 -1e100
 -1e100 -1e100 -1e100 -1e100 -1e100 -1e100 -1e100 -1e100 -1e100 -1e100 -1e100 -1e100 -1e100 -1e100 -1e100 -1e100 -1e100 -1e100 -1e100 -1e100 -1e100 -1e100 -1e100 -1e100 -1e100 -1e100 -1e100 -1e100 -1e100 -1e100 -1e100 -1e100 -1e100 -1e100 -1e100 -1e100 -1e100 -1e100 -1e100 -1e100 -1e100 -1e100 -1e100 -1e100 -1e100 -1e100 -1e100 -1e100 -1e100 -1e100 -1e100 -1e100 -1e100 -1e100 -1e100 -1e100 -1e100 -1e100 -1e100 -1e100 -1e100 -1e100 -1e100 -1e100 -1e100 -1e100 -1e100 -1e100 -1e100 85.350250244140625 86.78800201416015625 88.24526214599609375 89.70923614501953125 91.16654205322265625 92.60308837890625 94.00424957275390625 95.3545074462890625 96.63735198974609375 97.835174560546875 98.92925262451171875 99.8999481201171875 100.7263641357421875 101.387115478515625 101.8603515625 102.12477874755859375 102.15972900390625 101.9456024169921875 101.4650421142578125 100.70478057861328125 99.6575927734375 98.32176971435546875 96.70017242431640625 94.79833221435546875 92.6240692138671875 90.1886444091796875 87.50762176513671875 84.60158538818359375 81.49515533447265625 78.21584320068359375 74.79213714599609375 71.252532958984375 67.62453460693359375 63.934482574462890625 60.207088470458984375 56.465335845947265625 52.730403900146484375 49.02194976806640625 45.358646392822265625 41.75885772705078125 38.241451263427734375 34.8261871337890625 31.534149169921875 28.387607574462890625 25.409868240356445312 22.624294281005859375 20.053089141845703125 17.715015411376953125 15.624494552612304688 13.791090965270996094 12.220644950866699219 10.916591644287109375 9.88040924072265625 9.1115627288818359375 8.6068487167358398438 8.3601922988891601562 8.3627767562866210938 8.6032400131225585938 9.0677843093872070312 9.7402601242065429688 10.602476119995117188 11.634675025939941406 12.816509246826171875 14.127405166625976562 15.547322273254394531 17.056955337524414062 18.638288497924804688 20.274730682373046875 21.951251983642578125 23.654394149780273438 25.37213897705078125 27.093997955322265625 28.810834884643554688 30.514947891235351562 32.199871063232421875 33.860431671142578125 35.49254608154296875 37.093135833740234375 38.659938812255859375 40.191402435302734375 41.6865386962890625 43.144824981689453125 44.5660858154296875 45.95037078857421875 47.297840118408203125 48.608612060546875 -1e100 -1e100 -1e100 -1e100 -1e100 -1e100 -1e100 -1e100 -1e100 -1e100 -1e100 -1e100
 -1e100 -1e100 -1e100 -1e100 -1e100 -1e100 -1e100 -1e100 -1e100 -1e100 -1e100 -1e100 -1e100 -1e100 -1e100 -1e100 -1e100 -1e100 -1e100 -1e100 -1e100 -1e100 -1e100 -1e100 -1e100 -1e100 -1e100 -1e100 -1e100 -1e100 -1e100 -1e100 -1e100 -1e100 -1e100 -1e100 -1e100 -1e100 -1e100 -1e100 -1e100 -1e100 -1e100 -1e100 -1e100 -1e100 -1e100 -1e100 -1e100 -1e100 -1e100 -1e100 -1e100 -1e100 -1e100 -1e100 -1e100 -1e100 -1e100 -1e100 -1e100 -1e100 -1e100 -1e100 -1e100 -1e100 -1e100 -1e100 84.16190338134765625 85.5875244140625 87.0474853515625 88.5303802490234375 90.024078369140625 91.51598358154296875 92.99285888671875 94.44092559814453125 95.845458984375 97.1905670166015625 98.458984375 99.631988525390625 100.689453125 101.60930633544921875 102.3683319091796875 102.94205474853515625 103.30587005615234375 103.43505096435546875 103.30547332763671875 102.89545440673828125 102.1884918212890625 101.176055908203125 99.8567962646484375 98.23511505126953125 96.318328857421875 94.115936279296875 91.64098358154296875 88.91107940673828125 85.94910430908203125 82.78191375732421875 79.43901824951171875 75.950469970703125 72.34588623046875 68.653594970703125 64.90050506591796875 61.111652374267578125 57.310222625732421875 53.51753997802734375 49.753414154052734375 46.03667449951171875 42.385852813720703125 38.8198699951171875 35.35843658447265625 32.022369384765625 28.833385467529296875 25.813875198364257812 22.986005783081054688 20.370731353759765625 17.985830307006835938 15.84521484375 13.958385467529296875 12.331279754638671875 10.967257499694824219 9.8674325942993164062 9.0306577682495117188 8.45313262939453125 8.1283845901489257812 8.0474348068237304688 8.1989526748657226562 8.5693521499633789062 9.1428165435791015625 9.9016828536987304688 10.826887130737304688 11.898875236511230469 13.097934722900390625 14.404908180236816406 15.801384925842285156 17.27022552490234375 18.79566192626953125 20.3634185791015625 21.960683822631835938 23.576013565063476562 25.199411392211914062 26.822172164916992188 28.43695068359375 30.037584304809570312 31.61913299560546875 33.177692413330078125 34.7103118896484375 36.214801788330078125 37.68962860107421875 39.1337890625 40.546672821044921875 41.927967071533203125 43.2775421142578125 44.595325469970703125 45.881160736083984375 -1e100 -1e100 -1e100 -1e100 -1e100 -1e100 -1e100 -1e100 -1e100 -1e100 -1e100 -1e100
 -1e100 -1e100 -1e100 -1e100 -1e100 -1e100 -1e100 -1e100 -1e100 -1e100 -1e100 -1e100 -1e100 -1e100 -1e100 -1e100 -1e100 -1e100 -1e100 -1e100 -1e100 -1e100 -1e100 -1e100 -1e100 -1e100 -1e100 -1e100 -1e100 -1e100 -1e100 -1e100 -1e100 -1e100 -1e100 -1e100 -1e100 -1e100 -1e100 -1e100 -1e100 -1e100 -1e100 -1e100 -1e100 -1e100 -1e100 -1e100 -1e100 -1e100 -1e100 -1e100 -1e100 -1e100 -1e100 -1e100 -1e100 -1e100 -1e100 -1e100 -1e100 -1e100 -1e100 -1e100 -1e100 -1e100 -1e100 82.90631866455078125 84.29583740234375 85.73259735107421875 87.20638275146484375 88.70647430419921875 90.221588134765625 91.74010467529296875 93.24983978271484375 94.7381591796875 96.1913909912109375 97.5945587158203125 98.931060791015625 100.18248748779296875 101.32845306396484375 102.3458404541015625 103.20954132080078125 103.8922119140625 104.3654632568359375 104.599639892578125 104.56502532958984375 104.23455047607421875 103.58780670166015625 102.61492156982421875 101.31537628173828125 99.69580841064453125 97.7660675048828125 95.53792572021484375 93.0267181396484375 90.2524871826171875 87.2405548095703125 84.02001190185546875 80.622222900390625 77.07854461669921875 73.41959381103515625 69.6743621826171875 65.87018585205078125 62.032344818115234375 58.184116363525390625 54.34687042236328125 50.5404815673828125 46.783840179443359375 43.095485687255859375 39.494258880615234375 35.9996185302734375 32.63193511962890625 29.412176132202148438 26.361682891845703125 23.5013885498046875 20.850982666015625 18.427289962768554688 16.243688583374023438 14.309574127197265625 12.630984306335449219 11.211314201354980469 10.051486015319824219 9.1499814987182617188 8.502620697021484375 8.1026525497436523438 7.9409489631652832031 8.0061273574829101562 8.2846441268920898438 8.7608671188354492188 9.4175443649291992188 10.236224174499511719 11.198106765747070312 12.284349441528320312 13.476719856262207031 14.757779121398925781 16.111358642578125 17.522600173950195312 18.978046417236328125 20.465604782104492188 21.974470138549804688 23.495191574096679688 25.0195465087890625 26.54059600830078125 28.052511215209960938 29.550622940063476562 31.031236648559570312 32.49155426025390625 33.929485321044921875 35.343532562255859375 36.732666015625 38.0962066650390625 39.43370819091796875 40.74486541748046875 42.029369354248046875 43.28678131103515625 44.51641082763671875 -1e100 -1e100 -1e100 -1e100 -1e100 -1e100 -1e100 -1e100 -1e100 -1e100 -1e100
 -1e100 -1e100 -1e100 -1e100 -1e100 -1e100 -1e100 -1e100 -1e100 -1e100 -1e100 -1e100 -1e100 -1e100 -1e100 -1e100 -1e100 -1e100 -1e100 -1e100 -1e100 -1e100 -1e100 -1e100 -1e100 -1e100 -1e100 -1e100 -1e100 -1e100 -1e100 -1e100 -1e100 -1e100 -1e100 -1e100 -1e100 -1e100 -1e100 -1e100 -1e100 -1e100 -1e100 -1e100 -1e100 -1e100 -1e100 -1e100 -1e100 -1e100 -1e100 -1e100 -1e100 -1e100 -1e100 -1e100 -1e100 -1e100 -1e100 -1e100 -1e100 -1e100 -1e100 -1e100 -1e100 -1e100 81.62087249755859375 82.952850341796875 84.34281158447265625 85.78173828125 87.26007080078125 88.7679290771484375 90.295013427734375 91.83084869384765625 93.3645782470703125 94.8849334716796875 96.37961578369140625 97.83492279052734375 99.23532867431640625 100.56314849853515625 101.7981109619140625 102.91626739501953125 103.8906707763671875 104.6909027099609375 105.28418731689453125 105.6349029541015625 105.7065277099609375 105.465301513671875 104.88607025146484375 103.957427978515625 102.68003082275390625 101.0637054443359375 99.12184906005859375 96.86945343017578125 94.3249664306640625 91.51126861572265625 88.4562225341796875 85.19089508056640625 81.7480926513671875 78.16017913818359375 74.45850372314453125 70.67253875732421875 66.82991790771484375 62.955989837646484375 59.0740203857421875 55.20534515380859375 51.36980438232421875 47.586254119873046875 43.873126983642578125 40.249034881591796875 36.733062744140625 33.34496307373046875 30.10486602783203125 27.0330352783203125 24.149190902709960938 21.471828460693359375 19.0168609619140625 16.797140121459960938 14.821932792663574219 13.097363471984863281 11.626870155334472656 10.411267280578613281 9.4488067626953125 8.7350521087646484375 8.2630319595336914062 8.0234498977661132812 8.0047731399536132812 8.193416595458984375 8.5738763809204101562 9.1292629241943359375 9.84171295166015625 10.693185806274414062 11.665731430053710938 12.742106437683105469 13.905917167663574219 15.142018318176269531 16.436521530151367188 17.776836395263671875 19.151647567749023438 20.550830841064453125 21.965528488159179688 23.388040542602539062 24.811862945556640625 26.231536865234375 27.642690658569335938 29.041864395141601562 30.42642974853515625 31.794401168823242188 33.1443328857421875 34.47518157958984375 35.78618621826171875 37.076786041259765625 38.346485137939453125 39.59474945068359375 40.820850372314453125 42.023777008056640625 -1e100 -1e100 -1e100 -1e100 -1e100 -1e100 -1e100 -1e100 -1e100 -1e100 -1e100
 -1e100 -1e100 -1e100 -1e100 -1e100 -1e100 -1e100 -1e100 -1e100 -1e100 -1e100 -1e100 -1e100 -1e100 -1e100 -1e100 -1e100 -1e100 -1e100 -1e100 -1e100 -1e100 -1e100 -1e100 -1e100 -1e100 -1e100 -1e100 -1e100 -1e100 -1e100 -1e100 -1e100 -1e100 -1e100 -1e100 -1e100 -1e100 -1e100 -1e100 -1e100 -1e100 -1e100 -1e100 -1e100 -1e100 -1e100 -1e100 -1e100 -1e100 -1e100 -1e100 -1e100 -1e100 -1e100 -1e100 -1e100 -1e100 -1e100 -1e100 -1e100 -1e100 -1e100 -1e100 -1e100 80.34226226806640625 81.59814453125 82.92070770263671875 84.30188751220703125 85.73322296142578125 87.2059173583984375 88.71099853515625 90.23931884765625 91.7817230224609375 93.32888031005859375 94.87119293212890625 96.398040771484375 97.89743804931640625 99.3554229736328125 100.755645751953125 102.07843780517578125 103.29943084716796875 104.38995361328125 105.31630706787109375 106.04070281982421875 106.5205078125 106.71099090576171875 106.57003021240234375 106.06647491455078125 105.1867828369140625 103.93320465087890625 102.3200225830078125 100.3656768798828125 98.0899200439453125 95.51520538330078125 92.66767120361328125 89.5774688720703125 86.27712249755859375 82.800384521484375 79.18021392822265625 75.44840240478515625 71.6346893310546875 67.76678466796875 63.869998931884765625 59.96746063232421875 56.080394744873046875 52.228527069091796875 48.430583953857421875 44.7047882080078125 41.0694122314453125 37.5430450439453125 34.144763946533203125 30.893810272216796875 27.8094024658203125 24.910112380981445312 22.213329315185546875 19.734127044677734375 17.48485565185546875 15.474633216857910156 13.709616661071777344 12.193256378173828125 10.926301002502441406 9.906841278076171875 9.1302404403686523438 8.589321136474609375 8.2745685577392578125 8.174266815185546875 8.2747735977172851562 8.56070709228515625 9.015537261962890625 9.6219968795776367188 10.362824440002441406 11.221012115478515625 12.180356979370117188 13.225552558898925781 14.342519760131835938 15.518373489379882812 16.741441726684570312 18.00121307373046875 19.28829193115234375 20.594449996948242188 21.912530899047851562 23.236499786376953125 24.56128692626953125 25.882839202880859375 27.19794464111328125 28.504154205322265625 29.799600601196289062 31.0828857421875 32.352954864501953125 33.608982086181640625 34.85027313232421875 36.076152801513671875 37.28585052490234375 38.47835540771484375 39.65230560302734375 -1e100 -1e100 -1e100 -1e100 -1e100 -1e100 -1e100 -1e100 -1e100 -1e100 -1e100
 -1e100 -1e100 -1e100 -1e100 -1e100 -1e100 -1e100 -1e100 -1e100 -1e100 -1e100 -1e100 -1e100 -1e100 -1e100 -1e100 -1e100 -1e100 -1e100 -1e100 -1e100 -1e100 -1e100 -1e100 -1e100 -1e100 -1e100 -1e100 -1e100 -1e100 -1e100 -1e100 -1e100 -1e100 -1e100 -1e100 -1e100 -1e100 -1e100 -1e100 -1e100 -1e100 -1e100 -1e100 -1e100 -1e100 -1e100 -1e100 -1e100 -1e100 -1e100 -1e100 -1e100 -1e100 -1e100 -1e100 -1e100 -1e100 -1e100 -1e100 -1e100 -1e100 -1e100 -1e100 79.1053619384765625 80.2699127197265625 81.5078887939453125 82.8119659423828125 84.17453765869140625 85.58776092529296875 87.043670654296875 88.53430938720703125 90.0517730712890625 91.588409423828125 93.13661956787109375 94.6887054443359375 96.23609161376953125 97.76898193359375 99.27564239501953125 100.7417449951171875 102.1490020751953125 103.4730682373046875 104.68395233154296875 105.744598388671875 106.61168670654296875 107.23453521728515625 107.5582733154296875 107.5302734375 107.11141204833984375 106.28528594970703125 105.05635833740234375 103.4452056884765625 101.47756195068359375 99.179595947265625 96.57868194580078125 93.704193115234375 90.58803558349609375 87.26361083984375 83.7650299072265625 80.12546539306640625 76.3768463134765625 72.5489349365234375 68.6693267822265625 64.76311492919921875 60.8532257080078125 56.960674285888671875 53.105010986328125 49.30474090576171875 45.57778167724609375 41.94199371337890625 38.415401458740234375 35.01636505126953125 31.763254165649414062 28.674283981323242188 25.766962051391601562 23.057683944702148438 20.560762405395507812 18.28807830810546875 16.248567581176757812 14.448350906372070312 12.890872001647949219 11.576817512512207031 10.504144668579101562 9.6680355072021484375 9.0610904693603515625 8.6735696792602539062 8.4935884475708007812 8.5074625015258789062 8.6999521255493164062 9.0549039840698242188 9.5556669235229492188 10.185793876647949219 10.929263114929199219 11.770941734313964844 12.696635246276855469 13.693362236022949219 14.749268531799316406 15.853633880615234375 16.996793746948242188 18.170101165771484375 19.365987777709960938 20.5778656005859375 21.800184249877929688 23.028284072875976562 24.258434295654296875 25.487682342529296875 26.713762283325195312 27.934923171997070312 29.14981842041015625 30.357381820678710938 31.556720733642578125 32.74700927734375 33.9273834228515625 35.096820831298828125 36.254016876220703125 37.39727020263671875 38.52436065673828125 -1e100 -1e100 -1e100 -1e100 -1e100 -1e100 -1e100 -1e100 -1e100 -1e100
 -1e100 -1e100 -1e100 -1e100 -1e100 -1e100 -1e100 -1e100 -1e100 -1e100 -1e100 -1e100 -1e100 -1e100 -1e100 -1e100 -1e100 -1e100 -1e100 -1e100 -1e100 -1e100 -1e100 -1e100 -1e100 -1e100 -1e100 -1e100 -1e100 -1e100 -1e100 -1e100 -1e100 -1e100 -1e100 -1e100 -1e100 -1e100 -1e100 -1e100 -1e100 -1e100 -1e100 -1e100 -1e100 -1e100 -1e100 -1e100 -1e100 -1e100 -1e100 -1e100 -1e100 -1e100 -1e100 -1e100 -1e100 -1e100 -1e100 -1e100 -1e100 -1e100 -1e100 77.9420928955078125 79.00379180908203125 80.1437835693359375 81.355316162109375 82.63141632080078125 83.96497344970703125 85.34880828857421875 86.77584075927734375 88.23921966552734375 89.73236846923828125 91.2492523193359375 92.78414154052734375 94.33148193359375 95.88507080078125 97.43784332275390625 98.98102569580078125 100.50330352783203125 101.98860931396484375 103.4136505126953125 104.7476959228515625 105.95050811767578125 106.972747802734375 107.75412750244140625 108.22731781005859375 108.32598876953125 108.00087738037109375 107.23220062255859375 106.02797698974609375 104.41782379150390625 102.43701171875 100.1196746826171875 97.4984893798828125 94.60559844970703125 91.4740753173828125 88.1375579833984375 84.6301116943359375 80.98474884033203125 77.23323822021484375 73.40509033203125 69.5276031494140625 65.625518798828125 61.721446990966796875 57.83612823486328125 53.988861083984375 50.197849273681640625 46.480648040771484375 42.854644775390625 39.337276458740234375 35.946186065673828125 32.698886871337890625 29.612653732299804688 26.704034805297851562 23.988534927368164062 21.479785919189453125 19.189220428466796875 17.1255645751953125 15.294866561889648438 13.700531005859375 12.343182563781738281 11.220656394958496094 10.327952384948730469 9.6574621200561523438 9.1992464065551757812 8.9412822723388671875 8.8698740005493164062 8.9699459075927734375 9.2257471084594726562 9.62126922607421875 10.140912055969238281 10.769656181335449219 11.493457794189453125 12.299251556396484375 13.175173759460449219 14.110438346862792969 15.09529876708984375 16.120965957641601562 17.179569244384765625 18.264215469360351562 19.368909835815429688 20.488595962524414062 21.61902618408203125 22.756799697875976562 23.899221420288085938 25.044206619262695312 26.190118789672851562 27.335664749145507812 28.479763031005859375 29.621442794799804688 30.759735107421875 31.893575668334960938 33.021686553955078125 34.1424407958984375 35.25377655029296875 36.3530731201171875 -1e100 -1e100 -1e100 -1e100 -1e100 -1e100 -1e100 -1e100 -1e100 -1e100
 -1e100 -1e100 -1e100 -1e100 -1e100 -1e100 -1e100 -1e100 -1e100 -1e100 -1e100 -1e100 -1e100 -1e100 -1e100 -1e100 -1e100 -1e100 -1e100 -1e100 -1e100 -1e100 -1e100 -1e100 -1e100 -1e100 -1e100 -1e100 -1e100 -1e100 -1e100 -1e100 -1e100 -1e100 -1e100 -1e100 -1e100 -1e100 -1e100 -1e100 -1e100 -1e100 -1e100 -1e100 -1e100 -1e100 -1e100 -1e100 -1e100 -1e100 -1e100 -1e100 -1e100 -1e100 -1e100 -1e100 -1e100 -1e100 -1e100 -1e100 -1e100 -1e100 76.88068389892578125 77.832183837890625 78.8648834228515625 79.97259521484375 81.14882659912109375 82.3870086669921875 83.68054962158203125 85.02300262451171875 86.40821075439453125 87.8304290771484375 89.284515380859375 90.76607513427734375 92.27135467529296875 93.79706573486328125 95.3397064208984375 96.89546966552734375 98.4594268798828125 100.02439117431640625 101.5779876708984375 103.09922027587890625 104.55776214599609375 105.9103546142578125 107.10044097900390625 108.05632781982421875 108.69483184814453125 108.93254852294921875 108.70825958251953125 107.99910736083984375 106.81970977783203125 105.211456298828125 103.22093963623046875 100.890716552734375 98.25826263427734375 95.35791778564453125 92.2232666015625 88.88788604736328125 85.385467529296875 81.74859619140625 78.00860595703125 74.19451904296875 70.33313751220703125 66.44873046875 62.563510894775390625 58.69786834716796875 54.870769500732421875 51.100078582763671875 47.402942657470703125 43.796260833740234375 40.296878814697265625 36.921722412109375 33.68749237060546875 30.610599517822265625 27.7067108154296875 24.990556716918945312 22.475149154663085938 20.171495437622070312 18.088100433349609375 16.230916976928710938 14.603307723999023438 13.205840110778808594 12.036243438720703125 11.089364051818847656 10.357415199279785156 9.830295562744140625 9.4958744049072265625 9.3404712677001953125 9.3492021560668945312 9.506732940673828125 9.7977209091186523438 10.207418441772460938 10.721818923950195312 11.327973365783691406 12.013963699340820312 12.76906585693359375 13.58358001708984375 14.448766708374023438 15.356731414794921875 16.300401687622070312 17.273578643798828125 18.270868301391601562 19.287714004516601562 20.320280075073242188 21.365495681762695312 22.420911788940429688 23.484622955322265625 24.555109024047851562 25.631114959716796875 26.711534500122070312 27.7953033447265625 28.881296157836914062 29.968225479125976562 31.054529190063476562 32.13824462890625 33.21692657470703125 34.28752899169921875 -1e100 -1e100 -1e100 -1e100 -1e100 -1e100 -1e100 -1e100 -1e100 -1e100
 -1e100 -1e100 -1e100 -1e100 -1e100 -1e100 -1e100 -1e100 -1e100 -1e100 -1e100 -1e100 -1e100 -1e100 -1e100 -1e100 -1e100 -1e100 -1e100 -1e100 -1e100 -1e100 -1e100 -1e100 -1e100 -1e100 -1e100 -1e100 -1e100 -1e100 -1e100 -1e100 -1e100 -1e100 -1e100 -1e100 -1e100 -1e100 -1e100 -1e100 -1e100 -1e100 -1e100 -1e100 -1e100 -1e100 -1e100 -1e100 -1e100 -1e100 -1e100 -1e100 -1e100 -1e100 -1e100 -1e100 -1e100 -1e100 -1e100 -1e100 -1e100 75.94579315185546875 76.78412628173828125 77.704498291015625 78.70136260986328125 79.76871490478515625 80.900390625 82.090240478515625 83.332244873046875 84.62070465087890625 85.95040130615234375 87.316741943359375 88.71596527099609375 90.14530181884765625 91.60296630859375 93.08797454833984375 94.59966278076171875 96.1380767822265625 97.70306396484375 99.2930908203125 100.9012908935546875 102.5112152099609375 104.09418487548828125 105.602996826171875 106.9718780517578125 108.11490631103515625 108.93027496337890625 109.315216064453125 109.19551849365234375 108.54772186279296875 107.395782470703125 105.79544830322265625 103.80455780029296875 101.47295379638671875 98.84214019775390625 95.94795989990234375 92.824371337890625 89.50472259521484375 86.0222015380859375 82.408782958984375 78.69513702392578125 74.90962982177734375 71.078399658203125 67.22513580322265625 63.371551513671875 59.5376434326171875 55.742000579833984375 52.002109527587890625 48.334705352783203125 44.75620269775390625 41.28285980224609375 37.930912017822265625 34.7162933349609375 31.654607772827148438 28.760746002197265625 26.048725128173828125 23.53099822998046875 21.218189239501953125 19.118593215942382812 17.238086700439453125 15.580008506774902344 14.144902229309082031 12.930431365966796875 11.931333541870117188 11.139685630798339844 10.545251846313476562 10.135824203491210938 9.8977565765380859375 9.8163700103759765625 9.8767538070678710938 10.064227104187011719 10.364892005920410156 10.765750885009765625 11.254957199096679688 11.821752548217773438 12.456568717956542969 13.150820732116699219 13.896792411804199219 14.687506675720214844 15.516706466674804688 16.37889862060546875 17.269296646118164062 18.183843612670898438 19.119113922119140625 20.072353363037109375 21.041357040405273438 22.024396896362304688 23.020044326782226562 24.027074813842773438 25.04433441162109375 26.070648193359375 27.104703903198242188 28.144962310791015625 29.189542770385742188 30.236116409301757812 31.281827926635742188 32.323211669921875 -1e100 -1e100 -1e100 -1e100 -1e100 -1e100 -1e100 -1e100 -1e100 -1e100
 -1e100 -1e100 -1e100 -1e100 -1e100 -1e100 -1e100 -1e100 -1e100 -1e100 -1e100 -1e100 -1e100 -1e100 -1e100 -1e100 -1e100 -1e100 -1e100 -1e100 -1e100 -1e100 -1e100 -1e100 -1e100 -1e100 -1e100 -1e100 -1e100 -1e100 -1e100 -1e100 -1e100 -1e100 -1e100 -1e100 -1e100 -1e100 -1e100 -1e100 -1e100 -1e100 -1e100 -1e100 -1e100 -1e100 -1e100 -1e100 -1e100 -1e100 -1e100 -1e100 -1e100 -1e100 -1e100 -1e100 -1e100 -1e100 -1e100 -1e100 75.15991973876953125 75.8861236572265625 76.693115234375 77.57616424560546875 78.5297698974609375 79.5481719970703125 80.62554168701171875 81.7562103271484375 82.93476104736328125 84.15624237060546875 85.41637420654296875 86.711669921875 88.0396728515625 89.3991241455078125 90.7900543212890625 92.213592529296875 93.6720123291015625 95.1696014404296875 96.71189117431640625 98.30469512939453125 99.94945526123046875 101.63719940185546875 103.3426513671875 105.01226043701171875 106.56571197509765625 107.90033721923828125 108.89563751220703125 109.4294891357421875 109.41645050048828125 108.8340911865234375 107.7174835205078125 106.1378631591796875 104.162445068359375 101.8465118408203125 99.23433685302734375 96.363006591796875 93.2668304443359375 89.97907257080078125 86.53234100341796875 82.957977294921875 79.28586578369140625 75.5435791015625 71.75647735595703125 67.94757080078125 64.1380462646484375 60.347446441650390625 56.593982696533203125 52.89475250244140625 49.2660980224609375 45.7239532470703125 42.284015655517578125 38.96184539794921875 35.77266693115234375 32.731327056884765625 29.852006912231445312 27.148080825805664062 24.631505966186523438 22.312578201293945312 20.19944000244140625 18.2979278564453125 16.611419677734375 15.140496253967285156 13.88282012939453125 12.833074569702148438 11.983237266540527344 11.322971343994140625 10.840008735656738281 10.52074432373046875 10.35070037841796875 10.315370559692382812 10.40071868896484375 10.593679428100585938 10.882259368896484375 11.255713462829589844 11.704451560974121094 12.220081329345703125 12.795148849487304688 13.422982215881347656 14.097538948059082031 14.81339263916015625 15.565767288208007812 16.350482940673828125 17.163982391357421875 18.00324249267578125 18.865818023681640625 19.749746322631835938 20.65345001220703125 21.57558441162109375 22.514926910400390625 23.470251083374023438 24.4402313232421875 25.423334121704101562 26.417722702026367188 27.421163558959960938 28.4309234619140625 29.443727493286132812 30.455675125122070312 31.462247848510742188 -1e100 -1e100 -1e100 -1e100 -1e100 -1e100 -1e100 -1e100 -1e100
 -1e100 -1e100 -1e100 -1e100 -1e100 -1e100 -1e100 -1e100 -1e100 -1e100 -1e100 -1e100 -1e100 -1e100 -1e100 -1e100 -1e100 -1e100 -1e100 -1e100 -1e100 -1e100 -1e100 -1e100 -1e100 -1e100 -1e100 -1e100 -1e100 -1e100 -1e100 -1e100 -1e100 -1e100 -1e100 -1e100 -1e100 -1e100 -1e100 -1e100 -1e100 -1e100 -1e100 -1e100 -1e100 -1e100 -1e100 -1e100 -1e100 -1e100 -1e100 -1e100 -1e100 -1e100 -1e100 -1e100 -1e100 -1e100 74.00890350341796875 74.54581451416015625 75.16368865966796875 75.8594207763671875 76.62906646728515625 77.46771240234375 78.3699493408203125 79.33026123046875 80.34323883056640625 81.4036712646484375 82.5067596435546875 83.6483306884765625 84.82498931884765625 86.0342864990234375 87.2749176025390625 88.54691314697265625 89.85173797607421875 91.192291259765625 92.5735321044921875 94.00394439697265625 95.495147705078125 97.062255859375 98.71878814697265625 100.4694366455078125 102.29581451416015625 104.13045501708984375 105.86844635009765625 107.38750457763671875 108.5530548095703125 109.23015594482421875 109.3249359130859375 108.8175506591796875 107.751708984375 106.211944580078125 104.27327728271484375 101.9944305419921875 99.42138671875 96.5922088623046875 93.5417633056640625 90.30332183837890625 86.90911865234375 83.38983917236328125 79.7745819091796875 76.09004974365234375 72.36077117919921875 68.609039306640625 64.8554840087890625 61.119205474853515625 57.418018341064453125 53.768672943115234375 50.1871185302734375 46.688838958740234375 43.288970947265625 40.0024566650390625 36.843814849853515625 33.82720947265625 30.966142654418945312 28.273427963256835938 25.760601043701171875 23.43770599365234375 21.31281280517578125 19.39180755615234375 17.678190231323242188 16.17267608642578125 14.873010635375976562 13.773880958557128906 12.867209434509277344 12.142580986022949219 11.58766937255859375 11.18890380859375 10.931970596313476562 10.802738189697265625 10.787775993347167969 10.874828338623046875 11.052890777587890625 11.31231689453125 11.64469146728515625 12.042809486389160156 12.500363349914550781 13.011743545532226562 13.571859359741210938 14.176130294799804688 14.820504188537597656 15.501412391662597656 16.215795516967773438 16.96102142333984375 17.734956741333007812 18.535854339599609375 19.362276077270507812 20.212930679321289062 21.086561203002929688 21.981832504272460938 22.897222518920898438 23.830919265747070312 24.780740737915039062 25.74405670166015625 26.71770477294921875 27.697969436645507812 28.68051910400390625 29.660436630249023438 -1e100 -1e100 -1e100 -1e100 -1e100 -1e100 -1e100 -1e100 -1e100
 -1e100 -1e100 -1e100 -1e100 -1e100 -1e100 -1e100 -1e100 -1e100 -1e100 -1e100 -1e100 -1e100 -1e100 -1e100 -1e100 -1e100 -1e100 -1e100 -1e100 -1e100 -1e100 -1e100 -1e100 -1e100 -1e100 -1e100 -1e100 -1e100 -1e100 -1e100 -1e100 -1e100 -1e100 -1e100 -1e100 -1e100 -1e100 -1e100 -1e100 -1e100 -1e100 -1e100 -1e100 -1e100 -1e100 -1e100 -1e100 -1e100 -1e100 -1e100 -1e100 -1e100 -1e100 -1e100 -1e100 -1e100 73.69101715087890625 74.1282501220703125 74.64255523681640625 75.23091888427734375 75.8899078369140625 76.6151123046875 77.40145111083984375 78.24361419677734375 79.136383056640625 80.074737548828125 81.05399322509765625 82.0699462890625 83.11919403076171875 84.19919586181640625 85.3084259033203125 86.44652557373046875 87.614501953125 88.81473541259765625 90.05126190185546875 91.33095550537109375 92.6656494140625 94.07250213623046875 95.5772552490234375 97.21120452880859375 99.00399017333984375 100.954254150390625 102.96865081787109375 104.89574432373046875 106.584014892578125 107.89752960205078125 108.6999359130859375 108.89594268798828125 108.4722137451171875 107.4772796630859375 106.00142669677734375 104.12410736083984375 101.9062042236328125 99.39469146728515625 96.62847137451171875 93.64311981201171875 90.4721221923828125 87.14746856689453125 83.6993560791015625 80.15607452392578125 76.5434722900390625 72.88520050048828125 69.20285797119140625 65.5165252685546875 61.844882965087890625 58.20539093017578125 54.61446380615234375 51.087688446044921875 47.640094757080078125 44.286296844482421875 41.040607452392578125 37.916896820068359375 34.928653717041015625 32.088775634765625 29.409574508666992188 26.902256011962890625 24.57672119140625 22.441066741943359375 20.501352310180664062 18.761322021484375 17.2219390869140625 15.881132125854492188 14.733663558959960938 13.771440505981445312 12.983981132507324219 12.358891487121582031 11.882599830627441406 11.540910720825195312 11.320005416870117188 11.207018852233886719 11.190464019775390625 11.260305404663085938 11.407983779907226562 11.62625885009765625 11.909121513366699219 12.251424789428710938 12.648638725280761719 13.096639633178710938 13.591706275939941406 14.130520820617675781 14.710130691528320312 15.327970504760742188 15.981801033020019531 16.669780731201171875 17.390367507934570312 18.1422271728515625 18.924085617065429688 19.734613418579101562 20.572305679321289062 21.435380935668945312 22.321697235107421875 23.228670120239257812 24.153230667114257812 25.091760635375976562 26.040090560913085938 26.993474960327148438 27.946636199951171875 -1e100 -1e100 -1e100 -1e100 -1e100 -1e100 -1e100 -1e100 -1e100
 -1e100 -1e100 -1e100 -1e100 -1e100 -1e100 -1e100 -1e100 -1e100 -1e100 -1e100 -1e100 -1e100 -1e100 -1e100 -1e100 -1e100 -1e100 -1e100 -1e100 -1e100 -1e100 -1e100 -1e100 -1e100 -1e100 -1e100 -1e100 -1e100 -1e100 -1e100 -1e100 -1e100 -1e100 -1e100 -1e100 -1e100 -1e100 -1e100 -1e100 -1e100 -1e100 -1e100 -1e100 -1e100 -1e100 -1e100 -1e100 -1e100 -1e100 -1e100 -1e100 -1e100 -1e100 -1e100 -1e100 73.59473419189453125 73.93561553955078125 74.35027313232421875 74.8352813720703125 75.387298583984375 76.00218963623046875 76.675018310546875 77.40056610107421875 78.1736602783203125 78.98940277099609375 79.843170166015625 80.7307891845703125 81.648712158203125 82.5942840576171875 83.56578826904296875 84.56253814697265625 85.58496856689453125 86.63465118408203125 87.7143096923828125 88.82822418212890625 89.98394012451171875 91.1944122314453125 92.47972869873046875 93.8752593994140625 95.4352264404296875 97.2387237548828125 99.327880859375 101.56235504150390625 103.71010589599609375 105.55998992919921875 106.98519134521484375 107.86420440673828125 108.13458251953125 107.79450225830078125 106.88871002197265625 105.50122833251953125 103.71063995361328125 101.5780487060546875 99.150787353515625 96.46860504150390625 93.5678558349609375 90.48238372802734375 87.2441253662109375 83.88287353515625 80.42615509033203125 76.898956298828125 73.3240966796875 69.7225494384765625 66.11389923095703125 62.5164337158203125 58.9473114013671875 55.422626495361328125 51.957607269287109375 48.56685638427734375 45.2644500732421875 42.064090728759765625 38.979007720947265625 36.022045135498046875 33.205547332763671875 30.541400909423828125 28.040586471557617188 25.712976455688476562 23.566837310791015625 21.608539581298828125 19.842229843139648438 18.269262313842773438 16.8878631591796875 15.692945480346679688 14.676436424255371094 13.827793121337890625 13.134531974792480469 12.583025932312011719 12.159124374389648438 11.849252700805664062 11.641043663024902344 11.523736953735351562 11.488230705261230469 11.527031898498535156 11.634069442749023438 11.804532051086425781 12.034447669982910156 12.320379257202148438 12.659188270568847656 13.04802703857421875 13.484326362609863281 13.965755462646484375 14.490243911743164062 15.055938720703125 15.661276817321777344 16.304891586303710938 16.985523223876953125 17.701862335205078125 18.45244598388671875 19.235532760620117188 20.04901885986328125 20.890359878540039062 21.75652313232421875 22.643964767456054688 23.548585891723632812 24.46576690673828125 25.390371322631835938 26.316814422607421875 -1e100 -1e100 -1e100 -1e100 -1e100 -1e100 -1e100 -1e100 -1e100
 -1e100 -1e100 -1e100 -1e100 -1e100 -1e100 -1e100 -1e100 -1e100 -1e100 -1e100 -1e100 -1e100 -1e100 -1e100 -1e100 -1e100 -1e100 -1e100 -1e100 -1e100 -1e100 -1e100 -1e100 -1e100 -1e100 -1e100 -1e100 -1e100 -1e100 -1e100 -1e100 -1e100 -1e100 -1e100 -1e100 -1e100 -1e100 -1e100 -1e100 -1e100 -1e100 -1e100 -1e100 -1e100 -1e100 -1e100 -1e100 -1e100 -1e100 -1e100 -1e100 -1e100 -1e100 -1e100 73.75217437744140625 73.99798583984375 74.31524658203125 74.69998931884765625 75.1485595703125 75.65673065185546875 76.21956634521484375 76.8316802978515625 77.48778533935546875 78.18292999267578125 78.91251373291015625 79.67232513427734375 80.458740234375 81.26891326904296875 82.10097503662109375 82.95404052734375 83.828277587890625 84.72481536865234375 85.645538330078125 86.59300994873046875 87.570953369140625 88.58600616455078125 89.649169921875 90.7781219482421875 92.0106201171875 93.42401123046875 95.17474365234375 97.4131622314453125 99.94464874267578125 102.40921783447265625 104.4449005126953125 105.916748046875 106.7547760009765625 107.05865478515625 106.79892730712890625 105.99575042724609375 104.7180023193359375 103.03777313232421875 101.01346588134765625 98.6920013427734375 96.1139068603515625 93.3163909912109375 90.33374786376953125 87.1979522705078125 83.938385009765625 80.58184814453125 77.15250396728515625 73.67246246337890625 70.1621246337890625 66.64066314697265625 63.126049041748046875 59.63515472412109375 56.183780670166015625 52.786808013916015625 49.458385467529296875 46.212055206298828125 43.06090545654296875 40.017513275146484375 37.094104766845703125 34.30251312255859375 31.654287338256835938 29.16028594970703125 26.830495834350585938 24.673503875732421875 22.696168899536132812 20.903226852416992188 19.2965850830078125 17.874891281127929688 16.633296966552734375 15.563786506652832031 14.655760765075683594 13.896602630615234375 13.27256011962890625 12.769438743591308594 12.373819351196289062 12.073756217956542969 11.859148979187011719 11.721780776977539062 11.655195236206054688 11.654475212097167969 11.716008186340332031 11.837002754211425781 12.015131950378417969 12.248258590698242188 12.534427642822265625 12.871830940246582031 13.258769989013671875 13.693673133850097656 14.175065040588378906 14.701642036437988281 15.272182464599609375 15.885449409484863281 16.540040969848632812 17.234283447265625 17.966131210327148438 18.7330780029296875 19.532123565673828125 20.359739303588867188 21.211872100830078125 22.083934783935546875 22.970872879028320312 23.867198944091796875 24.7670745849609375 25.66424560546875 -1e100 -1e100 -1e100 -1e100 -1e100 -1e100 -1e100 -1e100
 -1e100 -1e100 -1e100 -1e100 -1e100 -1e100 -1e100 -1e100 -1e100 -1e100 -1e100 -1e100 -1e100 -1e100 -1e100 -1e100 -1e100 -1e100 -1e100 -1e100 -1e100 -1e100 -1e100 -1e100 -1e100 -1e100 -1e100 -1e100 -1e100 -1e100 -1e100 -1e100 -1e100 -1e100 -1e100 -1e100 -1e100 -1e100 -1e100 -1e100 -1e100 -1e100 -1e100 -1e100 -1e100 -1e100 -1e100 -1e100 -1e100 -1e100 -1e100 -1e100 -1e100 -1e100 74.192840576171875 74.343963623046875 74.5649261474609375 74.8514251708984375 75.19936370849609375 75.6042327880859375 76.06081390380859375 76.5634765625 77.1065673828125 77.68487548828125 78.29366302490234375 78.92864990234375 79.586090087890625 80.26297760009765625 80.95722198486328125 81.6678314208984375 82.39490509033203125 83.13958740234375 83.90380096435546875 84.68978118896484375 85.499847412109375 86.33686065673828125 87.20581817626953125 88.1130218505859375 89.0678558349609375 90.09552001953125 91.27214813232421875 92.83806610107421875 95.1686553955078125 98.0934600830078125 101.1327056884765625 103.24542236328125 104.5816192626953125 105.3612213134765625 105.6915740966796875 105.5120849609375 104.820953369140625 103.66997528076171875 102.119903564453125 100.22360992431640625 98.0268707275390625 95.57082366943359375 92.89344024658203125 90.02939605712890625 87.010650634765625 83.8661346435546875 80.6219482421875 77.30150604248046875 73.92633056640625 70.51638031005859375 67.09050750732421875 63.66641998291015625 60.2607269287109375 56.888950347900390625 53.565601348876953125 50.30435943603515625 47.118194580078125 44.019557952880859375 41.020355224609375 38.13220977783203125 35.3664703369140625 32.73443603515625 30.246950149536132812 27.914262771606445312 25.7454681396484375 23.748111724853515625 21.927722930908203125 20.286951065063476562 18.825021743774414062 17.537412643432617188 16.416215896606445312 15.450772285461425781 14.628276824951171875 13.934770584106445312 13.355908393859863281 12.878317832946777344 12.490373611450195312 12.182554244995117188 11.947462081909179688 11.779631614685058594 11.6752777099609375 11.631978988647460938 11.648131370544433594 11.722528457641601562 11.854053497314453125 12.041667938232421875 12.284340858459472656 12.581018447875976562 12.930628776550292969 13.332065582275390625 13.784264564514160156 14.286102294921875 14.83631134033203125 15.433318138122558594 16.075162887573242188 16.759408950805664062 17.483087539672851562 18.242685317993164062 19.034135818481445312 19.85286712646484375 20.693799972534179688 21.551471710205078125 22.420095443725585938 23.29364776611328125 24.165802001953125 -1e100 -1e100 -1e100 -1e100 -1e100 -1e100 -1e100 -1e100
 -1e100 -1e100 -1e100 -1e100 -1e100 -1e100 -1e100 -1e100 -1e100 -1e100 -1e100 -1e100 -1e100 -1e100 -1e100 -1e100 -1e100 -1e100 -1e100 -1e100 -1e100 -1e100 -1e100 -1e100 -1e100 -1e100 -1e100 -1e100 -1e100 -1e100 -1e100 -1e100 -1e100 -1e100 -1e100 -1e100 -1e100 -1e100 -1e100 -1e100 -1e100 -1e100 -1e100 -1e100 -1e100 -1e100 -1e100 -1e100 -1e100 -1e100 -1e100 -1e100 -1e100 74.9376068115234375 74.99575042724609375 75.12188720703125 75.3120574951171875 75.5618896484375 75.8665771484375 76.22061920166015625 76.61803436279296875 77.05272674560546875 77.51902008056640625 78.0118408203125 78.526702880859375 79.05970001220703125 79.60760498046875 80.1681060791015625 80.740020751953125 81.32338714599609375 81.91951751708984375 82.530853271484375 83.1603851318359375 83.81105804443359375 84.4853668212890625 85.1859893798828125 85.91716766357421875 86.68233489990234375 87.484222412109375 88.32344818115234375 89.22986602783203125 90.341400146484375 92.74334716796875 96.12650299072265625 99.50717926025390625 101.61737823486328125 102.8707427978515625 103.6635894775390625 104.04941558837890625 103.9626922607421875 103.39620208740234375 102.38646697998046875 100.9816741943359375 99.2285919189453125 97.1716461181640625 94.85234832763671875 92.30918121337890625 89.576995849609375 86.68756866455078125 83.6692657470703125 80.54752349853515625 77.3451690673828125 74.0832366943359375 70.78137969970703125 67.45819854736328125 64.1311798095703125 60.81668853759765625 57.52996063232421875 54.28510284423828125 51.09527587890625 47.972820281982421875 44.9294891357421875 41.976497650146484375 39.124835968017578125 36.385402679443359375 33.769306182861328125 31.28749847412109375 28.950649261474609375 26.768558502197265625 24.74968719482421875 22.9005889892578125 21.224874496459960938 19.7225189208984375 18.389440536499023438 17.217899322509765625 16.1971588134765625 15.314177513122558594 14.554688453674316406 13.904071807861328125 13.348866462707519531 12.877650260925292969 12.481366157531738281 12.153357505798339844 11.889089584350585938 11.685876846313476562 11.542469978332519531 11.458456039428710938 11.433766365051269531 11.46832275390625 11.562026023864746094 11.714646339416503906 11.92578125 12.194865226745605469 12.521150588989257812 12.903779029846191406 13.341679573059082031 13.833478927612304688 14.377351760864257812 14.970966339111328125 15.611420631408691406 16.295217514038085938 17.018281936645507812 17.775983810424804688 18.56322479248046875 19.37445831298828125 20.203857421875 21.045396804809570312 21.892953872680664062 22.740201950073242188 -1e100 -1e100 -1e100 -1e100 -1e100 -1e100 -1e100 -1e100
 -1e100 -1e100 -1e100 -1e100 -1e100 -1e100 -1e100 -1e100 -1e100 -1e100 -1e100 -1e100 -1e100 -1e100 -1e100 -1e100 -1e100 -1e100 -1e100 -1e100 -1e100 -1e100 -1e100 -1e100 -1e100 -1e100 -1e100 -1e100 -1e100 -1e100 -1e100 -1e100 -1e100 -1e100 -1e100 -1e100 -1e100 -1e100 -1e100 -1e100 -1e100 -1e100 -1e100 -1e100 -1e100 -1e100 -1e100 -1e100 -1e100 -1e100 -1e100 -1e100 75.99463653564453125 75.96490478515625 76.0001068115234375 76.09722137451171875 76.25222015380859375 76.460205078125 76.71558380126953125 77.012115478515625 77.3433380126953125 77.70306396484375 78.085693359375 78.48636627197265625 78.90087890625 79.32574462890625 79.75836181640625 80.197235107421875 80.642242431640625 81.0946807861328125 81.55741119384765625 82.0344696044921875 82.53038787841796875 83.0493621826171875 83.59482574462890625 84.1706390380859375 84.782684326171875 85.43901824951171875 86.148895263671875 86.9073486328125 87.7116546630859375 88.8082733154296875 90.9725494384765625 94.0183868408203125 97.00928497314453125 99.212646484375 100.6867218017578125 101.6582183837890625 102.165863037109375 102.2008056640625 101.772857666015625 100.9131317138671875 99.661346435546875 98.05986785888671875 96.15201568603515625 93.97930145263671875 91.58023834228515625 88.9894256591796875 86.23818206787109375 83.35422515869140625 80.36237335205078125 77.2849273681640625 74.142578125 70.95476531982421875 67.73987579345703125 64.51520538330078125 61.296878814697265625 58.099796295166015625 54.937595367431640625 51.82283782958984375 48.76714324951171875 45.781497955322265625 42.8763427734375 40.06200408935546875 37.348918914794921875 34.7480621337890625 32.27060699462890625 29.92781829833984375 27.730403900146484375 25.687994003295898438 23.808437347412109375 22.096563339233398438 20.553300857543945312 19.175151824951171875 17.954595565795898438 16.880826950073242188 15.940497398376464844 15.118925094604492188 14.401060104370117188 13.773195266723632812 13.223954200744628906 12.74462127685546875 12.3291778564453125 11.973942756652832031 11.677281379699707031 11.439098358154296875 11.260172843933105469 11.141589164733886719 11.084334373474121094 11.089269638061523438 11.156983375549316406 11.287743568420410156 11.481488227844238281 11.737813949584960938 12.056035041809082031 12.435067176818847656 12.873354911804199219 13.368737220764160156 13.918428421020507812 14.518986701965332031 15.166316986083984375 15.855738639831542969 16.582042694091796875 17.33962249755859375 18.122510910034179688 18.924587249755859375 19.739675521850585938 20.561634063720703125 21.38420867919921875 -1e100 -1e100 -1e100 -1e100 -1e100 -1e100 -1e100 -1e100
 -1e100 -1e100 -1e100 -1e100 -1e100 -1e100 -1e100 -1e100 -1e100 -1e100 -1e100 -1e100 -1e100 -1e100 -1e100 -1e100 -1e100 -1e100 -1e100 -1e100 -1e100 -1e100 -1e100 -1e100 -1e100 -1e100 -1e100 -1e100 -1e100 -1e100 -1e100 -1e100 -1e100 -1e100 -1e100 -1e100 -1e100 -1e100 -1e100 -1e100 -1e100 -1e100 -1e100 -1e100 -1e100 -1e100 -1e100 -1e100 -1e100 -1e100 -1e100 77.35912322998046875 77.2511138916015625 77.20281982421875 77.2128753662109375 77.27812957763671875 77.39420318603515625 77.55561065673828125 77.756195068359375 77.9893035888671875 78.2483673095703125 78.52725982666015625 78.820556640625 79.12364959716796875 79.43267822265625 79.74465179443359375 80.05770111083984375 80.37126922607421875 80.6864776611328125 81.00615692138671875 81.3349456787109375 81.6788177490234375 82.0442047119140625 82.43692779541015625 82.86186981201171875 83.32440185546875 83.8331298828125 84.4026031494140625 85.04970550537109375 85.77829742431640625 86.5892791748046875 87.78281402587890625 89.6639251708984375 92.10825347900390625 94.64330291748046875 96.79290771484375 98.41149139404296875 99.52465057373046875 100.15316009521484375 100.3129730224609375 100.02208709716796875 99.308868408203125 98.20746612548828125 96.7573699951171875 95.00075531005859375 92.9783477783203125 90.72794342041015625 88.28331756591796875 85.6750030517578125 82.92993927001953125 80.0723114013671875 77.12393951416015625 74.1052703857421875 71.03553009033203125 67.932952880859375 64.814605712890625 61.696361541748046875 58.59268951416015625 55.516666412353515625 52.480129241943359375 49.493869781494140625 46.567966461181640625 43.71198272705078125 40.9355010986328125 38.24846649169921875 35.661762237548828125 33.18688201904296875 30.835855484008789062 28.620532989501953125 26.552001953125 24.639722824096679688 22.890041351318359375 21.305088043212890625 19.882093429565429688 18.613843917846679688 17.489465713500976562 16.495233535766601562 15.615907669067382812 14.835825920104980469 14.140838623046875 13.519444465637207031 12.963118553161621094 12.4663543701171875 12.026235580444335938 11.642121315002441406 11.315046310424804688 11.046991348266601562 10.840210914611816406 10.696781158447265625 10.6185455322265625 10.606930732727050781 10.662881851196289062 10.786843299865722656 10.978730201721191406 11.237984657287597656 11.563443183898925781 11.953295707702636719 12.404961585998535156 12.915117263793945312 13.479697227478027344 14.09393310546875 14.752490043640136719 15.4495849609375 16.179164886474609375 16.934926986694335938 17.7105560302734375 18.49982452392578125 19.296644210815429688 20.094888687133789062 20.88809967041015625 -1e100 -1e100 -1e100 -1e100 -1e100 -1e100 -1e100
 -1e100 -1e100 -1e100 -1e100 -1e100 -1e100 -1e100 -1e100 -1e100 -1e100 -1e100 -1e100 -1e100 -1e100 -1e100 -1e100 -1e100 -1e100 -1e100 -1e100 -1e100 -1e100 -1e100 -1e100 -1e100 -1e100 -1e100 -1e100 -1e100 -1e100 -1e100 -1e100 -1e100 -1e100 -1e100 -1e100 -1e100 -1e100 -1e100 -1e100 -1e100 -1e100 -1e100 -1e100 -1e100 -1e100 -1e100 -1e100 -1e100 -1e100 -1e100 78.84294891357421875 78.72245025634765625 78.65468597412109375 78.63800048828125 78.66892242431640625 78.74267578125 78.8533782958984375 78.99456024169921875 79.15950775146484375 79.34172821044921875 79.53525543212890625 79.73491668701171875 79.93636322021484375 80.1361541748046875 80.3318634033203125 80.5224456787109375 80.70845794677734375 80.8924102783203125 81.07886505126953125 81.27447509765625 81.48725128173828125 81.725616455078125 81.99707794189453125 82.30779266357421875 82.66371917724609375 83.07457733154296875 83.557281494140625 84.13421630859375 84.82588958740234375 85.68007659912109375 86.839630126953125 88.44684600830078125 90.475799560546875 92.6539764404296875 94.6465301513671875 96.2594451904296875 97.4254302978515625 98.1336517333984375 98.39322662353515625 98.21939849853515625 97.6354217529296875 96.67122650146484375 95.3638153076171875 93.75325775146484375 91.87847137451171875 89.77558135986328125 87.47693634033203125 85.01194000244140625 82.4065704345703125 79.68427276611328125 76.866424560546875 73.9732208251953125 71.02370452880859375 68.035888671875 65.026611328125 62.011371612548828125 59.004131317138671875 56.017253875732421875 53.061710357666015625 50.147281646728515625 47.282978057861328125 44.477329254150390625 41.739048004150390625 39.0775299072265625 36.503582000732421875 34.029094696044921875 31.667047500610351562 29.430688858032226562 27.332895278930664062 25.38510894775390625 23.595539093017578125 21.9677886962890625 20.500013351440429688 19.18540191650390625 18.013006210327148438 16.968629837036132812 16.03629302978515625 15.199495315551757812 14.443432807922363281 13.756278038024902344 13.129532814025878906 12.558065414428710938 12.039628982543945312 11.574520111083984375 11.16489410400390625 10.813941001892089844 10.5251007080078125 10.301554679870605469 10.14615631103515625 10.061179161071777344 10.048254013061523438 10.108309745788574219 10.241549491882324219 10.447496414184570312 10.724853515625 11.071486473083496094 11.484314918518066406 11.959389686584472656 12.491912841796875 13.076356887817382812 13.706676483154296875 14.376545906066894531 15.079571723937988281 15.809245109558105469 16.559186935424804688 17.32321929931640625 18.095384597778320312 18.8697052001953125 19.639850616455078125 -1e100 -1e100 -1e100 -1e100 -1e100 -1e100 -1e100
 -1e100 -1e100 -1e100 -1e100 -1e100 -1e100 -1e100 -1e100 -1e100 -1e100 -1e100 -1e100 -1e100 -1e100 -1e100 -1e100 -1e100 -1e100 -1e100 -1e100 -1e100 -1e100 -1e100 -1e100 -1e100 -1e100 -1e100 -1e100 -1e100 -1e100 -1e100 -1e100 -1e100 -1e100 -1e100 -1e100 -1e100 -1e100 -1e100 -1e100 -1e100 -1e100 -1e100 -1e100 -1e100 -1e100 -1e100 -1e100 -1e100 -1e100 -1e100 -1e100 80.40929412841796875 80.32122802734375 80.276275634765625 80.2706451416015625 80.29923248291015625 80.3559722900390625 80.43436431884765625 80.52777862548828125 80.62989044189453125 80.7349700927734375 80.8380889892578125 80.9352264404296875 81.02337646484375 81.10079193115234375 81.167327880859375 81.22479248046875 81.27727508544921875 81.331207275390625 81.3953094482421875 81.47972869873046875 81.59481048583984375 81.74958038330078125 81.9510650634765625 82.20517730712890625 82.52021026611328125 82.9115753173828125 83.40599822998046875 84.03330230712890625 84.8436279296875 85.9278106689453125 87.35688018798828125 89.10758209228515625 91.00391387939453125 92.8015594482421875 94.32114410400390625 95.465728759765625 96.2000732421875 96.5187530517578125 96.42862701416015625 95.946685791015625 95.09877777099609375 93.91844940185546875 92.44249725341796875 90.70682525634765625 88.74504852294921875 86.58756256103515625 84.262237548828125 81.7938385009765625 79.20500946044921875 76.51662445068359375 73.74859619140625 70.91971588134765625 68.04773712158203125 65.14916229248046875 62.2390289306640625 59.330631256103515625 56.43547821044921875 53.56345367431640625 50.723133087158203125 47.922229766845703125 45.168048858642578125 42.46826171875 39.83160400390625 37.2687835693359375 34.792179107666015625 32.4158935546875 30.154874801635742188 28.024160385131835938 26.03759765625 24.205659866333007812 22.533748626708984375 21.021158218383789062 19.661571502685546875 18.443952560424804688 17.353475570678710938 16.373193740844726562 15.4855194091796875 14.674760818481445312 13.928559303283691406 13.238265037536621094 12.598997116088867188 12.009090423583984375 11.469758033752441406 10.984263420104980469 10.557004928588867188 10.192614555358886719 9.8954010009765625 9.6692323684692382812 9.5172319412231445312 9.4416942596435546875 9.4440021514892578125 9.524616241455078125 9.6831035614013671875 9.91799163818359375 10.226763725280761719 10.605764389038085938 11.050311088562011719 11.554755210876464844 12.112671852111816406 12.717219352722167969 13.361604690551757812 14.039269447326660156 14.743670463562011719 15.468512535095214844 16.20778656005859375 16.955738067626953125 17.70655059814453125 18.454011917114257812 -1e100 -1e100 -1e100 -1e100 -1e100 -1e100 -1e100
 -1e100 -1e100 -1e100 -1e100 -1e100 -1e100 -1e100 -1e100 -1e100 -1e100 -1e100 -1e100 -1e100 -1e100 -1e100 -1e100 -1e100 -1e100 -1e100 -1e100 -1e100 -1e100 -1e100 -1e100 -1e100 -1e100 -1e100 -1e100 -1e100 -1e100 -1e100 -1e100 -1e100 -1e100 -1e100 -1e100 -1e100 -1e100 -1e100 -1e100 -1e100 -1e100 -1e100 -1e100 -1e100 -1e100 -1e100 -1e100 -1e100 -1e100 -1e100 -1e100 82.30950927734375 82.200286865234375 82.125762939453125 82.08184814453125 82.06327056884765625 82.06396484375 82.07749176025390625 82.09740447998046875 82.11757659912109375 82.1325225830078125 82.13758087158203125 82.12908172607421875 82.104522705078125 82.06287384033203125 82.00504302978515625 81.9341888427734375 81.85610198974609375 81.77919769287109375 81.71434783935546875 81.67378997802734375 81.6696929931640625 81.7125396728515625 81.8101654052734375 81.96852874755859375 82.19387054443359375 82.49798583984375 82.90738677978515625 83.45782470703125 84.1976165771484375 85.188446044921875 86.46612548828125 87.99835968017578125 89.65185546875 91.24401092529296875 92.62398529052734375 93.69248199462890625 94.402374267578125 94.736328125 94.6925811767578125 94.28205108642578125 93.5257720947265625 92.45285797119140625 91.09564971923828125 89.48621368408203125 87.65502166748046875 85.63008880615234375 83.43738555908203125 81.10028839111328125 78.64052581787109375 76.0784149169921875 73.4334869384765625 70.7241973876953125 67.96795654296875 65.180816650390625 62.377216339111328125 59.56964874267578125 56.76854705810546875 53.98250579833984375 51.218616485595703125 48.48305511474609375 45.781635284423828125 43.1207733154296875 40.508380889892578125 37.955020904541015625 35.4736175537109375 33.07959747314453125 30.7899169921875 28.62221527099609375 26.59322357177734375 24.716127395629882812 22.998502731323242188 21.44100189208984375 20.037897109985351562 18.777967453002929688 17.6455535888671875 16.622491836547851562 15.689838409423828125 14.830775260925292969 14.032204627990722656 13.285182952880859375 12.584975242614746094 11.930491447448730469 11.3238372802734375 10.769380569458007812 10.272702217102050781 9.8396253585815429688 9.4755773544311523438 9.1854305267333984375 8.9731197357177734375 8.8415575027465820312 8.7925424575805664062 8.8267660140991210938 8.943828582763671875 9.142047882080078125 9.4184923171997070312 9.7688493728637695312 10.187609672546386719 10.668114662170410156 11.202848434448242188 11.783999443054199219 12.404370307922363281 13.057536125183105469 13.737164497375488281 14.437237739562988281 15.152050971984863281 15.876116752624511719 16.603778839111328125 17.328914642333984375 -1e100 -1e100 -1e100 -1e100 -1e100 -1e100 -1e100
 -1e100 -1e100 -1e100 -1e100 -1e100 -1e100 -1e100 -1e100 -1e100 -1e100 -1e100 -1e100 -1e100 -1e100 -1e100 -1e100 -1e100 -1e100 -1e100 -1e100 -1e100 -1e100 -1e100 -1e100 -1e100 -1e100 -1e100 -1e100 -1e100 -1e100 -1e100 -1e100 -1e100 -1e100 -1e100 -1e100 -1e100 -1e100 -1e100 -1e100 -1e100 -1e100 -1e100 -1e100 -1e100 -1e100 -1e100 -1e100 -1e100 -1e100 -1e100 -1e100 84.418548583984375 84.28760528564453125 84.18273162841796875 84.0996246337890625 84.03298187255859375 83.97676849365234375 83.92469024658203125 83.8704833984375 83.80823516845703125 83.732696533203125 83.639495849609375 83.52532958984375 83.38824462890625 83.2280120849609375 83.04669189453125 82.8488922119140625 82.6421966552734375 82.437042236328125 82.24646759033203125 82.08470916748046875 81.96564483642578125 81.90106201171875 81.8997955322265625 81.96843719482421875 82.11251068115234375 82.34064483642578125 82.67392730712890625 83.14571380615234375 83.800506591796875 84.6829681396484375 85.808074951171875 87.1379241943359375 88.56449127197265625 89.9464111328125 91.15960693359375 92.113494873046875 92.7580718994140625 93.068603515625 93.0367889404296875 92.66785430908203125 91.9777984619140625 90.99056243896484375 89.73349761962890625 88.23436737060546875 86.52017974853515625 84.61626434326171875 82.54648590087890625 80.3326873779296875 77.9955902099609375 75.55487060546875 73.0295562744140625 70.43766021728515625 67.79611968994140625 65.12044525146484375 62.424346923828125 59.7193450927734375 57.014598846435546875 54.31713104248046875 51.632293701171875 48.96439361572265625 46.31745147705078125 43.696323394775390625 41.107906341552734375 38.562519073486328125 36.07367706298828125 33.6583251953125 31.335790634155273438 29.126781463623046875 27.051450729370117188 25.126203536987304688 23.361175537109375 21.758607864379882812 20.3133697509765625 19.01392364501953125 17.84354400634765625 16.782575607299804688 15.810464859008789062 14.909036636352539062 14.064302444458007812 13.266924858093261719 12.512334823608398438 11.800022125244140625 11.132984161376953125 10.516651153564453125 9.9577474594116210938 9.463237762451171875 9.0396270751953125 8.6927251815795898438 8.427204132080078125 8.2465295791625976562 8.1528797149658203125 8.1471700668334960938 8.2290287017822265625 8.3965702056884765625 8.64642333984375 8.97357940673828125 9.371593475341796875 9.8326177597045898438 10.347726821899414062 10.907667160034179688 11.505077362060546875 12.134125709533691406 12.789057731628417969 13.464381217956542969 14.154815673828125 14.855193138122558594 15.559983253479003906 16.263097763061523438 -1e100 -1e100 -1e100 -1e100 -1e100 -1e100 -1e100
 -1e100 -1e100 -1e100 -1e100 -1e100 -1e100 -1e100 -1e100 -1e100 -1e100 -1e100 -1e100 -1e100 -1e100 -1e100 -1e100 -1e100 -1e100 -1e100 -1e100 -1e100 -1e100 -1e100 -1e100 -1e100 -1e100 -1e100 -1e100 -1e100 -1e100 -1e100 -1e100 -1e100 -1e100 -1e100 -1e100 -1e100 -1e100 -1e100 -1e100 -1e100 -1e100 -1e100 -1e100 -1e100 -1e100 -1e100 -1e100 -1e100 -1e100 -1e100 -1e100 -1e100 86.57779693603515625 86.4425811767578125 86.32037353515625 86.205841064453125 86.0930328369140625 85.9758148193359375 85.84807586669921875 85.704132080078125 85.5389556884765625 85.34845733642578125 85.1297454833984375 84.88146209716796875 84.604278564453125 84.30144500732421875 83.97908782958984375 83.64662933349609375 83.31649017333984375 83.00379180908203125 82.72457122802734375 82.4941558837890625 82.325347900390625 82.22782135009765625 82.208770751953125 82.27382659912109375 82.429931640625 82.69231414794921875 83.086669921875 83.64891815185546875 84.410430908203125 85.3745880126953125 86.50264739990234375 87.70594024658203125 88.8730010986328125 89.9025115966796875 90.7162322998046875 91.26546478271484375 91.5219573974609375 91.47284698486328125 91.118621826171875 90.47023773193359375 89.54645538330078125 88.3695526123046875 86.96302032470703125 85.35030364990234375 83.55396270751953125 81.595611572265625 79.495513916015625 77.2733154296875 74.947906494140625 72.53769683837890625 70.0601348876953125 67.53160858154296875 64.9669647216796875 62.379093170166015625 59.77835845947265625 57.172435760498046875 54.56650543212890625 51.963863372802734375 49.366588592529296875 46.776531219482421875 44.196659088134765625 41.632568359375 39.09420013427734375 36.5956878662109375 34.155712127685546875 31.796276092529296875 29.541681289672851562 27.41603851318359375 25.439519882202148438 23.6252288818359375 21.977155685424804688 20.4907379150390625 19.153978347778320312 17.948856353759765625 16.853984832763671875 15.846968650817871094 14.908123016357421875 14.022475242614746094 13.180373191833496094 12.377466201782226562 11.613846778869628906 10.893366813659667969 10.222446441650390625 9.6088581085205078125 9.0606222152709960938 8.5852136611938476562 8.1892518997192382812 7.8780364990234375 7.6555094718933105469 7.5241913795471191406 7.4852266311645507812 7.5382847785949707031 7.6813025474548339844 7.910480499267578125 8.2200708389282226562 8.6025981903076171875 9.0488386154174804688 9.5481243133544921875 10.088788032531738281 10.663707733154296875 11.268399238586425781 11.89824676513671875 12.548573493957519531 13.214633941650390625 13.891491889953613281 14.573668479919433594 15.255055427551269531 15.928766250610351562 -1e100 -1e100 -1e100 -1e100 -1e100 -1e100
 -1e100 -1e100 -1e100 -1e100 -1e100 -1e100 -1e100 -1e100 -1e100 -1e100 -1e100 -1e100 -1e100 -1e100 -1e100 -1e100 -1e100 -1e100 -1e100 -1e100 -1e100 -1e100 -1e100 -1e100 -1e100 -1e100 -1e100 -1e100 -1e100 -1e100 -1e100 -1e100 -1e100 -1e100 -1e100 -1e100 -1e100 -1e100 -1e100 -1e100 -1e100 -1e100 -1e100 -1e100 -1e100 -1e100 -1e100 -1e100 -1e100 -1e100 -1e100 -1e100 -1e100 89.06505584716796875 88.90039825439453125 88.74010467529296875 88.578857421875 88.410797119140625 88.2299041748046875 88.03025054931640625 87.80632781982421875 87.5533447265625 87.2675018310546875 86.94635009765625 86.589202880859375 86.197662353515625 85.77622222900390625 85.3325347900390625 84.8777618408203125 84.42621612548828125 83.99481964111328125 83.60108184814453125 83.26148223876953125 82.9895782470703125 82.79558563232421875 82.68706512451171875 82.66970062255859375 82.749298095703125 82.93618011474609375 83.24736785888671875 83.7074432373046875 84.33623504638671875 85.130126953125 86.0533905029296875 87.03430938720703125 87.98468017578125 88.8223114013671875 89.48058319091796875 89.91410064697265625 90.09351348876953125 90.00323486328125 89.63990020751953125 89.010101318359375 88.1278228759765625 87.01073455810546875 85.67829132080078125 84.150543212890625 82.447265625 80.587860107421875 78.590972900390625 76.475067138671875 74.25812530517578125 71.9578399658203125 69.59100341796875 67.173370361328125 64.71909332275390625 62.24011993408203125 59.74553680419921875 57.241313934326171875 54.730525970458984375 52.214061737060546875 49.69138336181640625 47.16175079345703125 44.62580108642578125 42.087512969970703125 39.556285858154296875 37.046844482421875 34.57968902587890625 32.179821014404296875 29.875566482543945312 27.695600509643554688 25.664426803588867188 23.798486709594726562 22.103641510009765625 20.575908660888671875 19.202730178833007812 17.964632034301757812 16.838291168212890625 15.799337387084960938 14.826506614685058594 13.90399169921875 13.021948814392089844 12.176304817199707031 11.367742538452148438 10.600865364074707031 9.8829555511474609375 9.2226991653442382812 8.6290044784545898438 8.1101284027099609375 7.6733260154724121094 7.32437896728515625 7.0676188468933105469 6.9058699607849121094 6.8405013084411621094 6.8712491989135742188 6.9959239959716796875 7.21033477783203125 7.5079870223999023438 7.8801970481872558594 8.3162603378295898438 8.8039073944091796875 9.3265829086303710938 9.87871551513671875 10.458321571350097656 11.062473297119140625 11.687607765197753906 12.329427719116210938 12.983058929443359375 13.642977714538574219 14.30300140380859375 14.95621490478515625 -1e100 -1e100 -1e100 -1e100 -1e100 -1e100
 -1e100 -1e100 -1e100 -1e100 -1e100 -1e100 -1e100 -1e100 -1e100 -1e100 -1e100 -1e100 -1e100 -1e100 -1e100 -1e100 -1e100 -1e100 -1e100 -1e100 -1e100 -1e100 -1e100 -1e100 -1e100 -1e100 -1e100 -1e100 -1e100 -1e100 -1e100 -1e100 -1e100 -1e100 -1e100 -1e100 -1e100 -1e100 -1e100 -1e100 -1e100 -1e100 -1e100 -1e100 -1e100 -1e100 -1e100 -1e100 -1e100 -1e100 -1e100 -1e100 -1e100 91.7436676025390625 91.55123138427734375 91.35468292236328125 91.1486968994140625 90.9275054931640625 90.68520355224609375 90.4160003662109375 90.11457061767578125 89.776336669921875 89.3978271484375 88.97710418701171875 88.51418304443359375 88.011627197265625 87.47516632080078125 86.9138946533203125 86.34058380126953125 85.77112579345703125 85.22381591796875 84.71727752685546875 84.268768310546875 83.89237213134765625 83.59869384765625 83.395416259765625 83.287933349609375 83.28054046630859375 83.37929534912109375 83.5931549072265625 83.93637847900390625 84.419403076171875 85.0347747802734375 85.751800537109375 86.5130615234375 87.24855804443359375 87.89150238037109375 88.385406494140625 88.6890106201171875 88.7735595703125 88.6220703125 88.2284698486328125 87.595855712890625 86.73419952392578125 85.657135009765625 84.3805084228515625 82.92119598388671875 81.29634857177734375 79.52321624755859375 77.618804931640625 75.60027313232421875 73.4846343994140625 71.28875732421875 69.02874755859375 66.71970367431640625 64.37505340576171875 62.00580596923828125 59.6196441650390625 57.220661163330078125 54.809551239013671875 52.38446044921875 49.941791534423828125 47.4777374267578125 44.9901275634765625 42.48093414306640625 39.958759307861328125 37.43869781494140625 34.943058013916015625 32.49996185302734375 30.142230987548828125 27.903713226318359375 25.813787460327148438 23.892568588256835938 22.1480255126953125 20.576845169067382812 19.165964126586914062 17.89437103271484375 16.736742019653320312 15.666688919067382812 14.66162872314453125 13.705109596252441406 12.787233352661132812 11.904203414916992188 11.057126045227050781 10.251204490661621094 9.4943981170654296875 8.7960968017578125 8.1658544540405273438 7.6124677658081054688 7.1436038017272949219 6.7653532028198242188 6.4823307991027832031 6.2975964546203613281 6.2127327919006347656 6.2275590896606445312 6.3398337364196777344 6.5450611114501953125 6.8359875679016113281 7.20235443115234375 7.6317234039306640625 8.1123600006103515625 8.617656707763671875 9.1459302902221679688 9.6995058059692382812 10.27779388427734375 10.8780670166015625 11.496211051940917969 12.127255439758300781 12.765534400939941406 13.404772758483886719 14.038015365600585938 -1e100 -1e100 -1e100 -1e100 -1e100 -1e100
 -1e100 -1e100 -1e100 -1e100 -1e100 -1e100 -1e100 -1e100 -1e100 -1e100 -1e100 -1e100 -1e100 -1e100 -1e100 -1e100 -1e100 -1e100 -1e100 -1e100 -1e100 -1e100 -1e100 -1e100 -1e100 -1e100 -1e100 -1e100 -1e100 -1e100 -1e100 -1e100 -1e100 -1e100 -1e100 -1e100 -1e100 -1e100 -1e100 -1e100 -1e100 -1e100 -1e100 -1e100 -1e100 -1e100 -1e100 -1e100 -1e100 -1e100 -1e100 -1e100 -1e100 -1e100 94.3900604248046875 94.1596527099609375 93.91149139404296875 93.63983154296875 93.33889007568359375 93.00298309326171875 92.6269683837890625 92.20652008056640625 91.7385406494140625 91.2216339111328125 90.65653228759765625 90.0467987060546875 89.39931488037109375 88.72451019287109375 88.036468505859375 87.3522491455078125 86.69110870361328125 86.072296142578125 85.51346588134765625 85.02895355224609375 84.62955474853515625 84.32288360595703125 84.113616943359375 84.004241943359375 83.9968109130859375 84.09416961669921875 84.30281829833984375 84.626617431640625 85.056793212890625 85.56739044189453125 86.11244964599609375 86.63614654541015625 87.083831787109375 87.4077301025390625 87.57096099853515625 87.54634857177734375 87.31667327880859375 86.87422943115234375 86.2195281982421875 85.3592681884765625 84.303741455078125 83.0656280517578125 81.65897369384765625 80.09848785400390625 78.39933013916015625 76.576812744140625 74.64678192138671875 72.62519073486328125 70.528076171875 68.37085723876953125 66.16805267333984375 63.932430267333984375 61.67406463623046875 59.39922332763671875 57.109973907470703125 54.804393768310546875 52.47754669189453125 50.122318267822265625 47.731296539306640625 45.298938751220703125 42.824737548828125 40.315959930419921875 37.78765106201171875 35.263645172119140625 32.775238037109375 30.360181808471679688 28.058073043823242188 25.903692245483398438 23.921331405639648438 22.121404647827148438 20.501592636108398438 19.048536300659179688 17.739839553833007812 16.54827117919921875 15.445840835571289062 14.408911705017089844 13.420571327209472656 12.470849990844726562 11.555964469909667969 10.6772308349609375 9.8402233123779296875 9.0533351898193359375 8.3263883590698242188 7.669277191162109375 7.0910358428955078125 6.5994734764099121094 6.2007923126220703125 5.8997397422790527344 5.6995301246643066406 5.6019034385681152344 5.6067552566528320312 5.71184539794921875 5.912540435791015625 6.201030731201171875 6.5654416084289550781 6.9898171424865722656 7.4704656600952148438 7.9552817344665527344 8.4578294754028320312 8.985378265380859375 9.5388364791870117188 10.115573883056640625 10.711358070373535156 11.321000099182128906 11.938669204711914062 12.558011054992675781 13.172049522399902344 -1e100 -1e100 -1e100 -1e100 -1e100 -1e100
 -1e100 -1e100 -1e100 -1e100 -1e100 -1e100 -1e100 -1e100 -1e100 -1e100 -1e100 -1e100 -1e100 -1e100 -1e100 -1e100 -1e100 -1e100 -1e100 -1e100 -1e100 -1e100 -1e100 -1e100 -1e100 -1e100 -1e100 -1e100 -1e100 -1e100 -1e100 -1e100 -1e100 -1e100 -1e100 -1e100 -1e100 -1e100 -1e100 -1e100 -1e100 -1e100 -1e100 -1e100 -1e100 -1e100 -1e100 -1e100 -1e100 -1e100 -1e100 -1e100 -1e100 -1e100 97.41173553466796875 97.15026092529296875 96.86279296875 96.54363250732421875 96.18706512451171875 95.78754425048828125 95.3401031494140625 94.840728759765625 94.28673553466796875 93.677276611328125 93.01385498046875 92.30095672607421875 91.546539306640625 90.76210784912109375 89.9627227783203125 89.1662139892578125 88.39231109619140625 87.660430908203125 86.98822021484375 86.3899688720703125 85.87641143798828125 85.45487213134765625 85.12915802001953125 84.8998870849609375 84.76604461669921875 84.7264862060546875 84.78270721435546875 84.93483734130859375 85.173736572265625 85.47751617431640625 85.80908966064453125 86.1232757568359375 86.37523651123046875 86.52455902099609375 86.5388031005859375 86.393035888671875 86.07061767578125 85.56310272216796875 84.8691558837890625 83.99298095703125 82.94214630126953125 81.7266693115234375 80.3580780029296875 78.8488006591796875 77.2119598388671875 75.46120452880859375 73.61102294921875 71.6763153076171875 69.67230987548828125 67.613861083984375 65.5150146484375 63.388072967529296875 61.242279052734375 59.082500457763671875 56.908710479736328125 54.716156005859375 52.496494293212890625 50.238605499267578125 47.930873870849609375 45.56375885009765625 43.13348388671875 40.645244598388671875 38.1132965087890625 35.56250762939453125 33.0272064208984375 30.550428390502929688 28.178091049194335938 25.951030731201171875 23.89835357666015625 22.033472061157226562 20.3555908203125 18.851736068725585938 17.49860382080078125 16.267850875854492188 15.130326271057128906 14.061474800109863281 13.043832778930664062 12.066851615905761719 11.12642669677734375 10.22377777099609375 9.3645982742309570312 8.5574274063110351562 7.8121857643127441406 7.138744354248046875 6.5460162162780761719 6.0416479110717773438 5.6317296028137207031 5.3209853172302246094 5.1126828193664550781 5.0086278915405273438 5.0086846351623535156 5.1105566024780273438 5.309543609619140625 5.5981874465942382812 5.9656538963317871094 6.398975372314453125 6.8693528175354003906 7.3249750137329101562 7.8022451400756835938 8.3070116043090820312 8.8390398025512695312 9.395252227783203125 9.9710826873779296875 10.561237335205078125 11.159809112548828125 11.760476112365722656 12.356304168701171875 -1e100 -1e100 -1e100 -1e100 -1e100 -1e100
 -1e100 -1e100 -1e100 -1e100 -1e100 -1e100 -1e100 -1e100 -1e100 -1e100 -1e100 -1e100 -1e100 -1e100 -1e100 -1e100 -1e100 -1e100 -1e100 -1e100 -1e100 -1e100 -1e100 -1e100 -1e100 -1e100 -1e100 -1e100 -1e100 -1e100 -1e100 -1e100 -1e100 -1e100 -1e100 -1e100 -1e100 -1e100 -1e100 -1e100 -1e100 -1e100 -1e100 -1e100 -1e100 -1e100 -1e100 -1e100 -1e100 -1e100 -1e100 -1e100 -1e100 -1e100 -1e100 100.3211669921875 99.99737548828125 99.63373565673828125 99.22460174560546875 98.76457977294921875 98.248931884765625 97.67395782470703125 97.03742218017578125 96.33905792236328125 95.5811004638671875 94.76889801025390625 93.91129302978515625 93.02057647705078125 92.11241912841796875 91.2050018310546875 90.31809234619140625 89.4708709716796875 88.680633544921875 87.96136474609375 87.3235015869140625 86.773956298828125 86.315582275390625 85.94769287109375 85.6674652099609375 85.47164154052734375 85.35919189453125 85.32805633544921875 85.369354248046875 85.46437835693359375 85.58274078369140625 85.6877288818359375 85.7423553466796875 85.7126312255859375 85.57035064697265625 85.29311370849609375 84.86541748046875 84.27867889404296875 83.53041839599609375 82.6230010986328125 81.561859130859375 80.354766845703125 79.010986328125 77.54082489013671875 75.9554443359375 74.26683807373046875 72.48816680908203125 70.63330841064453125 68.71681976318359375 66.75315093994140625 64.75616455078125 62.7379150390625 60.707027435302734375 58.667057037353515625 56.615840911865234375 54.54567718505859375 52.44449615478515625 50.296661376953125 48.085727691650390625 45.797271728515625 43.42334747314453125 40.965961456298828125 38.437465667724609375 35.8628387451171875 33.27907562255859375 30.734804153442382812 28.282993316650390625 25.97132110595703125 23.834442138671875 21.889635086059570312 20.138845443725585938 18.570787429809570312 17.16280364990234375 15.886256217956542969 14.711015701293945312 13.611245155334472656 12.568072319030761719 11.56975555419921875 10.611419677734375 9.6939039230346679688 8.8227434158325195312 8.006282806396484375 7.2541494369506835938 6.5757594108581542969 5.9795145988464355469 5.4725918769836425781 5.0607652664184570312 4.7486095428466796875 4.5393481254577636719 4.4346861839294433594 4.434253692626953125 4.5352387428283691406 4.732242584228515625 5.0168385505676269531 5.3772821426391601562 5.7960467338562011719 6.2455625534057617188 6.6972126960754394531 7.1648502349853515625 7.6566801071166992188 8.1736812591552734375 8.7137317657470703125 9.27274322509765625 9.8457136154174804688 10.426952362060546875 11.010316848754882812 11.5890350341796875 12.155848503112792969 -1e100 -1e100 -1e100 -1e100 -1e100
 -1e100 -1e100 -1e100 -1e100 -1e100 -1e100 -1e100 -1e100 -1e100 -1e100 -1e100 -1e100 -1e100 -1e100 -1e100 -1e100 -1e100 -1e100 -1e100 -1e100 -1e100 -1e100 -1e100 -1e100 -1e100 -1e100 -1e100 -1e100 -1e100 -1e100 -1e100 -1e100 -1e100 -1e100 -1e100 -1e100 -1e100 -1e100 -1e100 -1e100 -1e100 -1e100 -1e100 -1e100 -1e100 -1e100 -1e100 -1e100 -1e100 -1e100 -1e100 -1e100 -1e100 -1e100 -1e100 103.666534423828125 103.309326171875 102.9041290283203125 102.44537353515625 101.92784881591796875 101.34705352783203125 100.69965362548828125 99.98386383056640625 99.1999969482421875 98.35097503662109375 97.442840576171875 96.48508453369140625 95.49048614501953125 94.47498321533203125 93.45670318603515625 92.4550628662109375 91.48870849609375 90.57431793212890625 89.72540283203125 88.95198822021484375 88.260467529296875 87.65311431884765625 87.12866973876953125 86.6837005615234375 86.31443023681640625 86.0186309814453125 85.79320526123046875 85.62973785400390625 85.51212310791015625 85.41539764404296875 85.30956268310546875 85.16413116455078125 84.9506072998046875 84.6446990966796875 84.22669219970703125 83.68259429931640625 83.00414276123046875 82.18830108642578125 81.23614501953125 80.15142059326171875 78.9399871826171875 77.60907745361328125 76.16696929931640625 74.62293243408203125 72.98735809326171875 71.272125244140625 69.49022674560546875 67.65572357177734375 65.7829742431640625 63.885974884033203125 61.97686767578125 60.063884735107421875 58.149440765380859375 56.229297637939453125 54.292720794677734375 52.32363128662109375 50.3013916015625 48.2040252685546875 46.011310577392578125 43.70990753173828125 41.297100067138671875 38.78154754638671875 36.18701171875 33.552494049072265625 30.932668685913085938 28.388484954833984375 25.9752349853515625 23.734178543090820312 21.688135147094726562 19.843935012817382812 18.194728851318359375 16.720233917236328125 15.39202880859375 14.1784515380859375 13.050902366638183594 11.988056182861328125 10.976174354553222656 10.009243965148925781 9.0874853134155273438 8.2159566879272460938 7.4024119377136230469 6.655719757080078125 5.9843811988830566406 5.3959155082702636719 4.8967714309692382812 4.4922780990600585938 4.1867756843566894531 3.9833457469940185547 3.8834509849548339844 3.8862638473510742188 3.9882047176361083984 4.1829366683959960938 4.4609827995300292969 4.8096942901611328125 5.211284637451171875 5.6434412002563476562 6.0895848274230957031 6.5526766777038574219 7.03684234619140625 7.5433397293090820312 8.0707063674926757812 8.6155490875244140625 9.1733608245849609375 9.7388601303100585938 10.306184768676757812 10.868824958801269531 11.419779777526855469 -1e100 -1e100 -1e100 -1e100 -1e100
 -1e100 -1e100 -1e100 -1e100 -1e100 -1e100 -1e100 -1e100 -1e100 -1e100 -1e100 -1e100 -1e100 -1e100 -1e100 -1e100 -1e100 -1e100 -1e100 -1e100 -1e100 -1e100 -1e100 -1e100 -1e100 -1e100 -1e100 -1e100 -1e100 -1e100 -1e100 -1e100 -1e100 -1e100 -1e100 -1e100 -1e100 -1e100 -1e100 -1e100 -1e100 -1e100 -1e100 -1e100 -1e100 -1e100 -1e100 -1e100 -1e100 -1e100 -1e100 -1e100 -1e100 -1e100 -1e100 107.17995452880859375 106.79204559326171875 106.34798431396484375 105.84232330322265625 105.27001953125 104.626861572265625 103.9098968505859375 103.11777496337890625 102.25136566162109375 101.3141326904296875 100.3126678466796875 99.25682830810546875 98.15960693359375 97.036834716796875 95.906280517578125 94.7866973876953125 93.6959686279296875 92.65007781982421875 91.6619720458984375 90.741241455078125 89.89394378662109375 89.1222381591796875 88.425018310546875 87.79923248291015625 87.24139404296875 86.74896240234375 86.3184814453125 85.9422454833984375 85.6065521240234375 85.29091644287109375 84.970855712890625 84.62133026123046875 84.21855926513671875 83.74192047119140625 83.1744384765625 82.50383758544921875 81.72258758544921875 80.82749176025390625 79.81873321533203125 78.6987152099609375 77.47161102294921875 76.1427764892578125 74.71855926513671875 73.2064056396484375 71.6151580810546875 69.955535888671875 68.23981475830078125 66.48188018798828125 64.6963348388671875 62.8976593017578125 61.09844207763671875 59.30681610107421875 57.524303436279296875 55.744731903076171875 53.9542999267578125 52.13277435302734375 50.254131317138671875 48.29024505615234375 46.2140350341796875 44.00527191162109375 41.654201507568359375 39.163433074951171875 36.553501129150390625 33.86447906494140625 31.157825469970703125 28.503551483154296875 25.9655303955078125 23.5933990478515625 21.418483734130859375 19.4566497802734375 17.708654403686523438 16.158016204833984375 14.775797843933105469 13.526628494262695312 12.377377510070800781 11.302976608276367188 10.287190437316894531 9.322673797607421875 8.4087724685668945312 7.549709320068359375 6.7521638870239257812 6.0237474441528320312 5.3716173171997070312 4.8021068572998046875 4.3208026885986328125 3.9325234889984130859 3.64133453369140625 3.4500954151153564453 3.3599188327789306641 3.3694090843200683594 3.4742095470428466797 3.667140960693359375 3.9381575584411621094 4.2745199203491210938 4.6604366302490234375 5.0787882804870605469 5.5177154541015625 5.9754796028137207031 6.4530825614929199219 6.9508681297302246094 7.4674015045166015625 7.9997239112854003906 8.5437984466552734375 9.0947484970092773438 9.6470346450805664062 10.19445037841796875 10.730294227600097656 -1e100 -1e100 -1e100 -1e100 -1e100
 -1e100 -1e100 -1e100 -1e100 -1e100 -1e100 -1e100 -1e100 -1e100 -1e100 -1e100 -1e100 -1e100 -1e100 -1e100 -1e100 -1e100 -1e100 -1e100 -1e100 -1e100 -1e100 -1e100 -1e100 -1e100 -1e100 -1e100 -1e100 -1e100 -1e100 -1e100 -1e100 -1e100 -1e100 -1e100 -1e100 -1e100 -1e100 -1e100 -1e100 -1e100 -1e100 -1e100 -1e100 -1e100 -1e100 -1e100 -1e100 -1e100 -1e100 -1e100 -1e100 -1e100 -1e100 -1e100 -1e100 110.43851470947265625 109.9580078125 109.40782928466796875 108.78314971923828125 108.08005523681640625 107.29595184326171875 106.42992401123046875 105.48328399658203125 104.45993804931640625 103.3667755126953125 102.2138214111328125 101.01396942138671875 99.78267669677734375 98.53704071044921875 97.29499053955078125 96.073577880859375 94.88803863525390625 93.7508087158203125 92.67115020751953125 91.65506744384765625 90.7050628662109375 89.8207550048828125 88.99996185302734375 88.239959716796875 87.5384674072265625 86.892242431640625 86.29459381103515625 85.7341461181640625 85.1942596435546875 84.65508270263671875 84.096221923828125 83.49808502197265625 82.84352874755859375 82.11829376220703125 81.3119659423828125 80.41799163818359375 79.43328094482421875 78.3574066162109375 77.1916351318359375 75.938629150390625 74.601959228515625 73.1861419677734375 71.69686126708984375 70.14151763916015625 68.5298309326171875 66.87368011474609375 65.187042236328125 63.485080718994140625 61.7831268310546875 60.094532012939453125 58.42769622802734375 56.7835540771484375 55.154178619384765625 53.522876739501953125 51.86530303955078125 50.149883270263671875 48.34181976318359375 46.40612030029296875 44.313720703125 42.044933319091796875 39.59299468994140625 36.972320556640625 34.223011016845703125 31.414323806762695312 28.626796722412109375 25.934444427490234375 23.398281097412109375 21.063518524169921875 18.960145950317382812 17.0995330810546875 15.468529701232910156 14.034829139709472656 12.756800651550292969 11.594659805297851562 10.518781661987304688 9.510326385498046875 8.5605030059814453125 7.6675343513488769531 6.8343653678894042969 6.0660810470581054688 5.3685698509216308594 4.7473006248474121094 4.2072658538818359375 3.7531411647796630859 3.38922882080078125 3.119293212890625 2.9458968639373779297 2.8697299957275390625 2.8888220787048339844 2.9982006549835205078 3.1902322769165039062 3.4548709392547607422 3.780254364013671875 4.1527819633483886719 4.5588240623474121094 4.9889864921569824219 5.4397249221801757812 5.9100384712219238281 6.3991441726684570312 6.9053239822387695312 7.4258208274841308594 7.9569063186645507812 8.4940338134765625 9.0319585800170898438 9.5647840499877929688 10.086111068725585938 -1e100 -1e100 -1e100 -1e100 -1e100
 -1e100 -1e100 -1e100 -1e100 -1e100 -1e100 -1e100 -1e100 -1e100 -1e100 -1e100 -1e100 -1e100 -1e100 -1e100 -1e100 -1e100 -1e100 -1e100 -1e100 -1e100 -1e100 -1e100 -1e100 -1e100 -1e100 -1e100 -1e100 -1e100 -1e100 -1e100 -1e100 -1e100 -1e100 -1e100 -1e100 -1e100 -1e100 -1e100 -1e100 -1e100 -1e100 -1e100 -1e100 -1e100 -1e100 -1e100 -1e100 -1e100 -1e100 -1e100 -1e100 -1e100 -1e100 -1e100 -1e100 114.24156951904296875 113.72673797607421875 113.134124755859375 112.4591217041015625 111.6981048583984375 110.84880828857421875 109.91070556640625 108.88543701171875 107.7771759033203125 106.59295654296875 105.34271240234375 104.03900909423828125 102.69666290283203125 101.33197021484375 99.96196746826171875 98.60282135009765625 97.26912689208984375 95.972869873046875 94.72319793701171875 93.5263519287109375 92.38550567626953125 91.3012847900390625 90.272674560546875 89.29801177978515625 88.37569427490234375 87.50315093994140625 86.67501068115234375 85.882171630859375 85.11142730712890625 84.34698486328125 83.5725555419921875 82.77239227294921875 81.9326324462890625 81.04168701171875 80.0910797119140625 79.07534027099609375 77.99164581298828125 76.8391265869140625 75.61804962158203125 74.32965850830078125 72.97583770751953125 71.5593414306640625 70.08419036865234375 68.55652618408203125 66.98535919189453125 65.3823699951171875 63.761859893798828125 62.139743804931640625 60.532466888427734375 58.95449066162109375 57.414844512939453125 55.9141845703125 54.4431915283203125 52.98268890380859375 51.50458526611328125 49.971832275390625 48.34293365478515625 46.574008941650390625 44.6252899169921875 42.463413238525390625 40.067474365234375 37.441761016845703125 34.62420654296875 31.693841934204101562 28.744976043701171875 25.86419677734375 23.1287384033203125 20.604345321655273438 18.34075927734375 16.361471176147460938 14.653005599975585938 13.175815582275390625 11.879180908203125 10.715207099914550781 9.649478912353515625 8.660602569580078125 7.7383465766906738281 6.8795423507690429688 6.0853781700134277344 5.3588843345642089844 4.7038426399230957031 4.1238584518432617188 3.6225407123565673828 3.2036790847778320312 2.8710854053497314453 2.6281964778900146484 2.4772276878356933594 2.4184153079986572266 2.4493000507354736328 2.5645959377288818359 2.756633758544921875 3.0158960819244384766 3.3316991329193115234 3.692371368408203125 4.086803436279296875 4.5070886611938476562 4.9490628242492675781 5.4105958938598632812 5.8900966644287109375 6.3855443000793457031 6.8941979408264160156 7.4124975204467773438 7.9361200332641601562 8.4600648880004882812 8.9787111282348632812 9.4859514236450195312 9.975116729736328125 -1e100 -1e100 -1e100 -1e100
 -1e100 -1e100 -1e100 -1e100 -1e100 -1e100 -1e100 -1e100 -1e100 -1e100 -1e100 -1e100 -1e100 -1e100 -1e100 -1e100 -1e100 -1e100 -1e100 -1e100 -1e100 -1e100 -1e100 -1e100 -1e100 -1e100 -1e100 -1e100 -1e100 -1e100 -1e100 -1e100 -1e100 -1e100 -1e100 -1e100 -1e100 -1e100 -1e100 -1e100 -1e100 -1e100 -1e100 -1e100 -1e100 -1e100 -1e100 -1e100 -1e100 -1e100 -1e100 -1e100 -1e100 -1e100 -1e100 -1e100 118.19419097900390625 117.64690399169921875 117.01364898681640625 116.29003143310546875 115.47269439697265625 114.55966949462890625 113.5507049560546875 112.447662353515625 111.25482940673828125 109.97919464111328125 108.630401611328125 107.22049713134765625 105.76352691650390625 104.27490997314453125 102.7707672119140625 101.2664947509765625 99.77606964111328125 98.31119537353515625 96.8810882568359375 95.49245452880859375 94.14929962158203125 92.8534393310546875 91.60516357421875 90.40407562255859375 89.2495880126953125 88.14020538330078125 87.072113037109375 86.03849029541015625 85.02935028076171875 84.0326080322265625 83.0357208251953125 82.0264892578125 80.99417877197265625 79.9297943115234375 78.8267974853515625 77.68083953857421875 76.48944091796875 75.25135040283203125 73.96593475341796875 72.6331024169921875 71.2530975341796875 69.82703399658203125 68.35746002197265625 66.84952545166015625 65.31171417236328125 63.755611419677734375 62.195827484130859375 60.64907073974609375 59.133090972900390625 57.66375732421875 56.251071929931640625 54.895816802978515625 53.587825775146484375 52.306171417236328125 51.01967620849609375 49.6867523193359375 48.259761810302734375 46.685970306396484375 44.912994384765625 42.888641357421875 40.5708465576171875 37.946239471435546875 35.04921722412109375 31.973836898803710938 28.832607269287109375 25.7288360595703125 22.761365890502929688 20.02364349365234375 17.590677261352539062 15.497300148010253906 13.722012519836425781 12.213985443115234375 10.911837577819824219 9.75894927978515625 8.716129302978515625 7.7595267295837402344 6.8775224685668945312 6.0653371810913085938 5.3220338821411132812 4.6482439041137695312 4.0454301834106445312 3.5152873992919921875 3.0600919723510742188 2.6828293800354003906 2.3868665695190429688 2.1753087043762207031 2.0500011444091796875 2.0107674598693847656 2.0548384189605712891 2.1768906116485595703 2.3696300983428955078 2.6243214607238769531 2.9314482212066650391 3.2810280323028564453 3.6638624668121337891 4.0731453895568847656 4.5046625137329101562 4.9557929039001464844 5.4244589805603027344 5.9083871841430664062 6.4047732353210449219 6.9101252555847167969 7.4202594757080078125 7.9303612709045410156 8.4350461959838867188 8.9284658432006835938 9.404254913330078125 -1e100 -1e100 -1e100 -1e100
 -1e100 -1e100 -1e100 -1e100 -1e100 -1e100 -1e100 -1e100 -1e100 -1e100 -1e100 -1e100 -1e100 -1e100 -1e100 -1e100 -1e100 -1e100 -1e100 -1e100 -1e100 -1e100 -1e100 -1e100 -1e100 -1e100 -1e100 -1e100 -1e100 -1e100 -1e100 -1e100 -1e100 -1e100 -1e100 -1e100 -1e100 -1e100 -1e100 -1e100 -1e100 -1e100 -1e100 -1e100 -1e100 -1e100 -1e100 -1e100 -1e100 -1e100 -1e100 -1e100 -1e100 -1e100 -1e100 -1e100 -1e100 121.711578369140625 121.03923797607421875 120.26842498779296875 119.39600372314453125 118.4202423095703125 117.341033935546875 116.160369873046875 114.8824920654296875 113.51418304443359375 112.0646514892578125 110.5452728271484375 108.96930694580078125 107.351287841796875 105.706451416015625 104.049468994140625 102.39385986328125 100.75115966796875 99.13080596923828125 97.5400848388671875 95.98392486572265625 94.465423583984375 92.98625946044921875 91.5475006103515625 90.14983367919921875 88.7931365966796875 87.4753570556640625 86.19210052490234375 84.9364471435546875 83.69976806640625 82.47301483154296875 81.24735260009765625 80.0150146484375 78.76955413818359375 77.5062713623046875 76.2219390869140625 74.9144134521484375 73.58213043212890625 72.22357177734375 70.83734893798828125 69.42221832275390625 67.97780609130859375 66.5055084228515625 65.00965118408203125 63.498218536376953125 61.982463836669921875 60.477092742919921875 58.999500274658203125 57.56885528564453125 56.20272064208984375 54.91237640380859375 53.699222564697265625 52.552944183349609375 51.45183563232421875 50.363025665283203125 49.24212646484375 48.03745269775390625 46.688388824462890625 45.128444671630859375 43.279659271240234375 41.067760467529296875 38.451534271240234375 35.46001434326171875 32.211902618408203125 28.848873138427734375 25.493549346923828125 22.26929473876953125 19.303991317749023438 16.7032470703125 14.513564109802246094 12.690629005432128906 11.169695854187011719 9.8780002593994140625 8.7505655288696289062 7.7438259124755859375 6.8320484161376953125 6.0022258758544921875 5.2478003501892089844 4.5654358863830566406 3.9531562328338623047 3.4100484848022460938 2.935985565185546875 2.5320682525634765625 2.2006294727325439453 1.9446773529052734375 1.7670111656188964844 1.6691291332244873047 1.6505476236343383789 1.7083575725555419922 1.8374401330947875977 2.0310833454132080078 2.2814464569091796875 2.5801682472229003906 2.9187376499176025391 3.2895066738128662109 3.6866440773010253906 4.106201171875 4.545429229736328125 5.0020046234130859375 5.4734787940979003906 5.956966400146484375 6.4489912986755371094 6.945446014404296875 7.4416570663452148438 7.9324331283569335938 8.4121618270874023438 8.874755859375 -1e100 -1e100 -1e100 -1e100
 -1e100 -1e100 -1e100 -1e100 -1e100 -1e100 -1e100 -1e100 -1e100 -1e100 -1e100 -1e100 -1e100 -1e100 -1e100 -1e100 -1e100 -1e100 -1e100 -1e100 -1e100 -1e100 -1e100 -1e100 -1e100 -1e100 -1e100 -1e100 -1e100 -1e100 -1e100 -1e100 -1e100 -1e100 -1e100 -1e100 -1e100 -1e100 -1e100 -1e100 -1e100 -1e100 -1e100 -1e100 -1e100 -1e100 -1e100 -1e100 -1e100 -1e100 -1e100 -1e100 -1e100 -1e100 -1e100 -1e100 -1e100 125.914154052734375 125.204071044921875 124.3872222900390625 123.46062469482421875 122.42266082763671875 121.2733154296875 120.014556884765625 118.65045928955078125 117.1874542236328125 115.63422393798828125 114.0014495849609375 112.30157470703125 110.54827880859375 108.7559967041015625 106.93875885009765625 105.10971832275390625 103.28035736083984375 101.4604339599609375 99.6578521728515625 97.87854766845703125 96.1269073486328125 94.4061279296875 92.71881866455078125 91.06719207763671875 89.45273590087890625 87.8754119873046875 86.3333282470703125 84.82257843017578125 83.33785247802734375 81.87343597412109375 80.42368316650390625 78.98372650146484375 77.5495147705078125 76.11812591552734375 74.6873626708984375 73.25540924072265625 71.8203582763671875 70.37984466552734375 68.93128204345703125 67.4720916748046875 66.0007476806640625 64.51766204833984375 63.026401519775390625 61.534088134765625 60.051143646240234375 58.591945648193359375 57.174434661865234375 55.81934356689453125 54.54607391357421875 53.367404937744140625 52.285816192626953125 51.291584014892578125 50.363620758056640625 49.46932220458984375 48.564716339111328125 47.597454071044921875 46.502227783203125 45.197704315185546875 43.571956634521484375 41.502086639404296875 38.898822784423828125 35.79046630859375 32.344268798828125 28.74063873291015625 25.118032455444335938 21.6228485107421875 18.421365737915039062 15.663140296936035156 13.415720939636230469 11.575052261352539062 10.065870285034179688 8.803874969482421875 7.7170858383178710938 6.7594218254089355469 5.9043288230895996094 5.137447357177734375 4.4502635002136230469 3.8367822170257568359 3.2923593521118164062 2.8138267993927001953 2.3994820117950439453 2.0495364665985107422 1.7658861875534057617 1.5513043403625488281 1.4083365201950073242 1.3381952047348022461 1.340189814567565918 1.4114371538162231445 1.5471644401550292969 1.7413362264633178711 1.9870502948760986328 2.2770736217498779297 2.6042315959930419922 2.9622120857238769531 3.3461065292358398438 3.7523901462554931641 4.1783928871154785156 4.6217060089111328125 5.0797796249389648438 5.5496592521667480469 6.0278592109680175781 6.51031494140625 6.992458343505859375 7.4692578315734863281 7.9353094100952148438 8.3847894668579101562 -1e100 -1e100 -1e100 -1e100
 -1e100 -1e100 -1e100 -1e100 -1e100 -1e100 -1e100 -1e100 -1e100 -1e100 -1e100 -1e100 -1e100 -1e100 -1e100 -1e100 -1e100 -1e100 -1e100 -1e100 -1e100 -1e100 -1e100 -1e100 -1e100 -1e100 -1e100 -1e100 -1e100 -1e100 -1e100 -1e100 -1e100 -1e100 -1e100 -1e100 -1e100 -1e100 -1e100 -1e100 -1e100 -1e100 -1e100 -1e100 -1e100 -1e100 -1e100 -1e100 -1e100 -1e100 -1e100 -1e100 -1e100 -1e100 -1e100 -1e100 -1e100 -1e100 129.5016632080078125 128.639739990234375 127.65956878662109375 126.559600830078125 125.33978271484375 124.00194549560546875 122.549896240234375 120.9896392822265625 119.32926177978515625 117.5787506103515625 115.74974822998046875 113.8551483154296875 111.9086456298828125 109.92372894287109375 107.91326141357421875 105.88874053955078125 103.86029052734375 101.83646392822265625 99.82424163818359375 97.8293609619140625 95.856536865234375 93.91007232666015625 91.99385833740234375 90.11126708984375 88.26444244384765625 86.4541015625 84.67935943603515625 82.93813323974609375 81.22795867919921875 79.5462799072265625 77.89098358154296875 76.260284423828125 74.65291595458984375 73.06763458251953125 71.502899169921875 69.95644378662109375 68.4250946044921875 66.9051971435546875 65.39311981201171875 63.88641357421875 62.3846282958984375 60.890239715576171875 59.408847808837890625 57.9493408203125 56.52529144287109375 55.1551361083984375 53.861263275146484375 52.664806365966796875 51.580005645751953125 50.61066436767578125 49.7484893798828125 48.97457122802734375 48.259235382080078125 47.562999725341796875 46.837657928466796875 46.01839447021484375 45.010684967041015625 43.660655975341796875 41.77542877197265625 39.18590545654296875 35.943218231201171875 32.29209136962890625 28.448049545288085938 24.559412002563476562 20.7928466796875 17.3498382568359375 14.442625999450683594 12.20355224609375 10.391031265258789062 8.928478240966796875 7.7178454399108886719 6.6870913505554199219 5.7907657623291015625 5.0029234886169433594 4.3080682754516601562 3.6954474449157714844 3.1562216281890869141 2.683193206787109375 2.2712426185607910156 1.9175417423248291016 1.6217725276947021484 1.3856526613235473633 1.2118536233901977539 1.1027312278747558594 1.0592749118804931641 1.0806843042373657227 1.1642051935195922852 1.305507659912109375 1.4992722272872924805 1.7395386695861816406 2.0201716423034667969 2.3352339267730712891 2.6796028614044189453 3.0492448806762695312 3.4411292076110839844 3.8527727127075195312 4.2817859649658203125 4.7255792617797851562 5.1811509132385253906 5.6449990272521972656 6.1130828857421875 6.5809149742126464844 7.0435996055603027344 7.4959187507629394531 7.9322967529296875 -1e100 -1e100 -1e100 -1e100
 -1e100 -1e100 -1e100 -1e100 -1e100 -1e100 -1e100 -1e100 -1e100 -1e100 -1e100 -1e100 -1e100 -1e100 -1e100 -1e100 -1e100 -1e100 -1e100 -1e100 -1e100 -1e100 -1e100 -1e100 -1e100 -1e100 -1e100 -1e100 -1e100 -1e100 -1e100 -1e100 -1e100 -1e100 -1e100 -1e100 -1e100 -1e100 -1e100 -1e100 -1e100 -1e100 -1e100 -1e100 -1e100 -1e100 -1e100 -1e100 -1e100 -1e100 -1e100 -1e100 -1e100 -1e100 -1e100 -1e100 -1e100 -1e100 133.925750732421875 133.01953125 131.9862213134765625 130.82415771484375 129.5332183837890625 128.114959716796875 126.5728759765625 124.9124755859375 123.1412506103515625 121.2684783935546875 119.3050537109375 117.2631378173828125 115.15575408935546875 112.99593353271484375 110.796295166015625 108.5684051513671875 106.32276153564453125 104.06861114501953125 101.81400299072265625 99.56601715087890625 97.33097076416015625 95.11492919921875 92.92365264892578125 90.76258087158203125 88.63623809814453125 86.5480804443359375 84.5002593994140625 82.49390411376953125 80.5297088623046875 78.608123779296875 76.7296295166015625 74.8946075439453125 73.10330963134765625 71.3553619384765625 69.6494140625 67.98284149169921875 66.35173797607421875 64.75157928466796875 63.177921295166015625 61.627536773681640625 60.098941802978515625 58.593017578125 57.113002777099609375 55.665332794189453125 54.26220703125 52.922695159912109375 51.67082977294921875 50.528961181640625 49.5122222900390625 48.625720977783203125 47.863292694091796875 47.20986175537109375 46.64147186279296875 46.127010345458984375 45.6275177001953125 45.08538055419921875 44.39947509765625 43.37978363037109375 41.74147796630859375 39.18233489990234375 35.809665679931640625 31.966693878173828125 27.907201766967773438 23.7856903076171875 19.77509307861328125 16.0865478515625 12.996433258056640625 10.895528793334960938 9.1632890701293945312 7.7845258712768554688 6.6478137969970703125 5.6885023117065429688 4.8649911880493164062 4.1534695625305175781 3.5374720096588134766 3.0039696693420410156 2.5413408279418945312 2.1401600837707519531 1.7939127683639526367 1.4991587400436401367 1.2554540634155273438 1.0645787715911865234 0.92922210693359375 0.85161674022674560547 0.83259463310241699219 0.87130725383758544922 0.96520262956619262695 1.110440373420715332 1.3024306297302246094 1.5361291170120239258 1.8064548969268798828 2.108612060546875 2.4385523796081542969 2.7930619716644287109 3.1696124076843261719 3.5659635066986083984 3.9798080921173095703 4.40856170654296875 4.8491973876953125 5.2982001304626464844 5.7515444755554199219 6.2048101425170898438 6.6532182693481445312 7.0917229652404785156 7.5149846076965332031 7.917491912841796875 -1e100 -1e100 -1e100
 -1e100 -1e100 -1e100 -1e100 -1e100 -1e100 -1e100 -1e100 -1e100 -1e100 -1e100 -1e100 -1e100 -1e100 -1e100 -1e100 -1e100 -1e100 -1e100 -1e100 -1e100 -1e100 -1e100 -1e100 -1e100 -1e100 -1e100 -1e100 -1e100 -1e100 -1e100 -1e100 -1e100 -1e100 -1e100 -1e100 -1e100 -1e100 -1e100 -1e100 -1e100 -1e100 -1e100 -1e100 -1e100 -1e100 -1e100 -1e100 -1e100 -1e100 -1e100 -1e100 -1e100 -1e100 -1e100 -1e100 -1e100 -1e100 138.470184326171875 137.5204010009765625 136.4342193603515625 135.2098541259765625 133.846954345703125 132.3467864990234375 130.712432861328125 128.94891357421875 127.06308746337890625 125.063568115234375 122.960540771484375 120.76546478271484375 118.49078369140625 116.1490936279296875 113.7528228759765625 111.31363677978515625 108.8424072265625 106.34912109375 103.8428802490234375 101.3321380615234375 98.8248748779296875 96.329010009765625 93.852325439453125 91.4025421142578125 88.9867095947265625 86.61114501953125 84.281097412109375 82.0009002685546875 79.7743377685546875 77.60474395751953125 75.4951171875 73.44785308837890625 71.464630126953125 69.54582977294921875 67.6902618408203125 65.894927978515625 64.1553192138671875 62.466217041015625 60.822475433349609375 59.22006988525390625 57.656219482421875 56.129734039306640625 54.64058685302734375 53.191532135009765625 51.792377471923828125 50.463069915771484375 49.22927093505859375 48.1135406494140625 47.131072998046875 46.287921905517578125 45.580631256103515625 44.999553680419921875 44.52838134765625 44.14728546142578125 43.828784942626953125 43.5290374755859375 43.151721954345703125 42.498310089111328125 41.2021026611328125 38.70578765869140625 35.225254058837890625 31.231777191162109375 27.033782958984375 22.772779464721679688 18.612722396850585938 14.736462593078613281 11.4543304443359375 9.4384822845458984375 7.9143815040588378906 6.668605804443359375 5.63056182861328125 4.753894805908203125 4.0105996131896972656 3.3802576065063476562 2.8462209701538085938 2.3926548957824707031 2.0054533481597900391 1.6734104156494140625 1.3892273902893066406 1.1493735313415527344 0.95364350080490112305 0.80408066511154174805 0.70346188545227050781 0.6539402008056640625 0.65622854232788085938 0.70947551727294921875 0.81136077642440795898 0.95855802297592163086 1.1471785306930541992 1.3730527162551879883 1.6320832967758178711 1.9205241203308105469 2.2352998256683349609 2.5739457607269287109 2.9344224929809570312 3.3147513866424560547 3.7127466201782226562 4.1258573532104492188 4.5510492324829101562 4.9847989082336425781 5.4230947494506835938 5.8615756034851074219 6.2955698966979980469 6.7201948165893554688 7.1303381919860839844 7.5207929611206054688 -1e100 -1e100 -1e100
 -1e100 -1e100 -1e100 -1e100 -1e100 -1e100 -1e100 -1e100 -1e100 -1e100 -1e100 -1e100 -1e100 -1e100 -1e100 -1e100 -1e100 -1e100 -1e100 -1e100 -1e100 -1e100 -1e100 -1e100 -1e100 -1e100 -1e100 -1e100 -1e100 -1e100 -1e100 -1e100 -1e100 -1e100 -1e100 -1e100 -1e100 -1e100 -1e100 -1e100 -1e100 -1e100 -1e100 -1e100 -1e100 -1e100 -1e100 -1e100 -1e100 -1e100 -1e100 -1e100 -1e100 -1e100 -1e100 -1e100 -1e100 -1e100 -1e100 142.1362152099609375 140.9974517822265625 139.710540771484375 138.27484130859375 136.6912689208984375 134.9624786376953125 133.0929718017578125 131.0889892578125 128.958465576171875 126.7109222412109375 124.3571624755859375 121.90909576416015625 119.3789215087890625 116.77889251708984375 114.12078094482421875 111.41588592529296875 108.6749114990234375 105.9080352783203125 103.1251373291015625 100.33588409423828125 97.5501556396484375 94.77793121337890625 92.02935028076171875 89.3141632080078125 86.64168548583984375 84.0202789306640625 81.457489013671875 78.9601593017578125 76.53441619873046875 74.18569183349609375 71.9182891845703125 69.7352142333984375 67.63753509521484375 65.62418365478515625 63.6918487548828125 61.835475921630859375 60.049205780029296875 58.327190399169921875 56.664440155029296875 55.05678558349609375 53.50077056884765625 51.992603302001953125 50.529346466064453125 49.115467071533203125 47.772792816162109375 46.528705596923828125 45.404937744140625 44.416015625 43.568523406982421875 42.86223602294921875 42.29364013671875 41.855579376220703125 41.538570404052734375 41.325435638427734375 41.17855072021484375 41.01145172119140625 40.66292572021484375 39.8227691650390625 37.421550750732421875 33.896724700927734375 29.912446975708007812 25.732196807861328125 21.503248214721679688 17.4040679931640625 13.655353546142578125 10.572581291198730469 8.4477176666259765625 6.8999357223510742188 5.6946139335632324219 4.71910858154296875 3.9141321182250976562 3.2488379478454589844 2.6998734474182128906 2.2472376823425292969 1.8712404966354370117 1.5554132461547851562 1.2872942686080932617 1.0594311952590942383 0.86867773532867431641 0.71540749073028564453 0.60210078954696655273 0.53164732456207275391 0.50612097978591918945 0.52613615989685058594 0.59084820747375488281 0.69817328453063964844 0.84526461362838745117 1.0288926362991333008 1.2456928491592407227 1.4924813508987426758 1.7664750814437866211 2.0654771327972412109 2.3877060413360595703 2.7315773963928222656 3.0953781604766845703 3.4770567417144775391 3.8741090297698974609 4.2835049629211425781 4.7017188072204589844 5.1247572898864746094 5.5483174324035644531 5.9678316116333007812 6.3785748481750488281 6.7756571769714355469 7.1541686058044433594 -1e100 -1e100 -1e100
 -1e100 -1e100 -1e100 -1e100 -1e100 -1e100 -1e100 -1e100 -1e100 -1e100 -1e100 -1e100 -1e100 -1e100 -1e100 -1e100 -1e100 -1e100 -1e100 -1e100 -1e100 -1e100 -1e100 -1e100 -1e100 -1e100 -1e100 -1e100 -1e100 -1e100 -1e100 -1e100 -1e100 -1e100 -1e100 -1e100 -1e100 -1e100 -1e100 -1e100 -1e100 -1e100 -1e100 -1e100 -1e100 -1e100 -1e100 -1e100 -1e100 -1e100 -1e100 -1e100 -1e100 -1e100 -1e100 -1e100 -1e100 -1e100 -1e100 146.8609161376953125 145.6699676513671875 144.3203887939453125 142.8112030029296875 141.1429595947265625 139.317840576171875 137.33978271484375 135.2144317626953125 132.949066162109375 130.55255126953125 128.035064697265625 125.4079742431640625 122.683135986328125 119.87264251708984375 116.9883880615234375 114.0420989990234375 111.04522705078125 108.00904083251953125 104.94486236572265625 101.86412811279296875 98.77878570556640625 95.70111846923828125 92.6438751220703125 89.6196441650390625 86.64084625244140625 83.7190399169921875 80.86495208740234375 78.08847808837890625 75.39850616455078125 72.80283355712890625 70.30759429931640625 67.91704559326171875 65.6329345703125 63.4542999267578125 61.377544403076171875 59.397064208984375 57.5062713623046875 55.69842529296875 53.9673919677734375 52.307621002197265625 50.713958740234375 49.179248809814453125 47.69281768798828125 46.2451019287109375 44.862033843994140625 43.57608795166015625 42.407070159912109375 41.3676910400390625 40.46454620361328125 39.701084136962890625 39.080661773681640625 38.606060028076171875 38.2768096923828125 38.080097198486328125 37.9671630859375 37.838718414306640625 37.529850006103515625 36.66770172119140625 34.587406158447265625 31.509672164916992188 27.8621063232421875 23.921167373657226562 19.91194915771484375 16.0454254150390625 12.564454078674316406 9.7062730789184570312 7.5812311172485351562 6.0124797821044921875 4.8253879547119140625 3.8989329338073730469 3.1635751724243164062 2.5781254768371582031 2.1127009391784667969 1.7410963773727416992 1.4397654533386230469 1.1902093887329101562 0.97972989082336425781 0.80142372846603393555 0.6530640721321105957 0.53595304489135742188 0.45327925682067871094 0.40806502103805541992 0.40227019786834716797 0.4363930821418762207 0.50958073139190673828 0.6199169158935546875 0.76497989892959594727 0.94212961196899414062 1.1487395763397216797 1.3824785947799682617 1.6414476633071899414 1.9242432117462158203 2.2297005653381347656 2.5566601753234863281 2.9036588668823242188 3.2687790393829345703 3.6495659351348876953 4.0429997444152832031 4.4455585479736328125 4.8532719612121582031 5.2618994712829589844 5.6669783592224121094 6.0639390945434570312 6.4481105804443359375 6.8148713111877441406 -1e100 -1e100 -1e100
 -1e100 -1e100 -1e100 -1e100 -1e100 -1e100 -1e100 -1e100 -1e100 -1e100 -1e100 -1e100 -1e100 -1e100 -1e100 -1e100 -1e100 -1e100 -1e100 -1e100 -1e100 -1e100 -1e100 -1e100 -1e100 -1e100 -1e100 -1e100 -1e100 -1e100 -1e100 -1e100 -1e100 -1e100 -1e100 -1e100 -1e100 -1e100 -1e100 -1e100 -1e100 -1e100 -1e100 -1e100 -1e100 -1e100 -1e100 -1e100 -1e100 -1e100 -1e100 -1e100 -1e100 -1e100 -1e100 -1e100 -1e100 -1e100 -1e100 -1e100 150.4459381103515625 149.0338897705078125 147.4509124755859375 145.6971282958984375 143.7742156982421875 141.6855621337890625 139.4362030029296875 137.0327301025390625 134.483367919921875 131.797698974609375 128.9865570068359375 126.06146240234375 123.0343475341796875 119.9172515869140625 116.72232818603515625 113.46178436279296875 110.14801025390625 106.79381561279296875 103.4124603271484375 100.01806640625 96.6253662109375 93.249847412109375 89.9071044921875 86.61275482177734375 83.381622314453125 80.22766876220703125 77.16382598876953125 74.201751708984375 71.3515625 68.62120819091796875 66.01621246337890625 63.53900146484375 61.18874359130859375 58.9615325927734375 56.851085662841796875 54.849853515625 52.949832916259765625 51.143329620361328125 49.423366546630859375 47.78386688232421875 46.219432830810546875 44.703151702880859375 43.197864532470703125 41.750980377197265625 40.394428253173828125 39.145732879638671875 38.0145111083984375 37.007656097412109375 36.133068084716796875 35.402851104736328125 34.83135223388671875 34.430633544921875 34.19207763671875 34.063823699951171875 33.94098663330078125 33.645610809326171875 32.785923004150390625 31.018815994262695312 28.394971847534179688 25.160379409790039062 21.586660385131835938 17.927076339721679688 14.40650177001953125 11.246900558471679688 8.6294775009155273438 6.6109113693237304688 5.0997304916381835938 3.9725222587585449219 3.1209928989410400391 2.4735307693481445312 1.9812343120574951172 1.6070859432220458984 1.3191595077514648438 1.0906903743743896484 0.90261656045913696289 0.74341946840286254883 0.60783761739730834961 0.49506840109825134277 0.40765821933746337891 0.3498649299144744873 0.3249651789665222168 0.33478811383247375488 0.37967652082443237305 0.45865803956985473633 0.5698865056037902832 0.71128702163696289062 0.88072967529296875 1.0762614011764526367 1.2963556051254272461 1.5399332046508789062 1.8063086271286010742 2.0948812961578369141 2.404876708984375 2.7350618839263916016 3.0836367607116699219 3.4481914043426513672 3.8257153034210205078 4.2126955986022949219 4.6051936149597167969 4.9990372657775878906 5.3898730278015136719 5.773288726806640625 6.1448264122009277344 6.5001444816589355469 -1e100 -1e100 -1e100
 -1e100 -1e100 -1e100 -1e100 -1e100 -1e100 -1e100 -1e100 -1e100 -1e100 -1e100 -1e100 -1e100 -1e100 -1e100 -1e100 -1e100 -1e100 -1e100 -1e100 -1e100 -1e100 -1e100 -1e100 -1e100 -1e100 -1e100 -1e100 -1e100 -1e100 -1e100 -1e100 -1e100 -1e100 -1e100 -1e100 -1e100 -1e100 -1e100 -1e100 -1e100 -1e100 -1e100 -1e100 -1e100 -1e100 -1e100 -1e100 -1e100 -1e100 -1e100 -1e100 -1e100 -1e100 -1e100 -1e100 -1e100 -1e100 -1e100 -1e100 155.3198089599609375 153.8459320068359375 152.189361572265625 150.3497314453125 148.3282012939453125 146.1275787353515625 143.7522430419921875 141.208160400390625 138.502838134765625 135.6452789306640625 132.6457977294921875 129.5155487060546875 126.2663421630859375 122.91033172607421875 119.46012115478515625 115.928680419921875 112.329559326171875 108.67705535888671875 104.98636627197265625 101.27387237548828125 97.55689239501953125 93.8538055419921875 90.183349609375 86.56443023681640625 83.0152435302734375 79.55303955078125 76.19384765625 72.95211029052734375 69.84029388427734375 66.86822509765625 64.0427398681640625 61.36699676513671875 58.8403167724609375 56.45839691162109375 54.214084625244140625 52.0984954833984375 50.10186004638671875 48.214153289794921875 46.426044464111328125 44.729824066162109375 43.1148223876953125 41.562442779541015625 39.987926483154296875 38.464481353759765625 37.01909637451171875 35.66484832763671875 34.408847808837890625 33.25958251953125 32.230865478515625 31.345577239990234375 30.632465362548828125 30.120344161987304688 29.811428070068359375 29.657144546508789062 29.54001617431640625 29.248172760009765625 28.476837158203125 26.976892471313476562 24.732046127319335938 21.915754318237304688 18.765798568725585938 15.523126602172851562 12.402035713195800781 9.5993251800537109375 7.2639360427856445312 5.4369635581970214844 4.0659313201904296875 3.061794281005859375 2.3334736824035644531 1.8082611560821533203 1.4324336051940917969 1.1639925241470336914 0.96650940179824829102 0.81151890754699707031 0.68129998445510864258 0.56765449047088623047 0.46855592727661132812 0.38519424200057983398 0.32142484188079833984 0.28294357657432556152 0.27357912063598632812 0.29513779282569885254 0.34777531027793884277 0.43025267124176025391 0.5406411290168762207 0.67712628841400146484 0.83799314498901367188 1.0218856334686279297 1.2280420064926147461 1.4561526775360107422 1.7061883211135864258 1.9780588150024414062 2.2713363170623779297 2.584987640380859375 2.9173107147216796875 3.2659268379211425781 3.6278319358825683594 3.9995269775390625 4.3771157264709472656 4.7565026283264160156 5.1334490776062011719 5.5037026405334472656 5.8630161285400390625 6.2073168754577636719 6.5328183174133300781 -1e100 -1e100
 -1e100 -1e100 -1e100 -1e100 -1e100 -1e100 -1e100 -1e100 -1e100 -1e100 -1e100 -1e100 -1e100 -1e100 -1e100 -1e100 -1e100 -1e100 -1e100 -1e100 -1e100 -1e100 -1e100 -1e100 -1e100 -1e100 -1e100 -1e100 -1e100 -1e100 -1e100 -1e100 -1e100 -1e100 -1e100 -1e100 -1e100 -1e100 -1e100 -1e100 -1e100 -1e100 -1e100 -1e100 -1e100 -1e100 -1e100 -1e100 -1e100 -1e100 -1e100 -1e100 -1e100 -1e100 -1e100 -1e100 -1e100 -1e100 -1e100 -1e100 160.2862548828125 158.751800537109375 157.0224761962890625 155.0974273681640625 152.9772491455078125 150.66412353515625 148.1617431640625 145.47540283203125 142.6119232177734375 139.579681396484375 136.388458251953125 133.0490264892578125 129.5730743408203125 125.972869873046875 122.261444091796875 118.45256805419921875 114.56092071533203125 110.6024017333984375 106.5941619873046875 102.55496978759765625 98.504852294921875 94.465240478515625 90.45812225341796875 86.505859375 82.630096435546875 78.85150909423828125 75.18927764892578125 71.6607208251953125 68.28076934814453125 65.06121063232421875 62.01032257080078125 59.132083892822265625 56.4259796142578125 53.88721466064453125 51.50749969482421875 49.27628326416015625 47.18132781982421875 45.20960235595703125 43.34801483154296875 41.584560394287109375 39.898296356201171875 38.2646484375 36.637371063232421875 35.042446136474609375 33.50298309326171875 32.0286712646484375 30.62703704833984375 29.30998992919921875 28.098876953125 27.028484344482421875 26.143945693969726562 25.493143081665039062 25.094404220581054688 24.903482437133789062 24.789836883544921875 24.531856536865234375 23.864652633666992188 22.589460372924804688 20.681470870971679688 18.269582748413085938 15.554401397705078125 12.747613906860351562 10.040715217590332031 7.610271453857421875 5.5908055305480957031 4.0171556472778320312 2.8592531681060791016 2.0476229190826416016 1.4979243278503417969 1.1360070705413818359 0.90616053342819213867 0.76307523250579833984 0.66718685626983642578 0.58911478519439697266 0.51441162824630737305 0.44077464938163757324 0.37200096249580383301 0.31238949298858642578 0.26693284511566162109 0.24269355833530426025 0.24437697231769561768 0.27408704161643981934 0.33186012506484985352 0.41597235202789306641 0.52423942089080810547 0.65499734878540039062 0.8068510890007019043 0.97896724939346313477 1.1712908744812011719 1.3842297792434692383 1.618361353874206543 1.8740606307983398438 2.1512038707733154297 2.4489243030548095703 2.7655909061431884766 3.0988395214080810547 3.4456691741943359375 3.8026006221771240234 4.165790557861328125 4.5312318801879882812 4.8948106765747070312 5.2524371147155761719 5.6000733375549316406 5.9339032173156738281 6.2504510879516601562 -1e100 -1e100
 -1e100 -1e100 -1e100 -1e100 -1e100 -1e100 -1e100 -1e100 -1e100 -1e100 -1e100 -1e100 -1e100 -1e100 -1e100 -1e100 -1e100 -1e100 -1e100 -1e100 -1e100 -1e100 -1e100 -1e100 -1e100 -1e100 -1e100 -1e100 -1e100 -1e100 -1e100 -1e100 -1e100 -1e100 -1e100 -1e100 -1e100 -1e100 -1e100 -1e100 -1e100 -1e100 -1e100 -1e100 -1e100 -1e100 -1e100 -1e100 -1e100 -1e100 -1e100 -1e100 -1e100 -1e100 -1e100 -1e100 -1e100 -1e100 -1e100 -1e100 -1e100 163.7471923828125 161.94677734375 159.9376220703125 157.7196807861328125 155.2944793701171875 152.6650238037109375 149.8358306884765625 146.8130645751953125 143.6043853759765625 140.21905517578125 136.6674346923828125 132.9610443115234375 129.112274169921875 125.13457489013671875 121.04248809814453125 116.8518829345703125 112.5802459716796875 108.2468109130859375 103.872802734375 99.481109619140625 95.09633636474609375 90.74387359619140625 86.4496917724609375 82.239044189453125 78.13614654541015625 74.16349029541015625 70.341400146484375 66.68741607666015625 63.21544647216796875 59.935394287109375 56.85216522216796875 53.965435028076171875 51.269840240478515625 48.7557220458984375 46.41042327880859375 44.218685150146484375 42.16375732421875 40.227813720703125 38.39189910888671875 36.632266998291015625 34.9209747314453125 33.228565216064453125 31.559045791625976562 29.921110153198242188 28.320280075073242188 26.764636993408203125 25.270376205444335938 23.867038726806640625 22.60169219970703125 21.536174774169921875 20.73741912841796875 20.2390594482421875 20.001956939697265625 19.885931015014648438 19.666387557983398438 19.1035614013671875 18.030031204223632812 16.424343109130859375 14.39038848876953125 12.091359138488769531 9.7026414871215820312 7.3891634941101074219 5.3143777847290039062 3.6292703151702880859 2.358867645263671875 1.4803931713104248047 0.9219118952751159668 0.59800100326538085938 0.43713101744651794434 0.38313004374504089355 0.38761302828788757324 0.40840131044387817383 0.413730621337890625 0.39273348450660705566 0.35244104266166687012 0.30733329057693481445 0.26559877395629882812 0.23342242836952209473 0.21874313056468963623 0.22730872035026550293 0.26196610927581787109 0.32277849316596984863 0.4072380363941192627 0.51268905401229858398 0.63744807243347167969 0.7803242802619934082 0.9409859776496887207 1.1200301647186279297 1.3185164928436279297 1.5375835895538330078 1.7780252695083618164 2.0399792194366455078 2.3227081298828125 2.6246218681335449219 2.9433534145355224609 3.2759003639221191406 3.6188106536865234375 3.9683067798614501953 4.3204855918884277344 4.6713666915893554688 5.0170316696166992188 5.3536496162414550781 5.6776499748229980469 5.9858493804931640625 -1e100 -1e100
 -1e100 -1e100 -1e100 -1e100 -1e100 -1e100 -1e100 -1e100 -1e100 -1e100 -1e100 -1e100 -1e100 -1e100 -1e100 -1e100 -1e100 -1e100 -1e100 -1e100 -1e100 -1e100 -1e100 -1e100 -1e100 -1e100 -1e100 -1e100 -1e100 -1e100 -1e100 -1e100 -1e100 -1e100 -1e100 -1e100 -1e100 -1e100 -1e100 -1e100 -1e100 -1e100 -1e100 -1e100 -1e100 -1e100 -1e100 -1e100 -1e100 -1e100 -1e100 -1e100 -1e100 -1e100 -1e100 -1e100 -1e100 -1e100 -1e100 -1e100 -1e100 168.8282318115234375 166.959320068359375 164.86834716796875 162.55462646484375 160.0189361572265625 157.263519287109375 154.2921295166015625 151.1101531982421875 147.7245330810546875 144.1439361572265625 140.3782958984375 136.438934326171875 132.3383026123046875 128.09027099609375 123.7101287841796875 119.21492767333984375 114.62381744384765625 109.9581298828125 105.24170684814453125 100.5003662109375 95.76206207275390625 91.0557708740234375 86.4112396240234375 81.8575286865234375 77.42255401611328125 73.1323089599609375 69.01029205322265625 65.07686614990234375 61.348293304443359375 57.8362884521484375 54.546848297119140625 51.479930877685546875 48.629558563232421875 45.984531402587890625 43.52971649169921875 41.246410369873046875 39.11360931396484375 37.108341217041015625 35.205585479736328125 33.378200531005859375 31.597650527954101562 29.83853912353515625 28.092061996459960938 26.356287002563476562 24.6324615478515625 22.929264068603515625 21.267452239990234375 19.684900283813476562 18.240900039672851562 17.01259613037109375 16.082408905029296875 15.493737220764160156 15.208881378173828125 15.082630157470703125 14.889626502990722656 14.410686492919921875 13.505367279052734375 12.160161972045898438 10.462228775024414062 8.5389003753662109375 6.5259261131286621094 4.5538592338562011719 2.7740714550018310547 1.4410202503204345703 0.53014189004898071289      0      0      0      0      0 0.025324281305074691772 0.18107810616493225098 0.28156560659408569336 0.31081435084342956543 0.29053518176078796387 0.26206803321838378906 0.23260958492755889893 0.20896062254905700684 0.19955177605152130127 0.21116141974925994873 0.24804992973804473877 0.31071713566780090332 0.39542415738105773926 0.49837610125541687012 0.61744356155395507812 0.75182801485061645508 0.90181928873062133789 1.0685981512069702148 1.2537996768951416016 1.459065556526184082 1.6855580806732177734 1.9336323738098144531 2.2026429176330566406 2.4910094738006591797 2.7963435649871826172 3.1156373023986816406 3.4454724788665771484 3.7821545600891113281 4.1219015121459960938 4.4608821868896484375 4.7953586578369140625 5.1217093467712402344 5.4365987777709960938 5.7371048927307128906 -1e100 -1e100
 -1e100 -1e100 -1e100 -1e100 -1e100 -1e100 -1e100 -1e100 -1e100 -1e100 -1e100 -1e100 -1e100 -1e100 -1e100 -1e100 -1e100 -1e100 -1e100 -1e100 -1e100 -1e100 -1e100 -1e100 -1e100 -1e100 -1e100 -1e100 -1e100 -1e100 -1e100 -1e100 -1e100 -1e100 -1e100 -1e100 -1e100 -1e100 -1e100 -1e100 -1e100 -1e100 -1e100 -1e100 -1e100 -1e100 -1e100 -1e100 -1e100 -1e100 -1e100 -1e100 -1e100 -1e100 -1e100 -1e100 -1e100 -1e100 -1e100 -1e100 -1e100 173.9915008544921875 172.0577392578125 169.8884124755859375 167.482086181640625 164.8387603759765625 161.959869384765625 158.848297119140625 155.5085906982421875 151.9469146728515625 148.1712799072265625 144.191131591796875 140.017547607421875 135.6629791259765625 131.141693115234375 126.46965789794921875 121.6651458740234375 116.74895477294921875 111.74460601806640625 106.6786041259765625 101.5798797607421875 96.47988128662109375 91.4113922119140625 86.4081268310546875 81.503173828125 76.72835540771484375 72.1133880615234375 67.68518829345703125 63.467189788818359375 59.478282928466796875 55.73223876953125 52.236347198486328125 48.9909820556640625 45.989566802978515625 43.219234466552734375 40.662113189697265625 38.295684814453125 36.09420013427734375 34.029125213623046875 32.07032012939453125 30.187143325805664062 28.34899139404296875 26.52947998046875 24.712514877319335938 22.889408111572265625 21.058864593505859375 19.23096466064453125 17.4314422607421875 15.706577301025390625 14.12683868408203125 12.781263351440429688 11.75962066650390625 11.103255271911621094 10.77050018310546875 10.615396499633789062 10.419115066528320312 9.987697601318359375 9.203853607177734375 8.0640707015991210938 6.6457853317260742188 5.0457530021667480469 3.3600180149078369141 1.6629912853240966797 0.13500429689884185791      0      0      0      0      0      0      0      0      0 0.16925232112407684326 0.23131841421127319336 0.23196685314178466797 0.2177012711763381958 0.19742736220359802246 0.17926990985870361328 0.17203609645366668701 0.18341811001300811768 0.22061967849731445312 0.28584703803062438965 0.37255048751831054688 0.47430664300918579102 0.58863085508346557617 0.71555119752883911133 0.85612374544143676758 1.0120853185653686523 1.1855863332748413086 1.3787094354629516602 1.592929840087890625 1.8287738561630249023 2.0856478214263916016 2.3619501590728759766 2.6552491188049316406 2.9625263214111328125 3.2804055213928222656 3.6052944660186767578 3.9335525035858154297 4.2615184783935546875 4.5856461524963378906 4.9025292396545410156 5.2090649604797363281 5.5025677680969238281 -1e100 -1e100
 -1e100 -1e100 -1e100 -1e100 -1e100 -1e100 -1e100 -1e100 -1e100 -1e100 -1e100 -1e100 -1e100 -1e100 -1e100 -1e100 -1e100 -1e100 -1e100 -1e100 -1e100 -1e100 -1e100 -1e100 -1e100 -1e100 -1e100 -1e100 -1e100 -1e100 -1e100 -1e100 -1e100 -1e100 -1e100 -1e100 -1e100 -1e100 -1e100 -1e100 -1e100 -1e100 -1e100 -1e100 -1e100 -1e100 -1e100 -1e100 -1e100 -1e100 -1e100 -1e100 -1e100 -1e100 -1e100 -1e100 -1e100 -1e100 -1e100 -1e100 -1e100 -1e100 177.24017333984375 174.9972076416015625 172.5028533935546875 169.7562255859375 166.757843017578125 163.5096435546875 160.0152587890625 156.279998779296875 152.311126708984375 148.117523193359375 143.709930419921875 139.1007843017578125 134.3045654296875 129.3379669189453125 124.2203826904296875 118.97429656982421875 113.62546539306640625 108.20314788818359375 102.73954010009765625 97.26978302001953125 91.83065032958984375 86.46012115478515625 81.19550323486328125 76.07282257080078125 71.12574005126953125 66.38491058349609375 61.87712860107421875 57.6242218017578125 53.642314910888671875 49.940235137939453125 46.518932342529296875 43.37127685546875 40.482646942138671875 37.832187652587890625 35.3932342529296875 33.134967803955078125 31.023212432861328125 29.022836685180664062 27.099102020263671875 25.218578338623046875 23.352586746215820312 21.480693817138671875 19.591028213500976562 17.682088851928710938 15.76677703857421875 13.876247406005859375 12.064578056335449219 10.410994529724121094 9.0093669891357421875 7.9417119026184082031 7.2342505455017089844 6.8356828689575195312 6.6172518730163574219 6.378570556640625 5.9543666839599609375 5.2420544624328613281 4.2507681846618652344 3.0522408485412597656 1.7221163511276245117 0.32710680365562438965      0      0      0      0      0      0      0      0      0      0      0      0 0.10447677969932556152 0.14075653254985809326 0.1463299095630645752 0.13805018365383148193 0.12702643871307373047 0.12201128900051116943 0.13150012493133544922 0.16896921396255493164 0.24037578701972961426 0.332561492919921875 0.43477815389633178711 0.54583024978637695312 0.66681808233261108398 0.79963004589080810547 0.94657593965530395508 1.1102999448776245117 1.2932628393173217773 1.4971971511840820312 1.722747802734375 1.9693306684494018555 2.2352843284606933594 2.5181102752685546875 2.8147730827331542969 3.1219470500946044922 3.4361641407012939453 3.7539501190185546875 4.0718364715576171875 4.3864870071411132812 4.6947202682495117188 4.9936609268188476562 5.2808408737182617188 -1e100 -1e100
 -1e100 -1e100 -1e100 -1e100 -1e100 -1e100 -1e100 -1e100 -1e100 -1e100 -1e100 -1e100 -1e100 -1e100 -1e100 -1e100 -1e100 -1e100 -1e100 -1e100 -1e100 -1e100 -1e100 -1e100 -1e100 -1e100 -1e100 -1e100 -1e100 -1e100 -1e100 -1e100 -1e100 -1e100 -1e100 -1e100 -1e100 -1e100 -1e100 -1e100 -1e100 -1e100 -1e100 -1e100 -1e100 -1e100 -1e100 -1e100 -1e100 -1e100 -1e100 -1e100 -1e100 -1e100 -1e100 -1e100 -1e100 -1e100 -1e100 -1e100 -1e100 -1e100 182.5053863525390625 180.1949462890625 177.6186370849609375 174.7746429443359375 171.66241455078125 168.28289794921875 164.638671875 160.73406982421875 156.5755157470703125 152.171234130859375 147.531524658203125 142.668609619140625 137.5972137451171875 132.3345489501953125 126.9011383056640625 121.3211212158203125 115.6225128173828125 109.83745574951171875 104.001556396484375 98.15386199951171875 92.33538818359375 86.588623046875 80.9553985595703125 75.4762115478515625 70.18901824951171875 65.12851715087890625 60.325252532958984375 55.804347991943359375 51.584598541259765625 47.676624298095703125 44.082149505615234375 40.79354095458984375 37.794361114501953125 35.06056976318359375 32.561031341552734375 30.259611129760742188 28.116390228271484375 26.0909881591796875 24.144287109375 22.239793777465820312 20.346529006958007812 18.44193267822265625 16.513769149780273438 14.562569618225097656 12.605279922485351562 10.678449630737304688 8.8426084518432617188 7.180706024169921875 5.7794337272644042969 4.6984429359436035156 3.9323551654815673828 3.4189739227294921875 3.0819544792175292969 2.7653501033782958984 2.3382432460784912109 1.6596233844757080078 0.76888710260391235352 -1e100 -1e100 -1e100 -1e100 -1e100 -1e100 -1e100 -1e100 -1e100 -1e100 -1e100 -1e100 -1e100 -1e100 -1e100 -1e100      0 0.015664357692003250122 0.030275497585535049438 0.034953519701957702637 0.038532812148332595825 0.048776570707559585571 0.09133634716272354126 0.17468491196632385254 0.27290007472038269043 0.37640962004661560059 0.4854983985424041748 0.60221654176712036133 0.72916531562805175781 0.86916458606719970703 1.0253021717071533203 1.2003481388092041016 1.3962286710739135742 1.6136507987976074219 1.8519911766052246094 2.1094868183135986328 2.3835461139678955078 2.6711077690124511719 2.9689097404479980469 3.2736318111419677734 3.5819945335388183594 3.8907480239868164062 4.1967859268188476562 4.4971637725830078125 4.7892408370971679688 5.0707573890686035156 -1e100 -1e100
 -1e100 -1e100 -1e100 -1e100 -1e100 -1e100 -1e100 -1e100 -1e100 -1e100 -1e100 -1e100 -1e100 -1e100 -1e100 -1e100 -1e100 -1e100 -1e100 -1e100 -1e100 -1e100 -1e100 -1e100 -1e100 -1e100 -1e100 -1e100 -1e100 -1e100 -1e100 -1e100 -1e100 -1e100 -1e100 -1e100 -1e100 -1e100 -1e100 -1e100 -1e100 -1e100 -1e100 -1e100 -1e100 -1e100 -1e100 -1e100 -1e100 -1e100 -1e100 -1e100 -1e100 -1e100 -1e100 -1e100 -1e100 -1e100 -1e100 -1e100 -1e100 -1e100 -1e100 185.48248291015625 182.8319854736328125 179.898284912109375 176.67974853515625 173.1761322021484375 169.388824462890625 165.3210906982421875 160.9783935546875 156.36810302734375 151.4999237060546875 146.3857574462890625 141.0403594970703125 135.481414794921875 129.7304229736328125 123.81316375732421875 117.7599639892578125 111.60595703125 105.39029693603515625 99.15618896484375 92.9491424560546875 86.81645965576171875 80.80481719970703125 74.9595184326171875 69.3231964111328125 63.9350128173828125 58.82967376708984375 54.035976409912109375 49.57575225830078125 45.46170806884765625 41.696514129638671875 38.272113800048828125 35.170177459716796875 32.363300323486328125 29.815601348876953125 27.485382080078125 25.32684326171875 23.294141769409179688 21.343606948852539062 19.43553924560546875 17.537126541137695312 15.62522125244140625 13.689269065856933594 11.733324050903320312 9.7789964675903320312 7.8673930168151855469 6.0621318817138671875 4.4425783157348632812 3.0789787769317626953 1.9971187114715576172 1.1501672267913818359 0.4204966127872467041      0      0      0 -1e100 -1e100 -1e100 -1e100 -1e100 -1e100 -1e100 -1e100 -1e100 -1e100 -1e100 -1e100 -1e100 -1e100 -1e100 -1e100 -1e100 -1e100 -1e100 -1e100      0      0      0      0 0.0086661987006664276123 0.094152331352233886719 0.19286453723907470703 0.296566009521484375 0.4046395719051361084 0.51896291971206665039 0.64227163791656494141 0.77773845195770263672 0.92877691984176635742 1.0983982086181640625 1.2886600494384765625 1.5002863407135009766 1.732569575309753418 1.9836039543151855469 2.2506787776947021484 2.53070068359375 2.8204870223999023438 3.1168963909149169922 3.4168751239776611328 3.7174201011657714844 4.0156774520874023438 4.3089580535888671875 4.5948619842529296875 4.8713374137878417969 -1e100 -1e100
 -1e100 -1e100 -1e100 -1e100 -1e100 -1e100 -1e100 -1e100 -1e100 -1e100 -1e100 -1e100 -1e100 -1e100 -1e100 -1e100 -1e100 -1e100 -1e100 -1e100 -1e100 -1e100 -1e100 -1e100 -1e100 -1e100 -1e100 -1e100 -1e100 -1e100 -1e100 -1e100 -1e100 -1e100 -1e100 -1e100 -1e100 -1e100 -1e100 -1e100 -1e100 -1e100 -1e100 -1e100 -1e100 -1e100 -1e100 -1e100 -1e100 -1e100 -1e100 -1e100 -1e100 -1e100 -1e100 -1e100 -1e100 -1e100 -1e100 -1e100 -1e100 -1e100 -1e100 190.8614959716796875 188.1463623046875 185.1326141357421875 181.8173065185546875 178.1988677978515625 174.27740478515625 170.0549163818359375 165.535675048828125 160.72607421875 155.635009765625 150.2738494873046875 144.6571807861328125 138.803009033203125 132.7336883544921875 126.47658538818359375 120.06436920166015625 113.535247802734375 106.93215179443359375 100.3026275634765625 93.69701385498046875 87.16771697998046875 80.76663970947265625 74.5443267822265625 68.54850006103515625 62.823272705078125 57.407962799072265625 52.335491180419921875 47.631092071533203125 43.309871673583984375 39.375644683837890625 35.819976806640625 32.622600555419921875 29.752580642700195312 27.169107437133789062 24.82472991943359375 22.667539596557617188 20.6459808349609375 18.711572647094726562 16.8212738037109375 14.940586090087890625 13.046673774719238281 11.131634712219238281 9.2038965225219726562 7.2896814346313476562 5.4319195747375488281 3.6909317970275878906 2.1370778083801269531 0.81876522302627563477      0      0      0 -1e100 -1e100 -1e100 -1e100 -1e100 -1e100 -1e100 -1e100 -1e100 -1e100 -1e100 -1e100 -1e100 -1e100 -1e100 -1e100 -1e100 -1e100 -1e100 -1e100 -1e100 -1e100 -1e100 -1e100      0      0      0      0      0 0.083899684250354766846 0.1902341693639755249 0.29988399147987365723 0.41457784175872802734 0.53709632158279418945 0.67089951038360595703 0.81965297460556030273 0.98656547069549560547 1.1737960577011108398 1.3820563554763793945 1.6105229854583740234 1.8571192026138305664 2.1189925670623779297 2.3930172920227050781 2.6761107444763183594 2.9653489589691162109 3.2579371929168701172 3.5511503219604492188 3.8424103260040283203 4.1292982101440429688 4.4096651077270507812 4.6816644668579101562 -1e100 -1e100
 -1e100 -1e100 -1e100 -1e100 -1e100 -1e100 -1e100 -1e100 -1e100 -1e100 -1e100 -1e100 -1e100 -1e100 -1e100 -1e100 -1e100 -1e100 -1e100 -1e100 -1e100 -1e100 -1e100 -1e100 -1e100 -1e100 -1e100 -1e100 -1e100 -1e100 -1e100 -1e100 -1e100 -1e100 -1e100 -1e100 -1e100 -1e100 -1e100 -1e100 -1e100 -1e100 -1e100 -1e100 -1e100 -1e100 -1e100 -1e100 -1e100 -1e100 -1e100 -1e100 -1e100 -1e100 -1e100 -1e100 -1e100 -1e100 -1e100 -1e100 -1e100 -1e100 -1e100 196.334320068359375 193.5660858154296875 190.4839630126953125 187.0835723876953125 183.3618927001953125 179.317474365234375 174.9508819580078125 170.2650146484375 165.264984130859375 159.9586334228515625 154.3565826416015625 148.472991943359375 142.3259429931640625 135.938568115234375 129.3397216796875 122.56439971923828125 115.654022216796875 108.65543365478515625 101.62082672119140625 94.6056365966796875 87.66779327392578125 80.86483001708984375 74.25299072265625 67.8856201171875 61.81229400634765625 56.0774688720703125 50.718647003173828125 45.764911651611328125 41.2340850830078125 37.131336212158203125 33.447940826416015625 30.161640167236328125 27.237895965576171875 24.630840301513671875 22.287092208862304688 20.148334503173828125 18.156965255737304688 16.259298324584960938 14.408318519592285156 12.567545890808105469 10.714151382446289062 8.8432569503784179688 6.9681453704833984375 5.1190061569213867188 3.3367791175842285156 1.6692081689834594727 0.17116220295429229736      0      0 -1e100 -1e100 -1e100 -1e100 -1e100 -1e100 -1e100 -1e100 -1e100 -1e100 -1e100 -1e100 -1e100 -1e100 -1e100 -1e100 -1e100 -1e100 -1e100 -1e100 -1e100 -1e100 -1e100 -1e100 -1e100 -1e100 -1e100 -1e100      0      0      0      0 0.052715770900249481201 0.16819632053375244141 0.28708285093307495117 0.41241884231567382812 0.54794329404830932617 0.69756472110748291016 0.86468642950057983398 1.0515745878219604492 1.2589229345321655273 1.4857811927795410156 1.7298983335494995117 1.9882748126983642578 2.2577555179595947266 2.5353801250457763672 2.8184878826141357422 3.1045911312103271484 3.39127349853515625 3.6762535572052001953 3.9573953151702880859 4.232799530029296875 4.5008325576782226562 -1e100 -1e100
 -1e100 -1e100 -1e100 -1e100 -1e100 -1e100 -1e100 -1e100 -1e100 -1e100 -1e100 -1e100 -1e100 -1e100 -1e100 -1e100 -1e100 -1e100 -1e100 -1e100 -1e100 -1e100 -1e100 -1e100 -1e100 -1e100 -1e100 -1e100 -1e100 -1e100 -1e100 -1e100 -1e100 -1e100 -1e100 -1e100 -1e100 -1e100 -1e100 -1e100 -1e100 -1e100 -1e100 -1e100 -1e100 -1e100 -1e100 -1e100 -1e100 -1e100 -1e100 -1e100 -1e100 -1e100 -1e100 -1e100 -1e100 -1e100 -1e100 -1e100 -1e100 -1e100 -1e100 201.9040069580078125 199.096282958984375 195.9597015380859375 192.4882659912109375 188.6772918701171875 184.5236053466796875 180.0260467529296875 175.1858367919921875 170.0065765380859375 164.4947357177734375 158.6598358154296875 152.515380859375 146.0792694091796875 139.375152587890625 132.433319091796875 125.29111480712890625 117.99322509765625 110.59062957763671875 103.1404266357421875 95.7034912109375 88.34368896484375 81.1246795654296875 74.10894775390625 67.35601043701171875 60.9215087890625 54.8555908203125 49.200901031494140625 43.990840911865234375 39.2463226318359375 34.9741058349609375 31.165288925170898438 27.79567718505859375 24.827096939086914062 22.208538055419921875 19.8804931640625 17.777936935424804688 15.836768150329589844 13.997072219848632812 12.206757545471191406 10.425795555114746094 8.630615234375 6.8193650245666503906 5.0107326507568359375 3.2393882274627685547 1.5397260189056396484      0      0 -1e100 -1e100 -1e100 -1e100 -1e100 -1e100 -1e100 -1e100 -1e100 -1e100 -1e100 -1e100 -1e100 -1e100 -1e100 -1e100 -1e100 -1e100 -1e100 -1e100 -1e100 -1e100 -1e100 -1e100 -1e100 -1e100 -1e100 -1e100 -1e100 -1e100 -1e100      0      0      0      0 0.0076148281805217266083 0.13546130061149597168 0.26789867877960205078 0.40898445248603820801 0.5628941655158996582 0.73327982425689697266 0.92256492376327514648 1.1314214468002319336 1.3587687015533447266 1.6022046804428100586 1.858608245849609375 2.1248257160186767578 2.3980295658111572266 2.6758882999420166016 2.956279754638671875 3.2371287345886230469 3.5164663791656494141 3.7924356460571289062 4.0633840560913085938 4.3278899192810058594 -1e100 -1e100
 -1e100 -1e100 -1e100 -1e100 -1e100 -1e100 -1e100 -1e100 -1e100 -1e100 -1e100 -1e100 -1e100 -1e100 -1e100 -1e100 -1e100 -1e100 -1e100 -1e100 -1e100 -1e100 -1e100 -1e100 -1e100 -1e100 -1e100 -1e100 -1e100 -1e100 -1e100 -1e100 -1e100 -1e100 -1e100 -1e100 -1e100 -1e100 -1e100 -1e100 -1e100 -1e100 -1e100 -1e100 -1e100 -1e100 -1e100 -1e100 -1e100 -1e100 -1e100 -1e100 -1e100 -1e100 -1e100 -1e100 -1e100 -1e100 -1e100 -1e100 -1e100 -1e100 210.0705718994140625 207.57403564453125 204.74261474609375 201.56781005859375 198.041839599609375 194.1580810546875 189.911376953125 185.298553466796875 180.318878173828125 174.974029541015625 169.2687835693359375 163.211212158203125 156.813751220703125 150.0938568115234375 143.0754852294921875 135.790191650390625 128.27764892578125 120.58592987060546875 112.77032470703125 104.89310455322265625 97.02099609375 89.2242584228515625 81.5731964111328125 74.1371307373046875 66.98238372802734375 60.171291351318359375 53.76035308837890625 47.7979736328125 42.322418212890625 37.358112335205078125 32.913707733154296875 28.9803314208984375 25.531969070434570312 22.526821136474609375 19.908662796020507812 17.611722946166992188 15.563908576965332031 13.693623542785644531 11.933263778686523438 10.223130226135253906 8.5177516937255859375 6.7917423248291015625 5.0461559295654296875 3.3059561252593994141 1.6094321012496948242      0      0 -1e100 -1e100 -1e100 -1e100 -1e100 -1e100 -1e100 -1e100 -1e100 -1e100 -1e100 -1e100 -1e100 -1e100 -1e100 -1e100 -1e100 -1e100 -1e100 -1e100 -1e100 -1e100 -1e100 -1e100 -1e100 -1e100 -1e100 -1e100 -1e100 -1e100 -1e100 -1e100 -1e100 -1e100      0      0      0      0 0.10426393896341323853 0.25502255558967590332 0.41678187251091003418 0.5935891270637512207 0.78810000419616699219 1.0009135007858276367 1.2307335138320922852 1.4750108718872070312 1.7306253910064697266 1.9945274591445922852 2.2640774250030517578 2.5373346805572509766 2.8125941753387451172 3.0881514549255371094 3.3623552322387695312 3.6336190700531005859 3.9005270004272460938 4.16187286376953125 -1e100 -1e100
 -1e100 -1e100 -1e100 -1e100 -1e100 -1e100 -1e100 -1e100 -1e100 -1e100 -1e100 -1e100 -1e100 -1e100 -1e100 -1e100 -1e100 -1e100 -1e100 -1e100 -1e100 -1e100 -1e100 -1e100 -1e100 -1e100 -1e100 -1e100 -1e100 -1e100 -1e100 -1e100 -1e100 -1e100 -1e100 -1e100 -1e100 -1e100 -1e100 -1e100 -1e100 -1e100 -1e100 -1e100 -1e100 -1e100 -1e100 -1e100 -1e100 -1e100 -1e100 -1e100 -1e100 -1e100 -1e100 -1e100 -1e100 -1e100 -1e100 -1e100 -1e100 -1e100 215.8382415771484375 213.34820556640625 210.511199951171875 207.3168792724609375 203.75543212890625 199.818084716796875 195.49737548828125 190.787811279296875 185.6862640380859375 180.1921539306640625 174.30810546875 168.040283203125 161.39971923828125 154.4029998779296875 147.074127197265625 139.4457550048828125 131.55987548828125 123.4679718017578125 115.22986602783203125 106.9133148193359375 98.591278076171875 90.34091949462890625 82.2397613525390625 74.36458587646484375 66.78920745849609375 59.5833892822265625 52.81072998046875 46.5261077880859375 40.77326202392578125 35.580654144287109375 30.959234237670898438 26.900424957275390625 23.376535415649414062 20.342168807983398438 17.735891342163085938 15.485530853271484375 13.511183738708496094 11.732384681701660156 10.07076263427734375 8.4561634063720703125 6.8355627059936523438 5.1813349723815917969 3.4985368251800537109 1.8152689933776855469 0.16160704195499420166      0 -1e100 -1e100 -1e100 -1e100 -1e100 -1e100 -1e100 -1e100 -1e100 -1e100 -1e100 -1e100 -1e100 -1e100 -1e100 -1e100 -1e100 -1e100 -1e100 -1e100 -1e100 -1e100 -1e100 -1e100 -1e100 -1e100 -1e100 -1e100 -1e100 -1e100 -1e100 -1e100 -1e100 -1e100 -1e100 -1e100      0      0      0      0 0.087898209691047668457 0.26112508773803710938 0.4476000368595123291 0.65036612749099731445 0.86972081661224365234 1.1038818359375 1.3501284122467041016 1.6055413484573364258 1.8675334453582763672 2.133785247802734375 2.4027736186981201172 2.6732316017150878906 2.9438347816467285156 3.2132480144500732422 3.4801387786865234375 3.7433111667633056641 4.0017628669738769531 -1e100 -1e100
 -1e100 -1e100 -1e100 -1e100 -1e100 -1e100 -1e100 -1e100 -1e100 -1e100 -1e100 -1e100 -1e100 -1e100 -1e100 -1e100 -1e100 -1e100 -1e100 -1e100 -1e100 -1e100 -1e100 -1e100 -1e100 -1e100 -1e100 -1e100 -1e100 -1e100 -1e100 -1e100 -1e100 -1e100 -1e100 -1e100 -1e100 -1e100 -1e100 -1e100 -1e100 -1e100 -1e100 -1e100 -1e100 -1e100 -1e100 -1e100 -1e100 -1e100 -1e100 -1e100 -1e100 -1e100 -1e100 -1e100 -1e100 -1e100 -1e100 -1e100 -1e100 -1e100 221.6943511962890625 219.2303314208984375 216.408203125 213.215606689453125 209.64044189453125 205.6715240478515625 201.2987213134765625 196.5138092041015625 191.3109283447265625 185.68670654296875 179.641143798828125 173.1780242919921875 166.30645751953125 159.0417327880859375 151.4076080322265625 143.4376220703125 135.1759796142578125 126.67769622802734375 118.0072479248046875 109.23821258544921875 100.45018768310546875 91.72776031494140625 83.1562652587890625 74.82061004638671875 66.80289459228515625 59.181133270263671875 52.02689361572265625 45.40230560302734375 39.357341766357421875 33.92510986328125 29.11936187744140625 24.9321136474609375 21.33411407470703125 18.276432037353515625 15.692430496215820312 13.503098487854003906 11.619718551635742188 9.9502458572387695312 8.4021348953247070312 6.8917593955993652344 5.3570613861083984375 3.7697331905364990234 2.1402330398559570312 0.49840828776359558105      0      0 -1e100 -1e100 -1e100 -1e100 -1e100 -1e100 -1e100 -1e100 -1e100 -1e100 -1e100 -1e100 -1e100 -1e100 -1e100 -1e100 -1e100 -1e100 -1e100 -1e100 -1e100 -1e100 -1e100 -1e100 -1e100 -1e100 -1e100 -1e100 -1e100 -1e100 -1e100 -1e100 -1e100 -1e100 -1e100 -1e100 -1e100      0      0      0      0 0.0983945503830909729 0.29765683412551879883 0.51181244850158691406 0.7404072880744934082 0.98078459501266479492 1.2298157215118408203 1.4850358963012695312 1.7448524236679077148 2.0076091289520263672 2.2722609043121337891 2.5379457473754882812 2.803699493408203125 3.0684773921966552734 3.3311765193939208984 3.5907967090606689453 3.8465328216552734375 4.0979032516479492188 -1e100
 -1e100 -1e100 -1e100 -1e100 -1e100 -1e100 -1e100 -1e100 -1e100 -1e100 -1e100 -1e100 -1e100 -1e100 -1e100 -1e100 -1e100 -1e100 -1e100 -1e100 -1e100 -1e100 -1e100 -1e100 -1e100 -1e100 -1e100 -1e100 -1e100 -1e100 -1e100 -1e100 -1e100 -1e100 -1e100 -1e100 -1e100 -1e100 -1e100 -1e100 -1e100 -1e100 -1e100 -1e100 -1e100 -1e100 -1e100 -1e100 -1e100 -1e100 -1e100 -1e100 -1e100 -1e100 -1e100 -1e100 -1e100 -1e100 -1e100 -1e100 -1e100 -1e100 227.64019775390625 225.2239532470703125 222.4396209716796875 219.272613525390625 215.7083282470703125 211.7327728271484375 207.3328399658203125 202.4971771240234375 197.21661376953125 191.484527587890625 185.297698974609375 178.656951904296875 171.56890869140625 164.0471649169921875 156.114776611328125 147.8059539794921875 139.1669921875 130.256439208984375 121.14360809326171875 111.90814971923828125 102.6367340087890625 93.42186737060546875 84.3573150634765625 75.53690338134765625 67.051849365234375 58.989429473876953125 51.43010711669921875 44.444225311279296875 38.0888519287109375 32.40250396728515625 27.402223587036132812 23.080869674682617188 19.407739639282226562 16.330371856689453125 13.776662826538085938 11.66016387939453125 9.8813600540161132812 8.3339262008666992188 6.9078507423400878906 5.5029158592224121094 4.0470895767211914062 2.5139400959014892578 0.92049181461334228516      0      0 -1e100 -1e100 -1e100 -1e100 -1e100 -1e100 -1e100 -1e100 -1e100 -1e100 -1e100 -1e100 -1e100 -1e100 -1e100 -1e100 -1e100 -1e100 -1e100 -1e100 -1e100 -1e100 -1e100 -1e100 -1e100 -1e100 -1e100 -1e100 -1e100 -1e100 -1e100 -1e100 -1e100 -1e100 -1e100 -1e100 -1e100 -1e100 -1e100 -1e100      0      0      0 0.1455485224723815918 0.37364238500595092773 0.61408048868179321289 0.86268377304077148438 1.115169525146484375 1.3699922561645507812 1.6270139217376708984 1.8857027292251586914 2.1456129550933837891 2.4062891006469726562 2.6670923233032226562 2.9272336959838867188 3.1858026981353759766 3.4419605731964111328 3.6950688362121582031 3.9448235034942626953 -1e100
 -1e100 -1e100 -1e100 -1e100 -1e100 -1e100 -1e100 -1e100 -1e100 -1e100 -1e100 -1e100 -1e100 -1e100 -1e100 -1e100 -1e100 -1e100 -1e100 -1e100 -1e100 -1e100 -1e100 -1e100 -1e100 -1e100 -1e100 -1e100 -1e100 -1e100 -1e100 -1e100 -1e100 -1e100 -1e100 -1e100 -1e100 -1e100 -1e100 -1e100 -1e100 -1e100 -1e100 -1e100 -1e100 -1e100 -1e100 -1e100 -1e100 -1e100 -1e100 -1e100 -1e100 -1e100 -1e100 -1e100 -1e100 -1e100 -1e100 -1e100 -1e100 -1e100 233.67657470703125 231.3320770263671875 228.6109161376953125 225.4960479736328125 221.970062255859375 218.0158538818359375 213.61688232421875 208.7581939697265625 203.4268341064453125 197.6123046875 191.3074951171875 184.5096588134765625 177.222381591796875 169.4569244384765625 161.23529052734375 152.59197998046875 143.575225830078125 134.2470703125 124.68173980712890625 114.9652557373046875 105.1916961669921875 95.46199798583984375 85.8790435791015625 76.54645538330078125 67.5655670166015625 59.033966064453125 51.042186737060546875 43.669879913330078125 36.982242584228515625 31.023952484130859375 25.81583404541015625 21.351762771606445312 17.599567413330078125 14.502932548522949219 11.9837799072265625 9.946868896484375 8.280239105224609375 6.8615317344665527344 5.56049346923828125 4.2571344375610351562 2.8664126396179199219 1.3685699701309204102      0      0 -1e100 -1e100 -1e100 -1e100 -1e100 -1e100 -1e100 -1e100 -1e100 -1e100 -1e100 -1e100 -1e100 -1e100 -1e100 -1e100 -1e100 -1e100 -1e100 -1e100 -1e100 -1e100 -1e100 -1e100 -1e100 -1e100 -1e100 -1e100 -1e100 -1e100 -1e100 -1e100 -1e100 -1e100 -1e100 -1e100 -1e100 -1e100 -1e100 -1e100 -1e100 -1e100      0      0      0 0.23343552649021148682 0.48803380131721496582 0.74864959716796875 1.0053297281265258789 1.259586334228515625 1.5132728815078735352 1.7672919034957885742 2.0219604969024658203 2.2772898674011230469 2.5329606533050537109 2.7884078025817871094 3.0428702831268310547 3.2956261634826660156 3.5461764335632324219 3.7944042682647705078 -1e100
 -1e100 -1e100 -1e100 -1e100 -1e100 -1e100 -1e100 -1e100 -1e100 -1e100 -1e100 -1e100 -1e100 -1e100 -1e100 -1e100 -1e100 -1e100 -1e100 -1e100 -1e100 -1e100 -1e100 -1e100 -1e100 -1e100 -1e100 -1e100 -1e100 -1e100 -1e100 -1e100 -1e100 -1e100 -1e100 -1e100 -1e100 -1e100 -1e100 -1e100 -1e100 -1e100 -1e100 -1e100 -1e100 -1e100 -1e100 -1e100 -1e100 -1e100 -1e100 -1e100 -1e100 -1e100 -1e100 -1e100 -1e100 -1e100 -1e100 -1e100 -1e100 -1e100 239.8032684326171875 237.55670166015625 234.9264984130859375 231.8929595947265625 228.4355316162109375 224.5336151123046875 220.166839599609375 215.316131591796875 209.964141845703125 204.0958099365234375 197.6995391845703125 190.7682647705078125 183.3018798828125 175.308746337890625 166.8092193603515625 157.8377227783203125 148.44415283203125 138.6938934326171875 128.666168212890625 118.4534759521484375 108.1576385498046875 97.88861083984375 87.75914764404296875 77.88360595703125 68.374603271484375 59.341335296630859375 50.885730743408203125 43.098064422607421875 36.05275726318359375 29.80142974853515625 24.369058609008789062 19.75057220458984375 15.911912918090820312 12.792185783386230469 10.306070327758789062 8.348224639892578125 6.7938494682312011719 5.5046067237854003906 4.3298902511596679688 3.1244211196899414062 1.7788208723068237305 0.29389688372611999512      0      0 -1e100 -1e100 -1e100 -1e100 -1e100 -1e100 -1e100 -1e100 -1e100 -1e100 -1e100 -1e100 -1e100 -1e100 -1e100 -1e100 -1e100 -1e100 -1e100 -1e100 -1e100 -1e100 -1e100 -1e100 -1e100 -1e100 -1e100 -1e100 -1e100 -1e100 -1e100 -1e100 -1e100 -1e100 -1e100 -1e100 -1e100 -1e100 -1e100 -1e100 -1e100 -1e100 -1e100      0      0 0.093342490494251251221 0.36727881431579589844 0.63824236392974853516 0.89847093820571899414 1.151729583740234375 1.4016724824905395508 1.6505858898162841797 1.8996373414993286133 2.1493716239929199219 2.399806976318359375 2.6505773067474365234 2.9010221958160400391 3.1504905223846435547 3.3985798358917236328 3.6453137397766113281 -1e100
 -1e100 -1e100 -1e100 -1e100 -1e100 -1e100 -1e100 -1e100 -1e100 -1e100 -1e100 -1e100 -1e100 -1e100 -1e100 -1e100 -1e100 -1e100 -1e100 -1e100 -1e100 -1e100 -1e100 -1e100 -1e100 -1e100 -1e100 -1e100 -1e100 -1e100 -1e100 -1e100 -1e100 -1e100 -1e100 -1e100 -1e100 -1e100 -1e100 -1e100 -1e100 -1e100 -1e100 -1e100 -1e100 -1e100 -1e100 -1e100 -1e100 -1e100 -1e100 -1e100 -1e100 -1e100 -1e100 -1e100 -1e100 -1e100 -1e100 -1e100 -1e100 -1e100 246.0186767578125 243.8983001708984375 241.38916015625 238.4686126708984375 235.1126556396484375 231.296844482421875 226.9965057373046875 222.187896728515625 216.8486328125 210.958465576171875 204.500518798828125 197.4627532958984375 189.840606689453125 181.6388397216796875 172.875518798828125 163.584442138671875 153.8168182373046875 143.6411285400390625 133.1414642333984375 122.416900634765625 111.5773468017578125 100.74237823486328125 90.0354461669921875 79.58280181884765625 69.509674072265625 59.938396453857421875 50.983890533447265625 42.74848175048828125 35.31694793701171875 28.748605728149414062 23.072826385498046875 18.28525543212890625 14.349038124084472656 11.197064399719238281 8.7350635528564453125 6.84647369384765625 5.3944568634033203125 4.2286062240600585938 3.1821441650390625 2.0785167217254638672 0.75217360258102416992      0      0 -1e100 -1e100 -1e100 -1e100 -1e100 -1e100 -1e100 -1e100 -1e100 -1e100 -1e100 -1e100 -1e100 -1e100 -1e100 -1e100 -1e100 -1e100 -1e100 -1e100 -1e100 -1e100 -1e100 -1e100 -1e100 -1e100 -1e100 -1e100 -1e100 -1e100 -1e100 -1e100 -1e100 -1e100 -1e100 -1e100 -1e100 -1e100 -1e100 -1e100 -1e100 -1e100 -1e100 -1e100 -1e100      0      0 0.25657433271408081055 0.53129416704177856445 0.7923628687858581543 1.0435552597045898438 1.2893991470336914062 1.533026576042175293 1.7763575315475463867 2.0204958915710449219 2.2658064365386962891 2.5120959281921386719 2.7587606906890869141 3.0051767826080322266 3.2510006427764892578 3.4963774681091308594 -1e100
 -1e100 -1e100 -1e100 -1e100 -1e100 -1e100 -1e100 -1e100 -1e100 -1e100 -1e100 -1e100 -1e100 -1e100 -1e100 -1e100 -1e100 -1e100 -1e100 -1e100 -1e100 -1e100 -1e100 -1e100 -1e100 -1e100 -1e100 -1e100 -1e100 -1e100 -1e100 -1e100 -1e100 -1e100 -1e100 -1e100 -1e100 -1e100 -1e100 -1e100 -1e100 -1e100 -1e100 -1e100 -1e100 -1e100 -1e100 -1e100 -1e100 -1e100 -1e100 -1e100 -1e100 -1e100 -1e100 -1e100 -1e100 -1e100 -1e100 -1e100 -1e100 -1e100 252.3189849853515625 250.354888916015625 247.9989166259765625 245.225250244140625 242.006134033203125 238.3128662109375 234.115966796875 229.386566162109375 224.0965576171875 218.2198333740234375 211.7335205078125 204.6198272705078125 196.868865966796875 188.48095703125 179.4711456298828125 169.8719024658203125 159.735198974609375 149.1322174072265625 138.1516571044921875 126.89923095703125 115.49330902099609375 104.063720703125 92.745635986328125 81.6784820556640625 71.00173187255859375 60.852680206298828125 51.360996246337890625 42.642589569091796875 34.79376983642578125 27.882213592529296875 21.941694259643554688 16.967807769775390625 12.919085502624511719 9.7198944091796875 7.2646112442016601562 5.4237117767333984375 4.0501418113708496094 2.9867084026336669922 2.065029144287109375 1.0831525325775146484      0      0 -1e100 -1e100 -1e100 -1e100 -1e100 -1e100 -1e100 -1e100 -1e100 -1e100 -1e100 -1e100 -1e100 -1e100 -1e100 -1e100 -1e100 -1e100 -1e100 -1e100 -1e100 -1e100 -1e100 -1e100 -1e100 -1e100 -1e100 -1e100 -1e100 -1e100 -1e100 -1e100 -1e100 -1e100 -1e100 -1e100 -1e100 -1e100 -1e100 -1e100 -1e100 -1e100 -1e100 -1e100 -1e100 -1e100      0      0 0.14932696521282196045 0.4234892427921295166 0.68314063549041748047 0.9316222071647644043 1.1733734607696533203 1.411898493766784668 1.6497493982315063477 1.8885949850082397461 2.1291482448577880859 2.3713676929473876953 2.6146697998046875 2.8584153652191162109 3.1022684574127197266 3.3464310169219970703 -1e100
 -1e100 -1e100 -1e100 -1e100 -1e100 -1e100 -1e100 -1e100 -1e100 -1e100 -1e100 -1e100 -1e100 -1e100 -1e100 -1e100 -1e100 -1e100 -1e100 -1e100 -1e100 -1e100 -1e100 -1e100 -1e100 -1e100 -1e100 -1e100 -1e100 -1e100 -1e100 -1e100 -1e100 -1e100 -1e100 -1e100 -1e100 -1e100 -1e100 -1e100 -1e100 -1e100 -1e100 -1e100 -1e100 -1e100 -1e100 -1e100 -1e100 -1e100 -1e100 -1e100 -1e100 -1e100 -1e100 -1e100 -1e100 -1e100 -1e100 -1e100 -1e100 -1e100 258.697662353515625 256.921356201171875 254.7523040771484375 252.1612548828125 249.1163482666015625 245.584320068359375 241.53045654296875 236.920135498046875 231.7190399169921875 225.8944549560546875 219.416778564453125 212.2615203857421875 204.41259765625 195.8648834228515625 186.6294403076171875 176.736572265625 166.238250732421875 155.207733154296875 143.738067626953125 131.941650390625 119.9456329345703125 107.8909149169921875 95.925506591796875 84.20362091064453125 72.88091278076171875 62.11162567138671875 52.042079925537109375 42.80336761474609375 34.50452423095703125 27.222143173217773438 20.994098663330078125 15.814531326293945312 11.63504791259765625 8.368587493896484375 5.8948616981506347656 4.0687413215637207031 2.7305860519409179688 1.7170211076736450195 0.86761188507080078125      0      0      0 -1e100 -1e100 -1e100 -1e100 -1e100 -1e100 -1e100 -1e100 -1e100 -1e100 -1e100 -1e100 -1e100 -1e100 -1e100 -1e100 -1e100 -1e100 -1e100 -1e100 -1e100 -1e100 -1e100 -1e100 -1e100 -1e100 -1e100 -1e100 -1e100 -1e100 -1e100 -1e100 -1e100 -1e100 -1e100 -1e100 -1e100 -1e100 -1e100 -1e100 -1e100 -1e100 -1e100 -1e100 -1e100 -1e100 -1e100      0 0.032190397381782531738 0.30739408731460571289 0.56640261411666870117 0.81286138296127319336 1.0511214733123779297 1.2850873470306396484 1.517972111701965332 1.7520537376403808594 1.9884045124053955078 2.2271203994750976562 2.4676077365875244141 2.7091724872589111328 2.9514276981353759766 3.1945729255676269531 -1e100
 -1e100 -1e100 -1e100 -1e100 -1e100 -1e100 -1e100 -1e100 -1e100 -1e100 -1e100 -1e100 -1e100 -1e100 -1e100 -1e100 -1e100 -1e100 -1e100 -1e100 -1e100 -1e100 -1e100 -1e100 -1e100 -1e100 -1e100 -1e100 -1e100 -1e100 -1e100 -1e100 -1e100 -1e100 -1e100 -1e100 -1e100 -1e100 -1e100 -1e100 -1e100 -1e100 -1e100 -1e100 -1e100 -1e100 -1e100 -1e100 -1e100 -1e100 -1e100 -1e100 -1e100 -1e100 -1e100 -1e100 -1e100 -1e100 -1e100 -1e100 -1e100 -1e100 265.14404296875 263.5880126953125 261.640716552734375 259.269287109375 256.437530517578125 253.107269287109375 249.238189697265625 244.789459228515625 239.719970703125 233.9897613525390625 227.56158447265625 220.4033355712890625 212.4915771484375 203.814605712890625 194.3783416748046875 184.209808349609375 173.3600006103515625 161.9036102294921875 149.9376373291015625 137.5811767578125 124.97063446044921875 112.25885009765625 99.60809326171875 87.18926239013671875 75.17626190185546875 63.7425079345703125 53.052947998046875 43.255512237548828125 34.473133087158203125 26.79174041748046875 20.252613067626953125 14.8468780517578125 10.516621589660644531 7.1604547500610351562 4.6395153999328613281 2.7893860340118408203 1.4307143688201904297 0.38436621427536010742      0      0      0 -1e100 -1e100 -1e100 -1e100 -1e100 -1e100 -1e100 -1e100 -1e100 -1e100 -1e100 -1e100 -1e100 -1e100 -1e100 -1e100 -1e100 -1e100 -1e100 -1e100 -1e100 -1e100 -1e100 -1e100 -1e100 -1e100 -1e100 -1e100 -1e100 -1e100 -1e100 -1e100 -1e100 -1e100 -1e100 -1e100 -1e100 -1e100 -1e100 -1e100 -1e100 -1e100 -1e100 -1e100 -1e100 -1e100 -1e100 -1e100      0      0 0.17935210466384887695 0.44002121686935424805 0.68582546710968017578 0.92148864269256591797 1.1515594720840454102 1.3800629377365112305 1.6099677085876464844 1.8427299261093139648 2.0785648822784423828 2.3168408870697021484 2.5567584037780761719 2.7978079319000244141 3.0400984287261962891 -1e100
 -1e100 -1e100 -1e100 -1e100 -1e100 -1e100 -1e100 -1e100 -1e100 -1e100 -1e100 -1e100 -1e100 -1e100 -1e100 -1e100 -1e100 -1e100 -1e100 -1e100 -1e100 -1e100 -1e100 -1e100 -1e100 -1e100 -1e100 -1e100 -1e100 -1e100 -1e100 -1e100 -1e100 -1e100 -1e100 -1e100 -1e100 -1e100 -1e100 -1e100 -1e100 -1e100 -1e100 -1e100 -1e100 -1e100 -1e100 -1e100 -1e100 -1e100 -1e100 -1e100 -1e100 -1e100 -1e100 -1e100 -1e100 -1e100 -1e100 -1e100 -1e100 -1e100 271.642730712890625 270.3397216796875 268.649505615234375 266.53546142578125 263.95684814453125 260.870330810546875 257.229705810546875 252.9875946044921875 248.0955047607421875 242.5055084228515625 236.171783447265625 229.0534515380859375 221.118499755859375 212.3472137451171875 202.7389678955078125 192.3161468505859375 181.1277313232421875 169.2490234375 156.780609130859375 143.8483428955078125 130.5984344482421875 117.19676971435546875 103.821563720703125 90.662445068359375 77.913848876953125 65.77060699462890625 54.418369293212890625 44.023609161376953125 34.72425079345703125 26.615711212158203125 19.742067337036132812 14.089952468872070312 9.5899944305419921875 6.1237845420837402344 3.5307281017303466797 1.6240170001983642578 0.2051178663969039917      0      0      0 -1e100 -1e100 -1e100 -1e100 -1e100 -1e100 -1e100 -1e100 -1e100 -1e100 -1e100 -1e100 -1e100 -1e100 -1e100 -1e100 -1e100 -1e100 -1e100 -1e100 -1e100 -1e100 -1e100 -1e100 -1e100 -1e100 -1e100 -1e100 -1e100 -1e100 -1e100 -1e100 -1e100 -1e100 -1e100 -1e100 -1e100 -1e100 -1e100 -1e100 -1e100 -1e100 -1e100 -1e100 -1e100 -1e100 -1e100 -1e100 -1e100 -1e100      0 0.039996355772018432617 0.30451494455337524414 0.5509427189826965332 0.78474754095077514648 1.0114171504974365234 1.23598480224609375 1.4622098207473754883 1.6919385194778442383 1.9254821538925170898 2.1621201038360595703 2.4008932113647460938 2.6411004066467285156 2.8826782703399658203 -1e100
 -1e100 -1e100 -1e100 -1e100 -1e100 -1e100 -1e100 -1e100 -1e100 -1e100 -1e100 -1e100 -1e100 -1e100 -1e100 -1e100 -1e100 -1e100 -1e100 -1e100 -1e100 -1e100 -1e100 -1e100 -1e100 -1e100 -1e100 -1e100 -1e100 -1e100 -1e100 -1e100 -1e100 -1e100 -1e100 -1e100 -1e100 -1e100 -1e100 -1e100 -1e100 -1e100 -1e100 -1e100 -1e100 -1e100 -1e100 -1e100 -1e100 -1e100 -1e100 -1e100 -1e100 -1e100 -1e100 -1e100 -1e100 -1e100 -1e100 -1e100 -1e100 -1e100 278.17279052734375 277.155242919921875 275.75726318359375 273.938446044921875 271.6534423828125 268.853668212890625 265.486846923828125 261.498687744140625 256.832794189453125 251.432403564453125 245.242095947265625 238.2109375 230.2967681884765625 221.4701995849609375 211.7223663330078125 201.06964111328125 189.5577850341796875 177.26190185546875 164.2858123779296875 150.76226806640625 136.848052978515625 122.72351837158203125 108.5845794677734375 94.6417694091796875 81.1123199462890625 68.2148284912109375 56.157749176025390625 45.127727508544921875 35.278636932373046875 26.715585708618164062 19.485090255737304688 13.568540573120117188 8.8841180801391601562 5.2940797805786132812 2.6126620769500732422 0.62661665678024291992      0      0      0      0 -1e100 -1e100 -1e100 -1e100 -1e100 -1e100 -1e100 -1e100 -1e100 -1e100 -1e100 -1e100 -1e100 -1e100 -1e100 -1e100 -1e100 -1e100 -1e100 -1e100 -1e100 -1e100 -1e100 -1e100 -1e100 -1e100 -1e100 -1e100 -1e100 -1e100 -1e100 -1e100 -1e100 -1e100 -1e100 -1e100 -1e100 -1e100 -1e100 -1e100 -1e100 -1e100 -1e100 -1e100 -1e100 -1e100 -1e100 -1e100 -1e100 -1e100      0      0 0.16224363446235656738 0.41002458333969116211 0.64227873086929321289 0.86571049690246582031 1.0865634679794311523 1.3094713687896728516 1.5366595983505249023 1.7684196233749389648 2.0038774013519287109 2.2418854236602783203 2.4814922809600830078 2.7223849296569824219 -1e100
 -1e100 -1e100 -1e100 -1e100 -1e100 -1e100 -1e100 -1e100 -1e100 -1e100 -1e100 -1e100 -1e100 -1e100 -1e100 -1e100 -1e100 -1e100 -1e100 -1e100 -1e100 -1e100 -1e100 -1e100 -1e100 -1e100 -1e100 -1e100 -1e100 -1e100 -1e100 -1e100 -1e100 -1e100 -1e100 -1e100 -1e100 -1e100 -1e100 -1e100 -1e100 -1e100 -1e100 -1e100 -1e100 -1e100 -1e100 -1e100 -1e100 -1e100 -1e100 -1e100 -1e100 -1e100 -1e100 -1e100 -1e100 -1e100 -1e100 -1e100 -1e100 -1e100 284.707611083984375 284.00689697265625 282.935546875 281.44940185546875 279.498565673828125 277.02923583984375 273.982879638671875 270.298126220703125 265.909881591796875 260.751800537109375 254.757537841796875 247.86456298828125 240.0186920166015625 231.1789398193359375 221.3264923095703125 210.4701690673828125 198.6513671875 185.9442596435546875 172.4556427001953125 158.3255615234375 143.722503662109375 128.842681884765625 113.901519775390625 99.1325531005859375 84.7781219482421875 71.08289337158203125 58.280181884765625 46.578281402587890625 36.147918701171875 27.104183197021484375 19.496129989624023438 13.300165176391601562 8.4221448898315429688 4.7038145065307617188 1.9275171756744384766      0      0      0      0 -1e100 -1e100 -1e100 -1e100 -1e100 -1e100 -1e100 -1e100 -1e100 -1e100 -1e100 -1e100 -1e100 -1e100 -1e100 -1e100 -1e100 -1e100 -1e100 -1e100 -1e100 -1e100 -1e100 -1e100 -1e100 -1e100 -1e100 -1e100 -1e100 -1e100 -1e100 -1e100 -1e100 -1e100 -1e100 -1e100 -1e100 -1e100 -1e100 -1e100 -1e100 -1e100 -1e100 -1e100 -1e100 -1e100 -1e100 -1e100 -1e100 -1e100 -1e100 -1e100      0 0.016365785151720046997 0.26561117172241210938 0.49617269635200500488 0.71623766422271728516 0.93346273899078369141 1.1533951759338378906 1.3784463405609130859 1.6087465286254882812 1.843245387077331543 2.0806059837341308594 2.3196349143981933594 2.5597121715545654297 -1e100
 -1e100 -1e100 -1e100 -1e100 -1e100 -1e100 -1e100 -1e100 -1e100 -1e100 -1e100 -1e100 -1e100 -1e100 -1e100 -1e100 -1e100 -1e100 -1e100 -1e100 -1e100 -1e100 -1e100 -1e100 -1e100 -1e100 -1e100 -1e100 -1e100 -1e100 -1e100 -1e100 -1e100 -1e100 -1e100 -1e100 -1e100 -1e100 -1e100 -1e100 -1e100 -1e100 -1e100 -1e100 -1e100 -1e100 -1e100 -1e100 -1e100 -1e100 -1e100 -1e100 -1e100 -1e100 -1e100 -1e100 -1e100 -1e100 -1e100 -1e100 -1e100 -1e100 291.21490478515625 290.86077880859375 290.1490478515625 289.03192138671875 287.455322265625 285.360198974609375 282.681854248046875 279.35125732421875 275.294189453125 270.433441162109375 264.690338134765625 257.98876953125 250.26043701171875 241.4508056640625 231.529388427734375 220.4959869384765625 208.386627197265625 195.27392578125 181.267822265625 166.5164947509765625 151.2011260986328125 135.53521728515625 119.75527191162109375 104.11988067626953125 88.89870452880859375 74.364715576171875 60.777919769287109375 48.36966705322265625 37.328266143798828125 27.779157638549804688 19.774356842041015625 13.286306381225585938 8.2109222412109375 4.3706650733947753906 1.5080786943435668945      0      0      0      0 -1e100 -1e100 -1e100 -1e100 -1e100 -1e100 -1e100 -1e100 -1e100 -1e100 -1e100 -1e100 -1e100 -1e100 -1e100 -1e100 -1e100 -1e100 -1e100 -1e100 -1e100 -1e100 -1e100 -1e100 -1e100 -1e100 -1e100 -1e100 -1e100 -1e100 -1e100 -1e100 -1e100 -1e100 -1e100 -1e100 -1e100 -1e100 -1e100 -1e100 -1e100 -1e100 -1e100 -1e100 -1e100 -1e100 -1e100 -1e100 -1e100 -1e100 -1e100 -1e100      0      0 0.12068430334329605103 0.34916263818740844727 0.56560754776000976562 0.77929836511611938477 0.9965832829475402832 1.2197557687759399414 1.4486168622970581055 1.6819695234298706055 1.9184334278106689453 2.1566009521484375 2.3954865932464599609 -1e100
 -1e100 -1e100 -1e100 -1e100 -1e100 -1e100 -1e100 -1e100 -1e100 -1e100 -1e100 -1e100 -1e100 -1e100 -1e100 -1e100 -1e100 -1e100 -1e100 -1e100 -1e100 -1e100 -1e100 -1e100 -1e100 -1e100 -1e100 -1e100 -1e100 -1e100 -1e100 -1e100 -1e100 -1e100 -1e100 -1e100 -1e100 -1e100 -1e100 -1e100 -1e100 -1e100 -1e100 -1e100 -1e100 -1e100 -1e100 -1e100 -1e100 -1e100 -1e100 -1e100 -1e100 -1e100 -1e100 -1e100 -1e100 -1e100 -1e100 -1e100 -1e100 -1e100 297.656463623046875 297.67626953125 297.354949951171875 296.64154052734375 295.47796630859375 293.80023193359375 291.5372314453125 288.612060546875 284.940338134765625 280.432769775390625 274.996337890625 268.5391845703125 260.976837158203125 252.239349365234375 242.28289794921875 231.0971527099609375 218.7119293212890625 205.19830322265625 190.669891357421875 175.283782958984375 159.234832763671875 142.7548980712890625 126.10301971435546875 109.5646514892578125 93.43885040283203125 78.02886962890625 63.623104095458984375 50.477077484130859375 38.7972869873046875 28.7196502685546875 20.299137115478515625 13.505359649658203125 8.2284412384033203125 4.2797346115112304688 1.3680642843246459961      0      0      0 -1e100 -1e100 -1e100 -1e100 -1e100 -1e100 -1e100 -1e100 -1e100 -1e100 -1e100 -1e100 -1e100 -1e100 -1e100 -1e100 -1e100 -1e100 -1e100 -1e100 -1e100 -1e100 -1e100 -1e100 -1e100 -1e100 -1e100 -1e100 -1e100 -1e100 -1e100 -1e100 -1e100 -1e100 -1e100 -1e100 -1e100 -1e100 -1e100 -1e100 -1e100 -1e100 -1e100 -1e100 -1e100 -1e100 -1e100 -1e100 -1e100 -1e100 -1e100 -1e100 -1e100 -1e100      0      0 0.20454490184783935547 0.4170080721378326416 0.62727063894271850586 0.84220814704895019531 1.063448786735534668 1.290370941162109375 1.5219310522079467773 1.7568863630294799805 1.9936704635620117188 2.2308890819549560547 -1e100
 -1e100 -1e100 -1e100 -1e100 -1e100 -1e100 -1e100 -1e100 -1e100 -1e100 -1e100 -1e100 -1e100 -1e100 -1e100 -1e100 -1e100 -1e100 -1e100 -1e100 -1e100 -1e100 -1e100 -1e100 -1e100 -1e100 -1e100 -1e100 -1e100 -1e100 -1e100 -1e100 -1e100 -1e100 -1e100 -1e100 -1e100 -1e100 -1e100 -1e100 -1e100 -1e100 -1e100 -1e100 -1e100 -1e100 -1e100 -1e100 -1e100 -1e100 -1e100 -1e100 -1e100 -1e100 -1e100 -1e100 -1e100 -1e100 -1e100 -1e100 -1e100 -1e100 303.98876953125 304.406707763671875 304.503753662109375 304.226226806640625 303.5123291015625 302.29327392578125 300.4915771484375 298.021728515625 294.788177490234375 290.687591552734375 285.61053466796875 279.447357177734375 272.09539794921875 263.467559814453125 253.505615234375 242.18817138671875 229.53887939453125 215.627685546875 200.5725860595703125 184.5402984619140625 167.740020751953125 150.422760009765625 132.8711395263671875 115.39907073974609375 98.33660888671875 82.01912689208984375 66.76482391357421875 52.8543701171875 40.512813568115234375 29.886020660400390625 21.030569076538085938 13.91118621826171875 8.4135026931762695312 4.3559207916259765625 1.5077494382858276367      0      0 -1e100 -1e100 -1e100 -1e100 -1e100 -1e100 -1e100 -1e100 -1e100 -1e100 -1e100 -1e100 -1e100 -1e100 -1e100 -1e100 -1e100 -1e100 -1e100 -1e100 -1e100 -1e100 -1e100 -1e100 -1e100 -1e100 -1e100 -1e100 -1e100 -1e100 -1e100 -1e100 -1e100 -1e100 -1e100 -1e100 -1e100 -1e100 -1e100 -1e100 -1e100 -1e100 -1e100 -1e100 -1e100 -1e100 -1e100 -1e100 -1e100 -1e100 -1e100 -1e100 -1e100 -1e100 -1e100      0      0 0.065666608512401580811 0.2735188901424407959 0.48034936189651489258 0.6930052638053894043 0.91169530153274536133 1.1356995105743408203 1.3645097017288208008 1.5971547365188598633 1.8319391012191772461 -1e100 -1e100
 -1e100 -1e100 -1e100 -1e100 -1e100 -1e100 -1e100 -1e100 -1e100 -1e100 -1e100 -1e100 -1e100 -1e100 -1e100 -1e100 -1e100 -1e100 -1e100 -1e100 -1e100 -1e100 -1e100 -1e100 -1e100 -1e100 -1e100 -1e100 -1e100 -1e100 -1e100 -1e100 -1e100 -1e100 -1e100 -1e100 -1e100 -1e100 -1e100 -1e100 -1e100 -1e100 -1e100 -1e100 -1e100 -1e100 -1e100 -1e100 -1e100 -1e100 -1e100 -1e100 -1e100 -1e100 -1e100 -1e100 -1e100 -1e100 -1e100 -1e100 -1e100 -1e100 310.162322998046875 310.99871826171875 311.538299560546875 311.72503662109375 311.49395751953125 310.77154541015625 309.4735107421875 307.505096435546875 304.75775146484375 301.11224365234375 296.440643310546875 290.613494873046875 283.508392333984375 275.020050048828125 265.074981689453125 253.64093017578125 240.7359771728515625 226.4297332763671875 210.8452606201171875 194.159332275390625 176.595855712890625 158.425201416015625 139.954193115234375 121.52611541748046875 103.50350189208984375 86.255340576171875 70.1309356689453125 55.4369354248046875 42.416957855224609375 31.225742340087890625 21.91778564453125 14.445126533508300781 8.6804113388061523438 4.4540066719055175781 1.4137325286865234375      0      0 -1e100 -1e100 -1e100 -1e100 -1e100 -1e100 -1e100 -1e100 -1e100 -1e100 -1e100 -1e100 -1e100 -1e100 -1e100 -1e100 -1e100 -1e100 -1e100 -1e100 -1e100 -1e100 -1e100 -1e100 -1e100 -1e100 -1e100 -1e100 -1e100 -1e100 -1e100 -1e100 -1e100 -1e100 -1e100 -1e100 -1e100 -1e100 -1e100 -1e100 -1e100 -1e100 -1e100 -1e100 -1e100 -1e100 -1e100 -1e100 -1e100 -1e100 -1e100 -1e100 -1e100 -1e100 -1e100 -1e100      0      0 0.13768021762371063232 0.34078347682952880859 0.55076313018798828125 0.76579439640045166016 0.98565763235092163086 1.2106037139892578125 1.440098881721496582 1.6723421812057495117 -1e100 -1e100
 -1e100 -1e100 -1e100 -1e100 -1e100 -1e100 -1e100 -1e100 -1e100 -1e100 -1e100 -1e100 -1e100 -1e100 -1e100 -1e100 -1e100 -1e100 -1e100 -1e100 -1e100 -1e100 -1e100 -1e100 -1e100 -1e100 -1e100 -1e100 -1e100 -1e100 -1e100 -1e100 -1e100 -1e100 -1e100 -1e100 -1e100 -1e100 -1e100 -1e100 -1e100 -1e100 -1e100 -1e100 -1e100 -1e100 -1e100 -1e100 -1e100 -1e100 -1e100 -1e100 -1e100 -1e100 -1e100 -1e100 -1e100 -1e100 -1e100 -1e100 -1e100 -1e100 316.1229248046875 317.393157958984375 318.394317626953125 319.068695068359375 319.348236083984375 319.1546630859375 318.396484375 316.96807861328125 314.7462158203125 311.593841552734375 307.3626708984375 301.90203857421875 295.068756103515625 286.7388916015625 276.8240966796875 265.282257080078125 252.126953125 237.4283905029296875 221.3152923583984375 203.97467041015625 185.6447601318359375 166.61505126953125 147.21624755859375 127.82163238525390625 108.82720184326171875 90.63697052001953125 73.63250732421875 58.147014617919921875 44.442485809326171875 32.681278228759765625 22.91245269775390625 15.070894241333007812 9.0051984786987304688 4.5147037506103515625 1.1574189662933349609      0      0 -1e100 -1e100 -1e100 -1e100 -1e100 -1e100 -1e100 -1e100 -1e100 -1e100 -1e100 -1e100 -1e100 -1e100 -1e100 -1e100 -1e100 -1e100 -1e100 -1e100 -1e100 -1e100 -1e100 -1e100 -1e100 -1e100 -1e100 -1e100 -1e100 -1e100 -1e100 -1e100 -1e100 -1e100 -1e100 -1e100 -1e100 -1e100 -1e100 -1e100 -1e100 -1e100 -1e100 -1e100 -1e100 -1e100 -1e100 -1e100 -1e100 -1e100 -1e100 -1e100 -1e100 -1e100 -1e100 -1e100      0      0 0.012844669632613658905 0.211698874831199646 0.41817024350166320801 0.62767124176025390625 0.84153670072555541992 1.0611321926116943359 1.2865484952926635742 1.5158367156982421875 -1e100 -1e100
 -1e100 -1e100 -1e100 -1e100 -1e100 -1e100 -1e100 -1e100 -1e100 -1e100 -1e100 -1e100 -1e100 -1e100 -1e100 -1e100 -1e100 -1e100 -1e100 -1e100 -1e100 -1e100 -1e100 -1e100 -1e100 -1e100 -1e100 -1e100 -1e100 -1e100 -1e100 -1e100 -1e100 -1e100 -1e100 -1e100 -1e100 -1e100 -1e100 -1e100 -1e100 -1e100 -1e100 -1e100 -1e100 -1e100 -1e100 -1e100 -1e100 -1e100 -1e100 -1e100 -1e100 -1e100 -1e100 -1e100 -1e100 -1e100 -1e100 -1e100 -1e100 -1e100 321.81060791015625 323.523895263671875 324.999298095703125 326.177642822265625 326.98797607421875 327.346954345703125 327.15460205078125 326.293060302734375 324.6226806640625 321.986907958984375 318.215850830078125 313.1368408203125 306.585723876953125 298.420684814453125 288.5400390625 276.8934326171875 263.4913330078125 248.405609130859375 231.7710418701171875 213.7843780517578125 194.6972808837890625 174.8167877197265625 154.49676513671875 134.140533447265625 114.17848968505859375 95.050872802734375 77.17232513427734375 60.90276336669921875 46.52201080322265625 34.19878387451171875 23.976438522338867188 15.772779464721679688 9.4069013595581054688 4.6112627983093261719 1.0090310573577880859      0      0 -1e100 -1e100 -1e100 -1e100 -1e100 -1e100 -1e100 -1e100 -1e100 -1e100 -1e100 -1e100 -1e100 -1e100 -1e100 -1e100 -1e100 -1e100 -1e100 -1e100 -1e100 -1e100 -1e100 -1e100 -1e100 -1e100 -1e100 -1e100 -1e100 -1e100 -1e100 -1e100 -1e100 -1e100 -1e100 -1e100 -1e100 -1e100 -1e100 -1e100 -1e100 -1e100 -1e100 -1e100 -1e100 -1e100 -1e100 -1e100 -1e100 -1e100 -1e100 -1e100 -1e100 -1e100 -1e100 -1e100 -1e100      0      0 0.10420687496662139893 0.30025649070739746094 0.49962386488914489746 0.70437914133071899414 0.91680383682250976562 1.1373785734176635742 1.3636767864227294922 -1e100 -1e100
 -1e100 -1e100 -1e100 -1e100 -1e100 -1e100 -1e100 -1e100 -1e100 -1e100 -1e100 -1e100 -1e100 -1e100 -1e100 -1e100 -1e100 -1e100 -1e100 -1e100 -1e100 -1e100 -1e100 -1e100 -1e100 -1e100 -1e100 -1e100 -1e100 -1e100 -1e100 -1e100 -1e100 -1e100 -1e100 -1e100 -1e100 -1e100 -1e100 -1e100 -1e100 -1e100 -1e100 -1e100 -1e100 -1e100 -1e100 -1e100 -1e100 -1e100 -1e100 -1e100 -1e100 -1e100 -1e100 -1e100 -1e100 -1e100 -1e100 -1e100 -1e100 -1e100 327.161346435546875 329.3197021484375 331.274017333984375 332.963836669921875 334.31512451171875 335.238616943359375 335.6246337890625 335.34149169921875 334.231719970703125 332.118194580078125 328.80877685546875 324.1090087890625 317.83477783203125 309.828399658203125 299.97711181640625 288.224456787109375 274.579559326171875 259.116851806640625 241.9771270751953125 223.3658294677734375 203.54583740234375 182.83966064453125 161.6229095458984375 140.328857421875 119.4231414794921875 99.3829498291015625 80.6559295654296875 63.628002166748046875 48.595264434814453125 35.732303619384765625 25.078014373779296875 16.5343780517578125 9.8968572616577148438 4.8698840141296386719 1.0668507814407348633      0 -1e100 -1e100 -1e100 -1e100 -1e100 -1e100 -1e100 -1e100 -1e100 -1e100 -1e100 -1e100 -1e100 -1e100 -1e100 -1e100 -1e100 -1e100 -1e100 -1e100 -1e100 -1e100 -1e100 -1e100 -1e100 -1e100 -1e100 -1e100 -1e100 -1e100 -1e100 -1e100 -1e100 -1e100 -1e100 -1e100 -1e100 -1e100 -1e100 -1e100 -1e100 -1e100 -1e100 -1e100 -1e100 -1e100 -1e100 -1e100 -1e100 -1e100 -1e100 -1e100 -1e100 -1e100 -1e100 -1e100 -1e100 -1e100      0      0 0.0082188406959176063538 0.19252537190914154053 0.37941795587539672852 0.57342958450317382812 0.77795392274856567383 0.99382811784744262695 -1e100 -1e100 -1e100
 -1e100 -1e100 -1e100 -1e100 -1e100 -1e100 -1e100 -1e100 -1e100 -1e100 -1e100 -1e100 -1e100 -1e100 -1e100 -1e100 -1e100 -1e100 -1e100 -1e100 -1e100 -1e100 -1e100 -1e100 -1e100 -1e100 -1e100 -1e100 -1e100 -1e100 -1e100 -1e100 -1e100 -1e100 -1e100 -1e100 -1e100 -1e100 -1e100 -1e100 -1e100 -1e100 -1e100 -1e100 -1e100 -1e100 -1e100 -1e100 -1e100 -1e100 -1e100 -1e100 -1e100 -1e100 -1e100 -1e100 -1e100 -1e100 -1e100 -1e100 -1e100 -1e100 332.1075439453125 334.7044677734375 337.132843017578125 339.330841064453125 341.220672607421875 342.7060546875 343.666351318359375 343.954864501953125 343.395233154296875 341.7894287109375 338.923370361328125 334.582061767578125 328.564056396484375 320.698638916015625 310.8648681640625 299.00274658203125 285.121795654296875 269.2998046875 251.683135986328125 232.4836273193359375 211.97259521484375 190.48516845703125 168.4171295166015625 146.231781005859375 124.43025970458984375 103.52606201171875 83.998291015625 66.2565460205078125 50.611232757568359375 37.241771697998046875 26.183095932006835938 17.32398223876953125 10.439717292785644531 5.2205100059509277344 1.2829042673110961914      0 -1e100 -1e100 -1e100 -1e100 -1e100 -1e100 -1e100 -1e100 -1e100 -1e100 -1e100 -1e100 -1e100 -1e100 -1e100 -1e100 -1e100 -1e100 -1e100 -1e100 -1e100 -1e100 -1e100 -1e100 -1e100 -1e100 -1e100 -1e100 -1e100 -1e100 -1e100 -1e100 -1e100 -1e100 -1e100 -1e100 -1e100 -1e100 -1e100 -1e100 -1e100 -1e100 -1e100 -1e100 -1e100 -1e100 -1e100 -1e100 -1e100 -1e100 -1e100 -1e100 -1e100 -1e100 -1e100 -1e100 -1e100 -1e100 -1e100      0      0 0.089603744447231292725 0.26458975672721862793 0.44827201962471008301 0.64580374956130981445 0.85826033353805541992 -1e100 -1e100 -1e100
 -1e100 -1e100 -1e100 -1e100 -1e100 -1e100 -1e100 -1e100 -1e100 -1e100 -1e100 -1e100 -1e100 -1e100 -1e100 -1e100 -1e100 -1e100 -1e100 -1e100 -1e100 -1e100 -1e100 -1e100 -1e100 -1e100 -1e100 -1e100 -1e100 -1e100 -1e100 -1e100 -1e100 -1e100 -1e100 -1e100 -1e100 -1e100 -1e100 -1e100 -1e100 -1e100 -1e100 -1e100 -1e100 -1e100 -1e100 -1e100 -1e100 -1e100 -1e100 -1e100 -1e100 -1e100 -1e100 -1e100 -1e100 -1e100 -1e100 -1e100 -1e100 -1e100 336.58038330078125 339.600006103515625 342.48687744140625 345.177276611328125 347.5887451171875 349.61688232421875 351.128997802734375 351.9625244140625 351.92193603515625 350.78863525390625 348.328155517578125 344.307861328125 338.51202392578125 330.76055908203125 320.927764892578125 308.952789306640625 294.847442626953125 278.693267822265625 260.64080810546875 240.905517578125 219.763671875 197.5601043701171875 174.709381103515625 151.7044525146484375 129.0809326171875 107.38622283935546875 87.12712860107421875 68.73410797119140625 52.529571533203125 38.695804595947265625 27.262224197387695312 18.105985641479492188 10.9907073974609375 5.6187410354614257812 1.7029945850372314453      0 -1e100 -1e100 -1e100 -1e100 -1e100 -1e100 -1e100 -1e100 -1e100 -1e100 -1e100 -1e100 -1e100 -1e100 -1e100 -1e100 -1e100 -1e100 -1e100 -1e100 -1e100 -1e100 -1e100 -1e100 -1e100 -1e100 -1e100 -1e100 -1e100 -1e100 -1e100 -1e100 -1e100 -1e100 -1e100 -1e100 -1e100 -1e100 -1e100 -1e100 -1e100 -1e100 -1e100 -1e100 -1e100 -1e100 -1e100 -1e100 -1e100 -1e100 -1e100 -1e100 -1e100 -1e100 -1e100 -1e100 -1e100 -1e100 -1e100      0      0      0 0.15475167334079742432 0.32991200685501098633 0.52268964052200317383 0.73383355140686035156 -1e100 -1e100 -1e100
 -1e100 -1e100 -1e100 -1e100 -1e100 -1e100 -1e100 -1e100 -1e100 -1e100 -1e100 -1e100 -1e100 -1e100 -1e100 -1e100 -1e100 -1e100 -1e100 -1e100 -1e100 -1e100 -1e100 -1e100 -1e100 -1e100 -1e100 -1e100 -1e100 -1e100 -1e100 -1e100 -1e100 -1e100 -1e100 -1e100 -1e100 -1e100 -1e100 -1e100 -1e100 -1e100 -1e100 -1e100 -1e100 -1e100 -1e100 -1e100 -1e100 -1e100 -1e100 -1e100 -1e100 -1e100 -1e100 -1e100 -1e100 -1e100 -1e100 -1e100 -1e100 -1e100 340.512115478515625 343.928619384765625 347.2467041015625 350.400054931640625 353.300628662109375 355.83489990234375 357.85736083984375 359.18914794921875 359.6160888671875 358.9005126953125 356.790496826171875 353.039093017578125 347.420440673828125 339.749114990234375 329.898162841796875 317.808837890625 303.49676513671875 287.047119140625 268.61279296875 248.4096527099609375 226.7153472900390625 203.8814849853515625 180.339599609375 156.611114501953125 133.2645416259765625 110.87628173828125 89.97571563720703125 71.0106353759765625 54.314708709716796875 40.07230377197265625 28.304901123046875 18.875486373901367188 11.541588783264160156 6.037761688232421875 1.9544162750244140625      0 -1e100 -1e100 -1e100 -1e100 -1e100 -1e100 -1e100 -1e100 -1e100 -1e100 -1e100 -1e100 -1e100 -1e100 -1e100 -1e100 -1e100 -1e100 -1e100 -1e100 -1e100 -1e100 -1e100 -1e100 -1e100 -1e100 -1e100 -1e100 -1e100 -1e100 -1e100 -1e100 -1e100 -1e100 -1e100 -1e100 -1e100 -1e100 -1e100 -1e100 -1e100 -1e100 -1e100 -1e100 -1e100 -1e100 -1e100 -1e100 -1e100 -1e100 -1e100 -1e100 -1e100 -1e100 -1e100 -1e100 -1e100 -1e100 -1e100 -1e100      0      0 0.051112733781337738037 0.21995902061462402344 0.41088834404945373535 0.62310677766799926758 -1e100 -1e100 -1e100
 -1e100 -1e100 -1e100 -1e100 -1e100 -1e100 -1e100 -1e100 -1e100 -1e100 -1e100 -1e100 -1e100 -1e100 -1e100 -1e100 -1e100 -1e100 -1e100 -1e100 -1e100 -1e100 -1e100 -1e100 -1e100 -1e100 -1e100 -1e100 -1e100 -1e100 -1e100 -1e100 -1e100 -1e100 -1e100 -1e100 -1e100 -1e100 -1e100 -1e100 -1e100 -1e100 -1e100 -1e100 -1e100 -1e100 -1e100 -1e100 -1e100 -1e100 -1e100 -1e100 -1e100 -1e100 -1e100 -1e100 -1e100 -1e100 -1e100 -1e100 -1e100 340.045318603515625 343.839141845703125 347.616424560546875 351.32647705078125 354.8995361328125 358.241119384765625 361.22784423828125 363.700897216796875 365.465576171875 366.290374755859375 365.921478271484375 364.092864990234375 360.547393798828125 355.053466796875 347.424530029296875 337.5360107421875 325.333892822265625 310.838531494140625 294.13824462890625 275.386505126953125 254.79638671875 232.64312744140625 209.281585693359375 185.1579437255859375 160.821533203125 136.8711090087890625 113.90557861328125 92.47057342529296875 73.0279388427734375 55.9221954345703125 41.340229034423828125 29.295228958129882812 19.637117385864257812 12.110166549682617188 6.4269080162048339844 2.0677678585052490234      0 -1e100 -1e100 -1e100 -1e100 -1e100 -1e100 -1e100 -1e100 -1e100 -1e100 -1e100 -1e100 -1e100 -1e100 -1e100 -1e100 -1e100 -1e100 -1e100 -1e100 -1e100 -1e100 -1e100 -1e100 -1e100 -1e100 -1e100 -1e100 -1e100 -1e100 -1e100 -1e100 -1e100 -1e100 -1e100 -1e100 -1e100 -1e100 -1e100 -1e100 -1e100 -1e100 -1e100 -1e100 -1e100 -1e100 -1e100 -1e100 -1e100 -1e100 -1e100 -1e100 -1e100 -1e100 -1e100 -1e100 -1e100 -1e100 -1e100 -1e100 -1e100      0      0 0.11898881196975708008 0.31068855524063110352 -1e100 -1e100 -1e100 -1e100
 -1e100 -1e100 -1e100 -1e100 -1e100 -1e100 -1e100 -1e100 -1e100 -1e100 -1e100 -1e100 -1e100 -1e100 -1e100 -1e100 -1e100 -1e100 -1e100 -1e100 -1e100 -1e100 -1e100 -1e100 -1e100 -1e100 -1e100 -1e100 -1e100 -1e100 -1e100 -1e100 -1e100 -1e100 -1e100 -1e100 -1e100 -1e100 -1e100 -1e100 -1e100 -1e100 -1e100 -1e100 -1e100 -1e100 -1e100 -1e100 -1e100 -1e100 -1e100 -1e100 -1e100 -1e100 -1e100 -1e100 -1e100 -1e100 -1e100 -1e100 -1e100 342.426300048828125 346.506744384765625 350.59893798828125 354.65045166015625 358.58721923828125 362.307525634765625 365.677703857421875 368.525909423828125 370.642608642578125 371.78167724609375 371.67633056640625 370.050445556640625 366.64105224609375 361.215240478515625 353.58929443359375 343.644317626953125 331.33270263671875 316.68023681640625 299.77813720703125 280.778900146484375 259.889373779296875 237.378997802734375 213.60211181640625 189.0164337158203125 164.1990814208984375 139.778717041015625 116.368255615234375 94.52140045166015625 74.71080780029296875 57.29071807861328125 42.4509124755859375 30.198766708374023438 20.37230682373046875 12.690221786499023438 6.7938532829284667969 2.2357041835784912109      0 -1e100 -1e100 -1e100 -1e100 -1e100 -1e100 -1e100 -1e100 -1e100 -1e100 -1e100 -1e100 -1e100 -1e100 -1e100 -1e100 -1e100 -1e100 -1e100 -1e100 -1e100 -1e100 -1e100 -1e100 -1e100 -1e100 -1e100 -1e100 -1e100 -1e100 -1e100 -1e100 -1e100 -1e100 -1e100 -1e100 -1e100 -1e100 -1e100 -1e100 -1e100 -1e100 -1e100 -1e100 -1e100 -1e100 -1e100 -1e100 -1e100 -1e100 -1e100 -1e100 -1e100 -1e100 -1e100 -1e100 -1e100 -1e100 -1e100 -1e100 -1e100      0      0 0.026525584980845451355 0.22170838713645935059 -1e100 -1e100 -1e100 -1e100
 -1e100 -1e100 -1e100 -1e100 -1e100 -1e100 -1e100 -1e100 -1e100 -1e100 -1e100 -1e100 -1e100 -1e100 -1e100 -1e100 -1e100 -1e100 -1e100 -1e100 -1e100 -1e100 -1e100 -1e100 -1e100 -1e100 -1e100 -1e100 -1e100 -1e100 -1e100 -1e100 -1e100 -1e100 -1e100 -1e100 -1e100 -1e100 -1e100 -1e100 -1e100 -1e100 -1e100 -1e100 -1e100 -1e100 -1e100 -1e100 -1e100 -1e100 -1e100 -1e100 -1e100 -1e100 -1e100 -1e100 -1e100 -1e100 -1e100 -1e100 -1e100 344.154052734375 348.472137451171875 352.825042724609375 357.157806396484375 361.391326904296875 365.416229248046875 369.08856201171875 372.22430419921875 374.60137939453125 375.962005615234375 376.029876708984375 374.522979736328125 371.1767578125 365.760955810546875 358.098114013671875 348.0770263671875 335.657806396484375 320.8724365234375 303.815155029296875 284.636138916015625 263.534210205078125 240.770294189453125 216.692901611328125 191.7666168212890625 166.6022796630859375 141.8598175048828125 118.1513214111328125 96.02854156494140625 75.9731292724609375 58.34682464599609375 43.341678619384765625 30.961484909057617188 21.03044891357421875 13.245257377624511719 7.2208971977233886719 2.51125335693359375      0 -1e100 -1e100 -1e100 -1e100 -1e100 -1e100 -1e100 -1e100 -1e100 -1e100 -1e100 -1e100 -1e100 -1e100 -1e100 -1e100 -1e100 -1e100 -1e100 -1e100 -1e100 -1e100 -1e100 -1e100 -1e100 -1e100 -1e100 -1e100 -1e100 -1e100 -1e100 -1e100 -1e100 -1e100 -1e100 -1e100 -1e100 -1e100 -1e100 -1e100 -1e100 -1e100 -1e100 -1e100 -1e100 -1e100 -1e100 -1e100 -1e100 -1e100 -1e100 -1e100 -1e100 -1e100 -1e100 -1e100 -1e100 -1e100 -1e100 -1e100 -1e100 -1e100      0      0 0.14943100512027740479 -1e100 -1e100 -1e100 -1e100
 -1e100 -1e100 -1e100 -1e100 -1e100 -1e100 -1e100 -1e100 -1e100 -1e100 -1e100 -1e100 -1e100 -1e100 -1e100 -1e100 -1e100 -1e100 -1e100 -1e100 -1e100 -1e100 -1e100 -1e100 -1e100 -1e100 -1e100 -1e100 -1e100 -1e100 -1e100 -1e100 -1e100 -1e100 -1e100 -1e100 -1e100 -1e100 -1e100 -1e100 -1e100 -1e100 -1e100 -1e100 -1e100 -1e100 -1e100 -1e100 -1e100 -1e100 -1e100 -1e100 -1e100 -1e100 -1e100 -1e100 -1e100 -1e100 -1e100 -1e100 -1e100 345.206573486328125 349.7076416015625 354.260467529296875 358.8067626953125 363.261932373046875 367.508697509765625 371.39349365234375 374.721923828125 377.261932373046875 378.747100830078125 378.89544677734375 377.422821044921875 374.06683349609375 368.60321044921875 360.862762451171875 350.743255615234375 338.213592529296875 323.312774658203125 306.138671875 286.839202880859375 265.605133056640625 242.6871185302734375 218.4190521240234375 193.277313232421875 167.9222564697265625 143.0204925537109375 119.1644439697265625 96.90737152099609375 76.73796844482421875 59.020366668701171875 43.946018218994140625 31.514617919921875 21.539663314819335938 13.7018585205078125 7.6001992225646972656 2.7850368022918701172      0 -1e100 -1e100 -1e100 -1e100 -1e100 -1e100 -1e100 -1e100 -1e100 -1e100 -1e100 -1e100 -1e100 -1e100 -1e100 -1e100 -1e100 -1e100 -1e100 -1e100 -1e100 -1e100 -1e100 -1e100 -1e100 -1e100 -1e100 -1e100 -1e100 -1e100 -1e100 -1e100 -1e100 -1e100 -1e100 -1e100 -1e100 -1e100 -1e100 -1e100 -1e100 -1e100 -1e100 -1e100 -1e100 -1e100 -1e100 -1e100 -1e100 -1e100 -1e100 -1e100 -1e100 -1e100 -1e100 -1e100 -1e100 -1e100 -1e100 -1e100 -1e100 -1e100      0      0 0.096677161753177642822 -1e100 -1e100 -1e100 -1e100
 -1e100 -1e100 -1e100 -1e100 -1e100 -1e100 -1e100 -1e100 -1e100 -1e100 -1e100 -1e100 -1e100 -1e100 -1e100 -1e100 -1e100 -1e100 -1e100 -1e100 -1e100 -1e100 -1e100 -1e100 -1e100 -1e100 -1e100 -1e100 -1e100 -1e100 -1e100 -1e100 -1e100 -1e100 -1e100 -1e100 -1e100 -1e100 -1e100 -1e100 -1e100 -1e100 -1e100 -1e100 -1e100 -1e100 -1e100 -1e100 -1e100 -1e100 -1e100 -1e100 -1e100 -1e100 -1e100 -1e100 -1e100 -1e100 -1e100 -1e100 -1e100 345.574798583984375 350.20037841796875 354.887725830078125 359.574798583984375 364.17108154296875 368.551971435546875 372.555572509765625 375.979156494140625 378.583343505859375 380.09637451171875 380.23388671875 378.713134765625 375.2769775390625 369.709014892578125 361.84942626953125 351.605682373046875 338.956298828125 323.948272705078125 306.684112548828125 287.310943603515625 266.01324462890625 243.0307159423828125 218.6934051513671875 193.4915618896484375 168.1184539794921875 143.2105712890625 119.35146331787109375 97.10160064697265625 76.94995880126953125 59.256591796875 44.207233428955078125 31.795946121215820312 21.833110809326171875 13.993743896484375 7.8676009178161621094 2.9941880702972412109      0 -1e100 -1e100 -1e100 -1e100 -1e100 -1e100 -1e100 -1e100 -1e100 -1e100 -1e100 -1e100 -1e100 -1e100 -1e100 -1e100 -1e100 -1e100 -1e100 -1e100 -1e100 -1e100 -1e100 -1e100 -1e100 -1e100 -1e100 -1e100 -1e100 -1e100 -1e100 -1e100 -1e100 -1e100 -1e100 -1e100 -1e100 -1e100 -1e100 -1e100 -1e100 -1e100 -1e100 -1e100 -1e100 -1e100 -1e100 -1e100 -1e100 -1e100 -1e100 -1e100 -1e100 -1e100 -1e100 -1e100 -1e100 -1e100 -1e100 -1e100 -1e100 -1e100 -1e100      0 0.033085279166698455811 -1e100 -1e100 -1e100 -1e100
 -1e100 -1e100 -1e100 -1e100 -1e100 -1e100 -1e100 -1e100 -1e100 -1e100 -1e100 -1e100 -1e100 -1e100 -1e100 -1e100 -1e100 -1e100 -1e100 -1e100 -1e100 -1e100 -1e100 -1e100 -1e100 -1e100 -1e100 -1e100 -1e100 -1e100 -1e100 -1e100 -1e100 -1e100 -1e100 -1e100 -1e100 -1e100 -1e100 -1e100 -1e100 -1e100 -1e100 -1e100 -1e100 -1e100 -1e100 -1e100 -1e100 -1e100 -1e100 -1e100 -1e100 -1e100 -1e100 -1e100 -1e100 -1e100 -1e100 -1e100 -1e100 345.262481689453125 349.951995849609375 354.706268310546875 359.45892333984375 364.11395263671875 368.540191650390625 372.569061279296875 375.991790771484375 378.564361572265625 380.012725830078125 380.05322265625 378.407562255859375 374.825714111328125 369.1004638671875 361.08172607421875 350.6871337890625 337.905548095703125 322.7923583984375 305.455718994140625 286.04193115234375 264.72955322265625 241.772613525390625 217.5236053466796875 192.4258575439453125 167.1992340087890625 142.422760009765625 118.69965362548828125 96.59259033203125 76.58373260498046875 59.0240478515625 44.08957672119140625 31.768514633178710938 21.872594833374023438 14.081351280212402344 7.9797573089599609375 3.0845968723297119141      0 -1e100 -1e100 -1e100 -1e100 -1e100 -1e100 -1e100 -1e100 -1e100 -1e100 -1e100 -1e100 -1e100 -1e100 -1e100 -1e100 -1e100 -1e100 -1e100 -1e100 -1e100 -1e100 -1e100 -1e100 -1e100 -1e100 -1e100 -1e100 -1e100 -1e100 -1e100 -1e100 -1e100 -1e100 -1e100 -1e100 -1e100 -1e100 -1e100 -1e100 -1e100 -1e100 -1e100 -1e100 -1e100 -1e100 -1e100 -1e100 -1e100 -1e100 -1e100 -1e100 -1e100 -1e100 -1e100 -1e100 -1e100 -1e100 -1e100 -1e100 -1e100 -1e100 -1e100 -1e100 -1e100 -1e100 -1e100 -1e100 -1e100
 -1e100 -1e100 -1e100 -1e100 -1e100 -1e100 -1e100 -1e100 -1e100 -1e100 -1e100 -1e100 -1e100 -1e100 -1e100 -1e100 -1e100 -1e100 -1e100 -1e100 -1e100 -1e100 -1e100 -1e100 -1e100 -1e100 -1e100 -1e100 -1e100 -1e100 -1e100 -1e100 -1e100 -1e100 -1e100 -1e100 -1e100 -1e100 -1e100 -1e100 -1e100 -1e100 -1e100 -1e100 -1e100 -1e100 -1e100 -1e100 -1e100 -1e100 -1e100 -1e100 -1e100 -1e100 -1e100 -1e100 -1e100 -1e100 -1e100 -1e100 -1e100 344.285400390625 348.9781494140625 353.731597900390625 358.4752197265625 363.10791015625 367.493255615234375 371.457794189453125 374.788909912109375 377.240631103515625 378.53936767578125 378.405242919921875 376.5665283203125 372.781829833984375 366.853729248046875 358.64227294921875 348.07562255859375 335.15283203125 319.937591552734375 302.541290283203125 283.10308837890625 261.809783935546875 238.9511566162109375 215.0054168701171875 190.1775665283203125 165.204345703125 140.68914794921875 117.23346710205078125 95.392364501953125 75.63663482666015625 58.304714202880859375 43.5616912841796875 31.390951156616210938 21.610544204711914062 13.910952568054199219 7.8766045570373535156 3.0117731094360351562      0 -1e100 -1e100 -1e100 -1e100 -1e100 -1e100 -1e100 -1e100 -1e100 -1e100 -1e100 -1e100 -1e100 -1e100 -1e100 -1e100 -1e100 -1e100 -1e100 -1e100 -1e100 -1e100 -1e100 -1e100 -1e100 -1e100 -1e100 -1e100 -1e100 -1e100 -1e100 -1e100 -1e100 -1e100 -1e100 -1e100 -1e100 -1e100 -1e100 -1e100 -1e100 -1e100 -1e100 -1e100 -1e100 -1e100 -1e100 -1e100 -1e100 -1e100 -1e100 -1e100 -1e100 -1e100 -1e100 -1e100 -1e100 -1e100 -1e100 -1e100 -1e100 -1e100 -1e100 -1e100 -1e100 -1e100 -1e100 -1e100 -1e100
 -1e100 -1e100 -1e100 -1e100 -1e100 -1e100 -1e100 -1e100 -1e100 -1e100 -1e100 -1e100 -1e100 -1e100 -1e100 -1e100 -1e100 -1e100 -1e100 -1e100 -1e100 -1e100 -1e100 -1e100 -1e100 -1e100 -1e100 -1e100 -1e100 -1e100 -1e100 -1e100 -1e100 -1e100 -1e100 -1e100 -1e100 -1e100 -1e100 -1e100 -1e100 -1e100 -1e100 -1e100 -1e100 -1e100 -1e100 -1e100 -1e100 -1e100 -1e100 -1e100 -1e100 -1e100 -1e100 -1e100 -1e100 -1e100 -1e100 -1e100 -1e100 342.669219970703125 347.3060302734375 351.9931640625 356.6561279296875 361.1895751953125 365.453216552734375 369.2703857421875 372.42706298828125 374.677734375 375.752166748046875 375.376617431640625 373.28778076171875 369.2542724609375 363.089019775390625 354.6627197265625 343.9141845703125 330.8521728515625 315.5479736328125 298.113006591796875 278.682708740234375 257.452545166015625 234.7543487548828125 211.1341705322265625 186.7589569091796875 162.20001220703125 138.0814056396484375 115.01171112060546875 93.54071044921875 74.127532958984375 57.09625244140625 42.600719451904296875 30.621372222900390625 20.985189437866210938 13.39913177490234375 7.4823484420776367188 2.7656569480895996094      0 -1e100 -1e100 -1e100 -1e100 -1e100 -1e100 -1e100 -1e100 -1e100 -1e100 -1e100 -1e100 -1e100 -1e100 -1e100 -1e100 -1e100 -1e100 -1e100 -1e100 -1e100 -1e100 -1e100 -1e100 -1e100 -1e100 -1e100 -1e100 -1e100 -1e100 -1e100 -1e100 -1e100 -1e100 -1e100 -1e100 -1e100 -1e100 -1e100 -1e100 -1e100 -1e100 -1e100 -1e100 -1e100 -1e100 -1e100 -1e100 -1e100 -1e100 -1e100 -1e100 -1e100 -1e100 -1e100 -1e100 -1e100 -1e100 -1e100 -1e100 -1e100 -1e100 -1e100 -1e100 -1e100 -1e100 -1e100 -1e100 -1e100
 -1e100 -1e100 -1e100 -1e100 -1e100 -1e100 -1e100 -1e100 -1e100 -1e100 -1e100 -1e100 -1e100 -1e100 -1e100 -1e100 -1e100 -1e100 -1e100 -1e100 -1e100 -1e100 -1e100 -1e100 -1e100 -1e100 -1e100 -1e100 -1e100 -1e100 -1e100 -1e100 -1e100 -1e100 -1e100 -1e100 -1e100 -1e100 -1e100 -1e100 -1e100 -1e100 -1e100 -1e100 -1e100 -1e100 -1e100 -1e100 -1e100 -1e100 -1e100 -1e100 -1e100 -1e100 -1e100 -1e100 -1e100 -1e100 -1e100 -1e100 -1e100 340.4481201171875 344.97308349609375 349.53240966796875 354.04815673828125 358.411712646484375 362.48016357421875 366.07568359375 368.98480224609375 370.9652099609375 371.752410888671875 371.081085205078125 368.698211669921875 364.383514404296875 357.961212158203125 349.313201904296875 338.389129638671875 325.20819091796875 309.849365234375 292.431640625 273.114715576171875 252.10748291015625 229.7373199462890625 206.4188690185546875 182.4576416015625 158.3645782470703125 134.723297119140625 112.12408447265625 91.1004486083984375 72.0943603515625 55.41283416748046875 41.197856903076171875 29.426019668579101562 19.929080963134765625 12.451229095458984375 6.7016930580139160156 2.3908913135528564453      0 -1e100 -1e100 -1e100 -1e100 -1e100 -1e100 -1e100 -1e100 -1e100 -1e100 -1e100 -1e100 -1e100 -1e100 -1e100 -1e100 -1e100 -1e100 -1e100 -1e100 -1e100 -1e100 -1e100 -1e100 -1e100 -1e100 -1e100 -1e100 -1e100 -1e100 -1e100 -1e100 -1e100 -1e100 -1e100 -1e100 -1e100 -1e100 -1e100 -1e100 -1e100 -1e100 -1e100 -1e100 -1e100 -1e100 -1e100 -1e100 -1e100 -1e100 -1e100 -1e100 -1e100 -1e100 -1e100 -1e100 -1e100 -1e100 -1e100 -1e100 -1e100 -1e100 -1e100 -1e100 -1e100 -1e100 -1e100 -1e100 -1e100
 -1e100 -1e100 -1e100 -1e100 -1e100 -1e100 -1e100 -1e100 -1e100 -1e100 -1e100 -1e100 -1e100 -1e100 -1e100 -1e100 -1e100 -1e100 -1e100 -1e100 -1e100 -1e100 -1e100 -1e100 -1e100 -1e100 -1e100 -1e100 -1e100 -1e100 -1e100 -1e100 -1e100 -1e100 -1e100 -1e100 -1e100 -1e100 -1e100 -1e100 -1e100 -1e100 -1e100 -1e100 -1e100 -1e100 -1e100 -1e100 -1e100 -1e100 -1e100 -1e100 -1e100 -1e100 -1e100 -1e100 -1e100 -1e100 -1e100 -1e100 -1e100 337.66119384765625 342.022674560546875 346.397979736328125 350.706329345703125 354.836700439453125 358.64508056640625 361.954193115234375 364.55340576171875 366.205780029296875 366.655120849609375 365.64654541015625 362.93896484375 358.324554443359375 351.6396484375 342.777984619140625 331.70050048828125 318.43701171875 303.0751953125 285.746917724609375 266.62774658203125 245.9254608154296875 223.912872314453125 200.9604644775390625 177.446746826171875 153.8601226806640625 130.7509765625 108.68030548095703125 88.15671539306640625 69.5991363525390625 53.29503631591796875 39.3738250732421875 27.805667877197265625 18.428358078002929688 11.029264450073242188 5.4069771766662597656 1.0893888473510742188      0 -1e100 -1e100 -1e100 -1e100 -1e100 -1e100 -1e100 -1e100 -1e100 -1e100 -1e100 -1e100 -1e100 -1e100 -1e100 -1e100 -1e100 -1e100 -1e100 -1e100 -1e100 -1e100 -1e100 -1e100 -1e100 -1e100 -1e100 -1e100 -1e100 -1e100 -1e100 -1e100 -1e100 -1e100 -1e100 -1e100 -1e100 -1e100 -1e100 -1e100 -1e100 -1e100 -1e100 -1e100 -1e100 -1e100 -1e100 -1e100 -1e100 -1e100 -1e100 -1e100 -1e100 -1e100 -1e100 -1e100 -1e100 -1e100 -1e100 -1e100 -1e100 -1e100 -1e100 -1e100 -1e100 -1e100 -1e100 -1e100 -1e100
 -1e100 -1e100 -1e100 -1e100 -1e100 -1e100 -1e100 -1e100 -1e100 -1e100 -1e100 -1e100 -1e100 -1e100 -1e100 -1e100 -1e100 -1e100 -1e100 -1e100 -1e100 -1e100 -1e100 -1e100 -1e100 -1e100 -1e100 -1e100 -1e100 -1e100 -1e100 -1e100 -1e100 -1e100 -1e100 -1e100 -1e100 -1e100 -1e100 -1e100 -1e100 -1e100 -1e100 -1e100 -1e100 -1e100 -1e100 -1e100 -1e100 -1e100 -1e100 -1e100 -1e100 -1e100 -1e100 -1e100 -1e100 -1e100 -1e100 -1e100 -1e100 334.3511962890625 338.50274658203125 342.6439208984375 346.691680908203125 350.53375244140625 354.0263671875 356.994476318359375 359.232391357421875 360.5107421875 360.58367919921875 359.208709716796875 356.15826416015625 351.237884521484375 344.29681396484375 335.240997314453125 324.04302978515625 310.74188232421875 295.43353271484375 278.25732421875 259.38507080078125 239.0142822265625 217.4031219482421875 194.892059326171875 171.87908935546875 148.8429412841796875 126.3088226318359375 104.8069610595703125 84.81616973876953125 66.7288665771484375 50.8131866455078125 37.18787384033203125 25.821178436279296875 16.56494903564453125 9.2134246826171875 3.5476460456848144531      0 -1e100 -1e100 -1e100 -1e100 -1e100 -1e100 -1e100 -1e100 -1e100 -1e100 -1e100 -1e100 -1e100 -1e100 -1e100 -1e100 -1e100 -1e100 -1e100 -1e100 -1e100 -1e100 -1e100 -1e100 -1e100 -1e100 -1e100 -1e100 -1e100 -1e100 -1e100 -1e100 -1e100 -1e100 -1e100 -1e100 -1e100 -1e100 -1e100 -1e100 -1e100 -1e100 -1e100 -1e100 -1e100 -1e100 -1e100 -1e100 -1e100 -1e100 -1e100 -1e100 -1e100 -1e100 -1e100 -1e100 -1e100 -1e100 -1e100 -1e100 -1e100 -1e100 -1e100 -1e100 -1e100 -1e100 -1e100 -1e100 -1e100 -1e100
 -1e100 -1e100 -1e100 -1e100 -1e100 -1e100 -1e100 -1e100 -1e100 -1e100 -1e100 -1e100 -1e100 -1e100 -1e100 -1e100 -1e100 -1e100 -1e100 -1e100 -1e100 -1e100 -1e100 -1e100 -1e100 -1e100 -1e100 -1e100 -1e100 -1e100 -1e100 -1e100 -1e100 -1e100 -1e100 -1e100 -1e100 -1e100 -1e100 -1e100 -1e100 -1e100 -1e100 -1e100 -1e100 -1e100 -1e100 -1e100 -1e100 -1e100 -1e100 -1e100 -1e100 -1e100 -1e100 -1e100 -1e100 -1e100 -1e100 -1e100 -1e100 330.56353759765625 334.4642333984375 338.327606201171875 342.069183349609375 345.5762939453125 348.706878662109375 351.28973388671875 353.12591552734375 353.995574951171875 353.66522216796875 351.906341552734375 348.50604248046875 343.284088134765625 336.102996826171875 326.8809814453125 315.601348876953125 302.31072998046875 287.1085205078125 270.13323974609375 251.55078125 231.551849365234375 210.3838653564453125 188.3699798583984375 165.90704345703125 143.4635009765625 121.53977203369140625 100.6341400146484375 81.19329833984375 63.582614898681640625 48.05365753173828125 34.719532012939453125 23.554304122924804688 14.41449737548828125 7.0720820426940917969 1.2161612510681152344      0 -1e100 -1e100 -1e100 -1e100 -1e100 -1e100 -1e100 -1e100 -1e100 -1e100 -1e100 -1e100 -1e100 -1e100 -1e100 -1e100 -1e100 -1e100 -1e100 -1e100 -1e100 -1e100 -1e100 -1e100 -1e100 -1e100 -1e100 -1e100 -1e100 -1e100 -1e100 -1e100 -1e100 -1e100 -1e100 -1e100 -1e100 -1e100 -1e100 -1e100 -1e100 -1e100 -1e100 -1e100 -1e100 -1e100 -1e100 -1e100 -1e100 -1e100 -1e100 -1e100 -1e100 -1e100 -1e100 -1e100 -1e100 -1e100 -1e100 -1e100 -1e100 -1e100 -1e100 -1e100 -1e100 -1e100 -1e100 -1e100 -1e100 -1e100
 -1e100 -1e100 -1e100 -1e100 -1e100 -1e100 -1e100 -1e100 -1e100 -1e100 -1e100 -1e100 -1e100 -1e100 -1e100 -1e100 -1e100 -1e100 -1e100 -1e100 -1e100 -1e100 -1e100 -1e100 -1e100 -1e100 -1e100 -1e100 -1e100 -1e100 -1e100 -1e100 -1e100 -1e100 -1e100 -1e100 -1e100 -1e100 -1e100 -1e100 -1e100 -1e100 -1e100 -1e100 -1e100 -1e100 -1e100 -1e100 -1e100 -1e100 -1e100 -1e100 -1e100 -1e100 -1e100 -1e100 -1e100 -1e100 -1e100 -1e100 -1e100 326.34600830078125 329.960845947265625 333.509674072265625 336.907135009765625 340.0413818359375 342.773162841796875 344.936767578125 346.341644287109375 346.7791748046875 346.029815673828125 343.880340576171875 340.13348388671875 334.62371826171875 327.2269287109375 317.87310791015625 306.554779052734375 293.3236083984375 278.278472900390625 261.551544189453125 243.30096435546875 223.7124176025390625 203.0252532958984375 181.5528411865234375 159.6839752197265625 137.869964599609375 116.58383941650390625 96.29022216796875 77.40340423583984375 60.263935089111328125 45.10861968994140625 32.04891204833984375 21.064846038818359375 12.008022308349609375 4.64197540283203125      0      0 -1e100 -1e100 -1e100 -1e100 -1e100 -1e100 -1e100 -1e100 -1e100 -1e100 -1e100 -1e100 -1e100 -1e100 -1e100 -1e100 -1e100 -1e100 -1e100 -1e100 -1e100 -1e100 -1e100 -1e100 -1e100 -1e100 -1e100 -1e100 -1e100 -1e100 -1e100 -1e100 -1e100 -1e100 -1e100 -1e100 -1e100 -1e100 -1e100 -1e100 -1e100 -1e100 -1e100 -1e100 -1e100 -1e100 -1e100 -1e100 -1e100 -1e100 -1e100 -1e100 -1e100 -1e100 -1e100 -1e100 -1e100 -1e100 -1e100 -1e100 -1e100 -1e100 -1e100 -1e100 -1e100 -1e100 -1e100 -1e100 -1e100 -1e100
 -1e100 -1e100 -1e100 -1e100 -1e100 -1e100 -1e100 -1e100 -1e100 -1e100 -1e100 -1e100 -1e100 -1e100 -1e100 -1e100 -1e100 -1e100 -1e100 -1e100 -1e100 -1e100 -1e100 -1e100 -1e100 -1e100 -1e100 -1e100 -1e100 -1e100 -1e100 -1e100 -1e100 -1e100 -1e100 -1e100 -1e100 -1e100 -1e100 -1e100 -1e100 -1e100 -1e100 -1e100 -1e100 -1e100 -1e100 -1e100 -1e100 -1e100 -1e100 -1e100 -1e100 -1e100 -1e100 -1e100 -1e100 -1e100 -1e100 -1e100 -1e100 321.748382568359375 325.04840087890625 328.252716064453125 331.275909423828125 334.007904052734375 336.313568115234375 338.034027099609375 338.98858642578125 338.9813232421875 337.807952880859375 335.271392822265625 331.1905517578125 325.414825439453125 317.833282470703125 308.38677978515625 297.074676513671875 283.950164794921875 269.108489990234375 252.67291259765625 234.793182373046875 215.6508331298828125 195.48101806640625 174.589569091796875 153.35174560546875 132.196319580078125 111.56563568115234375 91.890106201171875 73.55364990234375 56.8733978271484375 42.072162628173828125 29.25738525390625 18.411914825439453125 9.3889760971069335938 1.9514575004577636719      0 -1e100 -1e100 -1e100 -1e100 -1e100 -1e100 -1e100 -1e100 -1e100 -1e100 -1e100 -1e100 -1e100 -1e100 -1e100 -1e100 -1e100 -1e100 -1e100 -1e100 -1e100 -1e100 -1e100 -1e100 -1e100 -1e100 -1e100 -1e100 -1e100 -1e100 -1e100 -1e100 -1e100 -1e100 -1e100 -1e100 -1e100 -1e100 -1e100 -1e100 -1e100 -1e100 -1e100 -1e100 -1e100 -1e100 -1e100 -1e100 -1e100 -1e100 -1e100 -1e100 -1e100 -1e100 -1e100 -1e100 -1e100 -1e100 -1e100 -1e100 -1e100 -1e100 -1e100 -1e100 -1e100 -1e100 -1e100 -1e100 -1e100 -1e100 -1e100
 -1e100 -1e100 -1e100 -1e100 -1e100 -1e100 -1e100 -1e100 -1e100 -1e100 -1e100 -1e100 -1e100 -1e100 -1e100 -1e100 -1e100 -1e100 -1e100 -1e100 -1e100 -1e100 -1e100 -1e100 -1e100 -1e100 -1e100 -1e100 -1e100 -1e100 -1e100 -1e100 -1e100 -1e100 -1e100 -1e100 -1e100 -1e100 -1e100 -1e100 -1e100 -1e100 -1e100 -1e100 -1e100 -1e100 -1e100 -1e100 -1e100 -1e100 -1e100 -1e100 -1e100 -1e100 -1e100 -1e100 -1e100 -1e100 -1e100 -1e100 -1e100 316.82177734375 319.783935546875 322.62054443359375 325.24688720703125 327.55572509765625 329.4171142578125 330.680267333984375 331.175689697265625 330.721282958984375 329.1287841796875 326.217864990234375 321.82373046875 315.810394287109375 308.07965087890625 298.581451416015625 287.31903076171875 274.343963623046875 259.74505615234375 243.6374969482421875 226.163970947265625 207.502899169921875 187.8861236572265625 167.610260009765625 147.033050537109375 126.5565338134765625 106.59095001220703125 87.53438568115234375 69.742431640625 53.5099639892578125 39.04364776611328125 26.441934585571289062 15.687469482421875 6.6393260955810546875      0      0 -1e100 -1e100 -1e100 -1e100 -1e100 -1e100 -1e100 -1e100 -1e100 -1e100 -1e100 -1e100 -1e100 -1e100 -1e100 -1e100 -1e100 -1e100 -1e100 -1e100 -1e100 -1e100 -1e100 -1e100 -1e100 -1e100 -1e100 -1e100 -1e100 -1e100 -1e100 -1e100 -1e100 -1e100 -1e100 -1e100 -1e100 -1e100 -1e100 -1e100 -1e100 -1e100 -1e100 -1e100 -1e100 -1e100 -1e100 -1e100 -1e100 -1e100 -1e100 -1e100 -1e100 -1e100 -1e100 -1e100 -1e100 -1e100 -1e100 -1e100 -1e100 -1e100 -1e100 -1e100 -1e100 -1e100 -1e100 -1e100 -1e100 -1e100 -1e100
 -1e100 -1e100 -1e100 -1e100 -1e100 -1e100 -1e100 -1e100 -1e100 -1e100 -1e100 -1e100 -1e100 -1e100 -1e100 -1e100 -1e100 -1e100 -1e100 -1e100 -1e100 -1e100 -1e100 -1e100 -1e100 -1e100 -1e100 -1e100 -1e100 -1e100 -1e100 -1e100 -1e100 -1e100 -1e100 -1e100 -1e100 -1e100 -1e100 -1e100 -1e100 -1e100 -1e100 -1e100 -1e100 -1e100 -1e100 -1e100 -1e100 -1e100 -1e100 -1e100 -1e100 -1e100 -1e100 -1e100 -1e100 -1e100 -1e100 -1e100 -1e100 311.618011474609375 314.22503662109375 316.677215576171875 318.891448974609375 320.76416015625 322.171783447265625 322.97265625 323.009429931640625 322.1146240234375 320.116424560546875 316.851104736328125 312.16998291015625 305.951202392578125 298.10791015625 288.59710693359375 277.423431396484375 264.63446044921875 250.3121185302734375 234.5648193359375 217.5302276611328125 199.383880615234375 180.3524017333984375 160.720489501953125 140.82501220703125 121.03958892822265625 101.74365234375 83.30498504638671875 66.0528717041015625 50.25940704345703125 36.11290740966796875 23.701812744140625 13.007016181945800781 3.8937833309173583984      0      0 -1e100 -1e100 -1e100 -1e100 -1e100 -1e100 -1e100 -1e100 -1e100 -1e100 -1e100 -1e100 -1e100 -1e100 -1e100 -1e100 -1e100 -1e100 -1e100 -1e100 -1e100 -1e100 -1e100 -1e100 -1e100 -1e100 -1e100 -1e100 -1e100 -1e100 -1e100 -1e100 -1e100 -1e100 -1e100 -1e100 -1e100 -1e100 -1e100 -1e100 -1e100 -1e100 -1e100 -1e100 -1e100 -1e100 -1e100 -1e100 -1e100 -1e100 -1e100 -1e100 -1e100 -1e100 -1e100 -1e100 -1e100 -1e100 -1e100 -1e100 -1e100 -1e100 -1e100 -1e100 -1e100 -1e100 -1e100 -1e100 -1e100 -1e100 -1e100
 -1e100 -1e100 -1e100 -1e100 -1e100 -1e100 -1e100 -1e100 -1e100 -1e100 -1e100 -1e100 -1e100 -1e100 -1e100 -1e100 -1e100 -1e100 -1e100 -1e100 -1e100 -1e100 -1e100 -1e100 -1e100 -1e100 -1e100 -1e100 -1e100 -1e100 -1e100 -1e100 -1e100 -1e100 -1e100 -1e100 -1e100 -1e100 -1e100 -1e100 -1e100 -1e100 -1e100 -1e100 -1e100 -1e100 -1e100 -1e100 -1e100 -1e100 -1e100 -1e100 -1e100 -1e100 -1e100 -1e100 -1e100 -1e100 -1e100 -1e100 -1e100 306.18853759765625 308.428558349609375 310.485687255859375 312.27923583984375 313.71026611328125 314.662445068359375 315.004150390625 314.590789794921875 313.269805908203125 310.88555908203125 307.29058837890625 302.351593017578125 295.96002197265625 288.0389404296875 278.55047607421875 267.498870849609375 254.9271240234375 240.91070556640625 225.5526123046875 208.986572265625 191.3839569091796875 172.963775634765625 153.995880126953125 134.7948150634765625 115.70671844482421875 97.08179473876953125 79.25946807861328125 62.5422515869140625 47.1775054931640625 33.334705352783203125 21.09488677978515625 10.442290306091308594 1.2389197349548339844      0 -1e100 -1e100 -1e100 -1e100 -1e100 -1e100 -1e100 -1e100 -1e100 -1e100 -1e100 -1e100 -1e100 -1e100 -1e100 -1e100 -1e100 -1e100 -1e100 -1e100 -1e100 -1e100 -1e100 -1e100 -1e100 -1e100 -1e100 -1e100 -1e100 -1e100 -1e100 -1e100 -1e100 -1e100 -1e100 -1e100 -1e100 -1e100 -1e100 -1e100 -1e100 -1e100 -1e100 -1e100 -1e100 -1e100 -1e100 -1e100 -1e100 -1e100 -1e100 -1e100 -1e100 -1e100 -1e100 -1e100 -1e100 -1e100 -1e100 -1e100 -1e100 -1e100 -1e100 -1e100 -1e100 -1e100 -1e100 -1e100 -1e100 -1e100 -1e100 -1e100
 -1e100 -1e100 -1e100 -1e100 -1e100 -1e100 -1e100 -1e100 -1e100 -1e100 -1e100 -1e100 -1e100 -1e100 -1e100 -1e100 -1e100 -1e100 -1e100 -1e100 -1e100 -1e100 -1e100 -1e100 -1e100 -1e100 -1e100 -1e100 -1e100 -1e100 -1e100 -1e100 -1e100 -1e100 -1e100 -1e100 -1e100 -1e100 -1e100 -1e100 -1e100 -1e100 -1e100 -1e100 -1e100 -1e100 -1e100 -1e100 -1e100 -1e100 -1e100 -1e100 -1e100 -1e100 -1e100 -1e100 -1e100 -1e100 -1e100 -1e100 -1e100 300.584075927734375 302.450225830078125 304.107269287109375 305.4776611328125 306.467926025390625 306.9697265625 306.862152099609375 306.013519287109375 304.285888671875 301.53924560546875 297.641571044921875 292.47412109375 285.940521240234375 277.972320556640625 268.5355224609375 257.63348388671875 245.304779052734375 231.6193084716796875 216.675323486328125 200.60205078125 183.56512451171875 165.77349853515625 147.4808807373046875 128.97991943359375 110.59059906005859375 92.6356658935546875 75.42586517333984375 59.234592437744140625 44.281818389892578125 30.71712493896484375 18.613101959228515625 7.9595050811767578125      0      0 -1e100 -1e100 -1e100 -1e100 -1e100 -1e100 -1e100 -1e100 -1e100 -1e100 -1e100 -1e100 -1e100 -1e100 -1e100 -1e100 -1e100 -1e100 -1e100 -1e100 -1e100 -1e100 -1e100 -1e100 -1e100 -1e100 -1e100 -1e100 -1e100 -1e100 -1e100 -1e100 -1e100 -1e100 -1e100 -1e100 -1e100 -1e100 -1e100 -1e100 -1e100 -1e100 -1e100 -1e100 -1e100 -1e100 -1e100 -1e100 -1e100 -1e100 -1e100 -1e100 -1e100 -1e100 -1e100 -1e100 -1e100 -1e100 -1e100 -1e100 -1e100 -1e100 -1e100 -1e100 -1e100 -1e100 -1e100 -1e100 -1e100 -1e100 -1e100 -1e100
 -1e100 -1e100 -1e100 -1e100 -1e100 -1e100 -1e100 -1e100 -1e100 -1e100 -1e100 -1e100 -1e100 -1e100 -1e100 -1e100 -1e100 -1e100 -1e100 -1e100 -1e100 -1e100 -1e100 -1e100 -1e100 -1e100 -1e100 -1e100 -1e100 -1e100 -1e100 -1e100 -1e100 -1e100 -1e100 -1e100 -1e100 -1e100 -1e100 -1e100 -1e100 -1e100 -1e100 -1e100 -1e100 -1e100 -1e100 -1e100 -1e100 -1e100 -1e100 -1e100 -1e100 -1e100 -1e100 -1e100 -1e100 -1e100 -1e100 -1e100 -1e100 294.853729248046875 296.34368896484375 297.600555419921875 298.55059814453125 299.10650634765625 299.16864013671875 298.626739501953125 297.362030029296875 295.25048828125 292.166961669921875 287.993927001953125 282.625946044921875 275.977630615234375 267.988067626953125 258.626617431640625 247.8958587646484375 235.8305206298828125 222.49566650390625 207.984405517578125 192.4206085205078125 175.9625701904296875 158.807952880859375 141.1942901611328125 123.39328765869140625 105.7003021240234375 88.41094970703125 71.8057403564453125 56.12624359130859375 41.561901092529296875 28.24268341064453125 16.23940277099609375 5.5681824684143066406      0 -1e100 -1e100 -1e100 -1e100 -1e100 -1e100 -1e100 -1e100 -1e100 -1e100 -1e100 -1e100 -1e100 -1e100 -1e100 -1e100 -1e100 -1e100 -1e100 -1e100 -1e100 -1e100 -1e100 -1e100 -1e100 -1e100 -1e100 -1e100 -1e100 -1e100 -1e100 -1e100 -1e100 -1e100 -1e100 -1e100 -1e100 -1e100 -1e100 -1e100 -1e100 -1e100 -1e100 -1e100 -1e100 -1e100 -1e100 -1e100 -1e100 -1e100 -1e100 -1e100 -1e100 -1e100 -1e100 -1e100 -1e100 -1e100 -1e100 -1e100 -1e100 -1e100 -1e100 -1e100 -1e100 -1e100 -1e100 -1e100 -1e100 -1e100 -1e100 -1e100 -1e100
 -1e100 -1e100 -1e100 -1e100 -1e100 -1e100 -1e100 -1e100 -1e100 -1e100 -1e100 -1e100 -1e100 -1e100 -1e100 -1e100 -1e100 -1e100 -1e100 -1e100 -1e100 -1e100 -1e100 -1e100 -1e100 -1e100 -1e100 -1e100 -1e100 -1e100 -1e100 -1e100 -1e100 -1e100 -1e100 -1e100 -1e100 -1e100 -1e100 -1e100 -1e100 -1e100 -1e100 -1e100 -1e100 -1e100 -1e100 -1e100 -1e100 -1e100 -1e100 -1e100 -1e100 -1e100 -1e100 -1e100 -1e100 -1e100 -1e100 -1e100 -1e100 289.045440673828125 290.161041259765625 291.021942138671875 291.559051513671875 291.691619873046875 291.328887939453125 290.371337890625 288.71240234375 286.2413330078125 282.846771240234375 278.424560546875 272.8814697265625 266.14190673828125 258.15185546875 248.88385009765625 238.3401641845703125 226.552337646484375 213.5806884765625 199.512969970703125 184.466827392578125 168.5924072265625 152.0757904052734375 135.13885498046875 118.03353118896484375 101.0313262939453125 84.4005889892578125 68.3905029296875 53.208286285400390625 39.01025390625 25.904521942138671875 13.973356246948242188 3.2971653938293457031      0 -1e100 -1e100 -1e100 -1e100 -1e100 -1e100 -1e100 -1e100 -1e100 -1e100 -1e100 -1e100 -1e100 -1e100 -1e100 -1e100 -1e100 -1e100 -1e100 -1e100 -1e100 -1e100 -1e100 -1e100 -1e100 -1e100 -1e100 -1e100 -1e100 -1e100 -1e100 -1e100 -1e100 -1e100 -1e100 -1e100 -1e100 -1e100 -1e100 -1e100 -1e100 -1e100 -1e100 -1e100 -1e100 -1e100 -1e100 -1e100 -1e100 -1e100 -1e100 -1e100 -1e100 -1e100 -1e100 -1e100 -1e100 -1e100 -1e100 -1e100 -1e100 -1e100 -1e100 -1e100 -1e100 -1e100 -1e100 -1e100 -1e100 -1e100 -1e100 -1e100 -1e100
 -1e100 -1e100 -1e100 -1e100 -1e100 -1e100 -1e100 -1e100 -1e100 -1e100 -1e100 -1e100 -1e100 -1e100 -1e100 -1e100 -1e100 -1e100 -1e100 -1e100 -1e100 -1e100 -1e100 -1e100 -1e100 -1e100 -1e100 -1e100 -1e100 -1e100 -1e100 -1e100 -1e100 -1e100 -1e100 -1e100 -1e100 -1e100 -1e100 -1e100 -1e100 -1e100 -1e100 -1e100 -1e100 -1e100 -1e100 -1e100 -1e100 -1e100 -1e100 -1e100 -1e100 -1e100 -1e100 -1e100 -1e100 -1e100 -1e100 -1e100 -1e100 283.2059326171875 283.952606201171875 284.42572021484375 284.561126708984375 284.285003662109375 283.515411376953125 282.1632080078125 280.13336181640625 277.327606201171875 273.64727783203125 269.0003662109375 263.304656982421875 256.493499755859375 248.519134521484375 239.35736083984375 229.010467529296875 217.5073394775390625 204.903900146484375 191.282470703125 176.75421142578125 161.460906982421875 145.577301025390625 129.310394287109375 112.89325714111328125 96.5743408203125 80.59549713134765625 65.1749114990234375 50.48590087890625 36.64827728271484375 23.73973846435546875 11.848822593688964844 1.1646714210510253906      0 -1e100 -1e100 -1e100 -1e100 -1e100 -1e100 -1e100 -1e100 -1e100 -1e100 -1e100 -1e100 -1e100 -1e100 -1e100 -1e100 -1e100 -1e100 -1e100 -1e100 -1e100 -1e100 -1e100 -1e100 -1e100 -1e100 -1e100 -1e100 -1e100 -1e100 -1e100 -1e100 -1e100 -1e100 -1e100 -1e100 -1e100 -1e100 -1e100 -1e100 -1e100 -1e100 -1e100 -1e100 -1e100 -1e100 -1e100 -1e100 -1e100 -1e100 -1e100 -1e100 -1e100 -1e100 -1e100 -1e100 -1e100 -1e100 -1e100 -1e100 -1e100 -1e100 -1e100 -1e100 -1e100 -1e100 -1e100 -1e100 -1e100 -1e100 -1e100 -1e100 -1e100
 -1e100 -1e100 -1e100 -1e100 -1e100 -1e100 -1e100 -1e100 -1e100 -1e100 -1e100 -1e100 -1e100 -1e100 -1e100 -1e100 -1e100 -1e100 -1e100 -1e100 -1e100 -1e100 -1e100 -1e100 -1e100 -1e100 -1e100 -1e100 -1e100 -1e100 -1e100 -1e100 -1e100 -1e100 -1e100 -1e100 -1e100 -1e100 -1e100 -1e100 -1e100 -1e100 -1e100 -1e100 -1e100 -1e100 -1e100 -1e100 -1e100 -1e100 -1e100 -1e100 -1e100 -1e100 -1e100 -1e100 -1e100 -1e100 -1e100 -1e100 -1e100 277.38165283203125 277.76837158203125 277.865325927734375 277.613555908203125 276.94635009765625 275.790252685546875 274.0660400390625 271.689483642578125 268.57373046875 264.631805419921875 259.782623291015625 253.953857421875 247.0868377685546875 239.1397247314453125 230.0915374755859375 219.9449462890625 208.72674560546875 196.4890289306640625 183.3090667724609375 169.291778564453125 154.570892333984375 139.3103790283203125 123.703125 107.9642791748046875 92.3206787109375 76.98957061767578125 62.162418365478515625 47.98370361328125 34.540119171142578125 21.865598678588867188 9.9718170166015625      0 -1e100 -1e100 -1e100 -1e100 -1e100 -1e100 -1e100 -1e100 -1e100 -1e100 -1e100 -1e100 -1e100 -1e100 -1e100 -1e100 -1e100 -1e100 -1e100 -1e100 -1e100 -1e100 -1e100 -1e100 -1e100 -1e100 -1e100 -1e100 -1e100 -1e100 -1e100 -1e100 -1e100 -1e100 -1e100 -1e100 -1e100 -1e100 -1e100 -1e100 -1e100 -1e100 -1e100 -1e100 -1e100 -1e100 -1e100 -1e100 -1e100 -1e100 -1e100 -1e100 -1e100 -1e100 -1e100 -1e100 -1e100 -1e100 -1e100 -1e100 -1e100 -1e100 -1e100 -1e100 -1e100 -1e100 -1e100 -1e100 -1e100 -1e100 -1e100 -1e100 -1e100 -1e100
 -1e100 -1e100 -1e100 -1e100 -1e100 -1e100 -1e100 -1e100 -1e100 -1e100 -1e100 -1e100 -1e100 -1e100 -1e100 -1e100 -1e100 -1e100 -1e100 -1e100 -1e100 -1e100 -1e100 -1e100 -1e100 -1e100 -1e100 -1e100 -1e100 -1e100 -1e100 -1e100 -1e100 -1e100 -1e100 -1e100 -1e100 -1e100 -1e100 -1e100 -1e100 -1e100 -1e100 -1e100 -1e100 -1e100 -1e100 -1e100 -1e100 -1e100 -1e100 -1e100 -1e100 -1e100 -1e100 -1e100 -1e100 -1e100 -1e100 -1e100 271.3233642578125 271.61895751953125 271.65802001953125 271.393585205078125 270.77215576171875 269.733917236328125 268.213653564453125 266.14129638671875 263.442718505859375 260.041351318359375 255.860748291015625 250.8295440673828125 244.8841552734375 237.97320556640625 230.06024169921875 221.1275787353515625 211.1786956787109375 200.2390289306640625 188.357635498046875 175.6075592041015625 162.0880889892578125 147.92547607421875 133.2736663818359375 118.3123016357421875 103.2398681640625 88.2633514404296875 73.57860565185546875 59.35630035400390625 45.72298431396484375 32.75142669677734375 20.451948165893554688 8.9230337142944335938      0 -1e100 -1e100 -1e100 -1e100 -1e100 -1e100 -1e100 -1e100 -1e100 -1e100 -1e100 -1e100 -1e100 -1e100 -1e100 -1e100 -1e100 -1e100 -1e100 -1e100 -1e100 -1e100 -1e100 -1e100 -1e100 -1e100 -1e100 -1e100 -1e100 -1e100 -1e100 -1e100 -1e100 -1e100 -1e100 -1e100 -1e100 -1e100 -1e100 -1e100 -1e100 -1e100 -1e100 -1e100 -1e100 -1e100 -1e100 -1e100 -1e100 -1e100 -1e100 -1e100 -1e100 -1e100 -1e100 -1e100 -1e100 -1e100 -1e100 -1e100 -1e100 -1e100 -1e100 -1e100 -1e100 -1e100 -1e100 -1e100 -1e100 -1e100 -1e100 -1e100 -1e100 -1e100
 -1e100 -1e100 -1e100 -1e100 -1e100 -1e100 -1e100 -1e100 -1e100 -1e100 -1e100 -1e100 -1e100 -1e100 -1e100 -1e100 -1e100 -1e100 -1e100 -1e100 -1e100 -1e100 -1e100 -1e100 -1e100 -1e100 -1e100 -1e100 -1e100 -1e100 -1e100 -1e100 -1e100 -1e100 -1e100 -1e100 -1e100 -1e100 -1e100 -1e100 -1e100 -1e100 -1e100 -1e100 -1e100 -1e100 -1e100 -1e100 -1e100 -1e100 -1e100 -1e100 -1e100 -1e100 -1e100 -1e100 -1e100 -1e100 -1e100 -1e100 265.986724853515625 265.965484619140625 265.67230224609375 265.0643310546875 264.09344482421875 262.706573486328125 260.846221923828125 258.45086669921875 255.455352783203125 251.792327880859375 247.3944854736328125 242.199066162109375 236.15020751953125 229.203094482421875 221.32635498046875 212.5056610107421875 202.7458648681640625 192.071929931640625 180.531005859375 168.192840576171875 155.1520233154296875 141.528106689453125 127.46590423583984375 113.1329193115234375 98.7122344970703125 84.39278411865234375 70.35138702392578125 56.74095916748046875 43.674251556396484375 31.213947296142578125 19.368696212768554688 8.24964141845703125      0 -1e100 -1e100 -1e100 -1e100 -1e100 -1e100 -1e100 -1e100 -1e100 -1e100 -1e100 -1e100 -1e100 -1e100 -1e100 -1e100 -1e100 -1e100 -1e100 -1e100 -1e100 -1e100 -1e100 -1e100 -1e100 -1e100 -1e100 -1e100 -1e100 -1e100 -1e100 -1e100 -1e100 -1e100 -1e100 -1e100 -1e100 -1e100 -1e100 -1e100 -1e100 -1e100 -1e100 -1e100 -1e100 -1e100 -1e100 -1e100 -1e100 -1e100 -1e100 -1e100 -1e100 -1e100 -1e100 -1e100 -1e100 -1e100 -1e100 -1e100 -1e100 -1e100 -1e100 -1e100 -1e100 -1e100 -1e100 -1e100 -1e100 -1e100 -1e100 -1e100 -1e100 -1e100
 -1e100 -1e100 -1e100 -1e100 -1e100 -1e100 -1e100 -1e100 -1e100 -1e100 -1e100 -1e100 -1e100 -1e100 -1e100 -1e100 -1e100 -1e100 -1e100 -1e100 -1e100 -1e100 -1e100 -1e100 -1e100 -1e100 -1e100 -1e100 -1e100 -1e100 -1e100 -1e100 -1e100 -1e100 -1e100 -1e100 -1e100 -1e100 -1e100 -1e100 -1e100 -1e100 -1e100 -1e100 -1e100 -1e100 -1e100 -1e100 -1e100 -1e100 -1e100 -1e100 -1e100 -1e100 -1e100 -1e100 -1e100 -1e100 -1e100 260.86199951171875 260.79168701171875 260.47015380859375 259.863311767578125 258.9324951171875 257.634979248046875 255.924102783203125 253.7495880126953125 251.0574493408203125 247.7903900146484375 243.8889312744140625 239.2936248779296875 233.949066162109375 227.8062591552734375 220.8262939453125 212.982757568359375 204.2648468017578125 194.67950439453125 184.2523651123046875 173.029754638671875 161.079345703125 148.491943359375 135.381500244140625 121.884613037109375 108.157745361328125 94.37000274658203125 80.69402313232421875 67.28954315185546875 54.293827056884765625 41.80864715576171875 29.891077041625976562 18.566919326782226562 7.8763079643249511719      0 -1e100 -1e100 -1e100 -1e100 -1e100 -1e100 -1e100 -1e100 -1e100 -1e100 -1e100 -1e100 -1e100 -1e100 -1e100 -1e100 -1e100 -1e100 -1e100 -1e100 -1e100 -1e100 -1e100 -1e100 -1e100 -1e100 -1e100 -1e100 -1e100 -1e100 -1e100 -1e100 -1e100 -1e100 -1e100 -1e100 -1e100 -1e100 -1e100 -1e100 -1e100 -1e100 -1e100 -1e100 -1e100 -1e100 -1e100 -1e100 -1e100 -1e100 -1e100 -1e100 -1e100 -1e100 -1e100 -1e100 -1e100 -1e100 -1e100 -1e100 -1e100 -1e100 -1e100 -1e100 -1e100 -1e100 -1e100 -1e100 -1e100 -1e100 -1e100 -1e100 -1e100 -1e100
 -1e100 -1e100 -1e100 -1e100 -1e100 -1e100 -1e100 -1e100 -1e100 -1e100 -1e100 -1e100 -1e100 -1e100 -1e100 -1e100 -1e100 -1e100 -1e100 -1e100 -1e100 -1e100 -1e100 -1e100 -1e100 -1e100 -1e100 -1e100 -1e100 -1e100 -1e100 -1e100 -1e100 -1e100 -1e100 -1e100 -1e100 -1e100 -1e100 -1e100 -1e100 -1e100 -1e100 -1e100 -1e100 -1e100 -1e100 -1e100 -1e100 -1e100 -1e100 -1e100 -1e100 -1e100 -1e100 -1e100 -1e100 -1e100 -1e100 256.12188720703125 255.78570556640625 255.1836700439453125 254.284820556640625 253.0547027587890625 251.45587158203125 249.4477691650390625 246.9865264892578125 244.0247039794921875 240.51141357421875 236.3936309814453125 231.618377685546875 226.13653564453125 219.905120849609375 212.890777587890625 205.071929931640625 196.44183349609375 187.010345458984375 176.8048858642578125 165.8722076416015625 154.279022216796875 142.113555908203125 129.485076904296875 116.5229644775390625 103.37366485595703125 90.193756103515625 77.14144134521484375 64.361572265625 51.977985382080078125 40.083911895751953125 28.734096527099609375 17.95037078857421875 7.7351207733154296875      0      0 -1e100 -1e100 -1e100 -1e100 -1e100 -1e100 -1e100 -1e100 -1e100 -1e100 -1e100 -1e100 -1e100 -1e100 -1e100 -1e100 -1e100 -1e100 -1e100 -1e100 -1e100 -1e100 -1e100 -1e100 -1e100 -1e100 -1e100 -1e100 -1e100 -1e100 -1e100 -1e100 -1e100 -1e100 -1e100 -1e100 -1e100 -1e100 -1e100 -1e100 -1e100 -1e100 -1e100 -1e100 -1e100 -1e100 -1e100 -1e100 -1e100 -1e100 -1e100 -1e100 -1e100 -1e100 -1e100 -1e100 -1e100 -1e100 -1e100 -1e100 -1e100 -1e100 -1e100 -1e100 -1e100 -1e100 -1e100 -1e100 -1e100 -1e100 -1e100 -1e100 -1e100
 -1e100 -1e100 -1e100 -1e100 -1e100 -1e100 -1e100 -1e100 -1e100 -1e100 -1e100 -1e100 -1e100 -1e100 -1e100 -1e100 -1e100 -1e100 -1e100 -1e100 -1e100 -1e100 -1e100 -1e100 -1e100 -1e100 -1e100 -1e100 -1e100 -1e100 -1e100 -1e100 -1e100 -1e100 -1e100 -1e100 -1e100 -1e100 -1e100 -1e100 -1e100 -1e100 -1e100 -1e100 -1e100 -1e100 -1e100 -1e100 -1e100 -1e100 -1e100 -1e100 -1e100 -1e100 -1e100 -1e100 -1e100 -1e100 251.923583984375 251.5965728759765625 251.0159149169921875 250.1562957763671875 248.9898681640625 247.4864044189453125 245.6136016845703125 243.3365478515625 240.616973876953125 237.4126739501953125 233.6777191162109375 229.3639068603515625 224.42340087890625 218.8122711181640625 212.492950439453125 205.4373931884765625 197.6291351318359375 189.0661773681640625 179.76220703125 169.74755859375 159.070556640625 147.798187255859375 136.0170440673828125 123.832611083984375 111.36782073974609375 98.76003265380859375 86.15445709228515625 73.69669342041015625 61.519069671630859375 49.734771728515625 38.43166351318359375 27.667909622192382812 17.462535858154296875 7.7822909355163574219      0      0 -1e100 -1e100 -1e100 -1e100 -1e100 -1e100 -1e100 -1e100 -1e100 -1e100 -1e100 -1e100 -1e100 -1e100 -1e100 -1e100 -1e100 -1e100 -1e100 -1e100 -1e100 -1e100 -1e100 -1e100 -1e100 -1e100 -1e100 -1e100 -1e100 -1e100 -1e100 -1e100 -1e100 -1e100 -1e100 -1e100 -1e100 -1e100 -1e100 -1e100 -1e100 -1e100 -1e100 -1e100 -1e100 -1e100 -1e100 -1e100 -1e100 -1e100 -1e100 -1e100 -1e100 -1e100 -1e100 -1e100 -1e100 -1e100 -1e100 -1e100 -1e100 -1e100 -1e100 -1e100 -1e100 -1e100 -1e100 -1e100 -1e100 -1e100 -1e100 -1e100 -1e100
 -1e100 -1e100 -1e100 -1e100 -1e100 -1e100 -1e100 -1e100 -1e100 -1e100 -1e100 -1e100 -1e100 -1e100 -1e100 -1e100 -1e100 -1e100 -1e100 -1e100 -1e100 -1e100 -1e100 -1e100 -1e100 -1e100 -1e100 -1e100 -1e100 -1e100 -1e100 -1e100 -1e100 -1e100 -1e100 -1e100 -1e100 -1e100 -1e100 -1e100 -1e100 -1e100 -1e100 -1e100 -1e100 -1e100 -1e100 -1e100 -1e100 -1e100 -1e100 -1e100 -1e100 -1e100 -1e100 -1e100 -1e100 -1e100 247.8611907958984375 247.3282318115234375 246.527587890625 245.4359588623046875 244.028594970703125 242.279388427734375 240.1610260009765625 237.6438751220703125 234.6942901611328125 231.273956298828125 227.3401947021484375 222.8480072021484375 217.753326416015625 212.0164031982421875 205.604766845703125 198.49578857421875 190.6787567138671875 182.1570892333984375 172.949371337890625 163.089813232421875 152.62945556640625 141.636474609375 130.1967315673828125 118.41255950927734375 106.40097808837890625 94.29076385498046875 82.21656036376953125 70.31249237060546875 58.700199127197265625 47.48444366455078125 36.750064849853515625 26.56170654296875 16.950809478759765625 7.87014007568359375      0      0 -1e100 -1e100 -1e100 -1e100 -1e100 -1e100 -1e100 -1e100 -1e100 -1e100 -1e100 -1e100 -1e100 -1e100 -1e100 -1e100 -1e100 -1e100 -1e100 -1e100 -1e100 -1e100 -1e100 -1e100 -1e100 -1e100 -1e100 -1e100 -1e100 -1e100 -1e100 -1e100 -1e100 -1e100 -1e100 -1e100 -1e100 -1e100 -1e100 -1e100 -1e100 -1e100 -1e100 -1e100 -1e100 -1e100 -1e100 -1e100 -1e100 -1e100 -1e100 -1e100 -1e100 -1e100 -1e100 -1e100 -1e100 -1e100 -1e100 -1e100 -1e100 -1e100 -1e100 -1e100 -1e100 -1e100 -1e100 -1e100 -1e100 -1e100 -1e100 -1e100 -1e100
 -1e100 -1e100 -1e100 -1e100 -1e100 -1e100 -1e100 -1e100 -1e100 -1e100 -1e100 -1e100 -1e100 -1e100 -1e100 -1e100 -1e100 -1e100 -1e100 -1e100 -1e100 -1e100 -1e100 -1e100 -1e100 -1e100 -1e100 -1e100 -1e100 -1e100 -1e100 -1e100 -1e100 -1e100 -1e100 -1e100 -1e100 -1e100 -1e100 -1e100 -1e100 -1e100 -1e100 -1e100 -1e100 -1e100 -1e100 -1e100 -1e100 -1e100 -1e100 -1e100 -1e100 -1e100 -1e100 -1e100 -1e100 -1e100 244.0670166015625 243.354248046875 242.3605499267578125 241.0644073486328125 239.44390869140625 237.4770355224609375 235.141357421875 232.4121551513671875 229.259490966796875 225.6474609375 221.5349273681640625 216.87835693359375 211.6361083984375 205.7720184326171875 199.2585906982421875 192.0792388916015625 184.229644775390625 175.7196197509765625 166.573455810546875 156.83026123046875 146.5446319580078125 135.786773681640625 124.6422882080078125 113.2107696533203125 101.60361480712890625 89.94123077392578125 78.34777069091796875 66.94593048095703125 55.84637451171875 45.144977569580078125 34.92125701904296875 25.245523452758789062 16.173221588134765625 7.6835498809814453125      0      0 -1e100 -1e100 -1e100 -1e100 -1e100 -1e100 -1e100 -1e100 -1e100 -1e100 -1e100 -1e100 -1e100 -1e100 -1e100 -1e100 -1e100 -1e100 -1e100 -1e100 -1e100 -1e100 -1e100 -1e100 -1e100 -1e100 -1e100 -1e100 -1e100 -1e100 -1e100 -1e100 -1e100 -1e100 -1e100 -1e100 -1e100 -1e100 -1e100 -1e100 -1e100 -1e100 -1e100 -1e100 -1e100 -1e100 -1e100 -1e100 -1e100 -1e100 -1e100 -1e100 -1e100 -1e100 -1e100 -1e100 -1e100 -1e100 -1e100 -1e100 -1e100 -1e100 -1e100 -1e100 -1e100 -1e100 -1e100 -1e100 -1e100 -1e100 -1e100 -1e100 -1e100
 -1e100 -1e100 -1e100 -1e100 -1e100 -1e100 -1e100 -1e100 -1e100 -1e100 -1e100 -1e100 -1e100 -1e100 -1e100 -1e100 -1e100 -1e100 -1e100 -1e100 -1e100 -1e100 -1e100 -1e100 -1e100 -1e100 -1e100 -1e100 -1e100 -1e100 -1e100 -1e100 -1e100 -1e100 -1e100 -1e100 -1e100 -1e100 -1e100 -1e100 -1e100 -1e100 -1e100 -1e100 -1e100 -1e100 -1e100 -1e100 -1e100 -1e100 -1e100 -1e100 -1e100 -1e100 -1e100 -1e100 -1e100 241.158050537109375 240.567962646484375 239.70367431640625 238.5455169677734375 237.07318115234375 235.2673187255859375 233.10992431640625 230.5835418701171875 227.66815185546875 224.3365936279296875 220.5538330078125 216.2783966064453125 211.4666748046875 206.0783843994140625 200.0807342529296875 193.4517669677734375 186.1815032958984375 178.2729644775390625 169.7431182861328125 160.622833251953125 150.9568939208984375 140.8041229248046875 130.2371368408203125 119.3416595458984375 108.21463775634765625 96.96197509765625 85.69561004638671875 74.52907562255859375 63.572521209716796875 52.923858642578125 42.665531158447265625 32.86396026611328125 23.575298309326171875 14.831786155700683594 6.522518157958984375      0      0 -1e100 -1e100 -1e100 -1e100 -1e100 -1e100 -1e100 -1e100 -1e100 -1e100 -1e100 -1e100 -1e100 -1e100 -1e100 -1e100 -1e100 -1e100 -1e100 -1e100 -1e100 -1e100 -1e100 -1e100 -1e100 -1e100 -1e100 -1e100 -1e100 -1e100 -1e100 -1e100 -1e100 -1e100 -1e100 -1e100 -1e100 -1e100 -1e100 -1e100 -1e100 -1e100 -1e100 -1e100 -1e100 -1e100 -1e100 -1e100 -1e100 -1e100 -1e100 -1e100 -1e100 -1e100 -1e100 -1e100 -1e100 -1e100 -1e100 -1e100 -1e100 -1e100 -1e100 -1e100 -1e100 -1e100 -1e100 -1e100 -1e100 -1e100 -1e100 -1e100 -1e100
 -1e100 -1e100 -1e100 -1e100 -1e100 -1e100 -1e100 -1e100 -1e100 -1e100 -1e100 -1e100 -1e100 -1e100 -1e100 -1e100 -1e100 -1e100 -1e100 -1e100 -1e100 -1e100 -1e100 -1e100 -1e100 -1e100 -1e100 -1e100 -1e100 -1e100 -1e100 -1e100 -1e100 -1e100 -1e100 -1e100 -1e100 -1e100 -1e100 -1e100 -1e100 -1e100 -1e100 -1e100 -1e100 -1e100 -1e100 -1e100 -1e100 -1e100 -1e100 -1e100 -1e100 -1e100 -1e100 -1e100 -1e100 238.078826904296875 237.3795318603515625 236.393218994140625 235.0997772216796875 233.479339599609375 231.5146636962890625 229.1917572021484375 226.4983978271484375 223.4192657470703125 219.9288787841796875 215.9912872314453125 211.563262939453125 206.5998687744140625 201.061798095703125 194.9200897216796875 188.1588897705078125 180.7756500244140625 172.781463623046875 164.2011871337890625 155.0729827880859375 145.44781494140625 135.3890533447265625 124.97198486328125 114.28243255615234375 103.41475677490234375 92.469268798828125 81.5493011474609375 70.757232666015625 60.18955230712890625 49.92928314208984375 40.043521881103515625 30.584087371826171875 21.588041305541992188 13.056189537048339844 4.8629913330078125      0      0 -1e100 -1e100 -1e100 -1e100 -1e100 -1e100 -1e100 -1e100 -1e100 -1e100 -1e100 -1e100 -1e100 -1e100 -1e100 -1e100 -1e100 -1e100 -1e100 -1e100 -1e100 -1e100 -1e100 -1e100 -1e100 -1e100 -1e100 -1e100 -1e100 -1e100 -1e100 -1e100 -1e100 -1e100 -1e100 -1e100 -1e100 -1e100 -1e100 -1e100 -1e100 -1e100 -1e100 -1e100 -1e100 -1e100 -1e100 -1e100 -1e100 -1e100 -1e100 -1e100 -1e100 -1e100 -1e100 -1e100 -1e100 -1e100 -1e100 -1e100 -1e100 -1e100 -1e100 -1e100 -1e100 -1e100 -1e100 -1e100 -1e100 -1e100 -1e100 -1e100 -1e100
 -1e100 -1e100 -1e100 -1e100 -1e100 -1e100 -1e100 -1e100 -1e100 -1e100 -1e100 -1e100 -1e100 -1e100 -1e100 -1e100 -1e100 -1e100 -1e100 -1e100 -1e100 -1e100 -1e100 -1e100 -1e100 -1e100 -1e100 -1e100 -1e100 -1e100 -1e100 -1e100 -1e100 -1e100 -1e100 -1e100 -1e100 -1e100 -1e100 -1e100 -1e100 -1e100 -1e100 -1e100 -1e100 -1e100 -1e100 -1e100 -1e100 -1e100 -1e100 -1e100 -1e100 -1e100 -1e100 -1e100 235.7799530029296875 235.279876708984375 234.5006866455078125 233.4220428466796875 232.0222930908203125 230.280853271484375 228.181884765625 225.71527099609375 222.874542236328125 219.6493988037109375 216.0145721435546875 211.93157958984375 207.3544769287109375 202.236907958984375 196.5408782958984375 190.2419281005859375 183.3310394287109375 175.813751220703125 167.7098236083984375 159.0525360107421875 149.887725830078125 140.2727508544921875 130.2755889892578125 119.9741058349609375 109.45417022705078125 98.80744171142578125 88.12844085693359375 77.5116729736328125 67.0476531982421875 56.818134307861328125 46.890201568603515625 37.315399169921875 28.130987167358398438 19.354351043701171875 10.965639114379882812 2.8780341148376464844      0      0      0 -1e100 -1e100 -1e100 -1e100 -1e100 -1e100 -1e100 -1e100 -1e100 -1e100 -1e100 -1e100 -1e100 -1e100 -1e100 -1e100 -1e100 -1e100 -1e100 -1e100 -1e100 -1e100 -1e100 -1e100 -1e100 -1e100 -1e100 -1e100 -1e100 -1e100 -1e100 -1e100 -1e100 -1e100 -1e100 -1e100 -1e100 -1e100 -1e100 -1e100 -1e100 -1e100 -1e100 -1e100 -1e100 -1e100 -1e100 -1e100 -1e100 -1e100 -1e100 -1e100 -1e100 -1e100 -1e100 -1e100 -1e100 -1e100 -1e100 -1e100 -1e100 -1e100 -1e100 -1e100 -1e100 -1e100 -1e100 -1e100 -1e100 -1e100 -1e100 -1e100
 -1e100 -1e100 -1e100 -1e100 -1e100 -1e100 -1e100 -1e100 -1e100 -1e100 -1e100 -1e100 -1e100 -1e100 -1e100 -1e100 -1e100 -1e100 -1e100 -1e100 -1e100 -1e100 -1e100 -1e100 -1e100 -1e100 -1e100 -1e100 -1e100 -1e100 -1e100 -1e100 -1e100 -1e100 -1e100 -1e100 -1e100 -1e100 -1e100 -1e100 -1e100 -1e100 -1e100 -1e100 -1e100 -1e100 -1e100 -1e100 -1e100 -1e100 -1e100 -1e100 -1e100 -1e100 -1e100 -1e100 233.2834930419921875 232.74151611328125 231.910888671875 230.769012451171875 229.2914276123046875 227.455047607421875 225.24371337890625 222.6506805419921875 219.676177978515625 216.31610107421875 212.5445404052734375 208.3184814453125 203.589324951171875 198.310150146484375 192.4452972412109375 185.9756317138671875 178.899566650390625 171.2311859130859375 162.9991912841796875 154.24554443359375 145.0237274169921875 135.3972930908203125 125.438629150390625 115.22794342041015625 104.85092926025390625 94.3962249755859375 83.9523162841796875 73.604339599609375 63.4300079345703125 53.49550628662109375 43.85150909423828125 34.5348052978515625 25.56972503662109375 16.964687347412109375 8.7024316787719726562 0.72003638744354248047      0      0      0 -1e100 -1e100 -1e100 -1e100 -1e100 -1e100 -1e100 -1e100 -1e100 -1e100 -1e100 -1e100 -1e100 -1e100 -1e100 -1e100 -1e100 -1e100 -1e100 -1e100 -1e100 -1e100 -1e100 -1e100 -1e100 -1e100 -1e100 -1e100 -1e100 -1e100 -1e100 -1e100 -1e100 -1e100 -1e100 -1e100 -1e100 -1e100 -1e100 -1e100 -1e100 -1e100 -1e100 -1e100 -1e100 -1e100 -1e100 -1e100 -1e100 -1e100 -1e100 -1e100 -1e100 -1e100 -1e100 -1e100 -1e100 -1e100 -1e100 -1e100 -1e100 -1e100 -1e100 -1e100 -1e100 -1e100 -1e100 -1e100 -1e100 -1e100 -1e100 -1e100
 -1e100 -1e100 -1e100 -1e100 -1e100 -1e100 -1e100 -1e100 -1e100 -1e100 -1e100 -1e100 -1e100 -1e100 -1e100 -1e100 -1e100 -1e100 -1e100 -1e100 -1e100 -1e100 -1e100 -1e100 -1e100 -1e100 -1e100 -1e100 -1e100 -1e100 -1e100 -1e100 -1e100 -1e100 -1e100 -1e100 -1e100 -1e100 -1e100 -1e100 -1e100 -1e100 -1e100 -1e100 -1e100 -1e100 -1e100 -1e100 -1e100 -1e100 -1e100 -1e100 -1e100 -1e100 -1e100 231.26873779296875 230.983428955078125 230.4236602783203125 229.5676727294921875 228.3902587890625 226.862823486328125 224.9569549560546875 222.6527099609375 219.9453125 216.8426666259765625 213.3503265380859375 209.441925048828125 205.0690765380859375 200.18048095703125 194.7299041748046875 188.685455322265625 182.034210205078125 174.7824554443359375 166.9529266357421875 158.5833282470703125 149.7239532470703125 140.43548583984375 130.7872772216796875 120.85565185546875 110.72270965576171875 100.47348785400390625 90.19319915771484375 79.9636993408203125 69.85990142822265625 59.946063995361328125 50.27219390869140625 40.87308502197265625 31.772363662719726562 22.98474884033203125 14.517069816589355469 6.3616919517517089844      0      0      0      0 -1e100 -1e100 -1e100 -1e100 -1e100 -1e100 -1e100 -1e100 -1e100 -1e100 -1e100 -1e100 -1e100 -1e100 -1e100 -1e100 -1e100 -1e100 -1e100 -1e100 -1e100 -1e100 -1e100 -1e100 -1e100 -1e100 -1e100 -1e100 -1e100 -1e100 -1e100 -1e100 -1e100 -1e100 -1e100 -1e100 -1e100 -1e100 -1e100 -1e100 -1e100 -1e100 -1e100 -1e100 -1e100 -1e100 -1e100 -1e100 -1e100 -1e100 -1e100 -1e100 -1e100 -1e100 -1e100 -1e100 -1e100 -1e100 -1e100 -1e100 -1e100 -1e100 -1e100 -1e100 -1e100 -1e100 -1e100 -1e100 -1e100 -1e100 -1e100 -1e100
 -1e100 -1e100 -1e100 -1e100 -1e100 -1e100 -1e100 -1e100 -1e100 -1e100 -1e100 -1e100 -1e100 -1e100 -1e100 -1e100 -1e100 -1e100 -1e100 -1e100 -1e100 -1e100 -1e100 -1e100 -1e100 -1e100 -1e100 -1e100 -1e100 -1e100 -1e100 -1e100 -1e100 -1e100 -1e100 -1e100 -1e100 -1e100 -1e100 -1e100 -1e100 -1e100 -1e100 -1e100 -1e100 -1e100 -1e100 -1e100 -1e100 -1e100 -1e100 -1e100 -1e100 -1e100 -1e100 229.1045684814453125 228.823974609375 228.265289306640625 227.4056549072265625 226.2179107666015625 224.6689605712890625 222.7214508056640625 220.3435211181640625 217.5282135009765625 214.293487548828125 210.6623687744140625 206.608642578125 202.080352783203125 197.02325439453125 191.3924407958984375 185.1610565185546875 178.3231353759765625 170.893035888671875 162.902069091796875 154.3963775634765625 145.4338531494140625 136.081695556640625 126.414276123046875 116.51120758056640625 106.45581817626953125 96.33184814453125 86.22039031982421875 76.19580841064453125 66.32216644287109375 56.6497955322265625 47.213031768798828125 38.031829833984375 29.117877960205078125 20.47896575927734375 12.122659683227539062 4.0530071258544921875      0      0      0      0 -1e100 -1e100 -1e100 -1e100 -1e100 -1e100 -1e100 -1e100 -1e100 -1e100 -1e100 -1e100 -1e100 -1e100 -1e100 -1e100 -1e100 -1e100 -1e100 -1e100 -1e100 -1e100 -1e100 -1e100 -1e100 -1e100 -1e100 -1e100 -1e100 -1e100 -1e100 -1e100 -1e100 -1e100 -1e100 -1e100 -1e100 -1e100 -1e100 -1e100 -1e100 -1e100 -1e100 -1e100 -1e100 -1e100 -1e100 -1e100 -1e100 -1e100 -1e100 -1e100 -1e100 -1e100 -1e100 -1e100 -1e100 -1e100 -1e100 -1e100 -1e100 -1e100 -1e100 -1e100 -1e100 -1e100 -1e100 -1e100 -1e100 -1e100 -1e100 -1e100
 -1e100 -1e100 -1e100 -1e100 -1e100 -1e100 -1e100 -1e100 -1e100 -1e100 -1e100 -1e100 -1e100 -1e100 -1e100 -1e100 -1e100 -1e100 -1e100 -1e100 -1e100 -1e100 -1e100 -1e100 -1e100 -1e100 -1e100 -1e100 -1e100 -1e100 -1e100 -1e100 -1e100 -1e100 -1e100 -1e100 -1e100 -1e100 -1e100 -1e100 -1e100 -1e100 -1e100 -1e100 -1e100 -1e100 -1e100 -1e100 -1e100 -1e100 -1e100 -1e100 -1e100 -1e100 227.007415771484375 226.99969482421875 226.7325439453125 226.18560791015625 225.336334228515625 224.1583099365234375 222.61676025390625 220.6620330810546875 218.239349365234375 215.3169403076171875 211.9251251220703125 208.1406097412109375 203.930328369140625 199.237518310546875 194.0046539306640625 188.1891326904296875 181.7700347900390625 174.7488555908203125 167.1480255126953125 159.0067138671875 150.3786163330078125 141.3282470703125 131.9283294677734375 122.257293701171875 112.39714813232421875 102.431610107421875 92.44228363037109375 82.505218505859375 72.68662261962890625 63.03925323486328125 53.599895477294921875 44.3883514404296875 35.4115753173828125 26.670652389526367188 18.168558120727539062 9.91149139404296875 1.9106003046035766602      0      0      0      0 -1e100 -1e100 -1e100 -1e100 -1e100 -1e100 -1e100 -1e100 -1e100 -1e100 -1e100 -1e100 -1e100 -1e100 -1e100 -1e100 -1e100 -1e100 -1e100 -1e100 -1e100 -1e100 -1e100 -1e100 -1e100 -1e100 -1e100 -1e100 -1e100 -1e100 -1e100 -1e100 -1e100 -1e100 -1e100 -1e100 -1e100 -1e100 -1e100 -1e100 -1e100 -1e100 -1e100 -1e100 -1e100 -1e100 -1e100 -1e100 -1e100 -1e100 -1e100 -1e100 -1e100 -1e100 -1e100 -1e100 -1e100 -1e100 -1e100 -1e100 -1e100 -1e100 -1e100 -1e100 -1e100 -1e100 -1e100 -1e100 -1e100 -1e100 -1e100 -1e100
 -1e100 -1e100 -1e100 -1e100 -1e100 -1e100 -1e100 -1e100 -1e100 -1e100 -1e100 -1e100 -1e100 -1e100 -1e100 -1e100 -1e100 -1e100 -1e100 -1e100 -1e100 -1e100 -1e100 -1e100 -1e100 -1e100 -1e100 -1e100 -1e100 -1e100 -1e100 -1e100 -1e100 -1e100 -1e100 -1e100 -1e100 -1e100 -1e100 -1e100 -1e100 -1e100 -1e100 -1e100 -1e100 -1e100 -1e100 -1e100 -1e100 -1e100 -1e100 -1e100 -1e100 -1e100 224.872039794921875 224.8772430419921875 224.6215362548828125 224.0849151611328125 223.246917724609375 222.0869903564453125 220.5793304443359375 218.6875457763671875 216.2224884033203125 213.1563720703125 209.602508544921875 205.657196044921875 201.2845001220703125 196.422332763671875 191.0119781494140625 185.014739990234375 178.416351318359375 171.2259674072265625 163.4734039306640625 155.2048187255859375 146.48028564453125 137.3697052001953125 127.95014190673828125 118.30300140380859375 108.5116424560546875 98.65911102294921875 88.82386016845703125 79.07604217529296875 69.47309112548828125 60.0566253662109375 50.85070037841796875 41.862522125244140625 33.088596343994140625 24.523923873901367188 16.16950225830078125 8.0292062759399414062 0.10130120068788528442      0      0      0      0 -1e100 -1e100 -1e100 -1e100 -1e100 -1e100 -1e100 -1e100 -1e100 -1e100 -1e100 -1e100 -1e100 -1e100 -1e100 -1e100 -1e100 -1e100 -1e100 -1e100 -1e100 -1e100 -1e100 -1e100 -1e100 -1e100 -1e100 -1e100 -1e100 -1e100 -1e100 -1e100 -1e100 -1e100 -1e100 -1e100 -1e100 -1e100 -1e100 -1e100 -1e100 -1e100 -1e100 -1e100 -1e100 -1e100 -1e100 -1e100 -1e100 -1e100 -1e100 -1e100 -1e100 -1e100 -1e100 -1e100 -1e100 -1e100 -1e100 -1e100 -1e100 -1e100 -1e100 -1e100 -1e100 -1e100 -1e100 -1e100 -1e100 -1e100 -1e100 -1e100
 -1e100 -1e100 -1e100 -1e100 -1e100 -1e100 -1e100 -1e100 -1e100 -1e100 -1e100 -1e100 -1e100 -1e100 -1e100 -1e100 -1e100 -1e100 -1e100 -1e100 -1e100 -1e100 -1e100 -1e100 -1e100 -1e100 -1e100 -1e100 -1e100 -1e100 -1e100 -1e100 -1e100 -1e100 -1e100 -1e100 -1e100 -1e100 -1e100 -1e100 -1e100 -1e100 -1e100 -1e100 -1e100 -1e100 -1e100 -1e100 -1e100 -1e100 -1e100 -1e100 -1e100 -1e100 222.6508331298828125 222.657196044921875 222.399810791015625 221.8588409423828125 221.0158538818359375 219.859771728515625 218.3950653076171875 216.57403564453125 214.1286163330078125 210.867767333984375 207.16156005859375 203.067474365234375 198.54144287109375 193.51788330078125 187.93994140625 181.7755279541015625 175.0179443359375 167.68402099609375 159.8101806640625 151.448577880859375 142.6644439697265625 133.5318145751953125 124.1307830810546875 114.5445098876953125 104.85651397705078125 95.148040771484375 85.49334716796875 75.95589447021484375 66.584075927734375 57.408840179443359375 48.442722320556640625 39.682525634765625 31.117290496826171875 22.73879241943359375 14.543107986450195312 6.5276350975036621094      0      0      0      0      0      0 -1e100 -1e100 -1e100 -1e100 -1e100 -1e100 -1e100 -1e100 -1e100 -1e100 -1e100 -1e100 -1e100 -1e100 -1e100 -1e100 -1e100 -1e100 -1e100 -1e100 -1e100 -1e100 -1e100 -1e100 -1e100 -1e100 -1e100 -1e100 -1e100 -1e100 -1e100 -1e100 -1e100 -1e100 -1e100 -1e100 -1e100 -1e100 -1e100 -1e100 -1e100 -1e100 -1e100 -1e100 -1e100 -1e100 -1e100 -1e100 -1e100 -1e100 -1e100 -1e100 -1e100 -1e100 -1e100 -1e100 -1e100 -1e100 -1e100 -1e100 -1e100 -1e100 -1e100 -1e100 -1e100 -1e100 -1e100 -1e100 -1e100 -1e100 -1e100
 -1e100 -1e100 -1e100 -1e100 -1e100 -1e100 -1e100 -1e100 -1e100 -1e100 -1e100 -1e100 -1e100 -1e100 -1e100 -1e100 -1e100 -1e100 -1e100 -1e100 -1e100 -1e100 -1e100 -1e100 -1e100 -1e100 -1e100 -1e100 -1e100 -1e100 -1e100 -1e100 -1e100 -1e100 -1e100 -1e100 -1e100 -1e100 -1e100 -1e100 -1e100 -1e100 -1e100 -1e100 -1e100 -1e100 -1e100 -1e100 -1e100 -1e100 -1e100 -1e100 -1e100 220.0411529541015625 220.2790679931640625 220.267364501953125 219.98712158203125 219.4171905517578125 218.5368194580078125 217.3324432373046875 215.8041229248046875 213.863922119140625 211.3397216796875 208.122406005859375 204.394805908203125 200.2235107421875 195.583221435546875 190.424346923828125 184.702728271484375 178.397918701171875 171.51251220703125 164.071075439453125 156.116119384765625 147.7048187255859375 138.9062957763671875 129.7974395751953125 120.4600372314453125 110.9777069091796875 101.4329071044921875 91.9039154052734375 82.4597930908203125 73.15666961669921875 64.03386688232421875 55.112140655517578125 46.39385986328125 37.867321014404296875 29.5162506103515625 21.327070236206054688 13.288204193115234375 5.3885784149169921875      0      0      0      0      0      0 -1e100 -1e100 -1e100 -1e100 -1e100 -1e100 -1e100 -1e100 -1e100 -1e100 -1e100 -1e100 -1e100 -1e100 -1e100 -1e100 -1e100 -1e100 -1e100 -1e100 -1e100 -1e100 -1e100 -1e100 -1e100 -1e100 -1e100 -1e100 -1e100 -1e100 -1e100 -1e100 -1e100 -1e100 -1e100 -1e100 -1e100 -1e100 -1e100 -1e100 -1e100 -1e100 -1e100 -1e100 -1e100 -1e100 -1e100 -1e100 -1e100 -1e100 -1e100 -1e100 -1e100 -1e100 -1e100 -1e100 -1e100 -1e100 -1e100 -1e100 -1e100 -1e100 -1e100 -1e100 -1e100 -1e100 -1e100 -1e100 -1e100 -1e100 -1e100
 -1e100 -1e100 -1e100 -1e100 -1e100 -1e100 -1e100 -1e100 -1e100 -1e100 -1e100 -1e100 -1e100 -1e100 -1e100 -1e100 -1e100 -1e100 -1e100 -1e100 -1e100 -1e100 -1e100 -1e100 -1e100 -1e100 -1e100 -1e100 -1e100 -1e100 -1e100 -1e100 -1e100 -1e100 -1e100 -1e100 -1e100 -1e100 -1e100 -1e100 -1e100 -1e100 -1e100 -1e100 -1e100 -1e100 -1e100 -1e100 -1e100 -1e100 -1e100 -1e100 -1e100 217.5048828125 217.7090301513671875 217.6575775146484375 217.331817626953125 216.70928955078125 215.7664337158203125 214.48486328125 212.8465423583984375 210.7862548828125 208.1917724609375 205.0016632080078125 201.284393310546875 197.0713653564453125 192.34808349609375 187.08209228515625 181.247344970703125 174.8364410400390625 167.8622283935546875 160.35638427734375 152.3668365478515625 143.9546966552734375 135.1917266845703125 126.15628814697265625 116.93058013916015625 107.5973663330078125 98.236846923828125 88.92316436767578125 79.71935272216796875 70.6737213134765625 61.816555023193359375 53.15900421142578125 44.6947479248046875 36.405162811279296875 28.269298553466796875 20.267984390258789062 12.384114265441894531 4.6020579338073730469      0      0      0      0      0      0 -1e100 -1e100 -1e100 -1e100 -1e100 -1e100 -1e100 -1e100 -1e100 -1e100 -1e100 -1e100 -1e100 -1e100 -1e100 -1e100 -1e100 -1e100 -1e100 -1e100 -1e100 -1e100 -1e100 -1e100 -1e100 -1e100 -1e100 -1e100 -1e100 -1e100 -1e100 -1e100 -1e100 -1e100 -1e100 -1e100 -1e100 -1e100 -1e100 -1e100 -1e100 -1e100 -1e100 -1e100 -1e100 -1e100 -1e100 -1e100 -1e100 -1e100 -1e100 -1e100 -1e100 -1e100 -1e100 -1e100 -1e100 -1e100 -1e100 -1e100 -1e100 -1e100 -1e100 -1e100 -1e100 -1e100 -1e100 -1e100 -1e100 -1e100 -1e100
 -1e100 -1e100 -1e100 -1e100 -1e100 -1e100 -1e100 -1e100 -1e100 -1e100 -1e100 -1e100 -1e100 -1e100 -1e100 -1e100 -1e100 -1e100 -1e100 -1e100 -1e100 -1e100 -1e100 -1e100 -1e100 -1e100 -1e100 -1e100 -1e100 -1e100 -1e100 -1e100 -1e100 -1e100 -1e100 -1e100 -1e100 -1e100 -1e100 -1e100 -1e100 -1e100 -1e100 -1e100 -1e100 -1e100 -1e100 -1e100 -1e100 -1e100 -1e100 -1e100 214.368377685546875 214.7657928466796875 214.9176788330078125 214.807830810546875 214.4184112548828125 213.72711181640625 212.7087554931640625 211.3408050537109375 209.59954833984375 207.436309814453125 204.778228759765625 201.581268310546875 197.8551025390625 193.6030120849609375 188.81243896484375 183.464752197265625 177.549102783203125 171.07025146484375 164.0500335693359375 156.5262603759765625 148.5512237548828125 140.188751220703125 131.5120086669921875 122.5995330810546875 113.5326080322265625 104.39192962646484375 95.25420379638671875 86.1884613037109375 77.2509613037109375 68.4819793701171875 59.902996063232421875 51.51668548583984375 43.309467315673828125 35.257427215576171875 27.33548736572265625 19.5199432373046875 11.78853607177734375 4.1183400154113769531      0      0      0      0      0      0 -1e100 -1e100 -1e100 -1e100 -1e100 -1e100 -1e100 -1e100 -1e100 -1e100 -1e100 -1e100 -1e100 -1e100 -1e100 -1e100 -1e100 -1e100 -1e100 -1e100 -1e100 -1e100 -1e100 -1e100 -1e100 -1e100 -1e100 -1e100 -1e100 -1e100 -1e100 -1e100 -1e100 -1e100 -1e100 -1e100 -1e100 -1e100 -1e100 -1e100 -1e100 -1e100 -1e100 -1e100 -1e100 -1e100 -1e100 -1e100 -1e100 -1e100 -1e100 -1e100 -1e100 -1e100 -1e100 -1e100 -1e100 -1e100 -1e100 -1e100 -1e100 -1e100 -1e100 -1e100 -1e100 -1e100 -1e100 -1e100 -1e100 -1e100 -1e100
 -1e100 -1e100 -1e100 -1e100 -1e100 -1e100 -1e100 -1e100 -1e100 -1e100 -1e100 -1e100 -1e100 -1e100 -1e100 -1e100 -1e100 -1e100 -1e100 -1e100 -1e100 -1e100 -1e100 -1e100 -1e100 -1e100 -1e100 -1e100 -1e100 -1e100 -1e100 -1e100 -1e100 -1e100 -1e100 -1e100 -1e100 -1e100 -1e100 -1e100 -1e100 -1e100 -1e100 -1e100 -1e100 -1e100 -1e100 -1e100 -1e100 -1e100 -1e100 -1e100 211.4784393310546875 211.8166351318359375 211.9024505615234375 211.721099853515625 211.255828857421875 210.4856414794921875 209.38519287109375 207.929351806640625 206.0940399169921875 203.8415679931640625 201.1176910400390625 197.883270263671875 194.122955322265625 189.82489013671875 184.977264404296875 179.570953369140625 173.6066436767578125 167.0984344482421875 160.075225830078125 152.579681396484375 144.6671295166015625 136.40289306640625 127.8602447509765625 119.116668701171875 110.25133514404296875 101.3416748046875 92.45983123779296875 83.668792724609375 75.01760101318359375 66.5384674072265625 58.244930267333984375 50.1324920654296875 42.18192291259765625 34.365253448486328125 26.6534271240234375 19.018178939819335938 11.430919647216796875 3.8621387481689453125      0      0      0      0      0 -1e100 -1e100 -1e100 -1e100 -1e100 -1e100 -1e100 -1e100 -1e100 -1e100 -1e100 -1e100 -1e100 -1e100 -1e100 -1e100 -1e100 -1e100 -1e100 -1e100 -1e100 -1e100 -1e100 -1e100 -1e100 -1e100 -1e100 -1e100 -1e100 -1e100 -1e100 -1e100 -1e100 -1e100 -1e100 -1e100 -1e100 -1e100 -1e100 -1e100 -1e100 -1e100 -1e100 -1e100 -1e100 -1e100 -1e100 -1e100 -1e100 -1e100 -1e100 -1e100 -1e100 -1e100 -1e100 -1e100 -1e100 -1e100 -1e100 -1e100 -1e100 -1e100 -1e100 -1e100 -1e100 -1e100 -1e100 -1e100 -1e100 -1e100 -1e100 -1e100
 -1e100 -1e100 -1e100 -1e100 -1e100 -1e100 -1e100 -1e100 -1e100 -1e100 -1e100 -1e100 -1e100 -1e100 -1e100 -1e100 -1e100 -1e100 -1e100 -1e100 -1e100 -1e100 -1e100 -1e100 -1e100 -1e100 -1e100 -1e100 -1e100 -1e100 -1e100 -1e100 -1e100 -1e100 -1e100 -1e100 -1e100 -1e100 -1e100 -1e100 -1e100 -1e100 -1e100 -1e100 -1e100 -1e100 -1e100 -1e100 -1e100 -1e100 -1e100 207.8793182373046875 208.39263916015625 208.662078857421875 208.673187255859375 208.412139892578125 207.863128662109375 207.0064849853515625 205.8180389404296875 204.272918701171875 202.347412109375 200.007568359375 197.2091064453125 193.9157867431640625 190.1030120849609375 185.75408935546875 180.859344482421875 175.4165191650390625 169.4342041015625 162.9331512451171875 155.947357177734375 148.5227813720703125 140.7165069580078125 132.59405517578125 124.22766876220703125 115.69266510009765625 107.0649871826171875 98.41774749755859375 89.81754302978515625 81.320709228515625 72.96880340576171875 64.78647613525390625 56.7803497314453125 48.940288543701171875 41.242938995361328125 33.656642913818359375 26.148546218872070312 18.685701370239257812 11.235705375671386719 3.767383575439453125      0      0      0      0 -1e100 -1e100 -1e100 -1e100 -1e100 -1e100 -1e100 -1e100 -1e100 -1e100 -1e100 -1e100 -1e100 -1e100 -1e100 -1e100 -1e100 -1e100 -1e100 -1e100 -1e100 -1e100 -1e100 -1e100 -1e100 -1e100 -1e100 -1e100 -1e100 -1e100 -1e100 -1e100 -1e100 -1e100 -1e100 -1e100 -1e100 -1e100 -1e100 -1e100 -1e100 -1e100 -1e100 -1e100 -1e100 -1e100 -1e100 -1e100 -1e100 -1e100 -1e100 -1e100 -1e100 -1e100 -1e100 -1e100 -1e100 -1e100 -1e100 -1e100 -1e100 -1e100 -1e100 -1e100 -1e100 -1e100 -1e100 -1e100 -1e100 -1e100 -1e100 -1e100 -1e100
 -1e100 -1e100 -1e100 -1e100 -1e100 -1e100 -1e100 -1e100 -1e100 -1e100 -1e100 -1e100 -1e100 -1e100 -1e100 -1e100 -1e100 -1e100 -1e100 -1e100 -1e100 -1e100 -1e100 -1e100 -1e100 -1e100 -1e100 -1e100 -1e100 -1e100 -1e100 -1e100 -1e100 -1e100 -1e100 -1e100 -1e100 -1e100 -1e100 -1e100 -1e100 -1e100 -1e100 -1e100 -1e100 -1e100 -1e100 -1e100 -1e100 -1e100 -1e100 204.670867919921875 205.1156005859375 205.310333251953125 205.241302490234375 204.895233154296875 204.2568817138671875 203.30780029296875 202.0255584716796875 200.386627197265625 198.3668670654296875 195.93463134765625 193.052215576171875 189.6864166259765625 185.8123016357421875 181.41387939453125 176.48443603515625 171.02679443359375 165.0548095703125 158.5938262939453125 151.68121337890625 144.3648223876953125 136.7022247314453125 128.7581024169921875 120.60268402099609375 112.3081207275390625 103.94622039794921875 95.5848541259765625 87.284393310546875 79.09413909912109375 71.048431396484375 63.16510772705078125 55.4451751708984375 47.874324798583984375 40.42615509033203125 33.065883636474609375 25.757190704345703125 18.465078353881835938 11.160497665405273438 3.8163053989410400391      0      0      0 -1e100 -1e100 -1e100 -1e100 -1e100 -1e100 -1e100 -1e100 -1e100 -1e100 -1e100 -1e100 -1e100 -1e100 -1e100 -1e100 -1e100 -1e100 -1e100 -1e100 -1e100 -1e100 -1e100 -1e100 -1e100 -1e100 -1e100 -1e100 -1e100 -1e100 -1e100 -1e100 -1e100 -1e100 -1e100 -1e100 -1e100 -1e100 -1e100 -1e100 -1e100 -1e100 -1e100 -1e100 -1e100 -1e100 -1e100 -1e100 -1e100 -1e100 -1e100 -1e100 -1e100 -1e100 -1e100 -1e100 -1e100 -1e100 -1e100 -1e100 -1e100 -1e100 -1e100 -1e100 -1e100 -1e100 -1e100 -1e100 -1e100 -1e100 -1e100 -1e100 -1e100 -1e100
 -1e100 -1e100 -1e100 -1e100 -1e100 -1e100 -1e100 -1e100 -1e100 -1e100 -1e100 -1e100 -1e100 -1e100 -1e100 -1e100 -1e100 -1e100 -1e100 -1e100 -1e100 -1e100 -1e100 -1e100 -1e100 -1e100 -1e100 -1e100 -1e100 -1e100 -1e100 -1e100 -1e100 -1e100 -1e100 -1e100 -1e100 -1e100 -1e100 -1e100 -1e100 -1e100 -1e100 -1e100 -1e100 -1e100 -1e100 -1e100 -1e100 -1e100 200.66876220703125 201.2803802490234375 201.6518096923828125 201.7676849365234375 201.6144256591796875 201.17889404296875 200.4462890625 199.39910888671875 198.0168609619140625 196.2772979736328125 194.1568145751953125 191.62652587890625 188.6542816162109375 185.2114715576171875 181.2760772705078125 176.8350830078125 171.8851470947265625 166.4330291748046875 160.4962615966796875 154.103302001953125 147.29351806640625 140.1154937744140625 132.626312255859375 124.8889923095703125 116.97087860107421875 108.94023895263671875 100.86397552490234375 92.804107666015625 84.81441497802734375 76.937255859375 69.2003021240234375 61.61573028564453125 54.180408477783203125 46.877391815185546875 39.67840576171875 32.546192169189453125 25.441867828369140625 18.331722259521484375 11.197042465209960938 4.04386138916015625      0      0 -1e100 -1e100 -1e100 -1e100 -1e100 -1e100 -1e100 -1e100 -1e100 -1e100 -1e100 -1e100 -1e100 -1e100 -1e100 -1e100 -1e100 -1e100 -1e100 -1e100 -1e100 -1e100 -1e100 -1e100 -1e100 -1e100 -1e100 -1e100 -1e100 -1e100 -1e100 -1e100 -1e100 -1e100 -1e100 -1e100 -1e100 -1e100 -1e100 -1e100 -1e100 -1e100 -1e100 -1e100 -1e100 -1e100 -1e100 -1e100 -1e100 -1e100 -1e100 -1e100 -1e100 -1e100 -1e100 -1e100 -1e100 -1e100 -1e100 -1e100 -1e100 -1e100 -1e100 -1e100 -1e100 -1e100 -1e100 -1e100 -1e100 -1e100 -1e100 -1e100 -1e100 -1e100 -1e100
 -1e100 -1e100 -1e100 -1e100 -1e100 -1e100 -1e100 -1e100 -1e100 -1e100 -1e100 -1e100 -1e100 -1e100 -1e100 -1e100 -1e100 -1e100 -1e100 -1e100 -1e100 -1e100 -1e100 -1e100 -1e100 -1e100 -1e100 -1e100 -1e100 -1e100 -1e100 -1e100 -1e100 -1e100 -1e100 -1e100 -1e100 -1e100 -1e100 -1e100 -1e100 -1e100 -1e100 -1e100 -1e100 -1e100 -1e100 -1e100 -1e100 -1e100 197.1709747314453125 197.7105712890625 198.0047454833984375 198.0380401611328125 197.7966766357421875 197.2674102783203125 196.4358673095703125 195.28558349609375 193.79791259765625 191.9524383544921875 189.7272491455078125 187.096923828125 184.03472900390625 180.51690673828125 176.5258026123046875 172.0521697998046875 167.0960235595703125 161.6673736572265625 155.7865142822265625 149.48388671875 142.7998504638671875 135.7829437255859375 128.489013671875 120.97870635986328125 113.31594085693359375 105.56453704833984375 97.7859954833984375 90.03620147705078125 82.36237335205078125 74.800323486328125 67.37197113037109375 60.0851898193359375 52.934436798095703125 45.901882171630859375 38.95886993408203125 32.06703948974609375 25.186023712158203125 18.282163619995117188 11.344454765319824219 4.3371472358703613281      0      0 -1e100 -1e100 -1e100 -1e100 -1e100 -1e100 -1e100 -1e100 -1e100 -1e100 -1e100 -1e100 -1e100 -1e100 -1e100 -1e100 -1e100 -1e100 -1e100 -1e100 -1e100 -1e100 -1e100 -1e100 -1e100 -1e100 -1e100 -1e100 -1e100 -1e100 -1e100 -1e100 -1e100 -1e100 -1e100 -1e100 -1e100 -1e100 -1e100 -1e100 -1e100 -1e100 -1e100 -1e100 -1e100 -1e100 -1e100 -1e100 -1e100 -1e100 -1e100 -1e100 -1e100 -1e100 -1e100 -1e100 -1e100 -1e100 -1e100 -1e100 -1e100 -1e100 -1e100 -1e100 -1e100 -1e100 -1e100 -1e100 -1e100 -1e100 -1e100 -1e100 -1e100 -1e100 -1e100
 -1e100 -1e100 -1e100 -1e100 -1e100 -1e100 -1e100 -1e100 -1e100 -1e100 -1e100 -1e100 -1e100 -1e100 -1e100 -1e100 -1e100 -1e100 -1e100 -1e100 -1e100 -1e100 -1e100 -1e100 -1e100 -1e100 -1e100 -1e100 -1e100 -1e100 -1e100 -1e100 -1e100 -1e100 -1e100 -1e100 -1e100 -1e100 -1e100 -1e100 -1e100 -1e100 -1e100 -1e100 -1e100 -1e100 -1e100 -1e100 -1e100 -1e100 193.501190185546875 193.96466064453125 194.1778411865234375 194.1249237060546875 193.7918243408203125 193.1652374267578125 192.2313232421875 190.9749298095703125 189.3793487548828125 187.4263763427734375 185.0966033935546875 182.3686065673828125 179.220733642578125 175.63427734375 171.5960693359375 167.1007080078125 162.15155029296875 156.761383056640625 150.952606201171875 144.7569427490234375 138.215087890625 131.374908447265625 124.29045867919921875 117.01963043212890625 109.62247467041015625 102.15802764892578125 94.68218231201171875 87.24469757080078125 79.88651275634765625 72.63759613037109375 65.5151824951171875 58.524486541748046875 51.659236907958984375 44.90277862548828125 38.228000640869140625 31.598178863525390625 24.973829269409179688 18.322523117065429688 11.628728866577148438 4.8191680908203125      0      0 -1e100 -1e100 -1e100 -1e100 -1e100 -1e100 -1e100 -1e100 -1e100 -1e100 -1e100 -1e100 -1e100 -1e100 -1e100 -1e100 -1e100 -1e100 -1e100 -1e100 -1e100 -1e100 -1e100 -1e100 -1e100 -1e100 -1e100 -1e100 -1e100 -1e100 -1e100 -1e100 -1e100 -1e100 -1e100 -1e100 -1e100 -1e100 -1e100 -1e100 -1e100 -1e100 -1e100 -1e100 -1e100 -1e100 -1e100 -1e100 -1e100 -1e100 -1e100 -1e100 -1e100 -1e100 -1e100 -1e100 -1e100 -1e100 -1e100 -1e100 -1e100 -1e100 -1e100 -1e100 -1e100 -1e100 -1e100 -1e100 -1e100 -1e100 -1e100 -1e100 -1e100 -1e100 -1e100
 -1e100 -1e100 -1e100 -1e100 -1e100 -1e100 -1e100 -1e100 -1e100 -1e100 -1e100 -1e100 -1e100 -1e100 -1e100 -1e100 -1e100 -1e100 -1e100 -1e100 -1e100 -1e100 -1e100 -1e100 -1e100 -1e100 -1e100 -1e100 -1e100 -1e100 -1e100 -1e100 -1e100 -1e100 -1e100 -1e100 -1e100 -1e100 -1e100 -1e100 -1e100 -1e100 -1e100 -1e100 -1e100 -1e100 -1e100 -1e100 -1e100 189.0430145263671875 189.6642913818359375 190.048095703125 190.1769561767578125 190.0347900390625 189.6073455810546875 188.881439208984375 187.843994140625 186.481292724609375 184.7786407470703125 182.7203216552734375 180.2899627685546875 177.4701385498046875 174.24395751953125 170.597381591796875 166.52166748046875 162.0152130126953125 157.0845184326171875 151.744781494140625 146.0200347900390625 139.9428253173828125 133.5536956787109375 126.89942169189453125 120.0319671630859375 113.00608062744140625 105.8777008056640625 98.700927734375 91.52602386474609375 84.3968353271484375 77.34851837158203125 70.40602874755859375 63.58316802978515625 56.883960723876953125 50.3030853271484375 43.82666015625 37.43112945556640625 31.083446502685546875 24.746402740478515625 18.382877349853515625 11.949801445007324219 5.3882193565368652344      0      0 -1e100 -1e100 -1e100 -1e100 -1e100 -1e100 -1e100 -1e100 -1e100 -1e100 -1e100 -1e100 -1e100 -1e100 -1e100 -1e100 -1e100 -1e100 -1e100 -1e100 -1e100 -1e100 -1e100 -1e100 -1e100 -1e100 -1e100 -1e100 -1e100 -1e100 -1e100 -1e100 -1e100 -1e100 -1e100 -1e100 -1e100 -1e100 -1e100 -1e100 -1e100 -1e100 -1e100 -1e100 -1e100 -1e100 -1e100 -1e100 -1e100 -1e100 -1e100 -1e100 -1e100 -1e100 -1e100 -1e100 -1e100 -1e100 -1e100 -1e100 -1e100 -1e100 -1e100 -1e100 -1e100 -1e100 -1e100 -1e100 -1e100 -1e100 -1e100 -1e100 -1e100 -1e100 -1e100
 -1e100 -1e100 -1e100 -1e100 -1e100 -1e100 -1e100 -1e100 -1e100 -1e100 -1e100 -1e100 -1e100 -1e100 -1e100 -1e100 -1e100 -1e100 -1e100 -1e100 -1e100 -1e100 -1e100 -1e100 -1e100 -1e100 -1e100 -1e100 -1e100 -1e100 -1e100 -1e100 -1e100 -1e100 -1e100 -1e100 -1e100 -1e100 -1e100 -1e100 -1e100 -1e100 -1e100 -1e100 -1e100 -1e100 -1e100 -1e100 -1e100 185.1246795654296875 185.667724609375 185.9691925048828125 186.011474609375 185.7783660888671875 185.255645751953125 184.4305572509765625 183.2908782958984375 181.8244171142578125 180.0185394287109375 177.8601531982421875 175.3359375 172.4323272705078125 169.1367340087890625 165.4395599365234375 161.3361663818359375 156.8285369873046875 151.9260406494140625 146.645965576171875 141.013641357421875 135.0620880126953125 128.8313446044921875 122.36681365966796875 115.7180328369140625 108.9364166259765625 102.073638916015625 95.17877960205078125 88.29657745361328125 81.465301513671875 74.71486663818359375 68.066131591796875 61.53070068359375 55.112674713134765625 48.80893707275390625 42.609527587890625 36.4957275390625 30.439424514770507812 24.405181884765625 18.34769439697265625 12.205304145812988281 5.904277801513671875      0      0 -1e100 -1e100 -1e100 -1e100 -1e100 -1e100 -1e100 -1e100 -1e100 -1e100 -1e100 -1e100 -1e100 -1e100 -1e100 -1e100 -1e100 -1e100 -1e100 -1e100 -1e100 -1e100 -1e100 -1e100 -1e100 -1e100 -1e100 -1e100 -1e100 -1e100 -1e100 -1e100 -1e100 -1e100 -1e100 -1e100 -1e100 -1e100 -1e100 -1e100 -1e100 -1e100 -1e100 -1e100 -1e100 -1e100 -1e100 -1e100 -1e100 -1e100 -1e100 -1e100 -1e100 -1e100 -1e100 -1e100 -1e100 -1e100 -1e100 -1e100 -1e100 -1e100 -1e100 -1e100 -1e100 -1e100 -1e100 -1e100 -1e100 -1e100 -1e100 -1e100 -1e100 -1e100 -1e100
 -1e100 -1e100 -1e100 -1e100 -1e100 -1e100 -1e100 -1e100 -1e100 -1e100 -1e100 -1e100 -1e100 -1e100 -1e100 -1e100 -1e100 -1e100 -1e100 -1e100 -1e100 -1e100 -1e100 -1e100 -1e100 -1e100 -1e100 -1e100 -1e100 -1e100 -1e100 -1e100 -1e100 -1e100 -1e100 -1e100 -1e100 -1e100 -1e100 -1e100 -1e100 -1e100 -1e100 -1e100 -1e100 -1e100 -1e100 -1e100 180.3686981201171875 181.0581512451171875 181.5212249755859375 181.7390594482421875 181.694061279296875 181.370086669921875 180.753204345703125 179.8311920166015625 178.5928802490234375 177.027557373046875 175.1246795654296875 172.8736419677734375 170.264129638671875 167.286102294921875 163.93096923828125 160.19317626953125 156.0718536376953125 151.5722198486328125 146.7061614990234375 141.4927825927734375 135.9584197998046875 130.136260986328125 124.06562042236328125 117.7901763916015625 111.3568572998046875 104.8135528564453125 98.20754241943359375 91.5828857421875 84.9789886474609375 78.42884063720703125 71.957763671875 65.5833892822265625 59.316192626953125 53.1613922119140625 47.118991851806640625 41.183643341064453125 35.342174530029296875 29.571790695190429688 23.8379669189453125 18.086984634399414062 12.241034507751464844 6.2056646347045898438      0      0 -1e100 -1e100 -1e100 -1e100 -1e100 -1e100 -1e100 -1e100 -1e100 -1e100 -1e100 -1e100 -1e100 -1e100 -1e100 -1e100 -1e100 -1e100 -1e100 -1e100 -1e100 -1e100 -1e100 -1e100 -1e100 -1e100 -1e100 -1e100 -1e100 -1e100 -1e100 -1e100 -1e100 -1e100 -1e100 -1e100 -1e100 -1e100 -1e100 -1e100 -1e100 -1e100 -1e100 -1e100 -1e100 -1e100 -1e100 -1e100 -1e100 -1e100 -1e100 -1e100 -1e100 -1e100 -1e100 -1e100 -1e100 -1e100 -1e100 -1e100 -1e100 -1e100 -1e100 -1e100 -1e100 -1e100 -1e100 -1e100 -1e100 -1e100 -1e100 -1e100 -1e100 -1e100 -1e100
 -1e100 -1e100 -1e100 -1e100 -1e100 -1e100 -1e100 -1e100 -1e100 -1e100 -1e100 -1e100 -1e100 -1e100 -1e100 -1e100 -1e100 -1e100 -1e100 -1e100 -1e100 -1e100 -1e100 -1e100 -1e100 -1e100 -1e100 -1e100 -1e100 -1e100 -1e100 -1e100 -1e100 -1e100 -1e100 -1e100 -1e100 -1e100 -1e100 -1e100 -1e100 -1e100 -1e100 -1e100 -1e100 -1e100 -1e100 -1e100 176.2413177490234375 176.8535308837890625 177.2362518310546875 177.3706817626953125 177.239349365234375 176.8264007568359375 176.11834716796875 175.1036529541015625 173.7722320556640625 172.1148834228515625 170.1229400634765625 167.7882537841796875 165.103271484375 162.061248779296875 158.65716552734375 154.8890838623046875 150.7594757080078125 146.276397705078125 141.4539642333984375 136.312774658203125 130.879913330078125 125.188446044921875 119.27663421630859375 113.18622589111328125 106.96131134033203125 100.64608001708984375 94.2833251953125 87.9121551513671875 81.566802978515625 75.27535247802734375 69.05915069580078125 62.933467864990234375 56.908565521240234375 50.991649627685546875 45.186428070068359375 39.49257659912109375 33.90228271484375 28.397909164428710938 22.94667816162109375 17.490240097045898438 11.940349578857421875 6.1815114021301269531 0.094155982136726379395      0 -1e100 -1e100 -1e100 -1e100 -1e100 -1e100 -1e100 -1e100 -1e100 -1e100 -1e100 -1e100 -1e100 -1e100 -1e100 -1e100 -1e100 -1e100 -1e100 -1e100 -1e100 -1e100 -1e100 -1e100 -1e100 -1e100 -1e100 -1e100 -1e100 -1e100 -1e100 -1e100 -1e100 -1e100 -1e100 -1e100 -1e100 -1e100 -1e100 -1e100 -1e100 -1e100 -1e100 -1e100 -1e100 -1e100 -1e100 -1e100 -1e100 -1e100 -1e100 -1e100 -1e100 -1e100 -1e100 -1e100 -1e100 -1e100 -1e100 -1e100 -1e100 -1e100 -1e100 -1e100 -1e100 -1e100 -1e100 -1e100 -1e100 -1e100 -1e100 -1e100 -1e100 -1e100 -1e100
 -1e100 -1e100 -1e100 -1e100 -1e100 -1e100 -1e100 -1e100 -1e100 -1e100 -1e100 -1e100 -1e100 -1e100 -1e100 -1e100 -1e100 -1e100 -1e100 -1e100 -1e100 -1e100 -1e100 -1e100 -1e100 -1e100 -1e100 -1e100 -1e100 -1e100 -1e100 -1e100 -1e100 -1e100 -1e100 -1e100 -1e100 -1e100 -1e100 -1e100 -1e100 -1e100 -1e100 -1e100 -1e100 -1e100 -1e100 171.23883056640625 171.9868927001953125 172.5221405029296875 172.825408935546875 172.878082275390625 172.6629486083984375 172.1645965576171875 171.3700714111328125 170.268646240234375 168.8513031005859375 167.1102752685546875 165.038726806640625 162.630706787109375 159.881256103515625 156.7865447998046875 153.344757080078125 149.5570831298828125 145.4289398193359375 140.970794677734375 136.1986541748046875 131.134307861328125 125.805267333984375 120.24411773681640625 114.48783111572265625 108.57595062255859375 102.549530029296875 96.44889068603515625 90.31232452392578125 84.174041748046875 78.06334686279296875 72.0038604736328125 66.01361083984375 60.10637664794921875 54.29302978515625 48.583347320556640625 42.9851837158203125 37.5030975341796875 32.134235382080078125 26.865343093872070312 21.666376113891601562 16.481538772583007812 11.22373199462890625 5.7690877914428710938      0      0 -1e100 -1e100 -1e100 -1e100 -1e100 -1e100 -1e100 -1e100 -1e100 -1e100 -1e100 -1e100 -1e100 -1e100 -1e100 -1e100 -1e100 -1e100 -1e100 -1e100 -1e100 -1e100 -1e100 -1e100 -1e100 -1e100 -1e100 -1e100 -1e100 -1e100 -1e100 -1e100 -1e100 -1e100 -1e100 -1e100 -1e100 -1e100 -1e100 -1e100 -1e100 -1e100 -1e100 -1e100 -1e100 -1e100 -1e100 -1e100 -1e100 -1e100 -1e100 -1e100 -1e100 -1e100 -1e100 -1e100 -1e100 -1e100 -1e100 -1e100 -1e100 -1e100 -1e100 -1e100 -1e100 -1e100 -1e100 -1e100 -1e100 -1e100 -1e100 -1e100 -1e100 -1e100 -1e100
 -1e100 -1e100 -1e100 -1e100 -1e100 -1e100 -1e100 -1e100 -1e100 -1e100 -1e100 -1e100 -1e100 -1e100 -1e100 -1e100 -1e100 -1e100 -1e100 -1e100 -1e100 -1e100 -1e100 -1e100 -1e100 -1e100 -1e100 -1e100 -1e100 -1e100 -1e100 -1e100 -1e100 -1e100 -1e100 -1e100 -1e100 -1e100 -1e100 -1e100 -1e100 -1e100 -1e100 -1e100 -1e100 -1e100 -1e100 166.9425506591796875 167.616790771484375 168.07635498046875 168.302215576171875 168.276031494140625 167.9810028076171875 167.4022064208984375 166.527374267578125 165.34661865234375 163.8519744873046875 162.0370330810546875 159.8966217041015625 157.426788330078125 154.6248626708984375 151.489654541015625 148.0220794677734375 144.226043701171875 140.1094512939453125 135.6847991943359375 130.9696044921875 125.98645782470703125 120.762939453125 115.33086395263671875 109.7255859375 103.98421478271484375 98.14453125 92.24289703369140625 86.3130950927734375 80.38457489013671875 74.48204803466796875 68.6252288818359375 62.82967376708984375 57.108501434326171875 51.473957061767578125 45.9388580322265625 40.515056610107421875 35.2115020751953125 30.02938079833984375 24.958936691284179688 19.97365570068359375 15.026017189025878906 10.0421600341796875 4.9223499298095703125      0      0 -1e100 -1e100 -1e100 -1e100 -1e100 -1e100 -1e100 -1e100 -1e100 -1e100 -1e100 -1e100 -1e100 -1e100 -1e100 -1e100 -1e100 -1e100 -1e100 -1e100 -1e100 -1e100 -1e100 -1e100 -1e100 -1e100 -1e100 -1e100 -1e100 -1e100 -1e100 -1e100 -1e100 -1e100 -1e100 -1e100 -1e100 -1e100 -1e100 -1e100 -1e100 -1e100 -1e100 -1e100 -1e100 -1e100 -1e100 -1e100 -1e100 -1e100 -1e100 -1e100 -1e100 -1e100 -1e100 -1e100 -1e100 -1e100 -1e100 -1e100 -1e100 -1e100 -1e100 -1e100 -1e100 -1e100 -1e100 -1e100 -1e100 -1e100 -1e100 -1e100 -1e100 -1e100 -1e100
 -1e100 -1e100 -1e100 -1e100 -1e100 -1e100 -1e100 -1e100 -1e100 -1e100 -1e100 -1e100 -1e100 -1e100 -1e100 -1e100 -1e100 -1e100 -1e100 -1e100 -1e100 -1e100 -1e100 -1e100 -1e100 -1e100 -1e100 -1e100 -1e100 -1e100 -1e100 -1e100 -1e100 -1e100 -1e100 -1e100 -1e100 -1e100 -1e100 -1e100 -1e100 -1e100 -1e100 -1e100 -1e100 -1e100 161.74359130859375 162.5419464111328125 163.1437530517578125 163.5298004150390625 163.6812896728515625 163.5802459716796875 163.2103729248046875 162.5573883056640625 161.6097259521484375 160.35833740234375 158.796295166015625 156.91839599609375 154.720977783203125 152.2018890380859375 149.3604888916015625 146.19781494140625 142.7171478271484375 138.9246826171875 134.830352783203125 130.4482574462890625 125.7969970703125 120.8995819091796875 115.78328704833984375 110.47881317138671875 105.01959228515625 99.44002532958984375 93.77445220947265625 88.055206298828125 82.31159210205078125 76.568572998046875 70.8467559814453125 65.16275787353515625 59.530658721923828125 53.963893890380859375 48.476810455322265625 43.085422515869140625 37.805271148681640625 32.648715972900390625 27.619800567626953125 22.7106781005859375 17.896802902221679688 13.1339263916015625 8.3598499298095703125 3.470661163330078125      0      0 -1e100 -1e100 -1e100 -1e100 -1e100 -1e100 -1e100 -1e100 -1e100 -1e100 -1e100 -1e100 -1e100 -1e100 -1e100 -1e100 -1e100 -1e100 -1e100 -1e100 -1e100 -1e100 -1e100 -1e100 -1e100 -1e100 -1e100 -1e100 -1e100 -1e100 -1e100 -1e100 -1e100 -1e100 -1e100 -1e100 -1e100 -1e100 -1e100 -1e100 -1e100 -1e100 -1e100 -1e100 -1e100 -1e100 -1e100 -1e100 -1e100 -1e100 -1e100 -1e100 -1e100 -1e100 -1e100 -1e100 -1e100 -1e100 -1e100 -1e100 -1e100 -1e100 -1e100 -1e100 -1e100 -1e100 -1e100 -1e100 -1e100 -1e100 -1e100 -1e100 -1e100 -1e100 -1e100
 -1e100 -1e100 -1e100 -1e100 -1e100 -1e100 -1e100 -1e100 -1e100 -1e100 -1e100 -1e100 -1e100 -1e100 -1e100 -1e100 -1e100 -1e100 -1e100 -1e100 -1e100 -1e100 -1e100 -1e100 -1e100 -1e100 -1e100 -1e100 -1e100 -1e100 -1e100 -1e100 -1e100 -1e100 -1e100 -1e100 -1e100 -1e100 -1e100 -1e100 -1e100 -1e100 -1e100 -1e100 -1e100 -1e100 157.322052001953125 158.05059814453125 158.5821075439453125 158.8975982666015625 158.9786224365234375 158.807708740234375 158.3690948486328125 157.64923095703125 156.6372833251953125 155.3250579833984375 153.7065277099609375 151.777618408203125 149.5360260009765625 146.9811248779296875 144.114044189453125 140.937744140625 137.4574432373046875 133.68121337890625 129.6205596923828125 125.29074859619140625 120.711029052734375 115.90442657470703125 110.89749908447265625 105.719512939453125 100.401641845703125 94.9753570556640625 89.47139739990234375 83.917999267578125 78.34017181396484375 72.7587738037109375 67.1910552978515625 61.651592254638671875 56.15411376953125 50.713413238525390625 45.3466033935546875 40.0730133056640625 34.91150665283203125 29.8769378662109375 24.975366592407226562 20.1993255615234375 15.523816108703613281 10.902855873107910156 6.2762198448181152344 1.5364031791687011719      0 -1e100 -1e100 -1e100 -1e100 -1e100 -1e100 -1e100 -1e100 -1e100 -1e100 -1e100 -1e100 -1e100 -1e100 -1e100 -1e100 -1e100 -1e100 -1e100 -1e100 -1e100 -1e100 -1e100 -1e100 -1e100 -1e100 -1e100 -1e100 -1e100 -1e100 -1e100 -1e100 -1e100 -1e100 -1e100 -1e100 -1e100 -1e100 -1e100 -1e100 -1e100 -1e100 -1e100 -1e100 -1e100 -1e100 -1e100 -1e100 -1e100 -1e100 -1e100 -1e100 -1e100 -1e100 -1e100 -1e100 -1e100 -1e100 -1e100 -1e100 -1e100 -1e100 -1e100 -1e100 -1e100 -1e100 -1e100 -1e100 -1e100 -1e100 -1e100 -1e100 -1e100 -1e100 -1e100 -1e100
 -1e100 -1e100 -1e100 -1e100 -1e100 -1e100 -1e100 -1e100 -1e100 -1e100 -1e100 -1e100 -1e100 -1e100 -1e100 -1e100 -1e100 -1e100 -1e100 -1e100 -1e100 -1e100 -1e100 -1e100 -1e100 -1e100 -1e100 -1e100 -1e100 -1e100 -1e100 -1e100 -1e100 -1e100 -1e100 -1e100 -1e100 -1e100 -1e100 -1e100 -1e100 -1e100 -1e100 -1e100 -1e100 -1e100 152.8230133056640625 153.48382568359375 153.947906494140625 154.1965789794921875 154.211883544921875 153.9768829345703125 153.4765472412109375 152.6980133056640625 151.6312408447265625 150.268768310546875 148.60546875 146.638275146484375 144.3660430908203125 141.7895050048828125 138.9112701416015625 135.7358856201171875 132.2701416015625 128.5235595703125 124.50878143310546875 120.2418212890625 115.74213409423828125 111.0323333740234375 106.1378936767578125 101.08623504638671875 95.90602874755859375 90.62555694580078125 85.271820068359375 79.86901092529296875 74.438079833984375 68.996429443359375 63.558902740478515625 58.139255523681640625 52.75208282470703125 47.4146270751953125 42.147411346435546875 36.973388671875 31.914478302001953125 26.987947463989257812 22.201406478881835938 17.547960281372070312 13.001549720764160156 8.5165843963623046875 4.0311079025268554688      0      0 -1e100 -1e100 -1e100 -1e100 -1e100 -1e100 -1e100 -1e100 -1e100 -1e100 -1e100 -1e100 -1e100 -1e100 -1e100 -1e100 -1e100 -1e100 -1e100 -1e100 -1e100 -1e100 -1e100 -1e100 -1e100 -1e100 -1e100 -1e100 -1e100 -1e100 -1e100 -1e100 -1e100 -1e100 -1e100 -1e100 -1e100 -1e100 -1e100 -1e100 -1e100 -1e100 -1e100 -1e100 -1e100 -1e100 -1e100 -1e100 -1e100 -1e100 -1e100 -1e100 -1e100 -1e100 -1e100 -1e100 -1e100 -1e100 -1e100 -1e100 -1e100 -1e100 -1e100 -1e100 -1e100 -1e100 -1e100 -1e100 -1e100 -1e100 -1e100 -1e100 -1e100 -1e100 -1e100 -1e100
 -1e100 -1e100 -1e100 -1e100 -1e100 -1e100 -1e100 -1e100 -1e100 -1e100 -1e100 -1e100 -1e100 -1e100 -1e100 -1e100 -1e100 -1e100 -1e100 -1e100 -1e100 -1e100 -1e100 -1e100 -1e100 -1e100 -1e100 -1e100 -1e100 -1e100 -1e100 -1e100 -1e100 -1e100 -1e100 -1e100 -1e100 -1e100 -1e100 -1e100 -1e100 -1e100 -1e100 -1e100 -1e100 147.489288330078125 148.262420654296875 148.8582916259765625 149.2584686279296875 149.4448089599609375 149.399871826171875 149.107391357421875 148.553070068359375 147.72479248046875 146.6132659912109375 145.2117919921875 143.5160064697265625 141.5237884521484375 139.2350006103515625 136.65155029296875 133.7772369384765625 130.6179046630859375 127.1815643310546875 123.47878265380859375 119.5229339599609375 115.33034515380859375 110.92024993896484375 106.314453125 101.53693389892578125 96.6129608154296875 91.568359375 86.42803192138671875 81.21517181396484375 75.95001983642578125 70.6499481201171875 65.3296966552734375 60.002796173095703125 54.683399200439453125 49.388233184814453125 44.13805389404296875 38.957515716552734375 33.873493194580078125 28.911058425903320312 24.089944839477539062 19.419460296630859375 14.893777847290039062 10.486499786376953125 6.1529040336608886719 1.8315792083740234375      0      0 -1e100 -1e100 -1e100 -1e100 -1e100 -1e100 -1e100 -1e100 -1e100 -1e100 -1e100 -1e100 -1e100 -1e100 -1e100 -1e100 -1e100 -1e100 -1e100 -1e100 -1e100 -1e100 -1e100 -1e100 -1e100 -1e100 -1e100 -1e100 -1e100 -1e100 -1e100 -1e100 -1e100 -1e100 -1e100 -1e100 -1e100 -1e100 -1e100 -1e100 -1e100 -1e100 -1e100 -1e100 -1e100 -1e100 -1e100 -1e100 -1e100 -1e100 -1e100 -1e100 -1e100 -1e100 -1e100 -1e100 -1e100 -1e100 -1e100 -1e100 -1e100 -1e100 -1e100 -1e100 -1e100 -1e100 -1e100 -1e100 -1e100 -1e100 -1e100 -1e100 -1e100 -1e100 -1e100 -1e100
 -1e100 -1e100 -1e100 -1e100 -1e100 -1e100 -1e100 -1e100 -1e100 -1e100 -1e100 -1e100 -1e100 -1e100 -1e100 -1e100 -1e100 -1e100 -1e100 -1e100 -1e100 -1e100 -1e100 -1e100 -1e100 -1e100 -1e100 -1e100 -1e100 -1e100 -1e100 -1e100 -1e100 -1e100 -1e100 -1e100 -1e100 -1e100 -1e100 -1e100 -1e100 -1e100 -1e100 -1e100 -1e100 142.9473724365234375 143.6574859619140625 144.191802978515625 144.5323333740234375 144.661468505859375 144.5624237060546875 144.2196807861328125 143.6196746826171875 142.7510986328125 141.6053619384765625 140.1764984130859375 138.4609375 136.4573211669921875 134.1664276123046875 131.59112548828125 128.736236572265625 125.60858154296875 122.2170867919921875 118.57297515869140625 114.68997955322265625 110.5843353271484375 106.27465057373046875 101.78151702880859375 97.12705230712890625 92.3340301513671875 87.4251861572265625 82.42185211181640625 77.34337615966796875 72.2063446044921875 67.025146484375 61.81270599365234375 56.582324981689453125 51.349773406982421875 46.13507080078125 40.96347808837890625 35.864368438720703125 30.868726730346679688 26.004781723022460938 21.2944488525390625 16.748548507690429688 12.361867904663085938 8.1080379486083984375 3.9407801628112792969      0      0      0 -1e100 -1e100 -1e100 -1e100 -1e100 -1e100 -1e100 -1e100 -1e100 -1e100 -1e100 -1e100 -1e100 -1e100 -1e100 -1e100 -1e100 -1e100 -1e100 -1e100 -1e100 -1e100 -1e100 -1e100 -1e100 -1e100 -1e100 -1e100 -1e100 -1e100 -1e100 -1e100 -1e100 -1e100 -1e100 -1e100 -1e100 -1e100 -1e100 -1e100 -1e100 -1e100 -1e100 -1e100 -1e100 -1e100 -1e100 -1e100 -1e100 -1e100 -1e100 -1e100 -1e100 -1e100 -1e100 -1e100 -1e100 -1e100 -1e100 -1e100 -1e100 -1e100 -1e100 -1e100 -1e100 -1e100 -1e100 -1e100 -1e100 -1e100 -1e100 -1e100 -1e100 -1e100 -1e100 -1e100
 -1e100 -1e100 -1e100 -1e100 -1e100 -1e100 -1e100 -1e100 -1e100 -1e100 -1e100 -1e100 -1e100 -1e100 -1e100 -1e100 -1e100 -1e100 -1e100 -1e100 -1e100 -1e100 -1e100 -1e100 -1e100 -1e100 -1e100 -1e100 -1e100 -1e100 -1e100 -1e100 -1e100 -1e100 -1e100 -1e100 -1e100 -1e100 -1e100 -1e100 -1e100 -1e100 -1e100 -1e100 137.56903076171875 138.3755950927734375 139.0260009765625 139.5027618408203125 139.7884674072265625 139.866119384765625 139.719635009765625 139.33428955078125 138.69732666015625 137.7982177734375 136.6291351318359375 135.184783935546875 133.4622955322265625 131.461090087890625 129.1827239990234375 126.63088226318359375 123.8111724853515625 120.731201171875 117.40045166015625 113.83052825927734375 110.03513336181640625 106.0300445556640625 101.83287811279296875 97.4626312255859375 92.939208984375 88.2825927734375 83.512176513671875 78.64562225341796875 73.69849395751953125 68.6841278076171875 63.614536285400390625 58.501697540283203125 53.359676361083984375 48.20697021484375 43.06789398193359375 37.97299957275390625 32.9567108154296875 28.054178237915039062 23.296480178833007812 18.70706939697265625 14.297040939331054688 10.0605316162109375 5.970218658447265625 1.9776625633239746094      0      0 -1e100 -1e100 -1e100 -1e100 -1e100 -1e100 -1e100 -1e100 -1e100 -1e100 -1e100 -1e100 -1e100 -1e100 -1e100 -1e100 -1e100 -1e100 -1e100 -1e100 -1e100 -1e100 -1e100 -1e100 -1e100 -1e100 -1e100 -1e100 -1e100 -1e100 -1e100 -1e100 -1e100 -1e100 -1e100 -1e100 -1e100 -1e100 -1e100 -1e100 -1e100 -1e100 -1e100 -1e100 -1e100 -1e100 -1e100 -1e100 -1e100 -1e100 -1e100 -1e100 -1e100 -1e100 -1e100 -1e100 -1e100 -1e100 -1e100 -1e100 -1e100 -1e100 -1e100 -1e100 -1e100 -1e100 -1e100 -1e100 -1e100 -1e100 -1e100 -1e100 -1e100 -1e100 -1e100 -1e100 -1e100
 -1e100 -1e100 -1e100 -1e100 -1e100 -1e100 -1e100 -1e100 -1e100 -1e100 -1e100 -1e100 -1e100 -1e100 -1e100 -1e100 -1e100 -1e100 -1e100 -1e100 -1e100 -1e100 -1e100 -1e100 -1e100 -1e100 -1e100 -1e100 -1e100 -1e100 -1e100 -1e100 -1e100 -1e100 -1e100 -1e100 -1e100 -1e100 -1e100 -1e100 -1e100 -1e100 -1e100 -1e100 133.04327392578125 133.7915496826171875 134.3860626220703125 134.809814453125 135.0460052490234375 135.07830810546875 134.891448974609375 134.4715118408203125 133.80657958984375 132.88690185546875 131.7053985595703125 130.2574920654296875 128.5410003662109375 126.5560150146484375 124.3048095703125 121.791748046875 119.0230865478515625 116.00695037841796875 112.75318145751953125 109.2734222412109375 105.58106231689453125 101.691070556640625 97.6197357177734375 93.384124755859375 89.001617431640625 84.48911285400390625 79.86248779296875 75.13564300537109375 70.32061767578125 65.42779541015625 60.46746826171875 55.451389312744140625 50.39531707763671875 45.321346282958984375 40.25887298583984375 35.244129180908203125 30.3168182373046875 25.516138076782226562 20.875677108764648438 16.419422149658203125 12.157143592834472656 8.0803270339965820312 4.1590929031372070312 0.34187245368957519531      0      0 -1e100 -1e100 -1e100 -1e100 -1e100 -1e100 -1e100 -1e100 -1e100 -1e100 -1e100 -1e100 -1e100 -1e100 -1e100 -1e100 -1e100 -1e100 -1e100 -1e100 -1e100 -1e100 -1e100 -1e100 -1e100 -1e100 -1e100 -1e100 -1e100 -1e100 -1e100 -1e100 -1e100 -1e100 -1e100 -1e100 -1e100 -1e100 -1e100 -1e100 -1e100 -1e100 -1e100 -1e100 -1e100 -1e100 -1e100 -1e100 -1e100 -1e100 -1e100 -1e100 -1e100 -1e100 -1e100 -1e100 -1e100 -1e100 -1e100 -1e100 -1e100 -1e100 -1e100 -1e100 -1e100 -1e100 -1e100 -1e100 -1e100 -1e100 -1e100 -1e100 -1e100 -1e100 -1e100 -1e100 -1e100
 -1e100 -1e100 -1e100 -1e100 -1e100 -1e100 -1e100 -1e100 -1e100 -1e100 -1e100 -1e100 -1e100 -1e100 -1e100 -1e100 -1e100 -1e100 -1e100 -1e100 -1e100 -1e100 -1e100 -1e100 -1e100 -1e100 -1e100 -1e100 -1e100 -1e100 -1e100 -1e100 -1e100 -1e100 -1e100 -1e100 -1e100 -1e100 -1e100 -1e100 -1e100 -1e100 -1e100 127.69081878662109375 128.5189666748046875 129.212615966796875 129.755462646484375 130.131134033203125 130.3234710693359375 130.31689453125 130.0969696044921875 129.650604248046875 128.96673583984375 128.0364837646484375 126.8534698486328125 125.4138336181640625 123.716064453125 121.76093292236328125 119.55133056640625 117.09221649169921875 114.3903350830078125 111.45417022705078125 108.2936859130859375 104.92034149169921875 101.34690093994140625 97.58727264404296875 93.65608978271484375 89.56819915771484375 85.338165283203125 80.97959136962890625 76.50467681884765625 71.92360687255859375 67.2450103759765625 62.476715087890625 57.62775421142578125 52.710315704345703125 47.742523193359375 42.75070953369140625 37.769741058349609375 32.841800689697265625 28.0119781494140625 23.323484420776367188 18.811923980712890625 14.500634193420410156 10.395895004272460938 6.4839825630187988281 2.7310039997100830078      0      0      0 -1e100 -1e100 -1e100 -1e100 -1e100 -1e100 -1e100 -1e100 -1e100 -1e100 -1e100 -1e100 -1e100 -1e100 -1e100 -1e100 -1e100 -1e100 -1e100 -1e100 -1e100 -1e100 -1e100 -1e100 -1e100 -1e100 -1e100 -1e100 -1e100 -1e100 -1e100 -1e100 -1e100 -1e100 -1e100 -1e100 -1e100 -1e100 -1e100 -1e100 -1e100 -1e100 -1e100 -1e100 -1e100 -1e100 -1e100 -1e100 -1e100 -1e100 -1e100 -1e100 -1e100 -1e100 -1e100 -1e100 -1e100 -1e100 -1e100 -1e100 -1e100 -1e100 -1e100 -1e100 -1e100 -1e100 -1e100 -1e100 -1e100 -1e100 -1e100 -1e100 -1e100 -1e100 -1e100 -1e100 -1e100
 -1e100 -1e100 -1e100 -1e100 -1e100 -1e100 -1e100 -1e100 -1e100 -1e100 -1e100 -1e100 -1e100 -1e100 -1e100 -1e100 -1e100 -1e100 -1e100 -1e100 -1e100 -1e100 -1e100 -1e100 -1e100 -1e100 -1e100 -1e100 -1e100 -1e100 -1e100 -1e100 -1e100 -1e100 -1e100 -1e100 -1e100 -1e100 -1e100 -1e100 -1e100 -1e100 -1e100 123.23802947998046875 124.012481689453125 124.65547943115234375 125.1512603759765625 125.4840545654296875 125.63842010498046875 125.599578857421875 125.35393524169921875 124.88930511474609375 124.19549560546875 123.26444244384765625 122.090576171875 120.67071533203125 119.00405120849609375 117.09197998046875 114.93799591064453125 112.54754638671875 109.92778778076171875 107.0873870849609375 104.03626251220703125 100.78545379638671875 97.34691619873046875 93.73320770263671875 89.957061767578125 86.03086090087890625 81.96611785888671875 77.77295684814453125 73.4598236083984375 69.033172607421875 64.49835205078125 59.86083984375 55.128826141357421875 50.31531524658203125 45.4412078857421875 40.537281036376953125 35.644107818603515625 30.810083389282226562 26.08597564697265625 21.51904296875 17.146539688110351562 12.989421844482421875 9.0472259521484375 5.2967290878295898438 1.6996576786041259766      0      0      0 -1e100 -1e100 -1e100 -1e100 -1e100 -1e100 -1e100 -1e100 -1e100 -1e100 -1e100 -1e100 -1e100 -1e100 -1e100 -1e100 -1e100 -1e100 -1e100 -1e100 -1e100 -1e100 -1e100 -1e100 -1e100 -1e100 -1e100 -1e100 -1e100 -1e100 -1e100 -1e100 -1e100 -1e100 -1e100 -1e100 -1e100 -1e100 -1e100 -1e100 -1e100 -1e100 -1e100 -1e100 -1e100 -1e100 -1e100 -1e100 -1e100 -1e100 -1e100 -1e100 -1e100 -1e100 -1e100 -1e100 -1e100 -1e100 -1e100 -1e100 -1e100 -1e100 -1e100 -1e100 -1e100 -1e100 -1e100 -1e100 -1e100 -1e100 -1e100 -1e100 -1e100 -1e100 -1e100 -1e100 -1e100
 -1e100 -1e100 -1e100 -1e100 -1e100 -1e100 -1e100 -1e100 -1e100 -1e100 -1e100 -1e100 -1e100 -1e100 -1e100 -1e100 -1e100 -1e100 -1e100 -1e100 -1e100 -1e100 -1e100 -1e100 -1e100 -1e100 -1e100 -1e100 -1e100 -1e100 -1e100 -1e100 -1e100 -1e100 -1e100 -1e100 -1e100 -1e100 -1e100 -1e100 -1e100 -1e100 117.97716522216796875 118.814697265625 119.5392303466796875 120.13582611083984375 120.58929443359375 120.884552001953125 121.00689697265625 120.94239044189453125 120.678314208984375 120.20340728759765625 119.5083465576171875 118.58594512939453125 117.43141937255859375 116.04233551025390625 114.418548583984375 112.56209564208984375 110.477020263671875 108.1692352294921875 105.64617919921875 102.91661834716796875 99.9902496337890625 96.8775634765625 93.58946990966796875 90.13702392578125 86.53082275390625 82.78058624267578125 78.8946075439453125 74.879425048828125 70.73960113525390625 66.47783660888671875 62.096187591552734375 57.5979461669921875 52.990520477294921875 48.287815093994140625 43.513431549072265625 38.7026214599609375 33.901885986328125 29.166326522827148438 24.55294036865234375 20.113603591918945312 15.887126922607421875 11.890236854553222656 8.11009979248046875 4.5050244331359863281 1.0295517444610595703      0      0 -1e100 -1e100 -1e100 -1e100 -1e100 -1e100 -1e100 -1e100 -1e100 -1e100 -1e100 -1e100 -1e100 -1e100 -1e100 -1e100 -1e100 -1e100 -1e100 -1e100 -1e100 -1e100 -1e100 -1e100 -1e100 -1e100 -1e100 -1e100 -1e100 -1e100 -1e100 -1e100 -1e100 -1e100 -1e100 -1e100 -1e100 -1e100 -1e100 -1e100 -1e100 -1e100 -1e100 -1e100 -1e100 -1e100 -1e100 -1e100 -1e100 -1e100 -1e100 -1e100 -1e100 -1e100 -1e100 -1e100 -1e100 -1e100 -1e100 -1e100 -1e100 -1e100 -1e100 -1e100 -1e100 -1e100 -1e100 -1e100 -1e100 -1e100 -1e100 -1e100 -1e100 -1e100 -1e100 -1e100 -1e100 -1e100
 -1e100 -1e100 -1e100 -1e100 -1e100 -1e100 -1e100 -1e100 -1e100 -1e100 -1e100 -1e100 -1e100 -1e100 -1e100 -1e100 -1e100 -1e100 -1e100 -1e100 -1e100 -1e100 -1e100 -1e100 -1e100 -1e100 -1e100 -1e100 -1e100 -1e100 -1e100 -1e100 -1e100 -1e100 -1e100 -1e100 -1e100 -1e100 -1e100 -1e100 -1e100 -1e100 113.64667510986328125 114.434814453125 115.11336517333984375 115.66793060302734375 116.08393096923828125 116.34698486328125 116.44318389892578125 116.35945892333984375 116.08397674560546875 115.606414794921875 114.91837310791015625 114.013519287109375 112.8878936767578125 111.53981781005859375 109.9698486328125 108.18064117431640625 106.1767730712890625 103.9645538330078125 101.551666259765625 98.94686126708984375 96.1595306396484375 93.1994476318359375 90.0763702392578125 86.7996673583984375 83.37767791748046875 79.81731414794921875 76.12352752685546875 72.299163818359375 68.3448028564453125 64.259246826171875 60.041233062744140625 55.691631317138671875 51.21685791015625 46.631298065185546875 41.960880279541015625 37.245197296142578125 32.537021636962890625 27.8989410400390625 23.395183563232421875 19.083513259887695312 15.005208969116210938 11.171786308288574219 7.5510663986206054688 4.0647387504577636719 0.64023733139038085938      0      0 -1e100 -1e100 -1e100 -1e100 -1e100 -1e100 -1e100 -1e100 -1e100 -1e100 -1e100 -1e100 -1e100 -1e100 -1e100 -1e100 -1e100 -1e100 -1e100 -1e100 -1e100 -1e100 -1e100 -1e100 -1e100 -1e100 -1e100 -1e100 -1e100 -1e100 -1e100 -1e100 -1e100 -1e100 -1e100 -1e100 -1e100 -1e100 -1e100 -1e100 -1e100 -1e100 -1e100 -1e100 -1e100 -1e100 -1e100 -1e100 -1e100 -1e100 -1e100 -1e100 -1e100 -1e100 -1e100 -1e100 -1e100 -1e100 -1e100 -1e100 -1e100 -1e100 -1e100 -1e100 -1e100 -1e100 -1e100 -1e100 -1e100 -1e100 -1e100 -1e100 -1e100 -1e100 -1e100 -1e100 -1e100 -1e100
 -1e100 -1e100 -1e100 -1e100 -1e100 -1e100 -1e100 -1e100 -1e100 -1e100 -1e100 -1e100 -1e100 -1e100 -1e100 -1e100 -1e100 -1e100 -1e100 -1e100 -1e100 -1e100 -1e100 -1e100 -1e100 -1e100 -1e100 -1e100 -1e100 -1e100 -1e100 -1e100 -1e100 -1e100 -1e100 -1e100 -1e100 -1e100 -1e100 -1e100 -1e100 -1e100 109.368743896484375 110.11118316650390625 110.747772216796875 111.26468658447265625 111.64800262451171875 111.88405609130859375 111.95977020263671875 111.86295318603515625 111.58269500732421875 111.1096038818359375 110.4362030029296875 109.55706787109375 108.46906280517578125 107.1712799072265625 105.66497802734375 103.95343017578125 102.04174041748046875 99.93657684326171875 97.64581298828125 95.178131103515625 92.542510986328125 89.74793243408203125 86.8029022216796875 83.71500396728515625 80.490234375 77.13262176513671875 73.64374542236328125 70.02263641357421875 66.26575469970703125 62.367828369140625 58.3238983154296875 54.1319732666015625 49.79676055908203125 45.3322906494140625 40.76607513427734375 36.141876220703125 31.519207000732421875 26.96909332275390625 22.564327239990234375 18.370355606079101562 14.433233261108398438 10.762093544006347656 7.3044857978820800781 3.9274783134460449219 0.41479343175888061523      0      0 -1e100 -1e100 -1e100 -1e100 -1e100 -1e100 -1e100 -1e100 -1e100 -1e100 -1e100 -1e100 -1e100 -1e100 -1e100 -1e100 -1e100 -1e100 -1e100 -1e100 -1e100 -1e100 -1e100 -1e100 -1e100 -1e100 -1e100 -1e100 -1e100 -1e100 -1e100 -1e100 -1e100 -1e100 -1e100 -1e100 -1e100 -1e100 -1e100 -1e100 -1e100 -1e100 -1e100 -1e100 -1e100 -1e100 -1e100 -1e100 -1e100 -1e100 -1e100 -1e100 -1e100 -1e100 -1e100 -1e100 -1e100 -1e100 -1e100 -1e100 -1e100 -1e100 -1e100 -1e100 -1e100 -1e100 -1e100 -1e100 -1e100 -1e100 -1e100 -1e100 -1e100 -1e100 -1e100 -1e100 -1e100 -1e100
 -1e100 -1e100 -1e100 -1e100 -1e100 -1e100 -1e100 -1e100 -1e100 -1e100 -1e100 -1e100 -1e100 -1e100 -1e100 -1e100 -1e100 -1e100 -1e100 -1e100 -1e100 -1e100 -1e100 -1e100 -1e100 -1e100 -1e100 -1e100 -1e100 -1e100 -1e100 -1e100 -1e100 -1e100 -1e100 -1e100 -1e100 -1e100 -1e100 -1e100 -1e100 104.3656158447265625 105.1547698974609375 105.85521697998046875 106.45384979248046875 106.93740081787109375 107.29264068603515625 107.50666046142578125 107.5672149658203125 107.46300506591796875 107.1840362548828125 106.7218780517578125 106.06999969482421875 105.2238616943359375 104.18117523193359375 102.941802978515625 101.5077056884765625 99.8827972412109375 98.07265472412109375 96.084320068359375 93.92580413818359375 91.60565948486328125 89.132415771484375 86.5142059326171875 83.75821685791015625 80.87023162841796875 77.85387420654296875 74.710296630859375 71.43767547607421875 68.03121185302734375 64.48303985595703125 60.783489227294921875 56.923336029052734375 52.896862030029296875 48.705944061279296875 44.362888336181640625 39.895763397216796875 35.3521728515625 30.798686981201171875 26.315664291381835938 21.985670089721679688 17.883319854736328125 14.062124252319335938 10.535675048828125 7.2450895309448242188 4.0268793106079101562 0.7742493748664855957      0 -1e100 -1e100 -1e100 -1e100 -1e100 -1e100 -1e100 -1e100 -1e100 -1e100 -1e100 -1e100 -1e100 -1e100 -1e100 -1e100 -1e100 -1e100 -1e100 -1e100 -1e100 -1e100 -1e100 -1e100 -1e100 -1e100 -1e100 -1e100 -1e100 -1e100 -1e100 -1e100 -1e100 -1e100 -1e100 -1e100 -1e100 -1e100 -1e100 -1e100 -1e100 -1e100 -1e100 -1e100 -1e100 -1e100 -1e100 -1e100 -1e100 -1e100 -1e100 -1e100 -1e100 -1e100 -1e100 -1e100 -1e100 -1e100 -1e100 -1e100 -1e100 -1e100 -1e100 -1e100 -1e100 -1e100 -1e100 -1e100 -1e100 -1e100 -1e100 -1e100 -1e100 -1e100 -1e100 -1e100 -1e100 -1e100 -1e100
 -1e100 -1e100 -1e100 -1e100 -1e100 -1e100 -1e100 -1e100 -1e100 -1e100 -1e100 -1e100 -1e100 -1e100 -1e100 -1e100 -1e100 -1e100 -1e100 -1e100 -1e100 -1e100 -1e100 -1e100 -1e100 -1e100 -1e100 -1e100 -1e100 -1e100 -1e100 -1e100 -1e100 -1e100 -1e100 -1e100 -1e100 -1e100 -1e100 -1e100 -1e100 100.267791748046875 101.014923095703125 101.67706298828125 102.241607666015625 102.6959075927734375 103.0274200439453125 103.2240142822265625 103.2742767333984375 103.1678009033203125 102.89554595947265625 102.4500274658203125 101.82562255859375 101.01871490478515625 100.02783203125 98.8536376953125 97.49878692626953125 95.9677886962890625 94.2667388916015625 92.40299224853515625 90.38468170166015625 88.22020721435546875 85.91761016845703125 83.484130859375 80.9256744384765625 78.24623870849609375 75.44713592529296875 72.52675628662109375 69.47991943359375 66.2979888916015625 62.968570709228515625 59.47713470458984375 55.809345245361328125 51.95452880859375 47.910007476806640625 43.684520721435546875 39.30525970458984375 34.822818756103515625 30.310823440551757812 25.85968780517578125 21.56282806396484375 17.504987716674804688 13.747206687927246094 10.3011322021484375 7.0934700965881347656 3.9345853328704833984 0.76740914583206176758      0 -1e100 -1e100 -1e100 -1e100 -1e100 -1e100 -1e100 -1e100 -1e100 -1e100 -1e100 -1e100 -1e100 -1e100 -1e100 -1e100 -1e100 -1e100 -1e100 -1e100 -1e100 -1e100 -1e100 -1e100 -1e100 -1e100 -1e100 -1e100 -1e100 -1e100 -1e100 -1e100 -1e100 -1e100 -1e100 -1e100 -1e100 -1e100 -1e100 -1e100 -1e100 -1e100 -1e100 -1e100 -1e100 -1e100 -1e100 -1e100 -1e100 -1e100 -1e100 -1e100 -1e100 -1e100 -1e100 -1e100 -1e100 -1e100 -1e100 -1e100 -1e100 -1e100 -1e100 -1e100 -1e100 -1e100 -1e100 -1e100 -1e100 -1e100 -1e100 -1e100 -1e100 -1e100 -1e100 -1e100 -1e100 -1e100 -1e100
 -1e100 -1e100 -1e100 -1e100 -1e100 -1e100 -1e100 -1e100 -1e100 -1e100 -1e100 -1e100 -1e100 -1e100 -1e100 -1e100 -1e100 -1e100 -1e100 -1e100 -1e100 -1e100 -1e100 -1e100 -1e100 -1e100 -1e100 -1e100 -1e100 -1e100 -1e100 -1e100 -1e100 -1e100 -1e100 -1e100 -1e100 -1e100 -1e100 -1e100 95.47167205810546875 96.24959564208984375 96.95812225341796875 97.58548736572265625 98.11963653564453125 98.54853057861328125 98.860321044921875 99.0436553955078125 99.0879669189453125 98.9837493896484375 98.722869873046875 98.298797607421875 97.70682525634765625 96.94422149658203125 96.01033782958984375 94.90659332275390625 93.6363525390625 92.2047271728515625 90.61827850341796875 88.884674072265625 87.01215362548828125 85.0089111328125 82.88250732421875 80.63932037353515625 78.28401947021484375 75.8188934326171875 73.24314117431640625 70.55255126953125 67.7388153076171875 64.7894744873046875 61.687412261962890625 58.41260528564453125 54.944561004638671875 51.26612091064453125 47.367893218994140625 43.252735137939453125 38.944828033447265625 34.496234893798828125 29.987237930297851562 25.519071578979492188 21.198150634765625 17.121400833129882812 13.359324455261230469 9.9181394577026367188 6.7155184745788574219 3.5817811489105224609 0.36911970376968383789 -1e100 -1e100 -1e100 -1e100 -1e100 -1e100 -1e100 -1e100 -1e100 -1e100 -1e100 -1e100 -1e100 -1e100 -1e100 -1e100 -1e100 -1e100 -1e100 -1e100 -1e100 -1e100 -1e100 -1e100 -1e100 -1e100 -1e100 -1e100 -1e100 -1e100 -1e100 -1e100 -1e100 -1e100 -1e100 -1e100 -1e100 -1e100 -1e100 -1e100 -1e100 -1e100 -1e100 -1e100 -1e100 -1e100 -1e100 -1e100 -1e100 -1e100 -1e100 -1e100 -1e100 -1e100 -1e100 -1e100 -1e100 -1e100 -1e100 -1e100 -1e100 -1e100 -1e100 -1e100 -1e100 -1e100 -1e100 -1e100 -1e100 -1e100 -1e100 -1e100 -1e100 -1e100 -1e100 -1e100 -1e100 -1e100 -1e100 -1e100
 -1e100 -1e100 -1e100 -1e100 -1e100 -1e100 -1e100 -1e100 -1e100 -1e100 -1e100 -1e100 -1e100 -1e100 -1e100 -1e100 -1e100 -1e100 -1e100 -1e100 -1e100 -1e100 -1e100 -1e100 -1e100 -1e100 -1e100 -1e100 -1e100 -1e100 -1e100 -1e100 -1e100 -1e100 -1e100 -1e100 -1e100 -1e100 -1e100 -1e100 91.5797882080078125 92.318939208984375 92.99214935302734375 93.588104248046875 94.09529876708984375 94.5023040771484375 94.79798126220703125 94.97174072265625 95.01385498046875 94.9156951904296875 94.67005157470703125 94.27129364013671875 93.7156219482421875 93.0011444091796875 92.128021240234375 91.0984344482421875 89.9163970947265625 88.58762359619140625 87.119110107421875 85.51882171630859375 83.79505157470703125 81.9557952880859375 80.0081329345703125 77.95761871337890625 75.80779266357421875 73.55945587158203125 71.20995330810546875 68.7528228759765625 66.1769256591796875 63.466182708740234375 60.598484039306640625 57.547760009765625 54.28639984130859375 50.78902435302734375 47.037078857421875 43.0245819091796875 38.769786834716796875 34.3239898681640625 29.773044586181640625 25.229869842529296875 20.816373825073242188 16.649114608764648438 12.811824798583984375 9.3117208480834960938 6.0526404380798339844 2.8421175479888916016      0 -1e100 -1e100 -1e100 -1e100 -1e100 -1e100 -1e100 -1e100 -1e100 -1e100 -1e100 -1e100 -1e100 -1e100 -1e100 -1e100 -1e100 -1e100 -1e100 -1e100 -1e100 -1e100 -1e100 -1e100 -1e100 -1e100 -1e100 -1e100 -1e100 -1e100 -1e100 -1e100 -1e100 -1e100 -1e100 -1e100 -1e100 -1e100 -1e100 -1e100 -1e100 -1e100 -1e100 -1e100 -1e100 -1e100 -1e100 -1e100 -1e100 -1e100 -1e100 -1e100 -1e100 -1e100 -1e100 -1e100 -1e100 -1e100 -1e100 -1e100 -1e100 -1e100 -1e100 -1e100 -1e100 -1e100 -1e100 -1e100 -1e100 -1e100 -1e100 -1e100 -1e100 -1e100 -1e100 -1e100 -1e100 -1e100 -1e100 -1e100
 -1e100 -1e100 -1e100 -1e100 -1e100 -1e100 -1e100 -1e100 -1e100 -1e100 -1e100 -1e100 -1e100 -1e100 -1e100 -1e100 -1e100 -1e100 -1e100 -1e100 -1e100 -1e100 -1e100 -1e100 -1e100 -1e100 -1e100 -1e100 -1e100 -1e100 -1e100 -1e100 -1e100 -1e100 -1e100 -1e100 -1e100 -1e100 -1e100 87.0238189697265625 87.7791748046875 88.482666015625 89.12368011474609375 89.691375732421875 90.17478179931640625 90.56307220458984375 90.84580230712890625 91.013153076171875 91.05620574951171875 90.96720123291015625 90.73980712890625 90.36927032470703125 89.8526458740234375 89.1888580322265625 88.37883758544921875 87.42547607421875 86.33344268798828125 85.108978271484375 83.7595062255859375 82.29322052001953125 80.71844482421875 79.04296112060546875 77.27336883544921875 75.41448974609375 73.46891021728515625 71.4362335205078125 69.3123321533203125 67.08902740478515625 64.7528533935546875 62.284358978271484375 59.65639495849609375 56.836841583251953125 53.79015350341796875 50.481296539306640625 46.879901885986328125 42.9678955078125 38.754070281982421875 34.28600311279296875 29.652355194091796875 24.977243423461914062 20.40100860595703125 16.068876266479492188 12.089376449584960938 8.4793787002563476562 5.1429924964904785156 1.8334908485412597656      0 -1e100 -1e100 -1e100 -1e100 -1e100 -1e100 -1e100 -1e100 -1e100 -1e100 -1e100 -1e100 -1e100 -1e100 -1e100 -1e100 -1e100 -1e100 -1e100 -1e100 -1e100 -1e100 -1e100 -1e100 -1e100 -1e100 -1e100 -1e100 -1e100 -1e100 -1e100 -1e100 -1e100 -1e100 -1e100 -1e100 -1e100 -1e100 -1e100 -1e100 -1e100 -1e100 -1e100 -1e100 -1e100 -1e100 -1e100 -1e100 -1e100 -1e100 -1e100 -1e100 -1e100 -1e100 -1e100 -1e100 -1e100 -1e100 -1e100 -1e100 -1e100 -1e100 -1e100 -1e100 -1e100 -1e100 -1e100 -1e100 -1e100 -1e100 -1e100 -1e100 -1e100 -1e100 -1e100 -1e100 -1e100 -1e100 -1e100 -1e100
 -1e100 -1e100 -1e100 -1e100 -1e100 -1e100 -1e100 -1e100 -1e100 -1e100 -1e100 -1e100 -1e100 -1e100 -1e100 -1e100 -1e100 -1e100 -1e100 -1e100 -1e100 -1e100 -1e100 -1e100 -1e100 -1e100 -1e100 -1e100 -1e100 -1e100 -1e100 -1e100 -1e100 -1e100 -1e100 -1e100 -1e100 -1e100 -1e100 83.3563232421875 84.07592010498046875 84.7467193603515625 85.35849761962890625 85.900848388671875 86.3633270263671875 86.7357177734375 87.00823974609375 87.17181396484375 87.21833038330078125 87.1408538818359375 86.93387603759765625 86.59349822998046875 86.11754608154296875 85.50574493408203125 84.75972747802734375 83.88306427001953125 82.8809967041015625 81.76026153564453125 80.52863311767578125 79.19446563720703125 77.766082763671875 76.2509918212890625 74.65533447265625 72.98332977294921875 71.2368621826171875 69.41466522216796875 67.51175689697265625 65.518890380859375 63.42096710205078125 61.19573211669921875 58.811855316162109375 56.231647491455078125 53.411762237548828125 50.306468963623046875 46.871387481689453125 43.07300567626953125 38.906970977783203125 34.411869049072265625 29.673959732055664062 24.82334136962890625 20.018505096435546875 15.441430091857910156 11.239610671997070312 7.4862575531005859375 4.0776453018188476562 0.56614392995834350586 -1e100 -1e100 -1e100 -1e100 -1e100 -1e100 -1e100 -1e100 -1e100 -1e100 -1e100 -1e100 -1e100 -1e100 -1e100 -1e100 -1e100 -1e100 -1e100 -1e100 -1e100 -1e100 -1e100 -1e100 -1e100 -1e100 -1e100 -1e100 -1e100 -1e100 -1e100 -1e100 -1e100 -1e100 -1e100 -1e100 -1e100 -1e100 -1e100 -1e100 -1e100 -1e100 -1e100 -1e100 -1e100 -1e100 -1e100 -1e100 -1e100 -1e100 -1e100 -1e100 -1e100 -1e100 -1e100 -1e100 -1e100 -1e100 -1e100 -1e100 -1e100 -1e100 -1e100 -1e100 -1e100 -1e100 -1e100 -1e100 -1e100 -1e100 -1e100 -1e100 -1e100 -1e100 -1e100 -1e100 -1e100 -1e100 -1e100 -1e100 -1e100
 -1e100 -1e100 -1e100 -1e100 -1e100 -1e100 -1e100 -1e100 -1e100 -1e100 -1e100 -1e100 -1e100 -1e100 -1e100 -1e100 -1e100 -1e100 -1e100 -1e100 -1e100 -1e100 -1e100 -1e100 -1e100 -1e100 -1e100 -1e100 -1e100 -1e100 -1e100 -1e100 -1e100 -1e100 -1e100 -1e100 -1e100 -1e100 79.06552886962890625 79.78856658935546875 80.4752960205078125 81.116241455078125 81.7015380859375 82.22121429443359375 82.6653289794921875 83.024261474609375 83.28887176513671875 83.45079803466796875 83.502685546875 83.438385009765625 83.25318145751953125 82.94393157958984375 82.50921630859375 81.9494476318359375 81.266937255859375 80.4658355712890625 79.55190277099609375 78.53227996826171875 77.41497802734375 76.20847320556640625 74.92093658447265625 73.55959320068359375 72.13016510009765625 70.63640594482421875 69.0797576904296875 67.45859527587890625 65.76773834228515625 63.99774169921875 62.13285064697265625 60.149425506591796875 58.013454437255859375 55.683361053466796875 53.10898590087890625 50.234233856201171875 46.999118804931640625 43.352092742919921875 39.271404266357421875 34.780376434326171875 29.953258514404296875 24.91591644287109375 19.835111618041992188 14.929156303405761719 10.408692359924316406 6.4332842826843261719 2.8131766319274902344      0 -1e100 -1e100 -1e100 -1e100 -1e100 -1e100 -1e100 -1e100 -1e100 -1e100 -1e100 -1e100 -1e100 -1e100 -1e100 -1e100 -1e100 -1e100 -1e100 -1e100 -1e100 -1e100 -1e100 -1e100 -1e100 -1e100 -1e100 -1e100 -1e100 -1e100 -1e100 -1e100 -1e100 -1e100 -1e100 -1e100 -1e100 -1e100 -1e100 -1e100 -1e100 -1e100 -1e100 -1e100 -1e100 -1e100 -1e100 -1e100 -1e100 -1e100 -1e100 -1e100 -1e100 -1e100 -1e100 -1e100 -1e100 -1e100 -1e100 -1e100 -1e100 -1e100 -1e100 -1e100 -1e100 -1e100 -1e100 -1e100 -1e100 -1e100 -1e100 -1e100 -1e100 -1e100 -1e100 -1e100 -1e100 -1e100 -1e100 -1e100 -1e100
 -1e100 -1e100 -1e100 -1e100 -1e100 -1e100 -1e100 -1e100 -1e100 -1e100 -1e100 -1e100 -1e100 -1e100 -1e100 -1e100 -1e100 -1e100 -1e100 -1e100 -1e100 -1e100 -1e100 -1e100 -1e100 -1e100 -1e100 -1e100 -1e100 -1e100 -1e100 -1e100 -1e100 -1e100 -1e100 -1e100 -1e100 -1e100 75.63498687744140625 76.32529449462890625 76.98192596435546875 77.59569549560546875 78.15706634521484375 78.656494140625 79.08451080322265625 79.43206024169921875 79.6906280517578125 79.8525238037109375 79.91110992431640625 79.86095428466796875 79.69806671142578125 79.42000579833984375 79.0260162353515625 78.51715087890625 77.896270751953125 77.16805267333984375 76.338653564453125 75.41548919677734375 74.4067230224609375 73.32076263427734375 72.16558074951171875 70.94802093505859375 69.67342376708984375 68.34522247314453125 66.964752197265625 65.53047943115234375 64.03787994384765625 62.478260040283203125 60.836887359619140625 59.090648651123046875 57.20557403564453125 55.139064788818359375 52.837192535400390625 50.235004425048828125 47.257007598876953125 43.832668304443359375 39.920215606689453125 35.519786834716796875 30.6832733154296875 25.513307571411132812 20.16817474365234375 14.885935783386230469 9.9217319488525390625 5.4194965362548828125 1.0801780223846435547      0 -1e100 -1e100 -1e100 -1e100 -1e100 -1e100 -1e100 -1e100 -1e100 -1e100 -1e100 -1e100 -1e100 -1e100 -1e100 -1e100 -1e100 -1e100 -1e100 -1e100 -1e100 -1e100 -1e100 -1e100 -1e100 -1e100 -1e100 -1e100 -1e100 -1e100 -1e100 -1e100 -1e100 -1e100 -1e100 -1e100 -1e100 -1e100 -1e100 -1e100 -1e100 -1e100 -1e100 -1e100 -1e100 -1e100 -1e100 -1e100 -1e100 -1e100 -1e100 -1e100 -1e100 -1e100 -1e100 -1e100 -1e100 -1e100 -1e100 -1e100 -1e100 -1e100 -1e100 -1e100 -1e100 -1e100 -1e100 -1e100 -1e100 -1e100 -1e100 -1e100 -1e100 -1e100 -1e100 -1e100 -1e100 -1e100 -1e100 -1e100 -1e100
 -1e100 -1e100 -1e100 -1e100 -1e100 -1e100 -1e100 -1e100 -1e100 -1e100 -1e100 -1e100 -1e100 -1e100 -1e100 -1e100 -1e100 -1e100 -1e100 -1e100 -1e100 -1e100 -1e100 -1e100 -1e100 -1e100 -1e100 -1e100 -1e100 -1e100 -1e100 -1e100 -1e100 -1e100 -1e100 -1e100 -1e100 71.6274566650390625 72.3103179931640625 72.9706573486328125 73.599853515625 74.1889495849609375 74.728759765625 75.210113525390625 75.6240081787109375 75.9619140625 76.21588897705078125 76.3788909912109375 76.4449310302734375 76.40923309326171875 76.2684478759765625 76.0207672119140625 75.666015625 75.20577239990234375 74.6433563232421875 73.9838409423828125 73.23365020751953125 72.4003448486328125 71.4920501708984375 70.51697540283203125 69.48271942138671875 68.39569854736328125 67.2608795166015625 66.081512451171875 64.85903167724609375 63.592548370361328125 62.278957366943359375 60.91168975830078125 59.478912353515625 57.9608306884765625 56.327335357666015625 54.5397186279296875 52.54480743408203125 50.2725830078125 47.63465118408203125 44.5438232421875 40.9373016357421875 36.7875823974609375 32.1140289306640625 26.981258392333984375 21.525096893310546875 15.963437080383300781 10.460518836975097656 4.9246430397033691406      0      0 -1e100 -1e100 -1e100 -1e100 -1e100 -1e100 -1e100 -1e100 -1e100 -1e100 -1e100 -1e100 -1e100 -1e100 -1e100 -1e100 -1e100 -1e100 -1e100 -1e100 -1e100 -1e100 -1e100 -1e100 -1e100 -1e100 -1e100 -1e100 -1e100 -1e100 -1e100 -1e100 -1e100 -1e100 -1e100 -1e100 -1e100 -1e100 -1e100 -1e100 -1e100 -1e100 -1e100 -1e100 -1e100 -1e100 -1e100 -1e100 -1e100 -1e100 -1e100 -1e100 -1e100 -1e100 -1e100 -1e100 -1e100 -1e100 -1e100 -1e100 -1e100 -1e100 -1e100 -1e100 -1e100 -1e100 -1e100 -1e100 -1e100 -1e100 -1e100 -1e100 -1e100 -1e100 -1e100 -1e100 -1e100 -1e100 -1e100 -1e100 -1e100
 -1e100 -1e100 -1e100 -1e100 -1e100 -1e100 -1e100 -1e100 -1e100 -1e100 -1e100 -1e100 -1e100 -1e100 -1e100 -1e100 -1e100 -1e100 -1e100 -1e100 -1e100 -1e100 -1e100 -1e100 -1e100 -1e100 -1e100 -1e100 -1e100 -1e100 -1e100 -1e100 -1e100 -1e100 -1e100 -1e100 -1e100 68.441986083984375 69.0953216552734375 69.72835540771484375 70.3326416015625 70.89943695068359375 71.41985321044921875 71.8850860595703125 72.28656005859375 72.61621856689453125 72.86669158935546875 73.03148651123046875 73.1052093505859375 73.08367156982421875 72.9640960693359375 72.74518585205078125 72.42725372314453125 72.0122833251953125 71.50395965576171875 70.9075775146484375 70.22968292236328125 69.47777557373046875 68.659759521484375 67.783477783203125 66.8559722900390625 65.88312530517578125 64.86951446533203125 63.818218231201171875 62.73095703125 61.60784912109375 60.448040008544921875 59.248382568359375 58.002254486083984375 56.696537017822265625 55.3104705810546875 53.815814971923828125 52.16709136962890625 50.295322418212890625 48.10533905029296875 45.4987640380859375 42.3960113525390625 38.74408721923828125 34.528621673583984375 29.7754669189453125 24.587770462036132812 19.114332199096679688 13.391530036926269531 7.2734227180480957031 0.75466501712799072266      0      0 -1e100 -1e100 -1e100 -1e100 -1e100 -1e100 -1e100 -1e100 -1e100 -1e100 -1e100 -1e100 -1e100 -1e100 -1e100 -1e100 -1e100 -1e100 -1e100 -1e100 -1e100 -1e100 -1e100 -1e100 -1e100 -1e100 -1e100 -1e100 -1e100 -1e100 -1e100 -1e100 -1e100 -1e100 -1e100 -1e100 -1e100 -1e100 -1e100 -1e100 -1e100 -1e100 -1e100 -1e100 -1e100 -1e100 -1e100 -1e100 -1e100 -1e100 -1e100 -1e100 -1e100 -1e100 -1e100 -1e100 -1e100 -1e100 -1e100 -1e100 -1e100 -1e100 -1e100 -1e100 -1e100 -1e100 -1e100 -1e100 -1e100 -1e100 -1e100 -1e100 -1e100 -1e100 -1e100 -1e100 -1e100 -1e100 -1e100 -1e100
 -1e100 -1e100 -1e100 -1e100 -1e100 -1e100 -1e100 -1e100 -1e100 -1e100 -1e100 -1e100 -1e100 -1e100 -1e100 -1e100 -1e100 -1e100 -1e100 -1e100 -1e100 -1e100 -1e100 -1e100 -1e100 -1e100 -1e100 -1e100 -1e100 -1e100 -1e100 -1e100 -1e100 -1e100 -1e100 -1e100 -1e100 65.36690521240234375 65.9934234619140625 66.6017303466796875 67.18350982666015625 67.73023223876953125 68.23325347900390625 68.6840972900390625 69.0746002197265625 69.3971405029296875 69.64483642578125 69.81170654296875 69.89288330078125 69.884674072265625 69.7847747802734375 69.59230804443359375 69.30794525146484375 68.9339752197265625 68.4742584228515625 67.93418121337890625 67.32018280029296875 66.63951873779296875 65.8996734619140625 65.10787200927734375 64.27044677734375 63.392604827880859375 62.4783935546875 61.530666351318359375 60.55146026611328125 59.542118072509765625 58.50466156005859375 57.440700531005859375 56.3511505126953125 55.23374176025390625 54.083984375 52.89279937744140625 51.630756378173828125 50.238140106201171875 48.620574951171875 46.67794036865234375 44.324146270751953125 41.491977691650390625 38.145603179931640625 34.27419281005859375 29.911176681518554688 25.031309127807617188 19.42787933349609375 12.84906005859375 5.1972808837890625      0      0 -1e100 -1e100 -1e100 -1e100 -1e100 -1e100 -1e100 -1e100 -1e100 -1e100 -1e100 -1e100 -1e100 -1e100 -1e100 -1e100 -1e100 -1e100 -1e100 -1e100 -1e100 -1e100 -1e100 -1e100 -1e100 -1e100 -1e100 -1e100 -1e100 -1e100 -1e100 -1e100 -1e100 -1e100 -1e100 -1e100 -1e100 -1e100 -1e100 -1e100 -1e100 -1e100 -1e100 -1e100 -1e100 -1e100 -1e100 -1e100 -1e100 -1e100 -1e100 -1e100 -1e100 -1e100 -1e100 -1e100 -1e100 -1e100 -1e100 -1e100 -1e100 -1e100 -1e100 -1e100 -1e100 -1e100 -1e100 -1e100 -1e100 -1e100 -1e100 -1e100 -1e100 -1e100 -1e100 -1e100 -1e100 -1e100 -1e100 -1e100
 -1e100 -1e100 -1e100 -1e100 -1e100 -1e100 -1e100 -1e100 -1e100 -1e100 -1e100 -1e100 -1e100 -1e100 -1e100 -1e100 -1e100 -1e100 -1e100 -1e100 -1e100 -1e100 -1e100 -1e100 -1e100 -1e100 -1e100 -1e100 -1e100 -1e100 -1e100 -1e100 -1e100 -1e100 -1e100 -1e100 61.7945709228515625 62.405406951904296875 63.007762908935546875 63.593845367431640625 64.1554412841796875 64.684173583984375 65.17163848876953125 65.6096649169921875 65.9904327392578125 66.30672454833984375 66.5520782470703125 66.72098541259765625 66.808990478515625 66.81282806396484375 66.73055267333984375 66.5615997314453125 66.30687713623046875 65.96881103515625 65.55130767822265625 65.059600830078125 64.4998626708984375 63.878879547119140625 63.20346832275390625 62.48003387451171875 61.7140045166015625 60.90972900390625 60.07054901123046875 59.1989288330078125 58.29701995849609375 57.367412567138671875 56.415454864501953125 55.448333740234375 54.4766693115234375 53.513759613037109375 52.579986572265625 51.69370269775390625 50.85079193115234375 50.00875091552734375 49.08182525634765625 47.97917938232421875 46.625171661376953125 44.960308074951171875 42.9491424560546875 40.551898956298828125 37.6802825927734375 33.970386505126953125 28.786314010620117188 21.497919082641601562 12.019106864929199219 1.5830484628677368164      0 -1e100 -1e100 -1e100 -1e100 -1e100 -1e100 -1e100 -1e100 -1e100 -1e100 -1e100 -1e100 -1e100 -1e100 -1e100 -1e100 -1e100 -1e100 -1e100 -1e100 -1e100 -1e100 -1e100 -1e100 -1e100 -1e100 -1e100 -1e100 -1e100 -1e100 -1e100 -1e100 -1e100 -1e100 -1e100 -1e100 -1e100 -1e100 -1e100 -1e100 -1e100 -1e100 -1e100 -1e100 -1e100 -1e100 -1e100 -1e100 -1e100 -1e100 -1e100 -1e100 -1e100 -1e100 -1e100 -1e100 -1e100 -1e100 -1e100 -1e100 -1e100 -1e100 -1e100 -1e100 -1e100 -1e100 -1e100 -1e100 -1e100 -1e100 -1e100 -1e100 -1e100 -1e100 -1e100 -1e100 -1e100 -1e100 -1e100 -1e100
 -1e100 -1e100 -1e100 -1e100 -1e100 -1e100 -1e100 -1e100 -1e100 -1e100 -1e100 -1e100 -1e100 -1e100 -1e100 -1e100 -1e100 -1e100 -1e100 -1e100 -1e100 -1e100 -1e100 -1e100 -1e100 -1e100 -1e100 -1e100 -1e100 -1e100 -1e100 -1e100 -1e100 -1e100 -1e100 -1e100 58.972972869873046875 59.560489654541015625 60.1412811279296875 60.7075653076171875 61.251194000244140625 61.7639312744140625 62.23757171630859375 62.664196014404296875 63.036296844482421875 63.347011566162109375 63.590259552001953125 63.760883331298828125 63.854801177978515625 63.869045257568359375 63.801937103271484375 63.65309906005859375 63.423534393310546875 63.115657806396484375 62.73320770263671875 62.281116485595703125 61.765033721923828125 61.19107818603515625 60.565185546875 59.892734527587890625 59.178058624267578125 58.424480438232421875 57.634418487548828125 56.809661865234375 55.952098846435546875 55.065399169921875 54.1578826904296875 53.242458343505859375 52.341167449951171875 51.487918853759765625 50.7343902587890625 50.1345062255859375 49.7182464599609375 49.46668243408203125 49.30541229248046875 49.16335296630859375 48.996826171875 48.783885955810546875 48.524799346923828125 48.1647796630859375 47.428295135498046875 45.471385955810546875 40.9521942138671875 32.572132110595703125 20.41223907470703125 6.72254180908203125      0 -1e100 -1e100 -1e100 -1e100 -1e100 -1e100 -1e100 -1e100 -1e100 -1e100 -1e100 -1e100 -1e100 -1e100 -1e100 -1e100 -1e100 -1e100 -1e100 -1e100 -1e100 -1e100 -1e100 -1e100 -1e100 -1e100 -1e100 -1e100 -1e100 -1e100 -1e100 -1e100 -1e100 -1e100 -1e100 -1e100 -1e100 -1e100 -1e100 -1e100 -1e100 -1e100 -1e100 -1e100 -1e100 -1e100 -1e100 -1e100 -1e100 -1e100 -1e100 -1e100 -1e100 -1e100 -1e100 -1e100 -1e100 -1e100 -1e100 -1e100 -1e100 -1e100 -1e100 -1e100 -1e100 -1e100 -1e100 -1e100 -1e100 -1e100 -1e100 -1e100 -1e100 -1e100 -1e100 -1e100 -1e100 -1e100 -1e100 -1e100
 -1e100 -1e100 -1e100 -1e100 -1e100 -1e100 -1e100 -1e100 -1e100 -1e100 -1e100 -1e100 -1e100 -1e100 -1e100 -1e100 -1e100 -1e100 -1e100 -1e100 -1e100 -1e100 -1e100 -1e100 -1e100 -1e100 -1e100 -1e100 -1e100 -1e100 -1e100 -1e100 -1e100 -1e100 -1e100 55.70337677001953125 56.2680206298828125 56.83492279052734375 57.396701812744140625 57.94556427001953125 58.473388671875 58.97203826904296875 59.433483123779296875 59.85001373291015625 60.21440887451171875 60.52008819580078125 60.761295318603515625 60.93315887451171875 61.031856536865234375 61.05464935302734375 60.999988555908203125 60.867549896240234375 60.658298492431640625 60.374454498291015625 60.01941680908203125 59.597591400146484375 59.11395263671875 58.5737152099609375 57.9817657470703125 57.34229278564453125 56.658397674560546875 55.932239532470703125 55.16507720947265625 54.357669830322265625 53.511180877685546875 52.62966156005859375 51.723316192626953125 50.809787750244140625 49.92348480224609375 49.1203460693359375 48.487735748291015625 48.1202545166015625 48.09131622314453125 48.41109466552734375 49.01007843017578125 49.843048095703125 50.91460418701171875 52.269153594970703125 53.981357574462890625 56.0064849853515625 57.916622161865234375 58.302989959716796875 54.85506439208984375 45.084270477294921875 29.336133956909179688 11.471286773681640625      0 -1e100 -1e100 -1e100 -1e100 -1e100 -1e100 -1e100 -1e100 -1e100 -1e100 -1e100 -1e100 -1e100 -1e100 -1e100 -1e100 -1e100 -1e100 -1e100 -1e100 -1e100 -1e100 -1e100 -1e100 -1e100 -1e100 -1e100 -1e100 -1e100 -1e100 -1e100 -1e100 -1e100 -1e100 -1e100 -1e100 -1e100 -1e100 -1e100 -1e100 -1e100 -1e100 -1e100 -1e100 -1e100 -1e100 -1e100 -1e100 -1e100 -1e100 -1e100 -1e100 -1e100 -1e100 -1e100 -1e100 -1e100 -1e100 -1e100 -1e100 -1e100 -1e100 -1e100 -1e100 -1e100 -1e100 -1e100 -1e100 -1e100 -1e100 -1e100 -1e100 -1e100 -1e100 -1e100 -1e100 -1e100 -1e100 -1e100 -1e100
 -1e100 -1e100 -1e100 -1e100 -1e100 -1e100 -1e100 -1e100 -1e100 -1e100 -1e100 -1e100 -1e100 -1e100 -1e100 -1e100 -1e100 -1e100 -1e100 -1e100 -1e100 -1e100 -1e100 -1e100 -1e100 -1e100 -1e100 -1e100 -1e100 -1e100 -1e100 -1e100 -1e100 -1e100 -1e100 53.13715362548828125 53.682292938232421875 54.231250762939453125 54.776538848876953125 55.310302734375 55.824428558349609375 56.31085205078125 56.76166534423828125 57.1693572998046875 57.526927947998046875 57.8280487060546875 58.06719970703125 58.2397308349609375 58.341999053955078125 58.37136077880859375 58.326297760009765625 58.206401824951171875 58.012420654296875 57.746227264404296875 57.4106903076171875 57.009525299072265625 56.546825408935546875 56.026775360107421875 55.453067779541015625 54.82859039306640625 54.1551666259765625 53.4337005615234375 52.664127349853515625 51.8458709716796875 50.9787750244140625 50.06623077392578125 49.118198394775390625 48.15523529052734375 47.220920562744140625 46.39098358154296875 45.785190582275390625 45.542469024658203125 45.794765472412109375 46.59262847900390625 47.849483489990234375 49.5374603271484375 51.70462799072265625 54.46941375732421875 57.998104095458984375 62.34761810302734375 67.1020965576171875 70.60178375244140625 69.4154052734375 58.399066925048828125 38.144184112548828125 15.047483444213867188      0 -1e100 -1e100 -1e100 -1e100 -1e100 -1e100 -1e100 -1e100 -1e100 -1e100 -1e100 -1e100 -1e100 -1e100 -1e100 -1e100 -1e100 -1e100 -1e100 -1e100 -1e100 -1e100 -1e100 -1e100 -1e100 -1e100 -1e100 -1e100 -1e100 -1e100 -1e100 -1e100 -1e100 -1e100 -1e100 -1e100 -1e100 -1e100 -1e100 -1e100 -1e100 -1e100 -1e100 -1e100 -1e100 -1e100 -1e100 -1e100 -1e100 -1e100 -1e100 -1e100 -1e100 -1e100 -1e100 -1e100 -1e100 -1e100 -1e100 -1e100 -1e100 -1e100 -1e100 -1e100 -1e100 -1e100 -1e100 -1e100 -1e100 -1e100 -1e100 -1e100 -1e100 -1e100 -1e100 -1e100 -1e100 -1e100 -1e100 -1e100
 -1e100 -1e100 -1e100 -1e100 -1e100 -1e100 -1e100 -1e100 -1e100 -1e100 -1e100 -1e100 -1e100 -1e100 -1e100 -1e100 -1e100 -1e100 -1e100 -1e100 -1e100 -1e100 -1e100 -1e100 -1e100 -1e100 -1e100 -1e100 -1e100 -1e100 -1e100 -1e100 -1e100 -1e100 50.173511505126953125 50.689662933349609375 51.21807098388671875 51.751728057861328125 52.283000946044921875 52.803951263427734375 53.3064422607421875 53.78244781494140625 54.224170684814453125 54.624248504638671875 54.975860595703125 55.272884368896484375 55.509967803955078125 55.682613372802734375 55.787242889404296875 55.82122039794921875 55.782917022705078125 55.671695709228515625 55.487941741943359375 55.232990264892578125 54.909038543701171875 54.51892852783203125 54.06575775146484375 53.5525360107421875 52.981689453125 52.35480499267578125 51.6724395751953125 50.934291839599609375 50.13889312744140625 49.284206390380859375 48.3682708740234375 47.392635345458984375 46.36440277099609375 45.30358123779296875 44.25705718994140625 43.31081390380859375 42.60739898681640625 42.32247161865234375 42.668361663818359375 43.794284820556640625 45.535839080810546875 47.83812713623046875 50.755889892578125 54.4682464599609375 59.205944061279296875 65.2134552001953125 72.42266082763671875 79.789306640625 83.0606536865234375 71.45047760009765625 45.602619171142578125 16.448123931884765625      0 -1e100 -1e100 -1e100 -1e100 -1e100 -1e100 -1e100 -1e100 -1e100 -1e100 -1e100 -1e100 -1e100 -1e100 -1e100 -1e100 -1e100 -1e100 -1e100 -1e100 -1e100 -1e100 -1e100 -1e100 -1e100 -1e100 -1e100 -1e100 -1e100 -1e100 -1e100 -1e100 -1e100 -1e100 -1e100 -1e100 -1e100 -1e100 -1e100 -1e100 -1e100 -1e100 -1e100 -1e100 -1e100 -1e100 -1e100 -1e100 -1e100 -1e100 -1e100 -1e100 -1e100 -1e100 -1e100 -1e100 -1e100 -1e100 -1e100 -1e100 -1e100 -1e100 -1e100 -1e100 -1e100 -1e100 -1e100 -1e100 -1e100 -1e100 -1e100 -1e100 -1e100 -1e100 -1e100 -1e100 -1e100 -1e100 -1e100 -1e100
 -1e100 -1e100 -1e100 -1e100 -1e100 -1e100 -1e100 -1e100 -1e100 -1e100 -1e100 -1e100 -1e100 -1e100 -1e100 -1e100 -1e100 -1e100 -1e100 -1e100 -1e100 -1e100 -1e100 -1e100 -1e100 -1e100 -1e100 -1e100 -1e100 -1e100 -1e100 -1e100 -1e100 -1e100 47.86225128173828125 48.36287689208984375 48.87728118896484375 49.398227691650390625 49.91791534423828125 50.428295135498046875 50.92118072509765625 51.388568878173828125 51.82273101806640625 52.216426849365234375 52.56298828125 52.8564300537109375 53.091522216796875 53.263820648193359375 53.36974334716796875 53.406520843505859375 53.37229156494140625 53.266040802001953125 53.087627410888671875 52.83771514892578125 52.51764678955078125 52.12928009033203125 51.674587249755859375 51.15535736083984375 50.572719573974609375 49.927021026611328125 49.21771240234375 48.443393707275390625 47.601482391357421875 46.68866729736328125 45.701267242431640625 44.638103485107421875 43.5018310546875 42.308605194091796875 41.10041046142578125 39.960601806640625 39.0253448486328125 38.48616790771484375 38.67742919921875 39.965000152587890625 41.983165740966796875 44.611347198486328125 47.8025970458984375 51.74991607666015625 56.638362884521484375 62.75090789794921875 70.5179290771484375 80.36479949951171875 90.55699920654296875 77.58789825439453125 46.210269927978515625 13.639306068420410156      0 -1e100 -1e100 -1e100 -1e100 -1e100 -1e100 -1e100 -1e100 -1e100 -1e100 -1e100 -1e100 -1e100 -1e100 -1e100 -1e100 -1e100 -1e100 -1e100 -1e100 -1e100 -1e100 -1e100 -1e100 -1e100 -1e100 -1e100 -1e100 -1e100 -1e100 -1e100 -1e100 -1e100 -1e100 -1e100 -1e100 -1e100 -1e100 -1e100 -1e100 -1e100 -1e100 -1e100 -1e100 -1e100 -1e100 -1e100 -1e100 -1e100 -1e100 -1e100 -1e100 -1e100 -1e100 -1e100 -1e100 -1e100 -1e100 -1e100 -1e100 -1e100 -1e100 -1e100 -1e100 -1e100 -1e100 -1e100 -1e100 -1e100 -1e100 -1e100 -1e100 -1e100 -1e100 -1e100 -1e100 -1e100 -1e100 -1e100 -1e100
 -1e100 -1e100 -1e100 -1e100 -1e100 -1e100 -1e100 -1e100 -1e100 -1e100 -1e100 -1e100 -1e100 -1e100 -1e100 -1e100 -1e100 -1e100 -1e100 -1e100 -1e100 -1e100 -1e100 -1e100 -1e100 -1e100 -1e100 -1e100 -1e100 -1e100 -1e100 -1e100 -1e100 45.20461273193359375 45.670413970947265625 46.158283233642578125 46.661357879638671875 47.172130584716796875 47.6826019287109375 48.184597015380859375 48.669872283935546875 49.130420684814453125 49.558567047119140625 49.947174072265625 50.289669036865234375 50.580173492431640625 50.813503265380859375 50.985202789306640625 51.0915679931640625 51.129589080810546875 51.0970306396484375 50.99236297607421875 50.814769744873046875 50.564075469970703125 50.24066162109375 49.845279693603515625 49.378704071044921875 48.841461181640625 48.233448028564453125 47.553882598876953125 46.80133819580078125 45.97367095947265625 45.06772613525390625 44.079681396484375 43.004730224609375 41.83965301513671875 40.582263946533203125 39.24399566650390625 37.85565948486328125 36.48685455322265625 35.240753173828125 34.315799713134765625 34.0674591064453125 35.440113067626953125 37.55755615234375 40.092189788818359375 43.025562286376953125 46.433605194091796875 50.2685546875 54.434490203857421875 59.01598358154296875 64.646270751953125 67.38643646240234375 58.12041473388671875 34.796077728271484375 10.348528861999511719      0 -1e100 -1e100 -1e100 -1e100 -1e100 -1e100 -1e100 -1e100 -1e100 -1e100 -1e100 -1e100 -1e100 -1e100 -1e100 -1e100 -1e100 -1e100 -1e100 -1e100 -1e100 -1e100 -1e100 -1e100 -1e100 -1e100 -1e100 -1e100 -1e100 -1e100 -1e100 -1e100 -1e100 -1e100 -1e100 -1e100 -1e100 -1e100 -1e100 -1e100 -1e100 -1e100 -1e100 -1e100 -1e100 -1e100 -1e100 -1e100 -1e100 -1e100 -1e100 -1e100 -1e100 -1e100 -1e100 -1e100 -1e100 -1e100 -1e100 -1e100 -1e100 -1e100 -1e100 -1e100 -1e100 -1e100 -1e100 -1e100 -1e100 -1e100 -1e100 -1e100 -1e100 -1e100 -1e100 -1e100 -1e100 -1e100 -1e100 -1e100
 -1e100 -1e100 -1e100 -1e100 -1e100 -1e100 -1e100 -1e100 -1e100 -1e100 -1e100 -1e100 -1e100 -1e100 -1e100 -1e100 -1e100 -1e100 -1e100 -1e100 -1e100 -1e100 -1e100 -1e100 -1e100 -1e100 -1e100 -1e100 -1e100 -1e100 -1e100 -1e100 -1e100 43.14496612548828125 43.59900665283203125 44.076816558837890625 44.571147918701171875 45.07418060302734375 45.577716827392578125 46.073451995849609375 46.553073883056640625 47.008563995361328125 47.4322967529296875 47.8171844482421875 48.15674591064453125 48.445140838623046875 48.67718505859375 48.84832000732421875 48.954616546630859375 48.992710113525390625 48.959865570068359375 48.853878021240234375 48.673130035400390625 48.416477203369140625 48.083209991455078125 47.67288970947265625 47.185054779052734375 46.61895751953125 45.97332000732421875 45.246410369873046875 44.436199188232421875 43.540283203125 42.55580902099609375 41.4794158935546875 40.30706024169921875 39.03482818603515625 37.659210205078125 36.18798828125 34.64550018310546875 33.08880615234375 31.63016510009765625 30.488803863525390625 30.032657623291015625 31.077451705932617188 32.80368804931640625 34.821319580078125 37.07916259765625 39.4784393310546875 41.694820404052734375 43.193744659423828125 43.5083770751953125 42.74190521240234375 37.54016876220703125 28.585308074951171875 15.9062042236328125 1.9875638484954833984 -1e100 -1e100 -1e100 -1e100 -1e100 -1e100 -1e100 -1e100 -1e100 -1e100 -1e100 -1e100 -1e100 -1e100 -1e100 -1e100 -1e100 -1e100 -1e100 -1e100 -1e100 -1e100 -1e100 -1e100 -1e100 -1e100 -1e100 -1e100 -1e100 -1e100 -1e100 -1e100 -1e100 -1e100 -1e100 -1e100 -1e100 -1e100 -1e100 -1e100 -1e100 -1e100 -1e100 -1e100 -1e100 -1e100 -1e100 -1e100 -1e100 -1e100 -1e100 -1e100 -1e100 -1e100 -1e100 -1e100 -1e100 -1e100 -1e100 -1e100 -1e100 -1e100 -1e100 -1e100 -1e100 -1e100 -1e100 -1e100 -1e100 -1e100 -1e100 -1e100 -1e100 -1e100 -1e100 -1e100 -1e100 -1e100 -1e100 -1e100 -1e100
 -1e100 -1e100 -1e100 -1e100 -1e100 -1e100 -1e100 -1e100 -1e100 -1e100 -1e100 -1e100 -1e100 -1e100 -1e100 -1e100 -1e100 -1e100 -1e100 -1e100 -1e100 -1e100 -1e100 -1e100 -1e100 -1e100 -1e100 -1e100 -1e100 -1e100 -1e100 -1e100 -1e100 41.2034149169921875 41.648342132568359375 42.11869049072265625 42.606746673583984375 43.1043701171875 43.603145599365234375 44.09466552734375 44.57054901123046875 45.0227813720703125 45.443752288818359375 45.826427459716796875 46.164363861083984375 46.451725006103515625 46.683269500732421875 46.85424041748046875 46.960399627685546875 46.99790191650390625 46.96337890625 46.8538360595703125 46.666713714599609375 46.3997802734375 46.0511322021484375 45.61907958984375 45.10186767578125 44.497493743896484375 43.80356597900390625 43.017566680908203125 42.137176513671875 41.16028594970703125 40.085269927978515625 38.910614013671875 37.63507843017578125 36.256855010986328125 34.775081634521484375 33.197826385498046875 31.549219131469726562 29.891750335693359375 28.3682403564453125 27.18460845947265625 26.642808914184570312 27.057813644409179688 28.033647537231445312 29.291578292846679688 30.671937942504882812 31.927259445190429688 32.53038787841796875 31.577898025512695312 28.038331985473632812 20.814435958862304688 9.2200870513916015625 0.97130632400512695312      0 -1e100 -1e100 -1e100 -1e100 -1e100 -1e100 -1e100 -1e100 -1e100 -1e100 -1e100 -1e100 -1e100 -1e100 -1e100 -1e100 -1e100 -1e100 -1e100 -1e100 -1e100 -1e100 -1e100 -1e100 -1e100 -1e100 -1e100 -1e100 -1e100 -1e100 -1e100 -1e100 -1e100 -1e100 -1e100 -1e100 -1e100 -1e100 -1e100 -1e100 -1e100 -1e100 -1e100 -1e100 -1e100 -1e100 -1e100 -1e100 -1e100 -1e100 -1e100 -1e100 -1e100 -1e100 -1e100 -1e100 -1e100 -1e100 -1e100 -1e100 -1e100 -1e100 -1e100 -1e100 -1e100 -1e100 -1e100 -1e100 -1e100 -1e100 -1e100 -1e100 -1e100 -1e100 -1e100 -1e100 -1e100 -1e100 -1e100 -1e100 -1e100 -1e100
 -1e100 -1e100 -1e100 -1e100 -1e100 -1e100 -1e100 -1e100 -1e100 -1e100 -1e100 -1e100 -1e100 -1e100 -1e100 -1e100 -1e100 -1e100 -1e100 -1e100 -1e100 -1e100 -1e100 -1e100 -1e100 -1e100 -1e100 -1e100 -1e100 -1e100 -1e100 -1e100 38.975788116455078125 39.37963104248046875 39.8179779052734375 40.283329010009765625 40.767452239990234375 41.261859893798828125 41.757938385009765625 42.247196197509765625 42.721225738525390625 43.172008514404296875 43.59195709228515625 43.9740753173828125 44.31192779541015625 44.599643707275390625 44.831844329833984375 45.003520965576171875 45.110012054443359375 45.14688873291015625 45.11003875732421875 44.995548248291015625 44.799800872802734375 44.51935577392578125 44.151050567626953125 43.691864013671875 43.138702392578125 42.488285064697265625 41.737163543701171875 40.882171630859375 39.920940399169921875 38.85214996337890625 37.676044464111328125 36.39418792724609375 35.00952911376953125 33.5248870849609375 31.9444427490234375 30.279623031616210938 28.559164047241210938 26.857891082763671875 25.304014205932617188 24.062274932861328125 23.277721405029296875 23.0949249267578125 23.339906692504882812 23.80188751220703125 24.267797470092773438 24.42024993896484375 23.671443939208984375 21.037946701049804688 15.412256240844726562 6.0619854927062988281      0      0 -1e100 -1e100 -1e100 -1e100 -1e100 -1e100 -1e100 -1e100 -1e100 -1e100 -1e100 -1e100 -1e100 -1e100 -1e100 -1e100 -1e100 -1e100 -1e100 -1e100 -1e100 -1e100 -1e100 -1e100 -1e100 -1e100 -1e100 -1e100 -1e100 -1e100 -1e100 -1e100 -1e100 -1e100 -1e100 -1e100 -1e100 -1e100 -1e100 -1e100 -1e100 -1e100 -1e100 -1e100 -1e100 -1e100 -1e100 -1e100 -1e100 -1e100 -1e100 -1e100 -1e100 -1e100 -1e100 -1e100 -1e100 -1e100 -1e100 -1e100 -1e100 -1e100 -1e100 -1e100 -1e100 -1e100 -1e100 -1e100 -1e100 -1e100 -1e100 -1e100 -1e100 -1e100 -1e100 -1e100 -1e100 -1e100 -1e100 -1e100 -1e100 -1e100 -1e100
 -1e100 -1e100 -1e100 -1e100 -1e100 -1e100 -1e100 -1e100 -1e100 -1e100 -1e100 -1e100 -1e100 -1e100 -1e100 -1e100 -1e100 -1e100 -1e100 -1e100 -1e100 -1e100 -1e100 -1e100 -1e100 -1e100 -1e100 -1e100 -1e100 -1e100 -1e100 -1e100 37.275165557861328125 37.672515869140625 38.106678009033203125 38.5693817138671875 39.051807403564453125 39.545074462890625 40.040416717529296875 40.529293060302734375 41.00330352783203125 41.454471588134765625 41.87523651123046875 42.258625030517578125 42.598186492919921875 42.88797760009765625 43.122425079345703125 43.296192169189453125 43.40411376953125 43.44107818603515625 43.402118682861328125 43.28229522705078125 43.076812744140625 42.78095245361328125 42.390178680419921875 41.9000701904296875 41.30612945556640625 40.603771209716796875 39.78852081298828125 38.856670379638671875 37.80597686767578125 36.63622283935546875 35.350002288818359375 33.952648162841796875 32.452289581298828125 30.857692718505859375 29.179590225219726562 27.435037612915039062 25.65839385986328125 23.9186553955078125 22.30413818359375 20.928218841552734375 19.886735916137695312 19.228052139282226562 18.857021331787109375 18.60347747802734375 18.23473358154296875 17.416473388671875 15.607801437377929688 11.951266288757324219 5.6210460662841796875      0      0 -1e100 -1e100 -1e100 -1e100 -1e100 -1e100 -1e100 -1e100 -1e100 -1e100 -1e100 -1e100 -1e100 -1e100 -1e100 -1e100 -1e100 -1e100 -1e100 -1e100 -1e100 -1e100 -1e100 -1e100 -1e100 -1e100 -1e100 -1e100 -1e100 -1e100 -1e100 -1e100 -1e100 -1e100 -1e100 -1e100 -1e100 -1e100 -1e100 -1e100 -1e100 -1e100 -1e100 -1e100 -1e100 -1e100 -1e100 -1e100 -1e100 -1e100 -1e100 -1e100 -1e100 -1e100 -1e100 -1e100 -1e100 -1e100 -1e100 -1e100 -1e100 -1e100 -1e100 -1e100 -1e100 -1e100 -1e100 -1e100 -1e100 -1e100 -1e100 -1e100 -1e100 -1e100 -1e100 -1e100 -1e100 -1e100 -1e100 -1e100 -1e100 -1e100 -1e100 -1e100
 -1e100 -1e100 -1e100 -1e100 -1e100 -1e100 -1e100 -1e100 -1e100 -1e100 -1e100 -1e100 -1e100 -1e100 -1e100 -1e100 -1e100 -1e100 -1e100 -1e100 -1e100 -1e100 -1e100 -1e100 -1e100 -1e100 -1e100 -1e100 -1e100 -1e100 -1e100 35.341144561767578125 35.687175750732421875 36.08017730712890625 36.5124359130859375 36.97476959228515625 37.45763397216796875 37.951751708984375 38.44821929931640625 38.938518524169921875 39.4143218994140625 39.867725372314453125 40.291229248046875 40.677883148193359375 41.021213531494140625 41.315158843994140625 41.55391693115234375 41.731746673583984375 41.842906951904296875 41.881511688232421875 41.841655731201171875 41.717266082763671875 41.502285003662109375 41.19060516357421875 40.776241302490234375 40.253276824951171875 39.615734100341796875 38.85770416259765625 37.973720550537109375 36.959659576416015625 35.8135528564453125 34.5365142822265625 33.133869171142578125 31.615291595458984375 29.99477386474609375 28.288103103637695312 26.512895584106445312 24.692646026611328125 22.861736297607421875 21.072145462036132812 19.387592315673828125 17.884691238403320312 16.619268417358398438 15.597608566284179688 14.744009017944335938 13.9020843505859375 12.83260345458984375 11.212619781494140625 8.5891332626342773438 4.3810362815856933594      0      0 -1e100 -1e100 -1e100 -1e100 -1e100 -1e100 -1e100 -1e100 -1e100 -1e100 -1e100 -1e100 -1e100 -1e100 -1e100 -1e100 -1e100 -1e100 -1e100 -1e100 -1e100 -1e100 -1e100 -1e100 -1e100 -1e100 -1e100 -1e100 -1e100 -1e100 -1e100 -1e100 -1e100 -1e100 -1e100 -1e100 -1e100 -1e100 -1e100 -1e100 -1e100 -1e100 -1e100 -1e100 -1e100 -1e100 -1e100 -1e100 -1e100 -1e100 -1e100 -1e100 -1e100 -1e100 -1e100 -1e100 -1e100 -1e100 -1e100 -1e100 -1e100 -1e100 -1e100 -1e100 -1e100 -1e100 -1e100 -1e100 -1e100 -1e100 -1e100 -1e100 -1e100 -1e100 -1e100 -1e100 -1e100 -1e100 -1e100 -1e100 -1e100 -1e100 -1e100 -1e100 -1e100
 -1e100 -1e100 -1e100 -1e100 -1e100 -1e100 -1e100 -1e100 -1e100 -1e100 -1e100 -1e100 -1e100 -1e100 -1e100 -1e100 -1e100 -1e100 -1e100 -1e100 -1e100 -1e100 -1e100 -1e100 -1e100 -1e100 -1e100 -1e100 -1e100 -1e100 -1e100 33.8695526123046875 34.209461212158203125 34.60007476806640625 35.032611846923828125 35.496761322021484375 35.98215484619140625 36.479045867919921875 36.978443145751953125 37.47191619873046875 37.951282501220703125 38.40879058837890625 38.83702850341796875 39.229099273681640625 39.578502655029296875 39.879039764404296875 40.124637603759765625 40.309108734130859375 40.426059722900390625 40.46877288818359375 40.430309295654296875 40.303394317626953125 40.080615997314453125 39.75438690185546875 39.31717681884765625 38.761470794677734375 38.079753875732421875 37.264766693115234375 36.310123443603515625 35.211353302001953125 33.96689605712890625 32.579395294189453125 31.057224273681640625 29.41477203369140625 27.67242431640625 25.853528976440429688 23.983425140380859375 22.091030120849609375 20.2088165283203125 18.376947402954101562 16.64122772216796875 15.049831390380859375 13.627717018127441406 12.355362892150878906 11.151169776916503906 9.8602609634399414062 8.2547702789306640625 6.0526986122131347656 2.9208574295043945312      0      0 -1e100 -1e100 -1e100 -1e100 -1e100 -1e100 -1e100 -1e100 -1e100 -1e100 -1e100 -1e100 -1e100 -1e100 -1e100 -1e100 -1e100 -1e100 -1e100 -1e100 -1e100 -1e100 -1e100 -1e100 -1e100 -1e100 -1e100 -1e100 -1e100 -1e100 -1e100 -1e100 -1e100 -1e100 -1e100 -1e100 -1e100 -1e100 -1e100 -1e100 -1e100 -1e100 -1e100 -1e100 -1e100 -1e100 -1e100 -1e100 -1e100 -1e100 -1e100 -1e100 -1e100 -1e100 -1e100 -1e100 -1e100 -1e100 -1e100 -1e100 -1e100 -1e100 -1e100 -1e100 -1e100 -1e100 -1e100 -1e100 -1e100 -1e100 -1e100 -1e100 -1e100 -1e100 -1e100 -1e100 -1e100 -1e100 -1e100 -1e100 -1e100 -1e100 -1e100 -1e100 -1e100 -1e100
 -1e100 -1e100 -1e100 -1e100 -1e100 -1e100 -1e100 -1e100 -1e100 -1e100 -1e100 -1e100 -1e100 -1e100 -1e100 -1e100 -1e100 -1e100 -1e100 -1e100 -1e100 -1e100 -1e100 -1e100 -1e100 -1e100 -1e100 -1e100 -1e100 -1e100 32.230754852294921875 32.50428009033203125 32.83928680419921875 33.229244232177734375 33.664089202880859375 34.132152557373046875 34.62206268310546875 35.123577117919921875 35.6276397705078125 36.125972747802734375 36.610637664794921875 37.074092864990234375 37.509098052978515625 37.908855438232421875 38.266841888427734375 38.576732635498046875 38.832149505615234375 39.02642059326171875 39.152469635009765625 39.20267486572265625 39.1690216064453125 39.042949676513671875 38.815631866455078125 38.4779052734375 38.020603179931640625 37.434513092041015625 36.710521697998046875 35.84002685546875 34.815731048583984375 33.63288116455078125 32.290374755859375 30.792558670043945312 29.150999069213867188 27.384992599487304688 25.521533966064453125 23.59169769287109375 21.629581451416015625 19.669952392578125 17.7465057373046875 15.892908096313476562 14.14035797119140625 12.515046119689941406 11.016499519348144531 9.6020336151123046875 8.1728754043579101562 6.56986236572265625 4.5927653312683105469 2.0247478485107421875      0      0 -1e100 -1e100 -1e100 -1e100 -1e100 -1e100 -1e100 -1e100 -1e100 -1e100 -1e100 -1e100 -1e100 -1e100 -1e100 -1e100 -1e100 -1e100 -1e100 -1e100 -1e100 -1e100 -1e100 -1e100 -1e100 -1e100 -1e100 -1e100 -1e100 -1e100 -1e100 -1e100 -1e100 -1e100 -1e100 -1e100 -1e100 -1e100 -1e100 -1e100 -1e100 -1e100 -1e100 -1e100 -1e100 -1e100 -1e100 -1e100 -1e100 -1e100 -1e100 -1e100 -1e100 -1e100 -1e100 -1e100 -1e100 -1e100 -1e100 -1e100 -1e100 -1e100 -1e100 -1e100 -1e100 -1e100 -1e100 -1e100 -1e100 -1e100 -1e100 -1e100 -1e100 -1e100 -1e100 -1e100 -1e100 -1e100 -1e100 -1e100 -1e100 -1e100 -1e100 -1e100 -1e100 -1e100 -1e100
 -1e100 -1e100 -1e100 -1e100 -1e100 -1e100 -1e100 -1e100 -1e100 -1e100 -1e100 -1e100 -1e100 -1e100 -1e100 -1e100 -1e100 -1e100 -1e100 -1e100 -1e100 -1e100 -1e100 -1e100 -1e100 -1e100 -1e100 -1e100 -1e100 -1e100 30.97943115234375 31.2431640625 31.574045181274414062 31.964717864990234375 32.40360260009765625 32.877429962158203125 33.37366485595703125 33.88150787353515625 34.391864776611328125 34.89666748046875 35.388294219970703125 35.859508514404296875 36.303318023681640625 36.71308135986328125 37.082309722900390625 37.4045562744140625 37.673145294189453125 37.88089752197265625 38.020023345947265625 38.081981658935546875 38.05762481689453125 37.937076568603515625 37.71001434326171875 37.365642547607421875 36.893062591552734375 36.28128814697265625 35.5195465087890625 34.59784698486328125 33.507930755615234375 32.24474334716796875 30.807651519775390625 29.202692031860351562 27.444616317749023438 25.557657241821289062 23.575458526611328125 21.537004470825195312 19.485452651977539062 17.462896347045898438 15.507233619689941406 13.650133132934570312 11.912912368774414062 10.304818153381347656 8.8047275543212890625 7.3472418785095214844 5.8109426498413085938 4.0254764556884765625 1.8158087730407714844      0      0 -1e100 -1e100 -1e100 -1e100 -1e100 -1e100 -1e100 -1e100 -1e100 -1e100 -1e100 -1e100 -1e100 -1e100 -1e100 -1e100 -1e100 -1e100 -1e100 -1e100 -1e100 -1e100 -1e100 -1e100 -1e100 -1e100 -1e100 -1e100 -1e100 -1e100 -1e100 -1e100 -1e100 -1e100 -1e100 -1e100 -1e100 -1e100 -1e100 -1e100 -1e100 -1e100 -1e100 -1e100 -1e100 -1e100 -1e100 -1e100 -1e100 -1e100 -1e100 -1e100 -1e100 -1e100 -1e100 -1e100 -1e100 -1e100 -1e100 -1e100 -1e100 -1e100 -1e100 -1e100 -1e100 -1e100 -1e100 -1e100 -1e100 -1e100 -1e100 -1e100 -1e100 -1e100 -1e100 -1e100 -1e100 -1e100 -1e100 -1e100 -1e100 -1e100 -1e100 -1e100 -1e100 -1e100 -1e100 -1e100
 -1e100 -1e100 -1e100 -1e100 -1e100 -1e100 -1e100 -1e100 -1e100 -1e100 -1e100 -1e100 -1e100 -1e100 -1e100 -1e100 -1e100 -1e100 -1e100 -1e100 -1e100 -1e100 -1e100 -1e100 -1e100 -1e100 -1e100 -1e100 -1e100 29.653461456298828125 29.83160400390625 30.085041046142578125 30.411935806274414062 30.804067611694335938 31.248155593872070312 31.729108810424804688 32.2330780029296875 32.7486572265625 33.2667083740234375 33.779399871826171875 34.279499053955078125 34.760150909423828125 35.214702606201171875 35.636753082275390625 36.019901275634765625 36.357624053955078125 36.642971038818359375 36.868259429931640625 37.0249786376953125 37.1036529541015625 37.094013214111328125 36.984821319580078125 36.764247894287109375 36.41979217529296875 35.93877410888671875 35.30837249755859375 34.516048431396484375 33.550296783447265625 32.40178680419921875 31.064998626708984375 29.539602279663085938 27.83312225341796875 25.963239669799804688 23.958904266357421875 21.860134124755859375 19.713808059692382812 17.572063446044921875 15.485284805297851562 13.498270034790039062 11.644692420959472656 9.941135406494140625 8.3852052688598632812 6.9400410652160644531 5.521968841552734375 3.9871826171875 2.1405327320098876953      0      0 -1e100 -1e100 -1e100 -1e100 -1e100 -1e100 -1e100 -1e100 -1e100 -1e100 -1e100 -1e100 -1e100 -1e100 -1e100 -1e100 -1e100 -1e100 -1e100 -1e100 -1e100 -1e100 -1e100 -1e100 -1e100 -1e100 -1e100 -1e100 -1e100 -1e100 -1e100 -1e100 -1e100 -1e100 -1e100 -1e100 -1e100 -1e100 -1e100 -1e100 -1e100 -1e100 -1e100 -1e100 -1e100 -1e100 -1e100 -1e100 -1e100 -1e100 -1e100 -1e100 -1e100 -1e100 -1e100 -1e100 -1e100 -1e100 -1e100 -1e100 -1e100 -1e100 -1e100 -1e100 -1e100 -1e100 -1e100 -1e100 -1e100 -1e100 -1e100 -1e100 -1e100 -1e100 -1e100 -1e100 -1e100 -1e100 -1e100 -1e100 -1e100 -1e100 -1e100 -1e100 -1e100 -1e100 -1e100 -1e100 -1e100
 -1e100 -1e100 -1e100 -1e100 -1e100 -1e100 -1e100 -1e100 -1e100 -1e100 -1e100 -1e100 -1e100 -1e100 -1e100 -1e100 -1e100 -1e100 -1e100 -1e100 -1e100 -1e100 -1e100 -1e100 -1e100 -1e100 -1e100 -1e100 -1e100 28.628133773803710938 28.78841400146484375 29.030361175537109375 29.352582931518554688 29.746042251586914062 30.1956634521484375 30.684331893920898438 31.196767807006835938 31.720891952514648438 32.247531890869140625 32.769123077392578125 33.278858184814453125 33.770328521728515625 34.23731231689453125 34.67372894287109375 35.073333740234375 35.42960357666015625 35.73532867431640625 35.982364654541015625 36.16150665283203125 36.262378692626953125 36.273590087890625 36.182567596435546875 35.9759674072265625 35.63958740234375 35.158946990966796875 34.519287109375 33.706180572509765625 32.70638275146484375 31.509214401245117188 30.1083526611328125 28.503332138061523438 26.702693939208984375 24.726556777954101562 22.60803985595703125 20.392927169799804688 18.135524749755859375 15.896942138671875 13.736912727355957031 11.709180831909179688 9.852527618408203125 8.182788848876953125 6.6909222602844238281 5.3320231437683105469 4.0160045623779296875 2.5888800621032714844 0.81422072649002075195      0 -1e100 -1e100 -1e100 -1e100 -1e100 -1e100 -1e100 -1e100 -1e100 -1e100 -1e100 -1e100 -1e100 -1e100 -1e100 -1e100 -1e100 -1e100 -1e100 -1e100 -1e100 -1e100 -1e100 -1e100 -1e100 -1e100 -1e100 -1e100 -1e100 -1e100 -1e100 -1e100 -1e100 -1e100 -1e100 -1e100 -1e100 -1e100 -1e100 -1e100 -1e100 -1e100 -1e100 -1e100 -1e100 -1e100 -1e100 -1e100 -1e100 -1e100 -1e100 -1e100 -1e100 -1e100 -1e100 -1e100 -1e100 -1e100 -1e100 -1e100 -1e100 -1e100 -1e100 -1e100 -1e100 -1e100 -1e100 -1e100 -1e100 -1e100 -1e100 -1e100 -1e100 -1e100 -1e100 -1e100 -1e100 -1e100 -1e100 -1e100 -1e100 -1e100 -1e100 -1e100 -1e100 -1e100 -1e100 -1e100 -1e100 -1e100
 -1e100 -1e100 -1e100 -1e100 -1e100 -1e100 -1e100 -1e100 -1e100 -1e100 -1e100 -1e100 -1e100 -1e100 -1e100 -1e100 -1e100 -1e100 -1e100 -1e100 -1e100 -1e100 -1e100 -1e100 -1e100 -1e100 -1e100 -1e100 -1e100 27.7126922607421875 27.85347747802734375 28.082378387451171875 28.398637771606445312 28.792423248291015625 29.246734619140625 29.74246978759765625 30.262804031372070312 30.795103073120117188 31.330221176147460938 31.860870361328125 32.38067626953125 32.883724212646484375 33.364284515380859375 33.816677093505859375 34.23490142822265625 34.612468719482421875 34.941982269287109375 35.2148895263671875 35.42134857177734375 35.5501251220703125 35.588779449462890625 35.52346038818359375 35.339366912841796875 35.0206451416015625 34.551006317138671875 33.91365814208984375 33.092071533203125 32.070964813232421875 30.837842941284179688 29.384939193725585938 27.710908889770507812 25.824554443359375 23.747653961181640625 21.516725540161132812 19.182445526123046875 16.80603790283203125 14.457562446594238281 12.207215309143066406 10.11936187744140625 8.2398853302001953125 6.5863919258117675781 5.1460514068603515625 3.8730182647705078125 2.6850664615631103516 1.4594743251800537109      0 -1e100 -1e100 -1e100 -1e100 -1e100 -1e100 -1e100 -1e100 -1e100 -1e100 -1e100 -1e100 -1e100 -1e100 -1e100 -1e100 -1e100 -1e100 -1e100 -1e100 -1e100 -1e100 -1e100 -1e100 -1e100 -1e100 -1e100 -1e100 -1e100 -1e100 -1e100 -1e100 -1e100 -1e100 -1e100 -1e100 -1e100 -1e100 -1e100 -1e100 -1e100 -1e100 -1e100 -1e100 -1e100 -1e100 -1e100 -1e100 -1e100 -1e100 -1e100 -1e100 -1e100 -1e100 -1e100 -1e100 -1e100 -1e100 -1e100 -1e100 -1e100 -1e100 -1e100 -1e100 -1e100 -1e100 -1e100 -1e100 -1e100 -1e100 -1e100 -1e100 -1e100 -1e100 -1e100 -1e100 -1e100 -1e100 -1e100 -1e100 -1e100 -1e100 -1e100 -1e100 -1e100 -1e100 -1e100 -1e100 -1e100 -1e100 -1e100
 -1e100 -1e100 -1e100 -1e100 -1e100 -1e100 -1e100 -1e100 -1e100 -1e100 -1e100 -1e100 -1e100 -1e100 -1e100 -1e100 -1e100 -1e100 -1e100 -1e100 -1e100 -1e100 -1e100 -1e100 -1e100 -1e100 -1e100 -1e100 26.87834930419921875 26.913722991943359375 27.034015655517578125 27.248590469360351562 27.557317733764648438 27.949291229248046875 28.405664443969726562 28.905626296997070312 29.431188583374023438 29.969427108764648438 30.51129913330078125 31.049785614013671875 31.57892608642578125 32.093303680419921875 32.58773040771484375 33.05696868896484375 33.4953155517578125 33.896381378173828125 34.252643585205078125 34.555210113525390625 34.793674468994140625 34.956058502197265625 35.028957366943359375 34.99737548828125 34.845165252685546875 34.554920196533203125 34.108551025390625 33.487117767333984375 32.671756744384765625 31.644693374633789062 30.390933990478515625 28.900308609008789062 27.169515609741210938 25.206502914428710938 23.033670425415039062 20.689899444580078125 18.229928970336914062 15.721405982971191406 13.243806838989257812 10.879048347473144531 8.7036676406860351562 6.7719359397888183594 5.1027193069458007812 3.6782693862915039062 2.4475860595703125 1.3370046615600585938 0.19678318500518798828      0 -1e100 -1e100 -1e100 -1e100 -1e100 -1e100 -1e100 -1e100 -1e100 -1e100 -1e100 -1e100 -1e100 -1e100 -1e100 -1e100 -1e100 -1e100 -1e100 -1e100 -1e100 -1e100 -1e100 -1e100 -1e100 -1e100 -1e100 -1e100 -1e100 -1e100 -1e100 -1e100 -1e100 -1e100 -1e100 -1e100 -1e100 -1e100 -1e100 -1e100 -1e100 -1e100 -1e100 -1e100 -1e100 -1e100 -1e100 -1e100 -1e100 -1e100 -1e100 -1e100 -1e100 -1e100 -1e100 -1e100 -1e100 -1e100 -1e100 -1e100 -1e100 -1e100 -1e100 -1e100 -1e100 -1e100 -1e100 -1e100 -1e100 -1e100 -1e100 -1e100 -1e100 -1e100 -1e100 -1e100 -1e100 -1e100 -1e100 -1e100 -1e100 -1e100 -1e100 -1e100 -1e100 -1e100 -1e100 -1e100 -1e100 -1e100 -1e100
 -1e100 -1e100 -1e100 -1e100 -1e100 -1e100 -1e100 -1e100 -1e100 -1e100 -1e100 -1e100 -1e100 -1e100 -1e100 -1e100 -1e100 -1e100 -1e100 -1e100 -1e100 -1e100 -1e100 -1e100 -1e100 -1e100 -1e100 -1e100 26.22873687744140625 26.2410736083984375 26.341558456420898438 26.54146575927734375 26.840604782104492188 27.227008819580078125 27.680179595947265625 28.178531646728515625 28.703802108764648438 29.243242263793945312 29.787988662719726562 30.33123016357421875 30.867364883422851562 31.39145660400390625 31.898855209350585938 32.384777069091796875 32.84383392333984375 33.26978302001953125 33.655040740966796875 33.990451812744140625 34.26515960693359375 34.466556549072265625 34.580448150634765625 34.590847015380859375 34.480449676513671875 34.23041534423828125 33.82089996337890625 33.2306976318359375 32.438327789306640625 31.422954559326171875 30.166158676147460938 28.654155731201171875 26.880331039428710938 24.850376129150390625 22.586009979248046875 20.12723541259765625 17.531909942626953125 14.874003410339355469 12.24312591552734375 9.734966278076171875 7.4398679733276367188 5.4215745925903320312 3.6984803676605224609 2.2444097995758056641 0.99273580312728881836      0      0 -1e100 -1e100 -1e100 -1e100 -1e100 -1e100 -1e100 -1e100 -1e100 -1e100 -1e100 -1e100 -1e100 -1e100 -1e100 -1e100 -1e100 -1e100 -1e100 -1e100 -1e100 -1e100 -1e100 -1e100 -1e100 -1e100 -1e100 -1e100 -1e100 -1e100 -1e100 -1e100 -1e100 -1e100 -1e100 -1e100 -1e100 -1e100 -1e100 -1e100 -1e100 -1e100 -1e100 -1e100 -1e100 -1e100 -1e100 -1e100 -1e100 -1e100 -1e100 -1e100 -1e100 -1e100 -1e100 -1e100 -1e100 -1e100 -1e100 -1e100 -1e100 -1e100 -1e100 -1e100 -1e100 -1e100 -1e100 -1e100 -1e100 -1e100 -1e100 -1e100 -1e100 -1e100 -1e100 -1e100 -1e100 -1e100 -1e100 -1e100 -1e100 -1e100 -1e100 -1e100 -1e100 -1e100 -1e100 -1e100 -1e100 -1e100 -1e100 -1e100
 -1e100 -1e100 -1e100 -1e100 -1e100 -1e100 -1e100 -1e100 -1e100 -1e100 -1e100 -1e100 -1e100 -1e100 -1e100 -1e100 -1e100 -1e100 -1e100 -1e100 -1e100 -1e100 -1e100 -1e100 -1e100 -1e100 -1e100 25.790836334228515625 25.71435546875 25.708248138427734375 25.791334152221679688 25.97568511962890625 26.261320114135742188 26.635814666748046875 27.0774688720703125 27.565166473388671875 28.081640243530273438 28.614940643310546875 29.156414031982421875 29.699350357055664062 30.238428115844726562 30.769121170043945312 31.287281036376953125 31.788541793823242188 32.267833709716796875 32.7190704345703125 33.134670257568359375 33.50530242919921875 33.8197784423828125 34.065052032470703125 34.226318359375 34.2868499755859375 34.2283782958984375 34.03083038330078125 33.67266082763671875 33.1303253173828125 32.37938690185546875 31.395242691040039062 30.1550140380859375 28.639963150024414062 26.838598251342773438 24.752740859985351562 22.4016876220703125 19.82495880126953125 17.082635879516601562 14.254984855651855469 11.443701744079589844 8.7608137130737304688 6.31359100341796875 4.1767287254333496094 2.3688223361968994141 0.85438442230224609375      0      0      0 -1e100 -1e100 -1e100 -1e100 -1e100 -1e100 -1e100 -1e100 -1e100 -1e100 -1e100 -1e100 -1e100 -1e100 -1e100 -1e100 -1e100 -1e100 -1e100 -1e100 -1e100 -1e100 -1e100 -1e100 -1e100 -1e100 -1e100 -1e100 -1e100 -1e100 -1e100 -1e100 -1e100 -1e100 -1e100 -1e100 -1e100 -1e100 -1e100 -1e100 -1e100 -1e100 -1e100 -1e100 -1e100 -1e100 -1e100 -1e100 -1e100 -1e100 -1e100 -1e100 -1e100 -1e100 -1e100 -1e100 -1e100 -1e100 -1e100 -1e100 -1e100 -1e100 -1e100 -1e100 -1e100 -1e100 -1e100 -1e100 -1e100 -1e100 -1e100 -1e100 -1e100 -1e100 -1e100 -1e100 -1e100 -1e100 -1e100 -1e100 -1e100 -1e100 -1e100 -1e100 -1e100 -1e100 -1e100 -1e100 -1e100 -1e100 -1e100 -1e100
 -1e100 -1e100 -1e100 -1e100 -1e100 -1e100 -1e100 -1e100 -1e100 -1e100 -1e100 -1e100 -1e100 -1e100 -1e100 -1e100 -1e100 -1e100 -1e100 -1e100 -1e100 -1e100 -1e100 -1e100 -1e100 -1e100 -1e100 25.428354263305664062 25.344732284545898438 25.327497482299804688 25.393999099731445312 25.557981491088867188 25.823091506958007812 26.176935195922851562 26.596584320068359375 27.0626373291015625 27.560214996337890625 28.078521728515625 28.609086990356445312 29.145265579223632812 29.681932449340820312 30.214933395385742188 30.740535736083984375 31.254739761352539062 31.752765655517578125 32.228702545166015625 32.675014495849609375 33.082302093505859375 33.43920135498046875 33.732421875 33.94681549072265625 34.065143585205078125 34.068477630615234375 33.935710906982421875 33.643711090087890625 33.166500091552734375 32.4763031005859375 31.544033050537109375 30.341381072998046875 28.843252182006835938 27.031627655029296875 24.902561187744140625 22.470827102661132812 19.773740768432617188 16.872682571411132812 13.854414939880371094 10.835042953491210938 7.946285247802734375 5.3161230087280273438 3.0339009761810302734 1.1205804347991943359      0      0      0 -1e100 -1e100 -1e100 -1e100 -1e100 -1e100 -1e100 -1e100 -1e100 -1e100 -1e100 -1e100 -1e100 -1e100 -1e100 -1e100 -1e100 -1e100 -1e100 -1e100 -1e100 -1e100 -1e100 -1e100 -1e100 -1e100 -1e100 -1e100 -1e100 -1e100 -1e100 -1e100 -1e100 -1e100 -1e100 -1e100 -1e100 -1e100 -1e100 -1e100 -1e100 -1e100 -1e100 -1e100 -1e100 -1e100 -1e100 -1e100 -1e100 -1e100 -1e100 -1e100 -1e100 -1e100 -1e100 -1e100 -1e100 -1e100 -1e100 -1e100 -1e100 -1e100 -1e100 -1e100 -1e100 -1e100 -1e100 -1e100 -1e100 -1e100 -1e100 -1e100 -1e100 -1e100 -1e100 -1e100 -1e100 -1e100 -1e100 -1e100 -1e100 -1e100 -1e100 -1e100 -1e100 -1e100 -1e100 -1e100 -1e100 -1e100 -1e100 -1e100 -1e100
 -1e100 -1e100 -1e100 -1e100 -1e100 -1e100 -1e100 -1e100 -1e100 -1e100 -1e100 -1e100 -1e100 -1e100 -1e100 -1e100 -1e100 -1e100 -1e100 -1e100 -1e100 -1e100 -1e100 -1e100 -1e100 -1e100 -1e100 25.1992034912109375 25.123258590698242188 25.099969863891601562 25.14556884765625 25.2808990478515625 25.51647186279296875 25.83882904052734375 26.225124359130859375 26.658811569213867188 27.127651214599609375 27.622022628784179688 28.13370513916015625 28.656141281127929688 29.1844329833984375 29.714761734008789062 30.243743896484375 30.767675399780273438 31.282045364379882812 31.78113555908203125 32.25750732421875 32.70182037353515625 33.10271453857421875 33.446895599365234375 33.719112396240234375 33.901958465576171875 33.976116180419921875 33.919708251953125 33.7081298828125 33.312839508056640625 32.70238494873046875 31.842723846435546875 30.699220657348632812 29.2391204833984375 27.436231613159179688 25.27881622314453125 22.775060653686523438 19.95821380615234375 16.889101028442382812 13.660787582397460938 10.405617713928222656 7.2786803245544433594 4.4345579147338867188 1.9817674160003662109      0      0      0 -1e100 -1e100 -1e100 -1e100 -1e100 -1e100 -1e100 -1e100 -1e100 -1e100 -1e100 -1e100 -1e100 -1e100 -1e100 -1e100 -1e100 -1e100 -1e100 -1e100 -1e100 -1e100 -1e100 -1e100 -1e100 -1e100 -1e100 -1e100 -1e100 -1e100 -1e100 -1e100 -1e100 -1e100 -1e100 -1e100 -1e100 -1e100 -1e100 -1e100 -1e100 -1e100 -1e100 -1e100 -1e100 -1e100 -1e100 -1e100 -1e100 -1e100 -1e100 -1e100 -1e100 -1e100 -1e100 -1e100 -1e100 -1e100 -1e100 -1e100 -1e100 -1e100 -1e100 -1e100 -1e100 -1e100 -1e100 -1e100 -1e100 -1e100 -1e100 -1e100 -1e100 -1e100 -1e100 -1e100 -1e100 -1e100 -1e100 -1e100 -1e100 -1e100 -1e100 -1e100 -1e100 -1e100 -1e100 -1e100 -1e100 -1e100 -1e100 -1e100 -1e100 -1e100
 -1e100 -1e100 -1e100 -1e100 -1e100 -1e100 -1e100 -1e100 -1e100 -1e100 -1e100 -1e100 -1e100 -1e100 -1e100 -1e100 -1e100 -1e100 -1e100 -1e100 -1e100 -1e100 -1e100 -1e100 -1e100 -1e100 25.188871383666992188 25.08727264404296875 25.032510757446289062 25.0059814453125 25.02448272705078125 25.117542266845703125 25.313938140869140625 25.5944061279296875 25.938123703002929688 26.331298828125 26.763792037963867188 27.226926803588867188 27.712766647338867188 28.215084075927734375 28.729297637939453125 29.251970291137695312 29.780004501342773438 30.309978485107421875 30.837635040283203125 31.357473373413085938 31.862239837646484375 32.342784881591796875 32.78797149658203125 33.1847381591796875 33.518001556396484375 33.77051544189453125 33.92287445068359375 33.952663421630859375 33.833843231201171875 33.53525543212890625 33.02172088623046875 32.25391387939453125 31.190252304077148438 29.78929901123046875 28.015386581420898438 25.847339630126953125 23.284875869750976562 20.354001998901367188 17.112079620361328125 13.656383514404296875 10.136919021606445312 6.7377419471740722656 3.647098541259765625 1.0003083944320678711      0      0      0 -1e100 -1e100 -1e100 -1e100 -1e100 -1e100 -1e100 -1e100 -1e100 -1e100 -1e100 -1e100 -1e100 -1e100 -1e100 -1e100 -1e100 -1e100 -1e100 -1e100 -1e100 -1e100 -1e100 -1e100 -1e100 -1e100 -1e100 -1e100 -1e100 -1e100 -1e100 -1e100 -1e100 -1e100 -1e100 -1e100 -1e100 -1e100 -1e100 -1e100 -1e100 -1e100 -1e100 -1e100 -1e100 -1e100 -1e100 -1e100 -1e100 -1e100 -1e100 -1e100 -1e100 -1e100 -1e100 -1e100 -1e100 -1e100 -1e100 -1e100 -1e100 -1e100 -1e100 -1e100 -1e100 -1e100 -1e100 -1e100 -1e100 -1e100 -1e100 -1e100 -1e100 -1e100 -1e100 -1e100 -1e100 -1e100 -1e100 -1e100 -1e100 -1e100 -1e100 -1e100 -1e100 -1e100 -1e100 -1e100 -1e100 -1e100 -1e100 -1e100 -1e100 -1e100
 -1e100 -1e100 -1e100 -1e100 -1e100 -1e100 -1e100 -1e100 -1e100 -1e100 -1e100 -1e100 -1e100 -1e100 -1e100 -1e100 -1e100 -1e100 -1e100 -1e100 -1e100 -1e100 -1e100 -1e100 -1e100 -1e100 25.120851516723632812 25.046457290649414062 25.031171798706054688 24.98990631103515625 24.967128753662109375 25.02044677734375 25.173578262329101562 25.407085418701171875 25.703710556030273438 26.052234649658203125 26.443990707397460938 26.870950698852539062 27.325761795043945312 27.8028106689453125 28.298040390014648438 28.80844879150390625 29.33123779296875 29.863267898559570312 30.400556564331054688 30.937864303588867188 31.468235015869140625 31.98287200927734375 32.47104644775390625 32.92015838623046875 33.3155975341796875 33.640529632568359375 33.875728607177734375 33.998371124267578125 33.981037139892578125 33.79015350341796875 33.386959075927734375 32.726924896240234375 31.761392593383789062 30.439950942993164062 28.716938018798828125 26.560743331909179688 23.959337234497070312 20.926820755004882812 17.510852813720703125 13.809811592102050781 9.99413299560546875 6.2848830223083496094 2.9169971942901611328 0.060009777545928955078      0      0 -1e100 -1e100 -1e100 -1e100 -1e100 -1e100 -1e100 -1e100 -1e100 -1e100 -1e100 -1e100 -1e100 -1e100 -1e100 -1e100 -1e100 -1e100 -1e100 -1e100 -1e100 -1e100 -1e100 -1e100 -1e100 -1e100 -1e100 -1e100 -1e100 -1e100 -1e100 -1e100 -1e100 -1e100 -1e100 -1e100 -1e100 -1e100 -1e100 -1e100 -1e100 -1e100 -1e100 -1e100 -1e100 -1e100 -1e100 -1e100 -1e100 -1e100 -1e100 -1e100 -1e100 -1e100 -1e100 -1e100 -1e100 -1e100 -1e100 -1e100 -1e100 -1e100 -1e100 -1e100 -1e100 -1e100 -1e100 -1e100 -1e100 -1e100 -1e100 -1e100 -1e100 -1e100 -1e100 -1e100 -1e100 -1e100 -1e100 -1e100 -1e100 -1e100 -1e100 -1e100 -1e100 -1e100 -1e100 -1e100 -1e100 -1e100 -1e100 -1e100 -1e100 -1e100 -1e100
 -1e100 -1e100 -1e100 -1e100 -1e100 -1e100 -1e100 -1e100 -1e100 -1e100 -1e100 -1e100 -1e100 -1e100 -1e100 -1e100 -1e100 -1e100 -1e100 -1e100 -1e100 -1e100 -1e100 -1e100 -1e100 -1e100 25.073272705078125 25.009860992431640625 24.99008941650390625 24.947774887084960938 24.908464431762695312 24.938047409057617188 25.052587509155273438 25.24065399169921875 25.490682601928710938 25.794153213500976562 26.1434783935546875 26.531496047973632812 26.951826095581054688 27.3997802734375 27.872030258178710938 28.36605072021484375 28.879383087158203125 29.409206390380859375 29.951848983764648438 30.502422332763671875 31.054365158081054688 31.59938812255859375 32.127346038818359375 32.62631988525390625 33.082378387451171875 33.47933197021484375 33.798236846923828125 34.015964508056640625 34.10393524169921875 34.02649688720703125 33.741855621337890625 33.200794219970703125 32.348278045654296875 31.125577926635742188 29.477426528930664062 27.359821319580078125 24.744335174560546875 21.624521255493164062 18.0305938720703125 14.060394287109375 9.9101648330688476562 5.8550019264221191406 2.1912615299224853516      0      0      0 -1e100 -1e100 -1e100 -1e100 -1e100 -1e100 -1e100 -1e100 -1e100 -1e100 -1e100 -1e100 -1e100 -1e100 -1e100 -1e100 -1e100 -1e100 -1e100 -1e100 -1e100 -1e100 -1e100 -1e100 -1e100 -1e100 -1e100 -1e100 -1e100 -1e100 -1e100 -1e100 -1e100 -1e100 -1e100 -1e100 -1e100 -1e100 -1e100 -1e100 -1e100 -1e100 -1e100 -1e100 -1e100 -1e100 -1e100 -1e100 -1e100 -1e100 -1e100 -1e100 -1e100 -1e100 -1e100 -1e100 -1e100 -1e100 -1e100 -1e100 -1e100 -1e100 -1e100 -1e100 -1e100 -1e100 -1e100 -1e100 -1e100 -1e100 -1e100 -1e100 -1e100 -1e100 -1e100 -1e100 -1e100 -1e100 -1e100 -1e100 -1e100 -1e100 -1e100 -1e100 -1e100 -1e100 -1e100 -1e100 -1e100 -1e100 -1e100 -1e100 -1e100 -1e100 -1e100
 -1e100 -1e100 -1e100 -1e100 -1e100 -1e100 -1e100 -1e100 -1e100 -1e100 -1e100 -1e100 -1e100 -1e100 -1e100 -1e100 -1e100 -1e100 -1e100 -1e100 -1e100 -1e100 -1e100 -1e100 -1e100 -1e100 25.013492584228515625 24.939680099487304688 24.8897705078125 24.843633651733398438 24.812089920043945312 24.831529617309570312 24.916240692138671875 25.06485748291015625 25.27220916748046875 25.532482147216796875 25.839532852172851562 26.187490463256835938 26.57132720947265625 26.98752593994140625 27.433563232421875 27.907453536987304688 28.407131195068359375 28.930139541625976562 29.473184585571289062 30.031789779663085938 30.599897384643554688 31.169843673706054688 31.732221603393554688 32.275920867919921875 32.787837982177734375 33.252490997314453125 33.651271820068359375 33.96085357666015625 34.151744842529296875 34.186901092529296875 34.022281646728515625 33.6052398681640625 32.875942230224609375 31.769193649291992188 30.220245361328125 28.169719696044921875 25.563169479370117188 22.362974166870117188 18.576795578002929688 14.304030418395996094 9.7830228805541992188 5.3618388175964355469 1.414049983024597168      0      0 -1e100 -1e100 -1e100 -1e100 -1e100 -1e100 -1e100 -1e100 -1e100 -1e100 -1e100 -1e100 -1e100 -1e100 -1e100 -1e100 -1e100 -1e100 -1e100 -1e100 -1e100 -1e100 -1e100 -1e100 -1e100 -1e100 -1e100 -1e100 -1e100 -1e100 -1e100 -1e100 -1e100 -1e100 -1e100 -1e100 -1e100 -1e100 -1e100 -1e100 -1e100 -1e100 -1e100 -1e100 -1e100 -1e100 -1e100 -1e100 -1e100 -1e100 -1e100 -1e100 -1e100 -1e100 -1e100 -1e100 -1e100 -1e100 -1e100 -1e100 -1e100 -1e100 -1e100 -1e100 -1e100 -1e100 -1e100 -1e100 -1e100 -1e100 -1e100 -1e100 -1e100 -1e100 -1e100 -1e100 -1e100 -1e100 -1e100 -1e100 -1e100 -1e100 -1e100 -1e100 -1e100 -1e100 -1e100 -1e100 -1e100 -1e100 -1e100 -1e100 -1e100 -1e100 -1e100 -1e100
 -1e100 -1e100 -1e100 -1e100 -1e100 -1e100 -1e100 -1e100 -1e100 -1e100 -1e100 -1e100 -1e100 -1e100 -1e100 -1e100 -1e100 -1e100 -1e100 -1e100 -1e100 -1e100 -1e100 -1e100 -1e100 25.0408782958984375 24.92537689208984375 24.832330703735351562 24.762788772583007812 24.710378646850585938 24.678165435791015625 24.68556976318359375 24.744874954223632812 24.859533309936523438 25.02832794189453125 25.24776458740234375 25.513433456420898438 25.821100234985351562 26.167346954345703125 26.549848556518554688 26.966920852661132812 27.41712188720703125 27.89882659912109375 28.409992218017578125 28.947744369506835938 29.50807952880859375 30.085514068603515625 30.673091888427734375 31.262216567993164062 31.842649459838867188 32.402099609375 32.92578887939453125 33.3953857421875 33.787441253662109375 34.07196807861328125 34.211299896240234375 34.160369873046875 33.86505126953125 33.263393402099609375 32.28582763671875 30.85779571533203125 28.897167205810546875 26.31101226806640625 23.02150726318359375 19.015293121337890625 14.408221244812011719 9.4962873458862304688 4.7181649208068847656 0.54139757156372070312      0      0 -1e100 -1e100 -1e100 -1e100 -1e100 -1e100 -1e100 -1e100 -1e100 -1e100 -1e100 -1e100 -1e100 -1e100 -1e100 -1e100 -1e100 -1e100 -1e100 -1e100 -1e100 -1e100 -1e100 -1e100 -1e100 -1e100 -1e100 -1e100 -1e100 -1e100 -1e100 -1e100 -1e100 -1e100 -1e100 -1e100 -1e100 -1e100 -1e100 -1e100 -1e100 -1e100 -1e100 -1e100 -1e100 -1e100 -1e100 -1e100 -1e100 -1e100 -1e100 -1e100 -1e100 -1e100 -1e100 -1e100 -1e100 -1e100 -1e100 -1e100 -1e100 -1e100 -1e100 -1e100 -1e100 -1e100 -1e100 -1e100 -1e100 -1e100 -1e100 -1e100 -1e100 -1e100 -1e100 -1e100 -1e100 -1e100 -1e100 -1e100 -1e100 -1e100 -1e100 -1e100 -1e100 -1e100 -1e100 -1e100 -1e100 -1e100 -1e100 -1e100 -1e100 -1e100 -1e100 -1e100
 -1e100 -1e100 -1e100 -1e100 -1e100 -1e100 -1e100 -1e100 -1e100 -1e100 -1e100 -1e100 -1e100 -1e100 -1e100 -1e100 -1e100 -1e100 -1e100 -1e100 -1e100 -1e100 -1e100 -1e100 -1e100 24.915109634399414062 24.79730987548828125 24.693603515625 24.60840606689453125 24.542293548583984375 24.49959564208984375 24.491407394409179688 24.527105331420898438 24.611177444458007812 24.7443389892578125 24.924884796142578125 25.150218963623046875 25.417877197265625 25.7259674072265625 26.073276519775390625 26.458881378173828125 26.881879806518554688 27.3411102294921875 27.834964752197265625 28.361009597778320312 28.915739059448242188 29.4942779541015625 30.090394973754882812 30.696300506591796875 31.30255889892578125 31.897600173950195312 32.467166900634765625 32.993083953857421875 33.45182037353515625 33.8132781982421875 34.040042877197265625 34.087627410888671875 33.903186798095703125 33.425754547119140625 32.584133148193359375 31.291812896728515625 29.434642791748046875 26.868188858032226562 23.465955734252929688 19.211355209350585938 14.25478363037109375 8.957645416259765625 3.8577187061309814453      0      0 -1e100 -1e100 -1e100 -1e100 -1e100 -1e100 -1e100 -1e100 -1e100 -1e100 -1e100 -1e100 -1e100 -1e100 -1e100 -1e100 -1e100 -1e100 -1e100 -1e100 -1e100 -1e100 -1e100 -1e100 -1e100 -1e100 -1e100 -1e100 -1e100 -1e100 -1e100 -1e100 -1e100 -1e100 -1e100 -1e100 -1e100 -1e100 -1e100 -1e100 -1e100 -1e100 -1e100 -1e100 -1e100 -1e100 -1e100 -1e100 -1e100 -1e100 -1e100 -1e100 -1e100 -1e100 -1e100 -1e100 -1e100 -1e100 -1e100 -1e100 -1e100 -1e100 -1e100 -1e100 -1e100 -1e100 -1e100 -1e100 -1e100 -1e100 -1e100 -1e100 -1e100 -1e100 -1e100 -1e100 -1e100 -1e100 -1e100 -1e100 -1e100 -1e100 -1e100 -1e100 -1e100 -1e100 -1e100 -1e100 -1e100 -1e100 -1e100 -1e100 -1e100 -1e100 -1e100 -1e100 -1e100
 -1e100 -1e100 -1e100 -1e100 -1e100 -1e100 -1e100 -1e100 -1e100 -1e100 -1e100 -1e100 -1e100 -1e100 -1e100 -1e100 -1e100 -1e100 -1e100 -1e100 -1e100 -1e100 -1e100 -1e100 -1e100 24.73679351806640625 24.616445541381835938 24.503963470458984375 24.405408859252929688 24.324983596801757812 24.268079757690429688 24.24248504638671875 24.25518798828125 24.310400009155273438 24.409719467163085938 24.552881240844726562 24.739004135131835938 24.967174530029296875 25.236812591552734375 25.547611236572265625 25.899312973022460938 26.291528701782226562 26.723554611206054688 27.194196701049804688 27.701456069946289062 28.242311477661132812 28.812473297119140625 29.4063873291015625 30.016969680786132812 30.635423660278320312 31.250692367553710938 31.84876251220703125 32.411365509033203125 32.91485595703125 33.329349517822265625 33.618694305419921875 33.740962982177734375 33.64746856689453125 33.282073974609375 32.57495880126953125 31.428071975708007812 29.689897537231445312 27.148815155029296875 23.618104934692382812 19.10652923583984375 13.815491676330566406 8.1586408615112304688 2.7550184726715087891      0 -1e100 -1e100 -1e100 -1e100 -1e100 -1e100 -1e100 -1e100 -1e100 -1e100 -1e100 -1e100 -1e100 -1e100 -1e100 -1e100 -1e100 -1e100 -1e100 -1e100 -1e100 -1e100 -1e100 -1e100 -1e100 -1e100 -1e100 -1e100 -1e100 -1e100 -1e100 -1e100 -1e100 -1e100 -1e100 -1e100 -1e100 -1e100 -1e100 -1e100 -1e100 -1e100 -1e100 -1e100 -1e100 -1e100 -1e100 -1e100 -1e100 -1e100 -1e100 -1e100 -1e100 -1e100 -1e100 -1e100 -1e100 -1e100 -1e100 -1e100 -1e100 -1e100 -1e100 -1e100 -1e100 -1e100 -1e100 -1e100 -1e100 -1e100 -1e100 -1e100 -1e100 -1e100 -1e100 -1e100 -1e100 -1e100 -1e100 -1e100 -1e100 -1e100 -1e100 -1e100 -1e100 -1e100 -1e100 -1e100 -1e100 -1e100 -1e100 -1e100 -1e100 -1e100 -1e100 -1e100 -1e100 -1e100
 -1e100 -1e100 -1e100 -1e100 -1e100 -1e100 -1e100 -1e100 -1e100 -1e100 -1e100 -1e100 -1e100 -1e100 -1e100 -1e100 -1e100 -1e100 -1e100 -1e100 -1e100 -1e100 -1e100 -1e100 -1e100 24.497266769409179688 24.37342071533203125 24.253368377685546875 24.143602371215820312 24.049894332885742188 23.978076934814453125 23.934326171875 23.924135208129882812 23.95128631591796875 24.017953872680664062 24.125078201293945312 24.27312469482421875 24.462413787841796875 24.693347930908203125 24.966335296630859375 25.281681060791015625 25.639455795288085938 26.039365768432617188 26.4805908203125 26.961513519287109375 27.479549407958984375 28.030933380126953125 28.610660552978515625 29.212184906005859375 29.827129364013671875 30.444644927978515625 31.05055999755859375 31.626220703125 32.1477203369140625 32.585712432861328125 32.9063262939453125 33.07183837890625 33.0405426025390625 32.7649078369140625 32.182708740234375 31.19293975830078125 29.613752365112304688 27.153776168823242188 23.516414642333984375 18.77776336669921875 13.212475776672363281 7.2527322769165039062 1.489152073860168457      0 -1e100 -1e100 -1e100 -1e100 -1e100 -1e100 -1e100 -1e100 -1e100 -1e100 -1e100 -1e100 -1e100 -1e100 -1e100 -1e100 -1e100 -1e100 -1e100 -1e100 -1e100 -1e100 -1e100 -1e100 -1e100 -1e100 -1e100 -1e100 -1e100 -1e100 -1e100 -1e100 -1e100 -1e100 -1e100 -1e100 -1e100 -1e100 -1e100 -1e100 -1e100 -1e100 -1e100 -1e100 -1e100 -1e100 -1e100 -1e100 -1e100 -1e100 -1e100 -1e100 -1e100 -1e100 -1e100 -1e100 -1e100 -1e100 -1e100 -1e100 -1e100 -1e100 -1e100 -1e100 -1e100 -1e100 -1e100 -1e100 -1e100 -1e100 -1e100 -1e100 -1e100 -1e100 -1e100 -1e100 -1e100 -1e100 -1e100 -1e100 -1e100 -1e100 -1e100 -1e100 -1e100 -1e100 -1e100 -1e100 -1e100 -1e100 -1e100 -1e100 -1e100 -1e100 -1e100 -1e100 -1e100 -1e100
 -1e100 -1e100 -1e100 -1e100 -1e100 -1e100 -1e100 -1e100 -1e100 -1e100 -1e100 -1e100 -1e100 -1e100 -1e100 -1e100 -1e100 -1e100 -1e100 -1e100 -1e100 -1e100 -1e100 -1e100 24.317926406860351562 24.194705963134765625 24.066436767578125 23.939342498779296875 23.819759368896484375 23.71375274658203125 23.626974105834960938 23.564733505249023438 23.53167724609375 23.531393051147460938 23.56653594970703125 23.638925552368164062 23.749994277954101562 23.900926589965820312 24.092836380004882812 24.3266754150390625 24.603199005126953125 24.922861099243164062 25.28570556640625 25.691213607788085938 26.138090133666992188 26.624101638793945312 27.145885467529296875 27.698841094970703125 28.276758193969726562 28.871408462524414062 29.471782684326171875 30.063154220581054688 30.626138687133789062 31.136444091796875 31.565530776977539062 31.882284164428710938 32.054203033447265625 32.047809600830078125 31.827363967895507812 31.346605300903320312 30.52413177490234375 29.18756866455078125 26.967670440673828125 23.328739166259765625 18.433818817138671875 12.675653457641601562 6.6237010955810546875 0.81474614143371582031      0 -1e100 -1e100 -1e100 -1e100 -1e100 -1e100 -1e100 -1e100 -1e100 -1e100 -1e100 -1e100 -1e100 -1e100 -1e100 -1e100 -1e100 -1e100 -1e100 -1e100 -1e100 -1e100 -1e100 -1e100 -1e100 -1e100 -1e100 -1e100 -1e100 -1e100 -1e100 -1e100 -1e100 -1e100 -1e100 -1e100 -1e100 -1e100 -1e100 -1e100 -1e100 -1e100 -1e100 -1e100 -1e100 -1e100 -1e100 -1e100 -1e100 -1e100 -1e100 -1e100 -1e100 -1e100 -1e100 -1e100 -1e100 -1e100 -1e100 -1e100 -1e100 -1e100 -1e100 -1e100 -1e100 -1e100 -1e100 -1e100 -1e100 -1e100 -1e100 -1e100 -1e100 -1e100 -1e100 -1e100 -1e100 -1e100 -1e100 -1e100 -1e100 -1e100 -1e100 -1e100 -1e100 -1e100 -1e100 -1e100 -1e100 -1e100 -1e100 -1e100 -1e100 -1e100 -1e100 -1e100 -1e100 -1e100
 -1e100 -1e100 -1e100 -1e100 -1e100 -1e100 -1e100 -1e100 -1e100 -1e100 -1e100 -1e100 -1e100 -1e100 -1e100 -1e100 -1e100 -1e100 -1e100 -1e100 -1e100 -1e100 -1e100 -1e100 23.956615447998046875 23.830522537231445312 23.69748687744140625 23.563571929931640625 23.434804916381835938 23.3169403076171875 23.215238571166992188 23.134456634521484375 23.078821182250976562 23.051898956298828125 23.056684494018554688 23.09557342529296875 23.170625686645507812 23.283597946166992188 23.436086654663085938 23.6294403076171875 23.8647613525390625 24.14278411865234375 24.463804244995117188 24.8275299072265625 25.232892990112304688 25.677913665771484375 26.159502029418945312 26.6732940673828125 27.213216781616210938 27.770906448364257812 28.334873199462890625 28.889467239379882812 29.414371490478515625 29.884790420532226562 30.27294921875 30.550411224365234375 30.689344406127929688 30.663661956787109375 30.448717117309570312 30.018955230712890625 29.339399337768554688 28.315031051635742188 26.666778564453125 22.94837188720703125 17.884138107299804688 12.246836662292480469 6.5261669158935546875 1.2374805212020874023 -1e100 -1e100 -1e100 -1e100 -1e100 -1e100 -1e100 -1e100 -1e100 -1e100 -1e100 -1e100 -1e100 -1e100 -1e100 -1e100 -1e100 -1e100 -1e100 -1e100 -1e100 -1e100 -1e100 -1e100 -1e100 -1e100 -1e100 -1e100 -1e100 -1e100 -1e100 -1e100 -1e100 -1e100 -1e100 -1e100 -1e100 -1e100 -1e100 -1e100 -1e100 -1e100 -1e100 -1e100 -1e100 -1e100 -1e100 -1e100 -1e100 -1e100 -1e100 -1e100 -1e100 -1e100 -1e100 -1e100 -1e100 -1e100 -1e100 -1e100 -1e100 -1e100 -1e100 -1e100 -1e100 -1e100 -1e100 -1e100 -1e100 -1e100 -1e100 -1e100 -1e100 -1e100 -1e100 -1e100 -1e100 -1e100 -1e100 -1e100 -1e100 -1e100 -1e100 -1e100 -1e100 -1e100 -1e100 -1e100 -1e100 -1e100 -1e100 -1e100 -1e100 -1e100 -1e100 -1e100 -1e100 -1e100 -1e100
 -1e100 -1e100 -1e100 -1e100 -1e100 -1e100 -1e100 -1e100 -1e100 -1e100 -1e100 -1e100 -1e100 -1e100 -1e100 -1e100 -1e100 -1e100 -1e100 -1e100 -1e100 -1e100 -1e100 -1e100 23.537019729614257812 23.40789794921875 23.270160675048828125 23.129644393920898438 22.991979598999023438 22.862497329711914062 22.746038436889648438 22.647006988525390625 22.569410324096679688 22.516819000244140625 22.492420196533203125 22.498943328857421875 22.53881072998046875 22.614137649536132812 22.726831436157226562 22.878505706787109375 23.070489883422851562 23.303705215454101562 23.578611373901367188 23.895050048828125 24.252088546752929688 24.647893905639648438 25.079519271850585938 25.542692184448242188 26.031278610229492188 26.536563873291015625 27.046327590942382812 27.54386138916015625 28.007846832275390625 28.412862777709960938 28.731676101684570312 28.937601089477539062 29.0058746337890625 28.914316177368164062 28.642589569091796875 28.17525482177734375 27.508724212646484375 26.627437591552734375 25.094961166381835938 21.52156829833984375 16.762678146362304688 11.584817886352539062 6.4185290336608886719 1.6826592683792114258 -1e100 -1e100 -1e100 -1e100 -1e100 -1e100 -1e100 -1e100 -1e100 -1e100 -1e100 -1e100 -1e100 -1e100 -1e100 -1e100 -1e100 -1e100 -1e100 -1e100 -1e100 -1e100 -1e100 -1e100 -1e100 -1e100 -1e100 -1e100 -1e100 -1e100 -1e100 -1e100 -1e100 -1e100 -1e100 -1e100 -1e100 -1e100 -1e100 -1e100 -1e100 -1e100 -1e100 -1e100 -1e100 -1e100 -1e100 -1e100 -1e100 -1e100 -1e100 -1e100 -1e100 -1e100 -1e100 -1e100 -1e100 -1e100 -1e100 -1e100 -1e100 -1e100 -1e100 -1e100 -1e100 -1e100 -1e100 -1e100 -1e100 -1e100 -1e100 -1e100 -1e100 -1e100 -1e100 -1e100 -1e100 -1e100 -1e100 -1e100 -1e100 -1e100 -1e100 -1e100 -1e100 -1e100 -1e100 -1e100 -1e100 -1e100 -1e100 -1e100 -1e100 -1e100 -1e100 -1e100 -1e100 -1e100 -1e100
 -1e100 -1e100 -1e100 -1e100 -1e100 -1e100 -1e100 -1e100 -1e100 -1e100 -1e100 -1e100 -1e100 -1e100 -1e100 -1e100 -1e100 -1e100 -1e100 -1e100 -1e100 -1e100 -1e100 -1e100 23.063877105712890625 22.931741714477539062 22.789508819580078125 22.642642974853515625 22.496358871459960938 22.355569839477539062 22.224761962890625 22.10808563232421875 22.009386062622070312 21.932203292846679688 21.879781723022460938 21.855007171630859375 21.8604888916015625 21.898530960083007812 21.97121429443359375 22.080295562744140625 22.22722625732421875 22.413028717041015625 22.638227462768554688 22.902713775634765625 23.205598831176757812 23.545091629028320312 23.91827392578125 24.320835113525390625 24.746431350708007812 25.185853958129882812 25.626094818115234375 26.049419403076171875 26.433599472045898438 26.752506256103515625 26.979084014892578125 27.087137222290039062 27.0533905029296875 26.856100082397460938 26.473268508911132812 25.883319854736328125 25.070911407470703125 23.997972488403320312 22.188703536987304688 19.062847137451171875 14.983551979064941406 10.477634429931640625 5.9378008842468261719 -1e100 -1e100 -1e100 -1e100 -1e100 -1e100 -1e100 -1e100 -1e100 -1e100 -1e100 -1e100 -1e100 -1e100 -1e100 -1e100 -1e100 -1e100 -1e100 -1e100 -1e100 -1e100 -1e100 -1e100 -1e100 -1e100 -1e100 -1e100 -1e100 -1e100 -1e100 -1e100 -1e100 -1e100 -1e100 -1e100 -1e100 -1e100 -1e100 -1e100 -1e100 -1e100 -1e100 -1e100 -1e100 -1e100 -1e100 -1e100 -1e100 -1e100 -1e100 -1e100 -1e100 -1e100 -1e100 -1e100 -1e100 -1e100 -1e100 -1e100 -1e100 -1e100 -1e100 -1e100 -1e100 -1e100 -1e100 -1e100 -1e100 -1e100 -1e100 -1e100 -1e100 -1e100 -1e100 -1e100 -1e100 -1e100 -1e100 -1e100 -1e100 -1e100 -1e100 -1e100 -1e100 -1e100 -1e100 -1e100 -1e100 -1e100 -1e100 -1e100 -1e100 -1e100 -1e100 -1e100 -1e100 -1e100 -1e100 -1e100
 -1e100 -1e100 -1e100 -1e100 -1e100 -1e100 -1e100 -1e100 -1e100 -1e100 -1e100 -1e100 -1e100 -1e100 -1e100 -1e100 -1e100 -1e100 -1e100 -1e100 -1e100 -1e100 -1e100 22.662647247314453125 22.54376220703125 22.408599853515625 22.262033462524414062 22.109079360961914062 21.954524993896484375 21.802896499633789062 21.658376693725585938 21.524883270263671875 21.406099319458007812 21.305471420288085938 21.226215362548828125 21.17124176025390625 21.143217086791992188 21.144514083862304688 21.177265167236328125 21.243272781372070312 21.34401702880859375 21.48052978515625 21.653322219848632812 21.862247467041015625 22.10637664794921875 22.383861541748046875 22.691717147827148438 23.025480270385742188 23.378488540649414062 23.74102020263671875 24.09934234619140625 24.434940338134765625 24.724895477294921875 24.942605972290039062 25.060861587524414062 25.053577423095703125 24.89806365966796875 24.573261260986328125 24.055633544921875 23.314584732055664062 22.316558837890625 20.97992706298828125 19.077442169189453125 16.348236083984375 12.881793022155761719 9.0103979110717773438 5.0825543403625488281 -1e100 -1e100 -1e100 -1e100 -1e100 -1e100 -1e100 -1e100 -1e100 -1e100 -1e100 -1e100 -1e100 -1e100 -1e100 -1e100 -1e100 -1e100 -1e100 -1e100 -1e100 -1e100 -1e100 -1e100 -1e100 -1e100 -1e100 -1e100 -1e100 -1e100 -1e100 -1e100 -1e100 -1e100 -1e100 -1e100 -1e100 -1e100 -1e100 -1e100 -1e100 -1e100 -1e100 -1e100 -1e100 -1e100 -1e100 -1e100 -1e100 -1e100 -1e100 -1e100 -1e100 -1e100 -1e100 -1e100 -1e100 -1e100 -1e100 -1e100 -1e100 -1e100 -1e100 -1e100 -1e100 -1e100 -1e100 -1e100 -1e100 -1e100 -1e100 -1e100 -1e100 -1e100 -1e100 -1e100 -1e100 -1e100 -1e100 -1e100 -1e100 -1e100 -1e100 -1e100 -1e100 -1e100 -1e100 -1e100 -1e100 -1e100 -1e100 -1e100 -1e100 -1e100 -1e100 -1e100 -1e100 -1e100 -1e100 -1e100
 -1e100 -1e100 -1e100 -1e100 -1e100 -1e100 -1e100 -1e100 -1e100 -1e100 -1e100 -1e100 -1e100 -1e100 -1e100 -1e100 -1e100 -1e100 -1e100 -1e100 -1e100 -1e100 -1e100 22.105693817138671875 21.984340667724609375 21.8460540771484375 21.695247650146484375 21.536457061767578125 21.374042510986328125 21.212167739868164062 21.054712295532226562 20.905363082885742188 20.767610549926757812 20.644765853881835938 20.53993988037109375 20.45598602294921875 20.395528793334960938 20.360904693603515625 20.35420989990234375 20.377206802368164062 20.431324005126953125 20.517526626586914062 20.636228561401367188 20.787176132202148438 20.9693145751953125 21.180665969848632812 21.4180755615234375 21.676845550537109375 21.949945449829101562 22.227190017700195312 22.494283676147460938 22.73227691650390625 22.917955398559570312 23.024694442749023438 23.025335311889648438 22.893964767456054688 22.608743667602539062 22.150781631469726562 21.498443603515625 20.618255615234375 19.4765167236328125 18.01845550537109375 16.117540359497070312 13.643750190734863281 10.63666534423828125 7.3118300437927246094 3.9403066635131835938 -1e100 -1e100 -1e100 -1e100 -1e100 -1e100 -1e100 -1e100 -1e100 -1e100 -1e100 -1e100 -1e100 -1e100 -1e100 -1e100 -1e100 -1e100 -1e100 -1e100 -1e100 -1e100 -1e100 -1e100 -1e100 -1e100 -1e100 -1e100 -1e100 -1e100 -1e100 -1e100 -1e100 -1e100 -1e100 -1e100 -1e100 -1e100 -1e100 -1e100 -1e100 -1e100 -1e100 -1e100 -1e100 -1e100 -1e100 -1e100 -1e100 -1e100 -1e100 -1e100 -1e100 -1e100 -1e100 -1e100 -1e100 -1e100 -1e100 -1e100 -1e100 -1e100 -1e100 -1e100 -1e100 -1e100 -1e100 -1e100 -1e100 -1e100 -1e100 -1e100 -1e100 -1e100 -1e100 -1e100 -1e100 -1e100 -1e100 -1e100 -1e100 -1e100 -1e100 -1e100 -1e100 -1e100 -1e100 -1e100 -1e100 -1e100 -1e100 -1e100 -1e100 -1e100 -1e100 -1e100 -1e100 -1e100 -1e100 -1e100
 -1e100 -1e100 -1e100 -1e100 -1e100 -1e100 -1e100 -1e100 -1e100 -1e100 -1e100 -1e100 -1e100 -1e100 -1e100 -1e100 -1e100 -1e100 -1e100 -1e100 -1e100 -1e100 -1e100 21.517974853515625 21.393819808959960938 21.252256393432617188 21.09723663330078125 20.932840347290039062 20.763004302978515625 20.591527938842773438 20.421993255615234375 20.257831573486328125 20.102319717407226562 19.958589553833007812 19.829599380493164062 19.718076705932617188 19.626522064208984375 19.557170867919921875 19.512004852294921875 19.492681503295898438 19.500509262084960938 19.536314010620117188 19.600353240966796875 19.69219207763671875 19.8105926513671875 19.953367233276367188 20.117122650146484375 20.296850204467773438 20.485139846801757812 20.67138671875 20.84091949462890625 20.974658966064453125 21.049539566040039062 21.039398193359375 20.917507171630859375 20.658351898193359375 20.240957260131835938 19.6491546630859375 18.866807937622070312 17.867750167846679688 16.62386322021484375 15.100033760070800781 13.231181144714355469 10.961520195007324219 8.32231903076171875 5.4608154296875 -1e100 -1e100 -1e100 -1e100 -1e100 -1e100 -1e100 -1e100 -1e100 -1e100 -1e100 -1e100 -1e100 -1e100 -1e100 -1e100 -1e100 -1e100 -1e100 -1e100 -1e100 -1e100 -1e100 -1e100 -1e100 -1e100 -1e100 -1e100 -1e100 -1e100 -1e100 -1e100 -1e100 -1e100 -1e100 -1e100 -1e100 -1e100 -1e100 -1e100 -1e100 -1e100 -1e100 -1e100 -1e100 -1e100 -1e100 -1e100 -1e100 -1e100 -1e100 -1e100 -1e100 -1e100 -1e100 -1e100 -1e100 -1e100 -1e100 -1e100 -1e100 -1e100 -1e100 -1e100 -1e100 -1e100 -1e100 -1e100 -1e100 -1e100 -1e100 -1e100 -1e100 -1e100 -1e100 -1e100 -1e100 -1e100 -1e100 -1e100 -1e100 -1e100 -1e100 -1e100 -1e100 -1e100 -1e100 -1e100 -1e100 -1e100 -1e100 -1e100 -1e100 -1e100 -1e100 -1e100 -1e100 -1e100 -1e100 -1e100 -1e100
 -1e100 -1e100 -1e100 -1e100 -1e100 -1e100 -1e100 -1e100 -1e100 -1e100 -1e100 -1e100 -1e100 -1e100 -1e100 -1e100 -1e100 -1e100 -1e100 -1e100 -1e100 -1e100 -1e100 20.907482147216796875 20.780187606811523438 20.635171890258789062 20.475955963134765625 20.306173324584960938 20.129362106323242188 19.948963165283203125 19.768245697021484375 19.590379714965820312 19.41840362548828125 19.255243301391601562 19.103656768798828125 18.966192245483398438 18.845182418823242188 18.742694854736328125 18.660552978515625 18.600250244140625 18.562915802001953125 18.549184799194335938 18.559101104736328125 18.592008590698242188 18.64642333984375 18.719898223876953125 18.808736801147460938 18.907573699951171875 19.008604049682617188 19.100851058959960938 19.1694183349609375 19.195362091064453125 19.156101226806640625 19.026380538940429688 18.780307769775390625 18.392995834350585938 17.843822479248046875 17.118124008178710938 16.20549774169921875 15.092265129089355469 13.763224601745605469 12.201470375061035156 10.382883071899414062 8.2944841384887695312 5.96184539794921875 3.4935235977172851562 -1e100 -1e100 -1e100 -1e100 -1e100 -1e100 -1e100 -1e100 -1e100 -1e100 -1e100 -1e100 -1e100 -1e100 -1e100 -1e100 -1e100 -1e100 -1e100 -1e100 -1e100 -1e100 -1e100 -1e100 -1e100 -1e100 -1e100 -1e100 -1e100 -1e100 -1e100 -1e100 -1e100 -1e100 -1e100 -1e100 -1e100 -1e100 -1e100 -1e100 -1e100 -1e100 -1e100 -1e100 -1e100 -1e100 -1e100 -1e100 -1e100 -1e100 -1e100 -1e100 -1e100 -1e100 -1e100 -1e100 -1e100 -1e100 -1e100 -1e100 -1e100 -1e100 -1e100 -1e100 -1e100 -1e100 -1e100 -1e100 -1e100 -1e100 -1e100 -1e100 -1e100 -1e100 -1e100 -1e100 -1e100 -1e100 -1e100 -1e100 -1e100 -1e100 -1e100 -1e100 -1e100 -1e100 -1e100 -1e100 -1e100 -1e100 -1e100 -1e100 -1e100 -1e100 -1e100 -1e100 -1e100 -1e100 -1e100 -1e100 -1e100
 -1e100 -1e100 -1e100 -1e100 -1e100 -1e100 -1e100 -1e100 -1e100 -1e100 -1e100 -1e100 -1e100 -1e100 -1e100 -1e100 -1e100 -1e100 -1e100 -1e100 -1e100 -1e100 20.39167022705078125 20.281736373901367188 20.151002883911132812 20.00237274169921875 19.838977813720703125 19.664035797119140625 19.480703353881835938 19.292072296142578125 19.101106643676757812 18.910699844360351562 18.723646163940429688 18.542627334594726562 18.37017822265625 18.208631515502929688 18.060110092163085938 17.926485061645507812 17.8093719482421875 17.71006011962890625 17.629461288452148438 17.5679779052734375 17.52541351318359375 17.500852584838867188 17.492534637451171875 17.497713088989257812 17.512346267700195312 17.530694961547851562 17.5445556640625 17.542636871337890625 17.509965896606445312 17.427898406982421875 17.274610519409179688 17.02602386474609375 16.657487869262695312 16.14510345458984375 15.468653678894042969 14.61388397216796875 13.573871612548828125 12.3458404541015625 10.931123733520507812 9.33496856689453125 7.5692319869995117188 5.6490755081176757812 3.5766968727111816406 1.4421011209487915039 -1e100 -1e100 -1e100 -1e100 -1e100 -1e100 -1e100 -1e100 -1e100 -1e100 -1e100 -1e100 -1e100 -1e100 -1e100 -1e100 -1e100 -1e100 -1e100 -1e100 -1e100 -1e100 -1e100 -1e100 -1e100 -1e100 -1e100 -1e100 -1e100 -1e100 -1e100 -1e100 -1e100 -1e100 -1e100 -1e100 -1e100 -1e100 -1e100 -1e100 -1e100 -1e100 -1e100 -1e100 -1e100 -1e100 -1e100 -1e100 -1e100 -1e100 -1e100 -1e100 -1e100 -1e100 -1e100 -1e100 -1e100 -1e100 -1e100 -1e100 -1e100 -1e100 -1e100 -1e100 -1e100 -1e100 -1e100 -1e100 -1e100 -1e100 -1e100 -1e100 -1e100 -1e100 -1e100 -1e100 -1e100 -1e100 -1e100 -1e100 -1e100 -1e100 -1e100 -1e100 -1e100 -1e100 -1e100 -1e100 -1e100 -1e100 -1e100 -1e100 -1e100 -1e100 -1e100 -1e100 -1e100 -1e100 -1e100 -1e100 -1e100
 -1e100 -1e100 -1e100 -1e100 -1e100 -1e100 -1e100 -1e100 -1e100 -1e100 -1e100 -1e100 -1e100 -1e100 -1e100 -1e100 -1e100 -1e100 -1e100 -1e100 -1e100 -1e100 19.761423110961914062 19.647527694702148438 19.51309967041015625 19.360734939575195312 19.193202972412109375 19.013345718383789062 18.82396697998046875 18.6278228759765625 18.427585601806640625 18.225866317749023438 18.025197982788085938 17.828012466430664062 17.636594772338867188 17.453044891357421875 17.2792510986328125 17.116857528686523438 16.967254638671875 16.831499099731445312 16.710260391235351562 16.603689193725585938 16.511327743530273438 16.431993484497070312 16.363634109497070312 16.30318450927734375 16.246252059936523438 16.186712265014648438 16.116006851196289062 16.0225982666015625 15.891569137573242188 15.704720497131347656 15.441138267517089844 15.078097343444824219 14.592391014099121094 13.961404800415039062 13.165604591369628906 12.190874099731445312 11.031545639038085938 9.691059112548828125 8.1840076446533203125 6.5400447845458984375 4.8143506050109863281 3.0623681545257568359 1.2164162397384643555 -1e100 -1e100 -1e100 -1e100 -1e100 -1e100 -1e100 -1e100 -1e100 -1e100 -1e100 -1e100 -1e100 -1e100 -1e100 -1e100 -1e100 -1e100 -1e100 -1e100 -1e100 -1e100 -1e100 -1e100 -1e100 -1e100 -1e100 -1e100 -1e100 -1e100 -1e100 -1e100 -1e100 -1e100 -1e100 -1e100 -1e100 -1e100 -1e100 -1e100 -1e100 -1e100 -1e100 -1e100 -1e100 -1e100 -1e100 -1e100 -1e100 -1e100 -1e100 -1e100 -1e100 -1e100 -1e100 -1e100 -1e100 -1e100 -1e100 -1e100 -1e100 -1e100 -1e100 -1e100 -1e100 -1e100 -1e100 -1e100 -1e100 -1e100 -1e100 -1e100 -1e100 -1e100 -1e100 -1e100 -1e100 -1e100 -1e100 -1e100 -1e100 -1e100 -1e100 -1e100 -1e100 -1e100 -1e100 -1e100 -1e100 -1e100 -1e100 -1e100 -1e100 -1e100 -1e100 -1e100 -1e100 -1e100 -1e100 -1e100 -1e100 -1e100
 -1e100 -1e100 -1e100 -1e100 -1e100 -1e100 -1e100 -1e100 -1e100 -1e100 -1e100 -1e100 -1e100 -1e100 -1e100 -1e100 -1e100 -1e100 -1e100 -1e100 -1e100 -1e100 19.129055023193359375 19.010921478271484375 18.87261199951171875 18.716440200805664062 18.54485321044921875 18.360363006591796875 18.16544342041015625 17.962545394897460938 17.75405120849609375 17.542303085327148438 17.329561233520507812 17.118001937866210938 16.909654617309570312 16.706371307373046875 16.509799957275390625 16.32135009765625 16.142168045043945312 15.973073005676269531 15.814480781555175781 15.666294097900390625 15.527796745300292969 15.3975372314453125 15.273179054260253906 15.151349067687988281 15.027319908142089844 14.894619941711425781 14.744394302368164062 14.564993858337402344 14.341703414916992188 14.05690765380859375 13.690772056579589844 13.222067832946777344 12.629197120666503906 11.890946388244628906 10.988771438598632812 9.9088716506958007812 8.6453266143798828125 7.2022004127502441406 5.5985751152038574219 3.8800196647644042969 2.1655027866363525391 0.60203510522842407227      0 -1e100 -1e100 -1e100 -1e100 -1e100 -1e100 -1e100 -1e100 -1e100 -1e100 -1e100 -1e100 -1e100 -1e100 -1e100 -1e100 -1e100 -1e100 -1e100 -1e100 -1e100 -1e100 -1e100 -1e100 -1e100 -1e100 -1e100 -1e100 -1e100 -1e100 -1e100 -1e100 -1e100 -1e100 -1e100 -1e100 -1e100 -1e100 -1e100 -1e100 -1e100 -1e100 -1e100 -1e100 -1e100 -1e100 -1e100 -1e100 -1e100 -1e100 -1e100 -1e100 -1e100 -1e100 -1e100 -1e100 -1e100 -1e100 -1e100 -1e100 -1e100 -1e100 -1e100 -1e100 -1e100 -1e100 -1e100 -1e100 -1e100 -1e100 -1e100 -1e100 -1e100 -1e100 -1e100 -1e100 -1e100 -1e100 -1e100 -1e100 -1e100 -1e100 -1e100 -1e100 -1e100 -1e100 -1e100 -1e100 -1e100 -1e100 -1e100 -1e100 -1e100 -1e100 -1e100 -1e100 -1e100 -1e100 -1e100 -1e100 -1e100 -1e100
 -1e100 -1e100 -1e100 -1e100 -1e100 -1e100 -1e100 -1e100 -1e100 -1e100 -1e100 -1e100 -1e100 -1e100 -1e100 -1e100 -1e100 -1e100 -1e100 -1e100 -1e100 -1e100 18.499769210815429688 18.377199172973632812 18.2348785400390625 18.07488250732421875 17.899379730224609375 17.710580825805664062 17.510667800903320312 17.30181121826171875 17.08612060546875 16.86566925048828125 16.642459869384765625 16.418407440185546875 16.19528961181640625 15.974713325500488281 15.758087158203125 15.546586036682128906 15.341121673583984375 15.142275810241699219 14.950222015380859375 14.764626502990722656 14.584531784057617188 14.408244132995605469 14.233167648315429688 14.055657386779785156 13.870694160461425781 13.671528816223144531 13.44913482666015625 13.191911697387695312 12.885521888732910156 12.513117790222167969 12.056164741516113281 11.495144844055175781 10.8102874755859375 9.9820690155029296875 8.9934587478637695312 7.8315114974975585938 6.4900212287902832031 4.9711208343505859375 3.2900841236114501953 1.4934086799621582031      0      0 -1e100 -1e100 -1e100 -1e100 -1e100 -1e100 -1e100 -1e100 -1e100 -1e100 -1e100 -1e100 -1e100 -1e100 -1e100 -1e100 -1e100 -1e100 -1e100 -1e100 -1e100 -1e100 -1e100 -1e100 -1e100 -1e100 -1e100 -1e100 -1e100 -1e100 -1e100 -1e100 -1e100 -1e100 -1e100 -1e100 -1e100 -1e100 -1e100 -1e100 -1e100 -1e100 -1e100 -1e100 -1e100 -1e100 -1e100 -1e100 -1e100 -1e100 -1e100 -1e100 -1e100 -1e100 -1e100 -1e100 -1e100 -1e100 -1e100 -1e100 -1e100 -1e100 -1e100 -1e100 -1e100 -1e100 -1e100 -1e100 -1e100 -1e100 -1e100 -1e100 -1e100 -1e100 -1e100 -1e100 -1e100 -1e100 -1e100 -1e100 -1e100 -1e100 -1e100 -1e100 -1e100 -1e100 -1e100 -1e100 -1e100 -1e100 -1e100 -1e100 -1e100 -1e100 -1e100 -1e100 -1e100 -1e100 -1e100 -1e100 -1e100 -1e100 -1e100
 -1e100 -1e100 -1e100 -1e100 -1e100 -1e100 -1e100 -1e100 -1e100 -1e100 -1e100 -1e100 -1e100 -1e100 -1e100 -1e100 -1e100 -1e100 -1e100 -1e100 -1e100 17.984209060668945312 17.878032684326171875 17.750888824462890625 17.604494094848632812 17.440715789794921875 17.261476516723632812 17.06873321533203125 16.864412307739257812 16.650421142578125 16.428617477416992188 16.200822830200195312 15.968791007995605469 15.734186172485351562 15.498547554016113281 15.263249397277832031 15.029473304748535156 14.798174858093261719 14.570043563842773438 14.345441818237304688 14.124326705932617188 13.906154632568359375 13.689761161804199219 13.473246574401855469 13.253803253173828125 13.0275726318359375 12.789317131042480469 12.532122611999511719 12.246953010559082031 11.922469139099121094 11.54492950439453125 11.098539352416992188 10.566343307495117188 9.9308443069458007812 9.1744012832641601562 8.27978515625 7.2321410179138183594 6.0207433700561523438 4.6413626670837402344 3.0990421772003173828 1.4161994457244873047      0      0      0 -1e100 -1e100 -1e100 -1e100 -1e100 -1e100 -1e100 -1e100 -1e100 -1e100 -1e100 -1e100 -1e100 -1e100 -1e100 -1e100 -1e100 -1e100 -1e100 -1e100 -1e100 -1e100 -1e100 -1e100 -1e100 -1e100 -1e100 -1e100 -1e100 -1e100 -1e100 -1e100 -1e100 -1e100 -1e100 -1e100 -1e100 -1e100 -1e100 -1e100 -1e100 -1e100 -1e100 -1e100 -1e100 -1e100 -1e100 -1e100 -1e100 -1e100 -1e100 -1e100 -1e100 -1e100 -1e100 -1e100 -1e100 -1e100 -1e100 -1e100 -1e100 -1e100 -1e100 -1e100 -1e100 -1e100 -1e100 -1e100 -1e100 -1e100 -1e100 -1e100 -1e100 -1e100 -1e100 -1e100 -1e100 -1e100 -1e100 -1e100 -1e100 -1e100 -1e100 -1e100 -1e100 -1e100 -1e100 -1e100 -1e100 -1e100 -1e100 -1e100 -1e100 -1e100 -1e100 -1e100 -1e100 -1e100 -1e100 -1e100 -1e100 -1e100 -1e100
 -1e100 -1e100 -1e100 -1e100 -1e100 -1e100 -1e100 -1e100 -1e100 -1e100 -1e100 -1e100 -1e100 -1e100 -1e100 -1e100 -1e100 -1e100 -1e100 -1e100 -1e100 17.379140853881835938 17.267618179321289062 17.135808944702148438 16.98531341552734375 16.817821502685546875 16.635061264038085938 16.438760757446289062 16.230625152587890625 16.012332916259765625 15.785509109497070312 15.551740646362304688 15.312546730041503906 15.069365501403808594 14.823514938354492188 14.576157569885253906 14.328272819519042969 14.080615997314453125 13.833682060241699219 13.587641716003417969 13.342268943786621094 13.096850395202636719 12.850061416625976562 12.599849700927734375 12.343260765075683594 12.076295852661132812 11.793602943420410156 11.488253593444824219 11.151410102844238281 10.772237777709960938 10.337878227233886719 9.83392333984375 9.2453565597534179688 8.5569972991943359375 7.7537169456481933594 6.8209834098815917969 5.7466297149658203125 4.5227589607238769531 3.1479082107543945312 1.6310082674026489258 0.0015474926913157105446      0      0      0 -1e100 -1e100 -1e100 -1e100 -1e100 -1e100 -1e100 -1e100 -1e100 -1e100 -1e100 -1e100 -1e100 -1e100 -1e100 -1e100 -1e100 -1e100 -1e100 -1e100 -1e100 -1e100 -1e100 -1e100 -1e100 -1e100 -1e100 -1e100 -1e100 -1e100 -1e100 -1e100 -1e100 -1e100 -1e100 -1e100 -1e100 -1e100 -1e100 -1e100 -1e100 -1e100 -1e100 -1e100 -1e100 -1e100 -1e100 -1e100 -1e100 -1e100 -1e100 -1e100 -1e100 -1e100 -1e100 -1e100 -1e100 -1e100 -1e100 -1e100 -1e100 -1e100 -1e100 -1e100 -1e100 -1e100 -1e100 -1e100 -1e100 -1e100 -1e100 -1e100 -1e100 -1e100 -1e100 -1e100 -1e100 -1e100 -1e100 -1e100 -1e100 -1e100 -1e100 -1e100 -1e100 -1e100 -1e100 -1e100 -1e100 -1e100 -1e100 -1e100 -1e100 -1e100 -1e100 -1e100 -1e100 -1e100 -1e100 -1e100 -1e100 -1e100 -1e100
 -1e100 -1e100 -1e100 -1e100 -1e100 -1e100 -1e100 -1e100 -1e100 -1e100 -1e100 -1e100 -1e100 -1e100 -1e100 -1e100 -1e100 -1e100 -1e100 -1e100 -1e100 16.788583755493164062 16.67159271240234375 16.535036087036132812 16.380420684814453125 16.20929718017578125 16.023227691650390625 15.823756217956542969 15.612394332885742188 15.390616416931152344 15.159842491149902344 14.921445846557617188 14.676738739013671875 14.426955223083496094 14.173220634460449219 13.91651153564453125 13.657629013061523438 13.397159576416015625 13.135433197021484375 12.872467041015625 12.6078948974609375 12.34088134765625 12.069993019104003906 11.793087005615234375 11.507138252258300781 11.208098411560058594 10.890622138977050781 10.547954559326171875 10.171679496765136719 9.7517232894897460938 9.2764196395874023438 8.7331409454345703125 8.10910797119140625 7.3916749954223632812 6.5684080123901367188 5.6275162696838378906 4.5595107078552246094 3.3588931560516357422 2.0264885425567626953 0.5740121006965637207      0      0      0      0 -1e100 -1e100 -1e100 -1e100 -1e100 -1e100 -1e100 -1e100 -1e100 -1e100 -1e100 -1e100 -1e100 -1e100 -1e100 -1e100 -1e100 -1e100 -1e100 -1e100 -1e100 -1e100 -1e100 -1e100 -1e100 -1e100 -1e100 -1e100 -1e100 -1e100 -1e100 -1e100 -1e100 -1e100 -1e100 -1e100 -1e100 -1e100 -1e100 -1e100 -1e100 -1e100 -1e100 -1e100 -1e100 -1e100 -1e100 -1e100 -1e100 -1e100 -1e100 -1e100 -1e100 -1e100 -1e100 -1e100 -1e100 -1e100 -1e100 -1e100 -1e100 -1e100 -1e100 -1e100 -1e100 -1e100 -1e100 -1e100 -1e100 -1e100 -1e100 -1e100 -1e100 -1e100 -1e100 -1e100 -1e100 -1e100 -1e100 -1e100 -1e100 -1e100 -1e100 -1e100 -1e100 -1e100 -1e100 -1e100 -1e100 -1e100 -1e100 -1e100 -1e100 -1e100 -1e100 -1e100 -1e100 -1e100 -1e100 -1e100 -1e100 -1e100 -1e100
 -1e100 -1e100 -1e100 -1e100 -1e100 -1e100 -1e100 -1e100 -1e100 -1e100 -1e100 -1e100 -1e100 -1e100 -1e100 -1e100 -1e100 -1e100 -1e100 -1e100 -1e100 16.2149658203125 16.092357635498046875 15.950943946838378906 15.792163848876953125 15.617463111877441406 15.428270339965820312 15.225979804992675781 15.011939048767089844 14.787448883056640625 14.553745269775390625 14.31201934814453125 14.063401222229003906 13.808954238891601562 13.549633979797363281 13.28626251220703125 13.019490242004394531 12.749766349792480469 12.477290153503417969 12.20196533203125 11.92333221435546875 11.640478134155273438 11.351918220520019531 11.055482864379882812 10.748149871826171875 10.425916671752929688 10.083594322204589844 9.7147817611694335938 9.3116903305053710938 8.8652591705322265625 8.3653421401977539062 7.8013906478881835938 7.163082122802734375 6.4403986930847167969 5.623592376708984375 4.7035112380981445312 3.6730492115020751953 2.5286304950714111328 1.2726897001266479492      0      0      0      0      0 -1e100 -1e100 -1e100 -1e100 -1e100 -1e100 -1e100 -1e100 -1e100 -1e100 -1e100 -1e100 -1e100 -1e100 -1e100 -1e100 -1e100 -1e100 -1e100 -1e100 -1e100 -1e100 -1e100 -1e100 -1e100 -1e100 -1e100 -1e100 -1e100 -1e100 -1e100 -1e100 -1e100 -1e100 -1e100 -1e100 -1e100 -1e100 -1e100 -1e100 -1e100 -1e100 -1e100 -1e100 -1e100 -1e100 -1e100 -1e100 -1e100 -1e100 -1e100 -1e100 -1e100 -1e100 -1e100 -1e100 -1e100 -1e100 -1e100 -1e100 -1e100 -1e100 -1e100 -1e100 -1e100 -1e100 -1e100 -1e100 -1e100 -1e100 -1e100 -1e100 -1e100 -1e100 -1e100 -1e100 -1e100 -1e100 -1e100 -1e100 -1e100 -1e100 -1e100 -1e100 -1e100 -1e100 -1e100 -1e100 -1e100 -1e100 -1e100 -1e100 -1e100 -1e100 -1e100 -1e100 -1e100 -1e100 -1e100 -1e100 -1e100 -1e100 -1e100
 -1e100 -1e100 -1e100 -1e100 -1e100 -1e100 -1e100 -1e100 -1e100 -1e100 -1e100 -1e100 -1e100 -1e100 -1e100 -1e100 -1e100 -1e100 -1e100 -1e100 15.769102096557617188 15.660092353820800781 15.531652450561523438 15.385209083557128906 15.222162246704101562 15.043882369995117188 14.851695060729980469 14.646876335144042969 14.430639266967773438 14.204133987426757812 13.968445777893066406 13.724609375 13.473605155944824219 13.216349601745605469 12.9536590576171875 12.686224937438964844 12.414579391479492188 12.139060020446777344 11.859773635864257812 11.576548576354980469 11.288868904113769531 10.995791435241699219 10.695826530456542969 10.386837005615234375 10.065871238708496094 9.7290735244750976562 9.371540069580078125 8.987377166748046875 8.5695943832397460938 8.1103696823120117188 7.6012988090515136719 7.0341200828552246094 6.401012420654296875 5.6945843696594238281 4.9076757431030273438 4.0336441993713378906 3.0676157474517822266 2.0076699256896972656 0.85738295316696166992      0      0      0      0      0 -1e100 -1e100 -1e100 -1e100 -1e100 -1e100 -1e100 -1e100 -1e100 -1e100 -1e100 -1e100 -1e100 -1e100 -1e100 -1e100 -1e100 -1e100 -1e100 -1e100 -1e100 -1e100 -1e100 -1e100 -1e100 -1e100 -1e100 -1e100 -1e100 -1e100 -1e100 -1e100 -1e100 -1e100 -1e100 -1e100 -1e100 -1e100 -1e100 -1e100 -1e100 -1e100 -1e100 -1e100 -1e100 -1e100 -1e100 -1e100 -1e100 -1e100 -1e100 -1e100 -1e100 -1e100 -1e100 -1e100 -1e100 -1e100 -1e100 -1e100 -1e100 -1e100 -1e100 -1e100 -1e100 -1e100 -1e100 -1e100 -1e100 -1e100 -1e100 -1e100 -1e100 -1e100 -1e100 -1e100 -1e100 -1e100 -1e100 -1e100 -1e100 -1e100 -1e100 -1e100 -1e100 -1e100 -1e100 -1e100 -1e100 -1e100 -1e100 -1e100 -1e100 -1e100 -1e100 -1e100 -1e100 -1e100 -1e100 -1e100 -1e100 -1e100 -1e100
 -1e100 -1e100 -1e100 -1e100 -1e100 -1e100 -1e100 -1e100 -1e100 -1e100 -1e100 -1e100 -1e100 -1e100 -1e100 -1e100 -1e100 -1e100 -1e100 -1e100 15.241225242614746094 15.125233650207519531 14.990644454956054688 14.838908195495605469 14.671406745910644531 14.489461898803710938 14.2943267822265625 14.087182998657226562 13.869135856628417969 13.641214370727539062 13.40438079833984375 13.159540176391601562 12.907551765441894531 12.64920806884765625 12.385214805603027344 12.116151809692382812 11.84246063232421875 11.564395904541015625 11.282000541687011719 10.99505615234375 10.703027725219726562 10.404973983764648438 10.099439620971679688 9.78436279296875 9.4569263458251953125 9.113498687744140625 8.7495632171630859375 8.3598299026489257812 7.9382348060607910156 7.4783034324645996094 6.9734883308410644531 6.4177861213684082031 5.8057856559753417969 5.1325626373291015625 4.3933901786804199219 3.5840547084808349609 2.7018876075744628906 1.7464842796325683594 0.7220236659049987793      0      0      0      0      0 -1e100 -1e100 -1e100 -1e100 -1e100 -1e100 -1e100 -1e100 -1e100 -1e100 -1e100 -1e100 -1e100 -1e100 -1e100 -1e100 -1e100 -1e100 -1e100 -1e100 -1e100 -1e100 -1e100 -1e100 -1e100 -1e100 -1e100 -1e100 -1e100 -1e100 -1e100 -1e100 -1e100 -1e100 -1e100 -1e100 -1e100 -1e100 -1e100 -1e100 -1e100 -1e100 -1e100 -1e100 -1e100 -1e100 -1e100 -1e100 -1e100 -1e100 -1e100 -1e100 -1e100 -1e100 -1e100 -1e100 -1e100 -1e100 -1e100 -1e100 -1e100 -1e100 -1e100 -1e100 -1e100 -1e100 -1e100 -1e100 -1e100 -1e100 -1e100 -1e100 -1e100 -1e100 -1e100 -1e100 -1e100 -1e100 -1e100 -1e100 -1e100 -1e100 -1e100 -1e100 -1e100 -1e100 -1e100 -1e100 -1e100 -1e100 -1e100 -1e100 -1e100 -1e100 -1e100 -1e100 -1e100 -1e100 -1e100 -1e100 -1e100 -1e100 -1e100
 -1e100 -1e100 -1e100 -1e100 -1e100 -1e100 -1e100 -1e100 -1e100 -1e100 -1e100 -1e100 -1e100 -1e100 -1e100 -1e100 -1e100 -1e100 -1e100 -1e100 14.734647750854492188 14.611186027526855469 14.470005989074707031 14.312596321105957031 14.14034271240234375 13.954539299011230469 13.756390571594238281 13.5470123291015625 13.327424049377441406 13.098561286926269531 12.861286163330078125 12.616402626037597656 12.364666938781738281 12.106774330139160156 11.843332290649414062 11.574837684631347656 11.301656723022460938 11.023984909057617188 10.741823196411132812 10.454931259155273438 10.162775993347167969 9.86444091796875 9.5585355758666992188 9.2431049346923828125 8.9155073165893554688 8.5723905563354492188 8.2096805572509765625 7.8227415084838867188 7.4064702987670898438 6.9557614326477050781 6.4658265113830566406 5.9327235221862792969 5.3531694412231445312 4.7244396209716796875 4.0439763069152832031 3.3098254203796386719 2.5213222503662109375 1.679369807243347168 0.78805911540985107422      0      0      0      0      0 -1e100 -1e100 -1e100 -1e100 -1e100 -1e100 -1e100 -1e100 -1e100 -1e100 -1e100 -1e100 -1e100 -1e100 -1e100 -1e100 -1e100 -1e100 -1e100 -1e100 -1e100 -1e100 -1e100 -1e100 -1e100 -1e100 -1e100 -1e100 -1e100 -1e100 -1e100 -1e100 -1e100 -1e100 -1e100 -1e100 -1e100 -1e100 -1e100 -1e100 -1e100 -1e100 -1e100 -1e100 -1e100 -1e100 -1e100 -1e100 -1e100 -1e100 -1e100 -1e100 -1e100 -1e100 -1e100 -1e100 -1e100 -1e100 -1e100 -1e100 -1e100 -1e100 -1e100 -1e100 -1e100 -1e100 -1e100 -1e100 -1e100 -1e100 -1e100 -1e100 -1e100 -1e100 -1e100 -1e100 -1e100 -1e100 -1e100 -1e100 -1e100 -1e100 -1e100 -1e100 -1e100 -1e100 -1e100 -1e100 -1e100 -1e100 -1e100 -1e100 -1e100 -1e100 -1e100 -1e100 -1e100 -1e100 -1e100 -1e100 -1e100 -1e100 -1e100
 -1e100 -1e100 -1e100 -1e100 -1e100 -1e100 -1e100 -1e100 -1e100 -1e100 -1e100 -1e100 -1e100 -1e100 -1e100 -1e100 -1e100 -1e100 -1e100 -1e100 14.249937057495117188 14.118363380432128906 13.970005989074707031 13.806405067443847656 13.628968238830566406 13.438983917236328125 13.237630844116210938 13.025974273681640625 12.804974555969238281 12.575496673583984375 12.338321685791015625 12.094172477722167969 11.843722343444824219 11.587582588195800781 11.326282501220703125 11.060250282287597656 10.789791107177734375 10.515055656433105469 10.236020088195800781 9.952434539794921875 9.6637811660766601562 9.3691864013671875 9.0673379898071289062 8.7564077377319335938 8.433956146240234375 8.0969362258911132812 7.7417359352111816406 7.3643660545349121094 6.9606647491455078125 6.5267553329467773438 6.0593767166137695312 5.5562801361083984375 5.0159330368041992188 4.43740081787109375 3.8199679851531982422 3.1635763645172119141 2.4691624641418457031 1.7384257316589355469 0.97477328777313232422 0.18568846583366394043      0      0      0      0 -1e100 -1e100 -1e100 -1e100 -1e100 -1e100 -1e100 -1e100 -1e100 -1e100 -1e100 -1e100 -1e100 -1e100 -1e100 -1e100 -1e100 -1e100 -1e100 -1e100 -1e100 -1e100 -1e100 -1e100 -1e100 -1e100 -1e100 -1e100 -1e100 -1e100 -1e100 -1e100 -1e100 -1e100 -1e100 -1e100 -1e100 -1e100 -1e100 -1e100 -1e100 -1e100 -1e100 -1e100 -1e100 -1e100 -1e100 -1e100 -1e100 -1e100 -1e100 -1e100 -1e100 -1e100 -1e100 -1e100 -1e100 -1e100 -1e100 -1e100 -1e100 -1e100 -1e100 -1e100 -1e100 -1e100 -1e100 -1e100 -1e100 -1e100 -1e100 -1e100 -1e100 -1e100 -1e100 -1e100 -1e100 -1e100 -1e100 -1e100 -1e100 -1e100 -1e100 -1e100 -1e100 -1e100 -1e100 -1e100 -1e100 -1e100 -1e100 -1e100 -1e100 -1e100 -1e100 -1e100 -1e100 -1e100 -1e100 -1e100 -1e100 -1e100 -1e100
 -1e100 -1e100 -1e100 -1e100 -1e100 -1e100 -1e100 -1e100 -1e100 -1e100 -1e100 -1e100 -1e100 -1e100 -1e100 -1e100 -1e100 -1e100 -1e100 13.910302162170410156 13.787402153015136719 13.646906852722167969 13.490626335144042969 13.320168495178222656 13.136974334716796875 12.942346572875976562 12.737452507019042969 12.523328781127929688 12.300893783569335938 12.070957183837890625 11.834238052368164062 11.591393470764160156 11.343026161193847656 11.089677810668945312 10.83180999755859375 10.569790840148925781 10.303875923156738281 10.034180641174316406 9.7606611251831054688 9.4830675125122070312 9.2009019851684570312 8.9133396148681640625 8.6191539764404296875 8.3166522979736328125 8.0036058425903320312 7.6772809028625488281 7.3345117568969726562 6.9719204902648925781 6.586170196533203125 6.1743893623352050781 5.7345147132873535156 5.2655577659606933594 4.7672514915466308594 4.2399883270263671875 3.6844463348388671875 3.1020290851593017578 2.4946119785308837891 1.864063262939453125 1.2124994993209838867 0.54367715120315551758      0      0      0      0 -1e100 -1e100 -1e100 -1e100 -1e100 -1e100 -1e100 -1e100 -1e100 -1e100 -1e100 -1e100 -1e100 -1e100 -1e100 -1e100 -1e100 -1e100 -1e100 -1e100 -1e100 -1e100 -1e100 -1e100 -1e100 -1e100 -1e100 -1e100 -1e100 -1e100 -1e100 -1e100 -1e100 -1e100 -1e100 -1e100 -1e100 -1e100 -1e100 -1e100 -1e100 -1e100 -1e100 -1e100 -1e100 -1e100 -1e100 -1e100 -1e100 -1e100 -1e100 -1e100 -1e100 -1e100 -1e100 -1e100 -1e100 -1e100 -1e100 -1e100 -1e100 -1e100 -1e100 -1e100 -1e100 -1e100 -1e100 -1e100 -1e100 -1e100 -1e100 -1e100 -1e100 -1e100 -1e100 -1e100 -1e100 -1e100 -1e100 -1e100 -1e100 -1e100 -1e100 -1e100 -1e100 -1e100 -1e100 -1e100 -1e100 -1e100 -1e100 -1e100 -1e100 -1e100 -1e100 -1e100 -1e100 -1e100 -1e100 -1e100 -1e100 -1e100 -1e100
 -1e100 -1e100 -1e100 -1e100 -1e100 -1e100 -1e100 -1e100 -1e100 -1e100 -1e100 -1e100 -1e100 -1e100 -1e100 -1e100 -1e100 -1e100 -1e100 13.480956077575683594 13.347182273864746094 13.196780204772949219 13.031667709350585938 12.853528976440429688 12.663854598999023438 12.463971138000488281 12.255048751831054688 12.038112640380859375 11.814050674438476562 11.583629608154296875 11.347522735595703125 11.106329917907714844 10.860593795776367188 10.610793113708496094 10.357329368591308594 10.100515365600585938 9.8405618667602539062 9.5775518417358398438 9.3114223480224609375 9.04192352294921875 8.7685756683349609375 8.4906024932861328125 8.2068653106689453125 7.9158043861389160156 7.6154022216796875 7.3032245635986328125 6.9765276908874511719 6.6324644088745117188 6.2683629989624023438 5.8821115493774414062 5.472492218017578125 5.0392999649047851562 4.5830249786376953125 4.1048402786254882812 3.6063151359558105469 3.0896394252777099609 2.5569548606872558594 2.0096428394317626953 1.4481576681137084961 0.87304532527923583984 0.28574582934379577637      0      0      0 -1e100 -1e100 -1e100 -1e100 -1e100 -1e100 -1e100 -1e100 -1e100 -1e100 -1e100 -1e100 -1e100 -1e100 -1e100 -1e100 -1e100 -1e100 -1e100 -1e100 -1e100 -1e100 -1e100 -1e100 -1e100 -1e100 -1e100 -1e100 -1e100 -1e100 -1e100 -1e100 -1e100 -1e100 -1e100 -1e100 -1e100 -1e100 -1e100 -1e100 -1e100 -1e100 -1e100 -1e100 -1e100 -1e100 -1e100 -1e100 -1e100 -1e100 -1e100 -1e100 -1e100 -1e100 -1e100 -1e100 -1e100 -1e100 -1e100 -1e100 -1e100 -1e100 -1e100 -1e100 -1e100 -1e100 -1e100 -1e100 -1e100 -1e100 -1e100 -1e100 -1e100 -1e100 -1e100 -1e100 -1e100 -1e100 -1e100 -1e100 -1e100 -1e100 -1e100 -1e100 -1e100 -1e100 -1e100 -1e100 -1e100 -1e100 -1e100 -1e100 -1e100 -1e100 -1e100 -1e100 -1e100 -1e100 -1e100 -1e100 -1e100 -1e100 -1e100
 -1e100 -1e100 -1e100 -1e100 -1e100 -1e100 -1e100 -1e100 -1e100 -1e100 -1e100 -1e100 -1e100 -1e100 -1e100 -1e100 -1e100 -1e100 -1e100 13.075240135192871094 12.929360389709472656 12.767896652221679688 12.5928802490234375 12.406083106994628906 12.209052085876464844 12.003149032592773438 11.789561271667480469 11.569306373596191406 11.343256950378417969 11.112148284912109375 10.876611709594726562 10.637201309204101562 10.39440155029296875 10.148634910583496094 9.9002447128295898438 9.6494903564453125 9.3965368270874023438 9.1414318084716796875 8.8840894699096679688 8.6242532730102539062 8.3614587783813476562 8.0949697494506835938 7.8237271308898925781 7.54630279541015625 7.260875701904296875 6.96529388427734375 6.6571817398071289062 6.3341193199157714844 5.9939408302307128906 5.6350545883178710938 5.2567391395568847656 4.8591089248657226562 4.4429411888122558594 4.0096411705017089844 3.5610880851745605469 3.0995743274688720703 2.6268975734710693359 2.1435043811798095703 1.6482737064361572266 1.1390280723571777344 0.61303067207336425781 0.066832974553108215332      0      0 -1e100 -1e100 -1e100 -1e100 -1e100 -1e100 -1e100 -1e100 -1e100 -1e100 -1e100 -1e100 -1e100 -1e100 -1e100 -1e100 -1e100 -1e100 -1e100 -1e100 -1e100 -1e100 -1e100 -1e100 -1e100 -1e100 -1e100 -1e100 -1e100 -1e100 -1e100 -1e100 -1e100 -1e100 -1e100 -1e100 -1e100 -1e100 -1e100 -1e100 -1e100 -1e100 -1e100 -1e100 -1e100 -1e100 -1e100 -1e100 -1e100 -1e100 -1e100 -1e100 -1e100 -1e100 -1e100 -1e100 -1e100 -1e100 -1e100 -1e100 -1e100 -1e100 -1e100 -1e100 -1e100 -1e100 -1e100 -1e100 -1e100 -1e100 -1e100 -1e100 -1e100 -1e100 -1e100 -1e100 -1e100 -1e100 -1e100 -1e100 -1e100 -1e100 -1e100 -1e100 -1e100 -1e100 -1e100 -1e100 -1e100 -1e100 -1e100 -1e100 -1e100 -1e100 -1e100 -1e100 -1e100 -1e100 -1e100 -1e100 -1e100 -1e100 -1e100
 -1e100 -1e100 -1e100 -1e100 -1e100 -1e100 -1e100 -1e100 -1e100 -1e100 -1e100 -1e100 -1e100 -1e100 -1e100 -1e100 -1e100 -1e100 -1e100 12.693429946899414062 12.534037590026855469 12.360189437866210938 12.174036979675292969 11.977445602416992188 11.772030830383300781 11.559198379516601562 11.340153694152832031 11.115922927856445312 10.887366294860839844 10.655194282531738281 10.420006752014160156 10.182308197021484375 9.942535400390625 9.7010488510131835938 9.45813751220703125 9.2140016555786132812 8.96875762939453125 8.722412109375 8.4748477935791015625 8.22579193115234375 7.9747819900512695312 7.7211141586303710938 7.4638009071350097656 7.2015290260314941406 6.9326572418212890625 6.6552786827087402344 6.3673119544982910156 6.0666685104370117188 5.7515363693237304688 5.4206304550170898438 5.07340240478515625 4.709957122802734375 4.3309597969055175781 3.9376251697540283203 3.5316121578216552734 3.1147656440734863281 2.6880872249603271484 2.2510344982147216797 1.8010612726211547852 1.3337055444717407227 0.84280979633331298828 0.32193082571029663086      0      0 -1e100 -1e100 -1e100 -1e100 -1e100 -1e100 -1e100 -1e100 -1e100 -1e100 -1e100 -1e100 -1e100 -1e100 -1e100 -1e100 -1e100 -1e100 -1e100 -1e100 -1e100 -1e100 -1e100 -1e100 -1e100 -1e100 -1e100 -1e100 -1e100 -1e100 -1e100 -1e100 -1e100 -1e100 -1e100 -1e100 -1e100 -1e100 -1e100 -1e100 -1e100 -1e100 -1e100 -1e100 -1e100 -1e100 -1e100 -1e100 -1e100 -1e100 -1e100 -1e100 -1e100 -1e100 -1e100 -1e100 -1e100 -1e100 -1e100 -1e100 -1e100 -1e100 -1e100 -1e100 -1e100 -1e100 -1e100 -1e100 -1e100 -1e100 -1e100 -1e100 -1e100 -1e100 -1e100 -1e100 -1e100 -1e100 -1e100 -1e100 -1e100 -1e100 -1e100 -1e100 -1e100 -1e100 -1e100 -1e100 -1e100 -1e100 -1e100 -1e100 -1e100 -1e100 -1e100 -1e100 -1e100 -1e100 -1e100 -1e100 -1e100 -1e100 -1e100
 -1e100 -1e100 -1e100 -1e100 -1e100 -1e100 -1e100 -1e100 -1e100 -1e100 -1e100 -1e100 -1e100 -1e100 -1e100 -1e100 -1e100 -1e100 12.494432449340820312 12.335848808288574219 12.161365509033203125 11.973646163940429688 11.774970054626464844 11.567302703857421875 11.352331161499023438 11.131510734558105469 10.906078338623046875 10.677069664001464844 10.445338249206542969 10.211576461791992188 9.9763517379760742188 9.7401256561279296875 9.5032815933227539062 9.2661228179931640625 9.0288724899291992188 8.7916746139526367188 8.5545854568481445312 8.3175611495971679688 8.0804414749145507812 7.8429236412048339844 7.6045370101928710938 7.3645987510681152344 7.1221761703491210938 6.8760547637939453125 6.6247425079345703125 6.3665232658386230469 6.0995416641235351562 5.8219475746154785156 5.5321531295776367188 5.2289929389953613281 4.9118795394897460938 4.5806608200073242188 4.2356705665588378906 3.8776187896728515625 3.5076131820678710938 3.1266648769378662109 2.7349011898040771484 2.3308577537536621094 1.9109643697738647461 1.4691244363784790039 0.99669528007507324219 0.48736280202865600586      0      0 -1e100 -1e100 -1e100 -1e100 -1e100 -1e100 -1e100 -1e100 -1e100 -1e100 -1e100 -1e100 -1e100 -1e100 -1e100 -1e100 -1e100 -1e100 -1e100 -1e100 -1e100 -1e100 -1e100 -1e100 -1e100 -1e100 -1e100 -1e100 -1e100 -1e100 -1e100 -1e100 -1e100 -1e100 -1e100 -1e100 -1e100 -1e100 -1e100 -1e100 -1e100 -1e100 -1e100 -1e100 -1e100 -1e100 -1e100 -1e100 -1e100 -1e100 -1e100 -1e100 -1e100 -1e100 -1e100 -1e100 -1e100 -1e100 -1e100 -1e100 -1e100 -1e100 -1e100 -1e100 -1e100 -1e100 -1e100 -1e100 -1e100 -1e100 -1e100 -1e100 -1e100 -1e100 -1e100 -1e100 -1e100 -1e100 -1e100 -1e100 -1e100 -1e100 -1e100 -1e100 -1e100 -1e100 -1e100 -1e100 -1e100 -1e100 -1e100 -1e100 -1e100 -1e100 -1e100 -1e100 -1e100 -1e100 -1e100 -1e100 -1e100 -1e100 -1e100
 -1e100 -1e100 -1e100 -1e100 -1e100 -1e100 -1e100 -1e100 -1e100 -1e100 -1e100 -1e100 -1e100 -1e100 -1e100 -1e100 -1e100 -1e100 12.179461479187011719 12.00289154052734375 11.811575889587402344 11.608342170715332031 11.395602226257324219 11.175426483154296875 10.949584007263183594 10.719583511352539062 10.486698150634765625 10.251976966857910156 10.016272544860839844 9.7802610397338867188 9.5444765090942382812 9.3093404769897460938 9.0751771926879882812 8.8422307968139648438 8.61065673828125 8.3805294036865234375 8.1518383026123046875 7.9244751930236816406 7.6982250213623046875 7.4727416038513183594 7.2475342750549316406 7.0219249725341796875 6.7950201034545898438 6.565677642822265625 6.33251190185546875 6.0939459800720214844 5.8482832908630371094 5.5938329696655273438 5.3291182518005371094 5.0529656410217285156 4.7645959854125976562 4.4635338783264160156 4.1496481895446777344 3.8230569362640380859 3.4841086864471435547 3.1329443454742431641 2.7688426971435546875 2.3897376060485839844 1.9916129112243652344 1.5680273771286010742 1.1116602420806884766 0.61926311254501342773 0.099546462297439575195      0 -1e100 -1e100 -1e100 -1e100 -1e100 -1e100 -1e100 -1e100 -1e100 -1e100 -1e100 -1e100 -1e100 -1e100 -1e100 -1e100 -1e100 -1e100 -1e100 -1e100 -1e100 -1e100 -1e100 -1e100 -1e100 -1e100 -1e100 -1e100 -1e100 -1e100 -1e100 -1e100 -1e100 -1e100 -1e100 -1e100 -1e100 -1e100 -1e100 -1e100 -1e100 -1e100 -1e100 -1e100 -1e100 -1e100 -1e100 -1e100 -1e100 -1e100 -1e100 -1e100 -1e100 -1e100 -1e100 -1e100 -1e100 -1e100 -1e100 -1e100 -1e100 -1e100 -1e100 -1e100 -1e100 -1e100 -1e100 -1e100 -1e100 -1e100 -1e100 -1e100 -1e100 -1e100 -1e100 -1e100 -1e100 -1e100 -1e100 -1e100 -1e100 -1e100 -1e100 -1e100 -1e100 -1e100 -1e100 -1e100 -1e100 -1e100 -1e100 -1e100 -1e100 -1e100 -1e100 -1e100 -1e100 -1e100 -1e100 -1e100 -1e100 -1e100 -1e100
 -1e100 -1e100 -1e100 -1e100 -1e100 -1e100 -1e100 -1e100 -1e100 -1e100 -1e100 -1e100 -1e100 -1e100 -1e100 -1e100 -1e100 -1e100 11.891589164733886719 11.695034027099609375 11.484984397888183594 11.264437675476074219 11.035946846008300781 10.801692962646484375 10.56352996826171875 10.323030471801757812 10.081501960754394531 9.8400163650512695312 9.5994243621826171875 9.3603868484497070312 9.1234083175659179688 8.8888616561889648438 8.6570148468017578125 8.428043365478515625 8.2020282745361328125 7.9789662361145019531 7.7587671279907226562 7.5412464141845703125 7.3261175155639648438 7.1129784584045410156 6.9013037681579589844 6.6904048919677734375 6.4794025421142578125 6.2671947479248046875 6.0524606704711914062 5.833709716796875 5.6093454360961914062 5.3777680397033691406 5.1375265121459960938 4.8873505592346191406 4.6262388229370117188 4.353374481201171875 4.0681619644165039062 3.7701017856597900391 3.4587924480438232422 3.1335265636444091797 2.7928850650787353516 2.4343934059143066406 2.0538856983184814453 1.6455384492874145508 1.2040599584579467773 0.73089468479156494141 0.22875612974166870117      0 -1e100 -1e100 -1e100 -1e100 -1e100 -1e100 -1e100 -1e100 -1e100 -1e100 -1e100 -1e100 -1e100 -1e100 -1e100 -1e100 -1e100 -1e100 -1e100 -1e100 -1e100 -1e100 -1e100 -1e100 -1e100 -1e100 -1e100 -1e100 -1e100 -1e100 -1e100 -1e100 -1e100 -1e100 -1e100 -1e100 -1e100 -1e100 -1e100 -1e100 -1e100 -1e100 -1e100 -1e100 -1e100 -1e100 -1e100 -1e100 -1e100 -1e100 -1e100 -1e100 -1e100 -1e100 -1e100 -1e100 -1e100 -1e100 -1e100 -1e100 -1e100 -1e100 -1e100 -1e100 -1e100 -1e100 -1e100 -1e100 -1e100 -1e100 -1e100 -1e100 -1e100 -1e100 -1e100 -1e100 -1e100 -1e100 -1e100 -1e100 -1e100 -1e100 -1e100 -1e100 -1e100 -1e100 -1e100 -1e100 -1e100 -1e100 -1e100 -1e100 -1e100 -1e100 -1e100 -1e100 -1e100 -1e100 -1e100 -1e100 -1e100 -1e100 -1e100
 -1e100 -1e100 -1e100 -1e100 -1e100 -1e100 -1e100 -1e100 -1e100 -1e100 -1e100 -1e100 -1e100 -1e100 -1e100 -1e100 -1e100 -1e100 11.631552696228027344 11.412852287292480469 11.182011604309082031 10.942206382751464844 10.696134567260742188 10.446096420288085938 10.194037437438964844 9.9415960311889648438 9.69012451171875 9.4407148361206054688 9.19422149658203125 8.9512882232666015625 8.7123861312866210938 8.477840423583984375 8.2478551864624023438 8.0225315093994140625 7.8018665313720703125 7.5857691764831542969 7.3740553855895996094 7.1664485931396484375 6.9625768661499023438 6.7619676589965820312 6.5640430450439453125 6.3680834770202636719 6.1731963157653808594 5.9782834053039550781 5.7820463180541992188 5.5830349922180175781 5.3796992301940917969 5.1704702377319335938 4.9538564682006835938 4.7284641265869140625 4.4930639266967773438 4.2465214729309082031 3.9877932071685791016 3.7158079147338867188 3.4294493198394775391 3.1272501945495605469 2.8072011470794677734 2.4664647579193115234 2.1009428501129150391 1.7061945199966430664 1.278796076774597168 0.81870186328887939453 0.32791703939437866211 -1e100 -1e100 -1e100 -1e100 -1e100 -1e100 -1e100 -1e100 -1e100 -1e100 -1e100 -1e100 -1e100 -1e100 -1e100 -1e100 -1e100 -1e100 -1e100 -1e100 -1e100 -1e100 -1e100 -1e100 -1e100 -1e100 -1e100 -1e100 -1e100 -1e100 -1e100 -1e100 -1e100 -1e100 -1e100 -1e100 -1e100 -1e100 -1e100 -1e100 -1e100 -1e100 -1e100 -1e100 -1e100 -1e100 -1e100 -1e100 -1e100 -1e100 -1e100 -1e100 -1e100 -1e100 -1e100 -1e100 -1e100 -1e100 -1e100 -1e100 -1e100 -1e100 -1e100 -1e100 -1e100 -1e100 -1e100 -1e100 -1e100 -1e100 -1e100 -1e100 -1e100 -1e100 -1e100 -1e100 -1e100 -1e100 -1e100 -1e100 -1e100 -1e100 -1e100 -1e100 -1e100 -1e100 -1e100 -1e100 -1e100 -1e100 -1e100 -1e100 -1e100 -1e100 -1e100 -1e100 -1e100 -1e100 -1e100 -1e100 -1e100 -1e100 -1e100 -1e100
 -1e100 -1e100 -1e100 -1e100 -1e100 -1e100 -1e100 -1e100 -1e100 -1e100 -1e100 -1e100 -1e100 -1e100 -1e100 -1e100 -1e100 -1e100 11.400179862976074219 11.157015800476074219 10.903176307678222656 10.64202117919921875 10.376401901245117188 10.108745574951171875 9.8410959243774414062 9.5751619338989257812 9.3123445510864257812 9.0537586212158203125 8.8002634048461914062 8.5524854660034179688 8.31085968017578125 8.0756578445434570312 7.8470149040222167969 7.6249494552612304688 7.4093656539916992188 7.2000699043273925781 6.9967708587646484375 6.7990841865539550781 6.6065349578857421875 6.4185624122619628906 6.234516143798828125 6.0536203384399414062 5.8749380111694335938 5.6973400115966796875 5.5195112228393554688 5.3399972915649414062 5.157245635986328125 4.96966552734375 4.7756886482238769531 4.5737824440002441406 4.36249542236328125 4.14038848876953125 3.9060063362121582031 3.6577486991882324219 3.3938512802124023438 3.1121811866760253906 2.8102271556854248047 2.4849028587341308594 2.1324069499969482422 1.7490510940551757812 1.3319171667098999023 0.88029825687408447266 0.39567211270332336426      0 -1e100 -1e100 -1e100 -1e100 -1e100 -1e100 -1e100 -1e100 -1e100 -1e100 -1e100 -1e100 -1e100 -1e100 -1e100 -1e100 -1e100 -1e100 -1e100 -1e100 -1e100 -1e100 -1e100 -1e100 -1e100 -1e100 -1e100 -1e100 -1e100 -1e100 -1e100 -1e100 -1e100 -1e100 -1e100 -1e100 -1e100 -1e100 -1e100 -1e100 -1e100 -1e100 -1e100 -1e100 -1e100 -1e100 -1e100 -1e100 -1e100 -1e100 -1e100 -1e100 -1e100 -1e100 -1e100 -1e100 -1e100 -1e100 -1e100 -1e100 -1e100 -1e100 -1e100 -1e100 -1e100 -1e100 -1e100 -1e100 -1e100 -1e100 -1e100 -1e100 -1e100 -1e100 -1e100 -1e100 -1e100 -1e100 -1e100 -1e100 -1e100 -1e100 -1e100 -1e100 -1e100 -1e100 -1e100 -1e100 -1e100 -1e100 -1e100 -1e100 -1e100 -1e100 -1e100 -1e100 -1e100 -1e100 -1e100 -1e100 -1e100 -1e100 -1e100
 -1e100 -1e100 -1e100 -1e100 -1e100 -1e100 -1e100 -1e100 -1e100 -1e100 -1e100 -1e100 -1e100 -1e100 -1e100 -1e100 -1e100 11.455326080322265625 11.198406219482421875 10.928307533264160156 10.649115562438964844 10.3643798828125 10.077116012573242188 9.7898845672607421875 9.5048351287841796875 9.2237548828125 8.9480962753295898438 8.6789999008178710938 8.4173288345336914062 8.1636915206909179688 7.9184842109680175781 7.681919097900390625 7.4540548324584960938 7.2348179817199707031 7.0240082740783691406 6.8213167190551757812 6.6263284683227539062 6.4385333061218261719 6.2573347091674804688 6.0820622444152832031 5.9119696617126464844 5.7461962699890136719 5.5837292671203613281 5.4233756065368652344 5.2637658119201660156 5.1034002304077148438 4.9406785964965820312 4.7739472389221191406 4.601531982421875 4.42174530029296875 4.2329111099243164062 4.0332922935485839844 3.8210439682006835938 3.5940814018249511719 3.3500654697418212891 3.0863077640533447266 2.799861907958984375 2.4874405860900878906 2.1455035209655761719 1.7705657482147216797 1.359927058219909668 0.91317129135131835938 0.43195012211799621582      0 -1e100 -1e100 -1e100 -1e100 -1e100 -1e100 -1e100 -1e100 -1e100 -1e100 -1e100 -1e100 -1e100 -1e100 -1e100 -1e100 -1e100 -1e100 -1e100 -1e100 -1e100 -1e100 -1e100 -1e100 -1e100 -1e100 -1e100 -1e100 -1e100 -1e100 -1e100 -1e100 -1e100 -1e100 -1e100 -1e100 -1e100 -1e100 -1e100 -1e100 -1e100 -1e100 -1e100 -1e100 -1e100 -1e100 -1e100 -1e100 -1e100 -1e100 -1e100 -1e100 -1e100 -1e100 -1e100 -1e100 -1e100 -1e100 -1e100 -1e100 -1e100 -1e100 -1e100 -1e100 -1e100 -1e100 -1e100 -1e100 -1e100 -1e100 -1e100 -1e100 -1e100 -1e100 -1e100 -1e100 -1e100 -1e100 -1e100 -1e100 -1e100 -1e100 -1e100 -1e100 -1e100 -1e100 -1e100 -1e100 -1e100 -1e100 -1e100 -1e100 -1e100 -1e100 -1e100 -1e100 -1e100 -1e100 -1e100 -1e100 -1e100 -1e100 -1e100
 -1e100 -1e100 -1e100 -1e100 -1e100 -1e100 -1e100 -1e100 -1e100 -1e100 -1e100 -1e100 -1e100 -1e100 -1e100 -1e100 -1e100 11.315212249755859375 11.027266502380371094 10.7276153564453125 10.420572280883789062 10.109890937805175781 9.7987575531005859375 9.4898786544799804688 9.1855154037475585938 8.8875398635864257812 8.5974597930908203125 8.3164453506469726562 8.045360565185546875 7.7847952842712402344 7.5351014137268066406 7.2964267730712890625 7.0687456130981445312 6.8518829345703125 6.6455197334289550781 6.44921875 6.2624220848083496094 6.0844774246215820312 5.9146432876586914062 5.7521157264709472656 5.5960254669189453125 5.4453973770141601562 5.2991127967834472656 5.1558818817138671875 5.0142464637756347656 4.872623443603515625 4.7293305397033691406 4.5826120376586914062 4.4306612014770507812 4.2716155052185058594 4.1035628318786621094 3.9244649410247802734 3.7321035861968994141 3.5239598751068115234 3.2972135543823242188 3.0487191677093505859 2.7751593589782714844 2.4730198383331298828 2.1388087272644042969 1.7692476511001586914 1.3620650768280029297 0.91743981838226318359 0.43793249130249023438      0 -1e100 -1e100 -1e100 -1e100 -1e100 -1e100 -1e100 -1e100 -1e100 -1e100 -1e100 -1e100 -1e100 -1e100 -1e100 -1e100 -1e100 -1e100 -1e100 -1e100 -1e100 -1e100 -1e100 -1e100 -1e100 -1e100 -1e100 -1e100 -1e100 -1e100 -1e100 -1e100 -1e100 -1e100 -1e100 -1e100 -1e100 -1e100 -1e100 -1e100 -1e100 -1e100 -1e100 -1e100 -1e100 -1e100 -1e100 -1e100 -1e100 -1e100 -1e100 -1e100 -1e100 -1e100 -1e100 -1e100 -1e100 -1e100 -1e100 -1e100 -1e100 -1e100 -1e100 -1e100 -1e100 -1e100 -1e100 -1e100 -1e100 -1e100 -1e100 -1e100 -1e100 -1e100 -1e100 -1e100 -1e100 -1e100 -1e100 -1e100 -1e100 -1e100 -1e100 -1e100 -1e100 -1e100 -1e100 -1e100 -1e100 -1e100 -1e100 -1e100 -1e100 -1e100 -1e100 -1e100 -1e100 -1e100 -1e100 -1e100 -1e100 -1e100 -1e100
 -1e100 -1e100 -1e100 -1e100 -1e100 -1e100 -1e100 -1e100 -1e100 -1e100 -1e100 -1e100 -1e100 -1e100 -1e100 -1e100 -1e100 11.209769248962402344 10.88791656494140625 10.555947303771972656 10.218418121337890625 9.8792963027954101562 9.541950225830078125 9.2092390060424804688 8.8835468292236328125 8.566837310791015625 8.2606782913208007812 7.9662675857543945312 7.6844758987426757812 7.4158673286437988281 7.1607470512390136719 6.919189453125 6.6910762786865234375 6.4761190414428710938 6.2738690376281738281 6.0837426185607910156 5.9050235748291015625 5.7368927001953125 5.578441619873046875 5.428707122802734375 5.2866673469543457031 5.1512026786804199219 5.0210580825805664062 4.8948149681091308594 4.7708964347839355469 4.6476063728332519531 4.5231466293334960938 4.3956303596496582031 4.2630929946899414062 4.1234726905822753906 3.9746084213256835938 3.8141543865203857422 3.6395359039306640625 3.4478499889373779297 3.2358820438385009766 3.0001292228698730469 2.7369532585144042969 2.4426233768463134766 2.1135804653167724609 1.7467075586318969727 1.3402427434921264648 0.8951562047004699707 0.41562259197235107422      0 -1e100 -1e100 -1e100 -1e100 -1e100 -1e100 -1e100 -1e100 -1e100 -1e100 -1e100 -1e100 -1e100 -1e100 -1e100 -1e100 -1e100 -1e100 -1e100 -1e100 -1e100 -1e100 -1e100 -1e100 -1e100 -1e100 -1e100 -1e100 -1e100 -1e100 -1e100 -1e100 -1e100 -1e100 -1e100 -1e100 -1e100 -1e100 -1e100 -1e100 -1e100 -1e100 -1e100 -1e100 -1e100 -1e100 -1e100 -1e100 -1e100 -1e100 -1e100 -1e100 -1e100 -1e100 -1e100 -1e100 -1e100 -1e100 -1e100 -1e100 -1e100 -1e100 -1e100 -1e100 -1e100 -1e100 -1e100 -1e100 -1e100 -1e100 -1e100 -1e100 -1e100 -1e100 -1e100 -1e100 -1e100 -1e100 -1e100 -1e100 -1e100 -1e100 -1e100 -1e100 -1e100 -1e100 -1e100 -1e100 -1e100 -1e100 -1e100 -1e100 -1e100 -1e100 -1e100 -1e100 -1e100 -1e100 -1e100 -1e100 -1e100 -1e100 -1e100
 -1e100 -1e100 -1e100 -1e100 -1e100 -1e100 -1e100 -1e100 -1e100 -1e100 -1e100 -1e100 -1e100 -1e100 -1e100 -1e100 -1e100 11.140413284301757812 10.78162384033203125 10.414434432983398438 10.043652534484863281 9.6734714508056640625 9.3074522018432617188 8.948619842529296875 8.599491119384765625 8.2621259689331054688 7.9381580352783203125 7.6288175582885742188 7.3349771499633789062 7.0571746826171875 6.7956609725952148438 6.5504317283630371094 6.3212637901306152344 6.1077451705932617188 5.9092822074890136719 5.7251296043395996094 5.5543923377990722656 5.3960628509521484375 5.2490406036376953125 5.1121730804443359375 4.9842572212219238281 4.8639974594116210938 4.7499709129333496094 4.6406006813049316406 4.5341663360595703125 4.4288311004638671875 4.3226571083068847656 4.21360015869140625 4.0995154380798339844 3.9781248569488525391 3.8470084667205810547 3.7035121917724609375 3.5447247028350830078 3.3674013614654541016 3.1680119037628173828 2.9427642822265625 2.6877539157867431641 2.3990535736083984375 2.0730047225952148438 1.7066341638565063477 1.2985337972640991211 0.8501936793327331543 0.36815494298934936523      0 -1e100 -1e100 -1e100 -1e100 -1e100 -1e100 -1e100 -1e100 -1e100 -1e100 -1e100 -1e100 -1e100 -1e100 -1e100 -1e100 -1e100 -1e100 -1e100 -1e100 -1e100 -1e100 -1e100 -1e100 -1e100 -1e100 -1e100 -1e100 -1e100 -1e100 -1e100 -1e100 -1e100 -1e100 -1e100 -1e100 -1e100 -1e100 -1e100 -1e100 -1e100 -1e100 -1e100 -1e100 -1e100 -1e100 -1e100 -1e100 -1e100 -1e100 -1e100 -1e100 -1e100 -1e100 -1e100 -1e100 -1e100 -1e100 -1e100 -1e100 -1e100 -1e100 -1e100 -1e100 -1e100 -1e100 -1e100 -1e100 -1e100 -1e100 -1e100 -1e100 -1e100 -1e100 -1e100 -1e100 -1e100 -1e100 -1e100 -1e100 -1e100 -1e100 -1e100 -1e100 -1e100 -1e100 -1e100 -1e100 -1e100 -1e100 -1e100 -1e100 -1e100 -1e100 -1e100 -1e100 -1e100 -1e100 -1e100 -1e100 -1e100 -1e100 -1e100
 -1e100 -1e100 -1e100 -1e100 -1e100 -1e100 -1e100 -1e100 -1e100 -1e100 -1e100 -1e100 -1e100 -1e100 -1e100 -1e100 11.495264053344726562 11.108684539794921875 10.709792137145996094 10.304346084594726562 9.8974199295043945312 9.493442535400390625 9.0961818695068359375 8.7088413238525390625 8.334079742431640625 7.9740643501281738281 7.6304955482482910156 7.3046407699584960938 6.9973731040954589844 6.7092008590698242188 6.4403142929077148438 6.19062042236328125 5.9597826004028320312 5.7472505569458007812 5.5522732734680175781 5.3739256858825683594 5.2111139297485351562 5.0626187324523925781 4.927120208740234375 4.8032484054565429688 4.6895847320556640625 4.5846276283264160156 4.4867548942565917969 4.3942050933837890625 4.3050889968872070312 4.2174091339111328125 4.1290640830993652344 4.0378351211547851562 3.9413793087005615234 3.8371934890747070312 3.7225930690765380859 3.5946228504180908203 3.4500560760498046875 3.2853426933288574219 3.0966823101043701172 2.8800427913665771484 2.6313188076019287109 2.3464534282684326172 2.0218164920806884766 1.6546438932418823242 1.2435778379440307617 0.79014116525650024414 0.30245625972747802734      0 -1e100 -1e100 -1e100 -1e100 -1e100 -1e100 -1e100 -1e100 -1e100 -1e100 -1e100 -1e100 -1e100 -1e100 -1e100 -1e100 -1e100 -1e100 -1e100 -1e100 -1e100 -1e100 -1e100 -1e100 -1e100 -1e100 -1e100 -1e100 -1e100 -1e100 -1e100 -1e100 -1e100 -1e100 -1e100 -1e100 -1e100 -1e100 -1e100 -1e100 -1e100 -1e100 -1e100 -1e100 -1e100 -1e100 -1e100 -1e100 -1e100 -1e100 -1e100 -1e100 -1e100 -1e100 -1e100 -1e100 -1e100 -1e100 -1e100 -1e100 -1e100 -1e100 -1e100 -1e100 -1e100 -1e100 -1e100 -1e100 -1e100 -1e100 -1e100 -1e100 -1e100 -1e100 -1e100 -1e100 -1e100 -1e100 -1e100 -1e100 -1e100 -1e100 -1e100 -1e100 -1e100 -1e100 -1e100 -1e100 -1e100 -1e100 -1e100 -1e100 -1e100 -1e100 -1e100 -1e100 -1e100 -1e100 -1e100 -1e100 -1e100 -1e100 -1e100
 -1e100 -1e100 -1e100 -1e100 -1e100 -1e100 -1e100 -1e100 -1e100 -1e100 -1e100 -1e100 -1e100 -1e100 -1e100 -1e100 11.547924041748046875 11.116261482238769531 10.6739654541015625 10.227102279663085938 9.7810192108154296875 9.3403959274291992188 8.9092245101928710938 8.4908962249755859375 8.088226318359375 7.7034964561462402344 7.3384833335876464844 6.9944906234741210938 6.6723923683166503906 6.3726630210876464844 6.095424652099609375 5.8404860496520996094 5.6073846817016601562 5.3954219818115234375 5.2036714553833007812 5.03101348876953125 4.8761324882507324219 4.737575531005859375 4.6137728691101074219 4.5031085014343261719 4.4039158821105957031 4.3144521713256835938 4.2328677177429199219 4.1571903228759765625 4.085338592529296875 4.0151333808898925781 3.9442927837371826172 3.8704075813293457031 3.7909274101257324219 3.7031164169311523438 3.6040277481079101562 3.4904189109802246094 3.3587727546691894531 3.2052655220031738281 3.0258586406707763672 2.8163256645202636719 2.5724339485168457031 2.2901637554168701172 1.9661582708358764648 1.5980871915817260742 1.1851358413696289062 0.72990769147872924805 0.24426649510860443115      0      0 -1e100 -1e100 -1e100 -1e100 -1e100 -1e100 -1e100 -1e100 -1e100 -1e100 -1e100 -1e100 -1e100 -1e100 -1e100 -1e100 -1e100 -1e100 -1e100 -1e100 -1e100 -1e100 -1e100 -1e100 -1e100 -1e100 -1e100 -1e100 -1e100 -1e100 -1e100 -1e100 -1e100 -1e100 -1e100 -1e100 -1e100 -1e100 -1e100 -1e100 -1e100 -1e100 -1e100 -1e100 -1e100 -1e100 -1e100 -1e100 -1e100 -1e100 -1e100 -1e100 -1e100 -1e100 -1e100 -1e100 -1e100 -1e100 -1e100 -1e100 -1e100 -1e100 -1e100 -1e100 -1e100 -1e100 -1e100 -1e100 -1e100 -1e100 -1e100 -1e100 -1e100 -1e100 -1e100 -1e100 -1e100 -1e100 -1e100 -1e100 -1e100 -1e100 -1e100 -1e100 -1e100 -1e100 -1e100 -1e100 -1e100 -1e100 -1e100 -1e100 -1e100 -1e100 -1e100 -1e100 -1e100 -1e100 -1e100 -1e100 -1e100 -1e100
 -1e100 -1e100 -1e100 -1e100 -1e100 -1e100 -1e100 -1e100 -1e100 -1e100 -1e100 -1e100 -1e100 -1e100 -1e100 -1e100 11.645265579223632812 11.164963722229003906 10.675839424133300781 10.184274673461914062 9.6959075927734375 9.2156839370727539062 8.7478313446044921875 8.2959499359130859375 7.8630232810974121094 7.4514565467834472656 7.0631113052368164062 6.6993284225463867188 6.3609838485717773438 6.0485110282897949219 5.7619571685791015625 5.5010209083557128906 5.2651033401489257812 5.0533418655395507812 4.8646221160888671875 4.6976108551025390625 4.550750732421875 4.4223275184631347656 4.3104963302612304688 4.213359832763671875 4.1289715766906738281 4.0553159713745117188 3.9902834892272949219 3.9316651821136474609 3.8771655559539794922 3.8244044780731201172 3.7709038257598876953 3.7140517234802246094 3.6510825157165527344 3.5790262222290039062 3.4946808815002441406 3.3945362567901611328 3.2748131752014160156 3.1314465999603271484 2.9601948261260986328 2.7566857337951660156 2.5166540145874023438 2.2362735271453857422 1.9126640558242797852 1.5443717241287231445 1.1323266029357910156 0.68131184577941894531 0.2037537693977355957      0      0 -1e100 -1e100 -1e100 -1e100 -1e100 -1e100 -1e100 -1e100 -1e100 -1e100 -1e100 -1e100 -1e100 -1e100 -1e100 -1e100 -1e100 -1e100 -1e100 -1e100 -1e100 -1e100 -1e100 -1e100 -1e100 -1e100 -1e100 -1e100 -1e100 -1e100 -1e100 -1e100 -1e100 -1e100 -1e100 -1e100 -1e100 -1e100 -1e100 -1e100 -1e100 -1e100 -1e100 -1e100 -1e100 -1e100 -1e100 -1e100 -1e100 -1e100 -1e100 -1e100 -1e100 -1e100 -1e100 -1e100 -1e100 -1e100 -1e100 -1e100 -1e100 -1e100 -1e100 -1e100 -1e100 -1e100 -1e100 -1e100 -1e100 -1e100 -1e100 -1e100 -1e100 -1e100 -1e100 -1e100 -1e100 -1e100 -1e100 -1e100 -1e100 -1e100 -1e100 -1e100 -1e100 -1e100 -1e100 -1e100 -1e100 -1e100 -1e100 -1e100 -1e100 -1e100 -1e100 -1e100 -1e100 -1e100 -1e100 -1e100 -1e100 -1e100
 -1e100 -1e100 -1e100 -1e100 -1e100 -1e100 -1e100 -1e100 -1e100 -1e100 -1e100 -1e100 -1e100 -1e100 -1e100 -1e100 11.789406776428222656 11.256781578063964844 10.717278480529785156 10.177609443664550781 9.6437168121337890625 9.1208314895629882812 8.6134347915649414062 8.1253528594970703125 7.6597523689270019531 7.2191767692565917969 6.8055768013000488281 6.4203367233276367188 6.0643291473388671875 5.7379431724548339844 5.4411401748657226562 5.1734981536865234375 4.9342675209045410156 4.7224097251892089844 4.5366063117980957031 4.3752918243408203125 4.236644744873046875 4.118663787841796875 4.0191979408264160156 3.9360380172729492188 3.8669214248657226562 3.8095264434814453125 3.7614543437957763672 3.7202332019805908203 3.683330535888671875 3.6481468677520751953 3.6119940280914306641 3.5720474720001220703 3.5253224372863769531 3.4686172008514404297 3.3984873294830322266 3.3111774921417236328 3.2026777267456054688 3.0687146186828613281 2.904880523681640625 2.7067072391510009766 2.4699747562408447266 2.1911263465881347656 1.8678530454635620117 1.499930262565612793 1.090008854866027832 0.64389264583587646484 0.1704715043306350708      0      0 -1e100 -1e100 -1e100 -1e100 -1e100 -1e100 -1e100 -1e100 -1e100 -1e100 -1e100 -1e100 -1e100 -1e100 -1e100 -1e100 -1e100 -1e100 -1e100 -1e100 -1e100 -1e100 -1e100 -1e100 -1e100 -1e100 -1e100 -1e100 -1e100 -1e100 -1e100 -1e100 -1e100 -1e100 -1e100 -1e100 -1e100 -1e100 -1e100 -1e100 -1e100 -1e100 -1e100 -1e100 -1e100 -1e100 -1e100 -1e100 -1e100 -1e100 -1e100 -1e100 -1e100 -1e100 -1e100 -1e100 -1e100 -1e100 -1e100 -1e100 -1e100 -1e100 -1e100 -1e100 -1e100 -1e100 -1e100 -1e100 -1e100 -1e100 -1e100 -1e100 -1e100 -1e100 -1e100 -1e100 -1e100 -1e100 -1e100 -1e100 -1e100 -1e100 -1e100 -1e100 -1e100 -1e100 -1e100 -1e100 -1e100 -1e100 -1e100 -1e100 -1e100 -1e100 -1e100 -1e100 -1e100 -1e100 -1e100 -1e100 -1e100 -1e100
 -1e100 -1e100 -1e100 -1e100 -1e100 -1e100 -1e100 -1e100 -1e100 -1e100 -1e100 -1e100 -1e100 -1e100 -1e100 12.558893203735351562 11.982618331909179688 11.393860816955566406 10.800309181213378906 10.209015846252441406 9.6262464523315429688 9.0575351715087890625 8.507640838623046875 7.9806346893310546875 7.4798846244812011719 7.0080857276916503906 6.5672869682312011719 6.1589174270629882812 5.7838459014892578125 5.4424066543579101562 5.1344671249389648438 4.8594708442687988281 4.6165041923522949219 4.4043383598327636719 4.2214336395263671875 4.0659718513488769531 3.9358434677124023438 3.8287334442138671875 3.7421524524688720703 3.6735448837280273438 3.6202971935272216797 3.5797479152679443359 3.5491800308227539062 3.5258326530456542969 3.5069150924682617188 3.4895913600921630859 3.4709506034851074219 3.4479494094848632812 3.4173834323883056641 3.3758268356323242188 3.3196113109588623047 3.2447640895843505859 3.1470746994018554688 3.0220961570739746094 2.8652892112731933594 2.6721327304840087891 2.4385008811950683594 2.1611530780792236328 1.8383927345275878906 1.4710319042205810547 1.0624293088912963867 0.61819988489151000977 0.14628420770168304443      0      0 -1e100 -1e100 -1e100 -1e100 -1e100 -1e100 -1e100 -1e100 -1e100 -1e100 -1e100 -1e100 -1e100 -1e100 -1e100 -1e100 -1e100 -1e100 -1e100 -1e100 -1e100 -1e100 -1e100 -1e100 -1e100 -1e100 -1e100 -1e100 -1e100 -1e100 -1e100 -1e100 -1e100 -1e100 -1e100 -1e100 -1e100 -1e100 -1e100 -1e100 -1e100 -1e100 -1e100 -1e100 -1e100 -1e100 -1e100 -1e100 -1e100 -1e100 -1e100 -1e100 -1e100 -1e100 -1e100 -1e100 -1e100 -1e100 -1e100 -1e100 -1e100 -1e100 -1e100 -1e100 -1e100 -1e100 -1e100 -1e100 -1e100 -1e100 -1e100 -1e100 -1e100 -1e100 -1e100 -1e100 -1e100 -1e100 -1e100 -1e100 -1e100 -1e100 -1e100 -1e100 -1e100 -1e100 -1e100 -1e100 -1e100 -1e100 -1e100 -1e100 -1e100 -1e100 -1e100 -1e100 -1e100 -1e100 -1e100 -1e100 -1e100 -1e100
 -1e100 -1e100 -1e100 -1e100 -1e100 -1e100 -1e100 -1e100 -1e100 -1e100 -1e100 -1e100 -1e100 -1e100 -1e100 12.865544319152832031 12.22736358642578125 11.578547477722167969 10.927156448364257812 10.280603408813476562 9.6454973220825195312 9.027698516845703125 8.4322671890258789062 7.8635439872741699219 7.3251190185546875 6.8198528289794921875 6.3499021530151367188 5.9167418479919433594 5.52123260498046875 5.1636481285095214844 4.8437466621398925781 4.5608234405517578125 4.3137869834899902344 4.1011991500854492188 3.9212815761566162109 3.7719416618347167969 3.6507556438446044922 3.5550637245178222656 3.4820044040679931641 3.4286394119262695312 3.3919696807861328125 3.3689620494842529297 3.3565523624420166016 3.3516669273376464844 3.3512363433837890625 3.3521735668182373047 3.3513343334197998047 3.3454542160034179688 3.3311140537261962891 3.3046803474426269531 3.2622849941253662109 3.1997690200805664062 3.1127555370330810547 2.9966537952423095703 2.8468253612518310547 2.6587309837341308594 2.4283726215362548828 2.15280914306640625 1.8308711051940917969 1.4638619422912597656 1.0554091930389404297 0.61126416921615600586 0.13908122479915618896      0      0 -1e100 -1e100 -1e100 -1e100 -1e100 -1e100 -1e100 -1e100 -1e100 -1e100 -1e100 -1e100 -1e100 -1e100 -1e100 -1e100 -1e100 -1e100 -1e100 -1e100 -1e100 -1e100 -1e100 -1e100 -1e100 -1e100 -1e100 -1e100 -1e100 -1e100 -1e100 -1e100 -1e100 -1e100 -1e100 -1e100 -1e100 -1e100 -1e100 -1e100 -1e100 -1e100 -1e100 -1e100 -1e100 -1e100 -1e100 -1e100 -1e100 -1e100 -1e100 -1e100 -1e100 -1e100 -1e100 -1e100 -1e100 -1e100 -1e100 -1e100 -1e100 -1e100 -1e100 -1e100 -1e100 -1e100 -1e100 -1e100 -1e100 -1e100 -1e100 -1e100 -1e100 -1e100 -1e100 -1e100 -1e100 -1e100 -1e100 -1e100 -1e100 -1e100 -1e100 -1e100 -1e100 -1e100 -1e100 -1e100 -1e100 -1e100 -1e100 -1e100 -1e100 -1e100 -1e100 -1e100 -1e100 -1e100 -1e100 -1e100 -1e100 -1e100
 -1e100 -1e100 -1e100 -1e100 -1e100 -1e100 -1e100 -1e100 -1e100 -1e100 -1e100 -1e100 -1e100 -1e100 -1e100 13.230543136596679688 12.526291847229003906 11.81337738037109375 11.100246429443359375 10.394692420959472656 9.7036895751953125 9.0334529876708984375 8.3893709182739257812 7.7760801315307617188 7.1974158287048339844 6.6564211845397949219 6.1553678512573242188 5.6957798004150390625 5.27850341796875 4.9037408828735351562 4.5711274147033691406 4.2797946929931640625 4.0284514427185058594 3.8154339790344238281 3.6387021541595458984 3.4958639144897460938 3.3841528892517089844 3.3005304336547851562 3.2417273521423339844 3.2043859958648681641 3.1850869655609130859 3.1803953647613525391 3.1868724822998046875 3.2011103630065917969 3.2197430133819580078 3.2394189834594726562 3.256755828857421875 3.2682681083679199219 3.2703344821929931641 3.2591342926025390625 3.2306320667266845703 3.1805167198181152344 3.1042797565460205078 2.9972186088562011719 2.8546261787414550781 2.6719682216644287109 2.4453785419464111328 2.1721761226654052734 1.8515291213989257812 1.4849313497543334961 1.0760720968246459961 0.6307767033576965332 0.15664233267307281494      0      0 -1e100 -1e100 -1e100 -1e100 -1e100 -1e100 -1e100 -1e100 -1e100 -1e100 -1e100 -1e100 -1e100 -1e100 -1e100 -1e100 -1e100 -1e100 -1e100 -1e100 -1e100 -1e100 -1e100 -1e100 -1e100 -1e100 -1e100 -1e100 -1e100 -1e100 -1e100 -1e100 -1e100 -1e100 -1e100 -1e100 -1e100 -1e100 -1e100 -1e100 -1e100 -1e100 -1e100 -1e100 -1e100 -1e100 -1e100 -1e100 -1e100 -1e100 -1e100 -1e100 -1e100 -1e100 -1e100 -1e100 -1e100 -1e100 -1e100 -1e100 -1e100 -1e100 -1e100 -1e100 -1e100 -1e100 -1e100 -1e100 -1e100 -1e100 -1e100 -1e100 -1e100 -1e100 -1e100 -1e100 -1e100 -1e100 -1e100 -1e100 -1e100 -1e100 -1e100 -1e100 -1e100 -1e100 -1e100 -1e100 -1e100 -1e100 -1e100 -1e100 -1e100 -1e100 -1e100 -1e100 -1e100 -1e100 -1e100 -1e100 -1e100 -1e100
 -1e100 -1e100 -1e100 -1e100 -1e100 -1e100 -1e100 -1e100 -1e100 -1e100 -1e100 -1e100 -1e100 -1e100 -1e100 13.65689849853515625 12.882313728332519531 12.101159095764160156 11.322285652160644531 10.553891181945800781 9.8033418655395507812 9.0772352218627929688 8.3813219070434570312 7.7205653190612792969 7.0990700721740722656 6.5200796127319335938 5.9859910011291503906 5.4983758926391601562 5.0580601692199707031 4.6651620864868164062 4.3191761970520019531 4.0190477371215820312 3.7632651329040527344 3.5499138832092285156 3.3766679763793945312 3.240810394287109375 3.13919830322265625 3.0683789253234863281 3.0246365070343017578 3.0041582584381103516 3.0030703544616699219 3.0175075531005859375 3.0436327457427978516 3.0776836872100830078 3.1159839630126953125 3.1549077033996582031 3.190830230712890625 3.2200522422790527344 3.238765716552734375 3.2429933547973632812 3.2285671234130859375 3.1910634040832519531 3.1258819103240966797 3.0282487869262695312 2.8934228420257568359 2.7168905735015869141 2.4949071407318115234 2.2249996662139892578 1.9064962863922119141 1.5408383607864379883 1.131531834602355957 0.68428409099578857422 0.20698304474353790283      0      0 -1e100 -1e100 -1e100 -1e100 -1e100 -1e100 -1e100 -1e100 -1e100 -1e100 -1e100 -1e100 -1e100 -1e100 -1e100 -1e100 -1e100 -1e100 -1e100 -1e100 -1e100 -1e100 -1e100 -1e100 -1e100 -1e100 -1e100 -1e100 -1e100 -1e100 -1e100 -1e100 -1e100 -1e100 -1e100 -1e100 -1e100 -1e100 -1e100 -1e100 -1e100 -1e100 -1e100 -1e100 -1e100 -1e100 -1e100 -1e100 -1e100 -1e100 -1e100 -1e100 -1e100 -1e100 -1e100 -1e100 -1e100 -1e100 -1e100 -1e100 -1e100 -1e100 -1e100 -1e100 -1e100 -1e100 -1e100 -1e100 -1e100 -1e100 -1e100 -1e100 -1e100 -1e100 -1e100 -1e100 -1e100 -1e100 -1e100 -1e100 -1e100 -1e100 -1e100 -1e100 -1e100 -1e100 -1e100 -1e100 -1e100 -1e100 -1e100 -1e100 -1e100 -1e100 -1e100 -1e100 -1e100 -1e100 -1e100 -1e100 -1e100 -1e100
 -1e100 -1e100 -1e100 -1e100 -1e100 -1e100 -1e100 -1e100 -1e100 -1e100 -1e100 -1e100 -1e100 -1e100 14.982854843139648438 14.147877693176269531 13.298612594604492188 12.444990158081054688 11.596286773681640625 10.761126518249511719 9.9472990036010742188 9.1618223190307617188 8.4108419418334960938 7.6996827125549316406 7.032749176025390625 6.4135022163391113281 5.8444733619689941406 5.3272809982299804688 4.8627228736877441406 4.4508147239685058594 4.0908885002136230469 3.7816755771636962891 3.5214166641235351562 3.3079195022583007812 3.1385467052459716797 3.0102248191833496094 2.9194004535675048828 2.8621680736541748047 2.8343267440795898438 2.8315711021423339844 2.8495419025421142578 2.8839166164398193359 2.9304382801055908203 2.9849741458892822266 3.0435254573822021484 3.1021845340728759766 3.1570847034454345703 3.20432281494140625 3.2399268150329589844 3.2597963809967041016 3.2596721649169921875 3.2350640296936035156 3.1813313961029052734 3.0936806201934814453 2.967388153076171875 2.7979881763458251953 2.5818428993225097656 2.3165824413299560547 2.0014867782592773438 1.6377240419387817383 1.2284400463104248047 0.77929633855819702148 0.29878276586532592773      0      0      0 -1e100 -1e100 -1e100 -1e100 -1e100 -1e100 -1e100 -1e100 -1e100 -1e100 -1e100 -1e100 -1e100 -1e100 -1e100 -1e100 -1e100 -1e100 -1e100 -1e100 -1e100 -1e100 -1e100 -1e100 -1e100 -1e100 -1e100 -1e100 -1e100 -1e100 -1e100 -1e100 -1e100 -1e100 -1e100 -1e100 -1e100 -1e100 -1e100 -1e100 -1e100 -1e100 -1e100 -1e100 -1e100 -1e100 -1e100 -1e100 -1e100 -1e100 -1e100 -1e100 -1e100 -1e100 -1e100 -1e100 -1e100 -1e100 -1e100 -1e100 -1e100 -1e100 -1e100 -1e100 -1e100 -1e100 -1e100 -1e100 -1e100 -1e100 -1e100 -1e100 -1e100 -1e100 -1e100 -1e100 -1e100 -1e100 -1e100 -1e100 -1e100 -1e100 -1e100 -1e100 -1e100 -1e100 -1e100 -1e100 -1e100 -1e100 -1e100 -1e100 -1e100 -1e100 -1e100 -1e100 -1e100 -1e100 -1e100 -1e100 -1e100
 -1e100 -1e100 -1e100 -1e100 -1e100 -1e100 -1e100 -1e100 -1e100 -1e100 -1e100 -1e100 -1e100 -1e100 15.623067855834960938 14.707117080688476562 13.778763771057128906 12.848378181457519531 11.92568206787109375 11.019755363464355469 10.138848304748535156 9.290435791015625 8.4811010360717773438 7.7165703773498535156 7.0015783309936523438 6.339824676513671875 5.7339825630187988281 5.1857171058654785156 4.6957836151123046875 4.2640743255615234375 3.8897280693054199219 3.5712299346923828125 3.3065400123596191406 3.0931591987609863281 2.9281077384948730469 2.8079245090484619141 2.7286090850830078125 2.6857631206512451172 2.6746602058410644531 2.6904659271240234375 2.728305816650390625 2.7833757400512695312 2.8509819507598876953 2.9266071319580078125 3.0059189796447753906 3.08472442626953125 3.1589169502258300781 3.22440338134765625 3.2770755290985107422 3.3127489089965820312 3.3271181583404541016 3.3156845569610595703 3.2738261222839355469 3.1968014240264892578 3.0799629688262939453 2.9189372062683105469 2.7101728916168212891 2.4512641429901123047 2.1412715911865234375 1.7809464931488037109 1.3731135129928588867 0.92358112335205078125 0.44150191545486450195      0      0      0 -1e100 -1e100 -1e100 -1e100 -1e100 -1e100 -1e100 -1e100 -1e100 -1e100 -1e100 -1e100 -1e100 -1e100 -1e100 -1e100 -1e100 -1e100 -1e100 -1e100 -1e100 -1e100 -1e100 -1e100 -1e100 -1e100 -1e100 -1e100 -1e100 -1e100 -1e100 -1e100 -1e100 -1e100 -1e100 -1e100 -1e100 -1e100 -1e100 -1e100 -1e100 -1e100 -1e100 -1e100 -1e100 -1e100 -1e100 -1e100 -1e100 -1e100 -1e100 -1e100 -1e100 -1e100 -1e100 -1e100 -1e100 -1e100 -1e100 -1e100 -1e100 -1e100 -1e100 -1e100 -1e100 -1e100 -1e100 -1e100 -1e100 -1e100 -1e100 -1e100 -1e100 -1e100 -1e100 -1e100 -1e100 -1e100 -1e100 -1e100 -1e100 -1e100 -1e100 -1e100 -1e100 -1e100 -1e100 -1e100 -1e100 -1e100 -1e100 -1e100 -1e100 -1e100 -1e100 -1e100 -1e100 -1e100 -1e100 -1e100 -1e100
 -1e100 -1e100 -1e100 -1e100 -1e100 -1e100 -1e100 -1e100 -1e100 -1e100 -1e100 -1e100 -1e100 -1e100 16.34012603759765625 15.338666915893554688 14.326775550842285156 13.315278053283691406 12.314364433288574219 11.333605766296386719 10.381747245788574219 9.4667711257934570312 8.595745086669921875 7.7748384475708007812 7.0091519355773925781 6.3026471138000488281 5.6581482887268066406 5.0773606300354003906 4.5609807968139648438 4.1087508201599121094 3.7195808887481689453 3.3916695117950439453 3.1226565837860107422 2.9097025394439697266 2.7494528293609619141 2.6380264759063720703 2.5709373950958251953 2.5432541370391845703 2.5496845245361328125 2.5848293304443359375 2.6432700157165527344 2.7197015285491943359 2.8089761734008789062 2.9061810970306396484 3.0066421031951904297 3.1058771610260009766 3.1995444297790527344 3.2833783626556396484 3.3531651496887207031 3.4046783447265625 3.4336199760437011719 3.4355452060699462891 3.405925750732421875 3.3401460647583007812 3.2337038516998291016 3.0823583602905273438 2.88262176513671875 2.6319746971130371094 2.3291649818420410156 1.9745504856109619141 1.5707846879959106445 1.1239203214645385742 0.64353924989700317383 0.14085885882377624512      0      0 -1e100 -1e100 -1e100 -1e100 -1e100 -1e100 -1e100 -1e100 -1e100 -1e100 -1e100 -1e100 -1e100 -1e100 -1e100 -1e100 -1e100 -1e100 -1e100 -1e100 -1e100 -1e100 -1e100 -1e100 -1e100 -1e100 -1e100 -1e100 -1e100 -1e100 -1e100 -1e100 -1e100 -1e100 -1e100 -1e100 -1e100 -1e100 -1e100 -1e100 -1e100 -1e100 -1e100 -1e100 -1e100 -1e100 -1e100 -1e100 -1e100 -1e100 -1e100 -1e100 -1e100 -1e100 -1e100 -1e100 -1e100 -1e100 -1e100 -1e100 -1e100 -1e100 -1e100 -1e100 -1e100 -1e100 -1e100 -1e100 -1e100 -1e100 -1e100 -1e100 -1e100 -1e100 -1e100 -1e100 -1e100 -1e100 -1e100 -1e100 -1e100 -1e100 -1e100 -1e100 -1e100 -1e100 -1e100 -1e100 -1e100 -1e100 -1e100 -1e100 -1e100 -1e100 -1e100 -1e100 -1e100 -1e100 -1e100 -1e100 -1e100
 -1e100 -1e100 -1e100 -1e100 -1e100 -1e100 -1e100 -1e100 -1e100 -1e100 -1e100 -1e100 -1e100 -1e100 17.138622283935546875 16.047119140625 14.9472198486328125 13.850222587585449219 12.766812324523925781 11.707085609436035156 10.680334091186523438 9.6950931549072265625 8.7589702606201171875 7.8786296844482421875 7.0595788955688476562 6.306064605712890625 5.6210732460021972656 5.0063443183898925781 4.4624962806701660156 3.9890882968902587891 3.5847556591033935547 3.2473587989807128906 2.9741716384887695312 2.7619738578796386719 2.6070055961608886719 2.5049335956573486328 2.4507489204406738281 2.4389448165893554688 2.4636225700378417969 2.5187830924987792969 2.5984389781951904297 2.6967647075653076172 2.8081459999084472656 2.9272632598876953125 3.0490946769714355469 3.1688637733459472656 3.2819988727569580078 3.3840799331665039062 3.4708201885223388672 3.5379948616027832031 3.58136749267578125 3.5966172218322753906 3.5793812274932861328 3.5252499580383300781 3.4299294948577880859 3.2893559932708740234 3.1001064777374267578 2.8595328330993652344 2.5661101341247558594 2.2199366092681884766 1.8236386775970458984 1.3834979534149169922 0.90885406732559204102 0.40983954071998596191      0      0 -1e100 -1e100 -1e100 -1e100 -1e100 -1e100 -1e100 -1e100 -1e100 -1e100 -1e100 -1e100 -1e100 -1e100 -1e100 -1e100 -1e100 -1e100 -1e100 -1e100 -1e100 -1e100 -1e100 -1e100 -1e100 -1e100 -1e100 -1e100 -1e100 -1e100 -1e100 -1e100 -1e100 -1e100 -1e100 -1e100 -1e100 -1e100 -1e100 -1e100 -1e100 -1e100 -1e100 -1e100 -1e100 -1e100 -1e100 -1e100 -1e100 -1e100 -1e100 -1e100 -1e100 -1e100 -1e100 -1e100 -1e100 -1e100 -1e100 -1e100 -1e100 -1e100 -1e100 -1e100 -1e100 -1e100 -1e100 -1e100 -1e100 -1e100 -1e100 -1e100 -1e100 -1e100 -1e100 -1e100 -1e100 -1e100 -1e100 -1e100 -1e100 -1e100 -1e100 -1e100 -1e100 -1e100 -1e100 -1e100 -1e100 -1e100 -1e100 -1e100 -1e100 -1e100 -1e100 -1e100 -1e100 -1e100 -1e100 -1e100 -1e100
 -1e100 -1e100 -1e100 -1e100 -1e100 -1e100 -1e100 -1e100 -1e100 -1e100 -1e100 -1e100 -1e100 19.191274642944335938 18.023702621459960938 16.837640762329101562 15.645257949829101562 14.458340644836425781 13.288097381591796875 12.145193099975585938 11.039514541625976562 9.9802150726318359375 8.9755001068115234375 8.0325908660888671875 7.1574449539184570312 6.354625701904296875 5.6272950172424316406 4.9772195816040039062 4.4049201011657714844 3.9097268581390380859 3.4899399280548095703 3.1430211067199707031 2.8658215999603271484 2.6547014713287353516 2.5054638385772705078 2.4132921695709228516 2.3726170063018798828 2.3773162364959716797 2.420841217041015625 2.4965598583221435547 2.5978908538818359375 2.7184727191925048828 2.8522131443023681641 2.9933774471282958984 3.1365854740142822266 3.2767608165740966797 3.4091048240661621094 3.5290598869323730469 3.6322965621948242188 3.7146320343017578125 3.7719476222991943359 3.8001084327697753906 3.7949852943420410156 3.7524406909942626953 3.6684474945068359375 3.5391595363616943359 3.36124420166015625 3.1319947242736816406 2.8497407436370849609 2.5144784450531005859 2.1288740634918212891 1.6990854740142822266 1.2338631153106689453 0.74188524484634399414 0.22871255874633789062      0 -1e100 -1e100 -1e100 -1e100 -1e100 -1e100 -1e100 -1e100 -1e100 -1e100 -1e100 -1e100 -1e100 -1e100 -1e100 -1e100 -1e100 -1e100 -1e100 -1e100 -1e100 -1e100 -1e100 -1e100 -1e100 -1e100 -1e100 -1e100 -1e100 -1e100 -1e100 -1e100 -1e100 -1e100 -1e100 -1e100 -1e100 -1e100 -1e100 -1e100 -1e100 -1e100 -1e100 -1e100 -1e100 -1e100 -1e100 -1e100 -1e100 -1e100 -1e100 -1e100 -1e100 -1e100 -1e100 -1e100 -1e100 -1e100 -1e100 -1e100 -1e100 -1e100 -1e100 -1e100 -1e100 -1e100 -1e100 -1e100 -1e100 -1e100 -1e100 -1e100 -1e100 -1e100 -1e100 -1e100 -1e100 -1e100 -1e100 -1e100 -1e100 -1e100 -1e100 -1e100 -1e100 -1e100 -1e100 -1e100 -1e100 -1e100 -1e100 -1e100 -1e100 -1e100 -1e100 -1e100 -1e100 -1e100 -1e100 -1e100 -1e100
 -1e100 -1e100 -1e100 -1e100 -1e100 -1e100 -1e100 -1e100 -1e100 -1e100 -1e100 -1e100 -1e100 20.269321441650390625 19.0010986328125 17.716007232666015625 16.426677703857421875 15.145396232604980469 13.883927345275878906 12.653551101684570312 11.464808464050292969 10.32753753662109375 9.2506170272827148438 8.241886138916015625 7.3078150749206542969 6.4533209800720214844 5.6817593574523925781 4.9949235916137695312 4.3932046890258789062 3.8756492137908935547 3.4401535987854003906 3.0837030410766601562 2.8026614189147949219 2.5929226875305175781 2.4498190879821777344 2.3680222034454345703 2.3413674831390380859 2.3630745410919189453 2.4259042739868164062 2.5225548744201660156 2.6458306312561035156 2.7888190746307373047 2.9449412822723388672 3.1080369949340820312 3.2723555564880371094 3.4325110912322998047 3.5834772586822509766 3.7205710411071777344 3.8394455909729003906 3.9359996318817138672 4.00627899169921875 4.0463881492614746094 4.0524835586547851562 4.0207514762878417969 3.9474728107452392578 3.8290584087371826172 3.6623175144195556641 3.4445955753326416016 3.1742119789123535156 2.8511667251586914062 2.4779696464538574219 2.0602326393127441406 1.6059706211090087891 1.1242309808731079102 0.6189600825309753418 0.076867721974849700928 -1e100 -1e100 -1e100 -1e100 -1e100 -1e100 -1e100 -1e100 -1e100 -1e100 -1e100 -1e100 -1e100 -1e100 -1e100 -1e100 -1e100 -1e100 -1e100 -1e100 -1e100 -1e100 -1e100 -1e100 -1e100 -1e100 -1e100 -1e100 -1e100 -1e100 -1e100 -1e100 -1e100 -1e100 -1e100 -1e100 -1e100 -1e100 -1e100 -1e100 -1e100 -1e100 -1e100 -1e100 -1e100 -1e100 -1e100 -1e100 -1e100 -1e100 -1e100 -1e100 -1e100 -1e100 -1e100 -1e100 -1e100 -1e100 -1e100 -1e100 -1e100 -1e100 -1e100 -1e100 -1e100 -1e100 -1e100 -1e100 -1e100 -1e100 -1e100 -1e100 -1e100 -1e100 -1e100 -1e100 -1e100 -1e100 -1e100 -1e100 -1e100 -1e100 -1e100 -1e100 -1e100 -1e100 -1e100 -1e100 -1e100 -1e100 -1e100 -1e100 -1e100 -1e100 -1e100 -1e100 -1e100 -1e100 -1e100 -1e100 -1e100
 -1e100 -1e100 -1e100 -1e100 -1e100 -1e100 -1e100 -1e100 -1e100 -1e100 -1e100 -1e100 -1e100 21.450374603271484375 20.077142715454101562 18.688625335693359375 17.297910690307617188 15.917803764343261719 14.560656547546386719 13.238415718078613281 11.962342262268066406 10.743036270141601562 9.5901269912719726562 8.5121603012084960938 7.5161876678466796875 6.6075329780578613281 5.7897725105285644531 5.0647253990173339844 4.4326200485229492188 3.8921606540679931641 3.4407515525817871094 3.0748009681701660156 2.7901034355163574219 2.5820300579071044922 2.4454095363616943359 2.3743772506713867188 2.3621389865875244141 2.4012148380279541016 2.4836304187774658203 2.6013817787170410156 2.7466363906860351562 2.9119200706481933594 3.0901582241058349609 3.2747547626495361328 3.4595732688903808594 3.6389043331146240234 3.8074893951416015625 3.9605269432067871094 4.0936751365661621094 4.2029471397399902344 4.2845940589904785156 4.3349986076354980469 4.350643157958984375 4.3280682563781738281 4.2638902664184570312 4.1548032760620117188 3.9978168010711669922 3.7904212474822998047 3.5310394763946533203 3.2196340560913085938 2.8582746982574462891 2.4513378143310546875 2.0049996376037597656 1.526986241340637207 1.019171595573425293 0.48206207156181335449      0 -1e100 -1e100 -1e100 -1e100 -1e100 -1e100 -1e100 -1e100 -1e100 -1e100 -1e100 -1e100 -1e100 -1e100 -1e100 -1e100 -1e100 -1e100 -1e100 -1e100 -1e100 -1e100 -1e100 -1e100 -1e100 -1e100 -1e100 -1e100 -1e100 -1e100 -1e100 -1e100 -1e100 -1e100 -1e100 -1e100 -1e100 -1e100 -1e100 -1e100 -1e100 -1e100 -1e100 -1e100 -1e100 -1e100 -1e100 -1e100 -1e100 -1e100 -1e100 -1e100 -1e100 -1e100 -1e100 -1e100 -1e100 -1e100 -1e100 -1e100 -1e100 -1e100 -1e100 -1e100 -1e100 -1e100 -1e100 -1e100 -1e100 -1e100 -1e100 -1e100 -1e100 -1e100 -1e100 -1e100 -1e100 -1e100 -1e100 -1e100 -1e100 -1e100 -1e100 -1e100 -1e100 -1e100 -1e100 -1e100 -1e100 -1e100 -1e100 -1e100 -1e100 -1e100 -1e100 -1e100 -1e100 -1e100 -1e100 -1e100
 -1e100 -1e100 -1e100 -1e100 -1e100 -1e100 -1e100 -1e100 -1e100 -1e100 -1e100 -1e100 -1e100 22.741201400756835938 21.258752822875976562 19.762517929077148438 18.2660369873046875 16.782642364501953125 15.325308799743652344 13.906701087951660156 12.538870811462402344 11.233264923095703125 10.000361442565917969 8.8495159149169921875 7.788455963134765625 6.8229761123657226562 5.9569225311279296875 5.1921467781066894531 4.5286974906921386719 3.9648602008819580078 3.4974238872528076172 3.1220896244049072266 2.8339688777923583984 2.6278440952301025391 2.4980089664459228516 2.4380388259887695312 2.4404776096343994141 2.4971079826354980469 2.5991785526275634766 2.7379479408264160156 2.9049267768859863281 3.0920693874359130859 3.2917985916137695312 3.4970712661743164062 3.7013487815856933594 3.8985838890075683594 4.083278656005859375 4.2505192756652832031 4.3959879875183105469 4.5158414840698242188 4.6065735816955566406 4.6648764610290527344 4.6875872611999511719 4.6716203689575195312 4.6139364242553710938 4.5115251541137695312 4.361637115478515625 4.1619729995727539062 3.9111173152923583984 3.6090035438537597656 3.2571597099304199219 2.8586881160736083984 2.4182283878326416016 1.9415384531021118164 1.4333487749099731445 0.89870941638946533203 0.34982979297637939453      0 -1e100 -1e100 -1e100 -1e100 -1e100 -1e100 -1e100 -1e100 -1e100 -1e100 -1e100 -1e100 -1e100 -1e100 -1e100 -1e100 -1e100 -1e100 -1e100 -1e100 -1e100 -1e100 -1e100 -1e100 -1e100 -1e100 -1e100 -1e100 -1e100 -1e100 -1e100 -1e100 -1e100 -1e100 -1e100 -1e100 -1e100 -1e100 -1e100 -1e100 -1e100 -1e100 -1e100 -1e100 -1e100 -1e100 -1e100 -1e100 -1e100 -1e100 -1e100 -1e100 -1e100 -1e100 -1e100 -1e100 -1e100 -1e100 -1e100 -1e100 -1e100 -1e100 -1e100 -1e100 -1e100 -1e100 -1e100 -1e100 -1e100 -1e100 -1e100 -1e100 -1e100 -1e100 -1e100 -1e100 -1e100 -1e100 -1e100 -1e100 -1e100 -1e100 -1e100 -1e100 -1e100 -1e100 -1e100 -1e100 -1e100 -1e100 -1e100 -1e100 -1e100 -1e100 -1e100 -1e100 -1e100 -1e100 -1e100
 -1e100 -1e100 -1e100 -1e100 -1e100 -1e100 -1e100 -1e100 -1e100 -1e100 -1e100 -1e100 25.718425750732421875 24.149190902709960938 22.55352020263671875 20.945425033569335938 19.33887481689453125 17.74774169921875 16.185649871826171875 14.666036605834960938 13.201814651489257812 11.805378913879394531 10.488179206848144531 9.2605104446411132812 8.130889892578125 7.1056909561157226562 6.1890988349914550781 5.3830380439758300781 4.6873483657836914062 4.0997853279113769531 3.6163566112518310547 3.23188018798828125 2.9406466484069824219 2.7367720603942871094 2.6139781475067138672 2.5652573108673095703 2.5824694633483886719 2.6566262245178222656 2.7781581878662109375 2.9375514984130859375 3.1256420612335205078 3.3338029384613037109 3.5539498329162597656 3.7785830497741699219 4.000751495361328125 4.21405792236328125 4.4127597808837890625 4.5918393135070800781 4.7470250129699707031 4.874652862548828125 4.9714941978454589844 5.0345854759216308594 5.0611410140991210938 5.0484566688537597656 4.9938397407531738281 4.8945832252502441406 4.7482047080993652344 4.5526509284973144531 4.3067078590393066406 4.0103054046630859375 3.6645679473876953125 3.2717807292938232422 2.835620880126953125 2.3610792160034179688 1.8535742759704589844 1.3198896646499633789 0.76968753337860107422 0.21079534292221069336      0 -1e100 -1e100 -1e100 -1e100 -1e100 -1e100 -1e100 -1e100 -1e100 -1e100 -1e100 -1e100 -1e100 -1e100 -1e100 -1e100 -1e100 -1e100 -1e100 -1e100 -1e100 -1e100 -1e100 -1e100 -1e100 -1e100 -1e100 -1e100 -1e100 -1e100 -1e100 -1e100 -1e100 -1e100 -1e100 -1e100 -1e100 -1e100 -1e100 -1e100 -1e100 -1e100 -1e100 -1e100 -1e100 -1e100 -1e100 -1e100 -1e100 -1e100 -1e100 -1e100 -1e100 -1e100 -1e100 -1e100 -1e100 -1e100 -1e100 -1e100 -1e100 -1e100 -1e100 -1e100 -1e100 -1e100 -1e100 -1e100 -1e100 -1e100 -1e100 -1e100 -1e100 -1e100 -1e100 -1e100 -1e100 -1e100 -1e100 -1e100 -1e100 -1e100 -1e100 -1e100 -1e100 -1e100 -1e100 -1e100 -1e100 -1e100 -1e100 -1e100 -1e100 -1e100 -1e100 -1e100 -1e100 -1e100
 -1e100 -1e100 -1e100 -1e100 -1e100 -1e100 -1e100 -1e100 -1e100 -1e100 -1e100 -1e100 27.369310379028320312 25.682271957397460938 23.969636917114257812 22.245733261108398438 20.524944305419921875 18.821664810180664062 17.150194168090820312 15.52478790283203125 13.959302902221679688 12.467200279235839844 11.061046600341796875 9.752231597900390625 8.550235748291015625 7.4621462821960449219 6.4926066398620605469 5.6436643600463867188 4.9149136543273925781 4.3034358024597167969 3.8042540550231933594 3.4110760688781738281 3.1171910762786865234 2.9159402847290039062 2.8004193305969238281 2.7630228996276855469 2.7949116230010986328 2.8863074779510498047 3.0267858505249023438 3.2060296535491943359 3.4141805171966552734 3.6420204639434814453 3.8809559345245361328 4.1230325698852539062 4.3608808517456054688 4.5877523422241210938 4.7976636886596679688 4.9855103492736816406 5.1471071243286132812 5.2790131568908691406 5.3783206939697265625 5.4424414634704589844 5.4689917564392089844 5.4556570053100585938 5.4000973701477050781 5.2999167442321777344 5.1529192924499511719 4.9573221206665039062 4.7121324539184570312 4.41735076904296875 4.073993682861328125 3.6840138435363769531 3.2505362033843994141 2.7780568599700927734 2.2721819877624511719 1.740021824836730957 1.1898815631866455078 0.62894737720489501953 0.063140735030174255371      0 -1e100 -1e100 -1e100 -1e100 -1e100 -1e100 -1e100 -1e100 -1e100 -1e100 -1e100 -1e100 -1e100 -1e100 -1e100 -1e100 -1e100 -1e100 -1e100 -1e100 -1e100 -1e100 -1e100 -1e100 -1e100 -1e100 -1e100 -1e100 -1e100 -1e100 -1e100 -1e100 -1e100 -1e100 -1e100 -1e100 -1e100 -1e100 -1e100 -1e100 -1e100 -1e100 -1e100 -1e100 -1e100 -1e100 -1e100 -1e100 -1e100 -1e100 -1e100 -1e100 -1e100 -1e100 -1e100 -1e100 -1e100 -1e100 -1e100 -1e100 -1e100 -1e100 -1e100 -1e100 -1e100 -1e100 -1e100 -1e100 -1e100 -1e100 -1e100 -1e100 -1e100 -1e100 -1e100 -1e100 -1e100 -1e100 -1e100 -1e100 -1e100 -1e100 -1e100 -1e100 -1e100 -1e100 -1e100 -1e100 -1e100 -1e100 -1e100 -1e100 -1e100 -1e100 -1e100 -1e100 -1e100
 -1e100 -1e100 -1e100 -1e100 -1e100 -1e100 -1e100 -1e100 -1e100 -1e100 -1e100 -1e100 29.157073974609375 27.349050521850585938 25.516057968139648438 23.6726837158203125 21.833665847778320312 20.013914108276367188 18.228404998779296875 16.492259979248046875 14.820364952087402344 13.227387428283691406 11.727176666259765625 10.332439422607421875 9.05382537841796875 7.8993449211120605469 6.8742527961730957031 5.9808030128479003906 5.2183022499084472656 4.5829930305480957031 4.0686354637145996094 3.6675200462341308594 3.3716871738433837891 3.1735477447509765625 3.065517425537109375 3.0393812656402587891 3.0856103897094726562 3.1936306953430175781 3.3521354198455810547 3.5499765872955322266 3.7765784263610839844 4.0221223831176757812 4.2775182723999023438 4.5343661308288574219 4.7848901748657226562 5.022003173828125 5.2395076751708984375 5.43225860595703125 5.5962138175964355469 5.7282094955444335938 5.8257031440734863281 5.8865213394165039062 5.9087080955505371094 5.8903536796569824219 5.8294835090637207031 5.7240304946899414062 5.572109222412109375 5.3722381591796875 5.123676300048828125 4.8265943527221679688 4.4821028709411621094 4.0922074317932128906 3.6598615646362304688 3.1892266273498535156 2.6856753826141357422 2.1558632850646972656 1.6070441007614135742 1.0457537174224853516 0.47788742184638977051      0      0 -1e100 -1e100 -1e100 -1e100 -1e100 -1e100 -1e100 -1e100 -1e100 -1e100 -1e100 -1e100 -1e100 -1e100 -1e100 -1e100 -1e100 -1e100 -1e100 -1e100 -1e100 -1e100 -1e100 -1e100 -1e100 -1e100 -1e100 -1e100 -1e100 -1e100 -1e100 -1e100 -1e100 -1e100 -1e100 -1e100 -1e100 -1e100 -1e100 -1e100 -1e100 -1e100 -1e100 -1e100 -1e100 -1e100 -1e100 -1e100 -1e100 -1e100 -1e100 -1e100 -1e100 -1e100 -1e100 -1e100 -1e100 -1e100 -1e100 -1e100 -1e100 -1e100 -1e100 -1e100 -1e100 -1e100 -1e100 -1e100 -1e100 -1e100 -1e100 -1e100 -1e100 -1e100 -1e100 -1e100 -1e100 -1e100 -1e100 -1e100 -1e100 -1e100 -1e100 -1e100 -1e100 -1e100 -1e100 -1e100 -1e100 -1e100 -1e100 -1e100 -1e100 -1e100 -1e100 -1e100
 -1e100 -1e100 -1e100 -1e100 -1e100 -1e100 -1e100 -1e100 -1e100 -1e100 -1e100 -1e100 31.090396881103515625 29.158716201782226562 27.202425003051757812 25.236278533935546875 23.2753143310546875 21.33489990234375 19.430690765380859375 17.578710556030273438 15.794966697692871094 14.095475196838378906 12.495594978332519531 11.009608268737792969 9.6496343612670898438 8.424854278564453125 7.3413867950439453125 6.4018025398254394531 5.6051158905029296875 4.9464941024780273438 4.4180417060852050781 4.0102286338806152344 3.7135004997253417969 3.5191555023193359375 3.41886138916015625 3.403789520263671875 3.4637401103973388672 3.5873632431030273438 3.7624545097351074219 3.9770152568817138672 4.2197332382202148438 4.4801983833312988281 4.748844146728515625 5.0168514251708984375 5.2760729789733886719 5.5191273689270019531 5.7396664619445800781 5.9325876235961914062 6.0940604209899902344 6.2212576866149902344 6.3120484352111816406 6.3647160530090332031 6.3777575492858886719 6.349689483642578125 6.2789196968078613281 6.1637330055236816406 6.0025882720947265625 5.7943501472473144531 5.538600921630859375 5.2357730865478515625 4.887210845947265625 4.4951148033142089844 4.0624423027038574219 3.5931186676025390625 3.0920119285583496094 2.5649969577789306641 2.018344879150390625 1.4578889608383178711 0.88920301198959350586 0.31775593757629394531      0      0 -1e100 -1e100 -1e100 -1e100 -1e100 -1e100 -1e100 -1e100 -1e100 -1e100 -1e100 -1e100 -1e100 -1e100 -1e100 -1e100 -1e100 -1e100 -1e100 -1e100 -1e100 -1e100 -1e100 -1e100 -1e100 -1e100 -1e100 -1e100 -1e100 -1e100 -1e100 -1e100 -1e100 -1e100 -1e100 -1e100 -1e100 -1e100 -1e100 -1e100 -1e100 -1e100 -1e100 -1e100 -1e100 -1e100 -1e100 -1e100 -1e100 -1e100 -1e100 -1e100 -1e100 -1e100 -1e100 -1e100 -1e100 -1e100 -1e100 -1e100 -1e100 -1e100 -1e100 -1e100 -1e100 -1e100 -1e100 -1e100 -1e100 -1e100 -1e100 -1e100 -1e100 -1e100 -1e100 -1e100 -1e100 -1e100 -1e100 -1e100 -1e100 -1e100 -1e100 -1e100 -1e100 -1e100 -1e100 -1e100 -1e100 -1e100 -1e100 -1e100 -1e100 -1e100 -1e100
 -1e100 -1e100 -1e100 -1e100 -1e100 -1e100 -1e100 -1e100 -1e100 -1e100 -1e100 35.19675445556640625 33.178531646728515625 31.121156692504882812 29.039194107055664062 26.947460174560546875 24.86118316650390625 22.796123504638671875 20.768587112426757812 18.795518875122070312 16.894134521484375 15.081991195678710938 13.376215934753417969 11.793025016784667969 10.346353530883789062 9.046962738037109375 7.9021401405334472656 6.91498565673828125 6.0841665267944335938 5.4034190177917480469 4.8626713752746582031 4.4500274658203125 4.1539359092712402344 3.9643514156341552734 3.8721103668212890625 3.8677542209625244141 3.9404590129852294922 4.0781302452087402344 4.2676730155944824219 4.4962372779846191406 4.7517838478088378906 5.0233330726623535156 5.3008856773376464844 5.5752596855163574219 5.8380093574523925781 6.0815567970275878906 6.2995190620422363281 6.4869318008422851562 6.6402564048767089844 6.7570600509643554688 6.8356680870056152344 6.8748517036437988281 6.8735852241516113281 6.8308305740356445312 6.7454004287719726562 6.6159620285034179688 6.4413557052612304688 6.2208428382873535156 5.9543914794921875 5.642791748046875 5.28768157958984375 4.8914508819580078125 4.4570903778076171875 3.9882788658142089844 3.4893398284912109375 2.9653067588806152344 2.4214296340942382812 1.8626916408538818359 1.2940578460693359375 0.72087806463241577148 0.15036411583423614502      0      0 -1e100 -1e100 -1e100 -1e100 -1e100 -1e100 -1e100 -1e100 -1e100 -1e100 -1e100 -1e100 -1e100 -1e100 -1e100 -1e100 -1e100 -1e100 -1e100 -1e100 -1e100 -1e100 -1e100 -1e100 -1e100 -1e100 -1e100 -1e100 -1e100 -1e100 -1e100 -1e100 -1e100 -1e100 -1e100 -1e100 -1e100 -1e100 -1e100 -1e100 -1e100 -1e100 -1e100 -1e100 -1e100 -1e100 -1e100 -1e100 -1e100 -1e100 -1e100 -1e100 -1e100 -1e100 -1e100 -1e100 -1e100 -1e100 -1e100 -1e100 -1e100 -1e100 -1e100 -1e100 -1e100 -1e100 -1e100 -1e100 -1e100 -1e100 -1e100 -1e100 -1e100 -1e100 -1e100 -1e100 -1e100 -1e100 -1e100 -1e100 -1e100 -1e100 -1e100 -1e100 -1e100 -1e100 -1e100 -1e100 -1e100 -1e100 -1e100 -1e100 -1e100 -1e100
 -1e100 -1e100 -1e100 -1e100 -1e100 -1e100 -1e100 -1e100 -1e100 -1e100 -1e100 37.575946807861328125 35.43096160888671875 33.2465972900390625 31.037273406982421875 28.817708969116210938 26.603193283081054688 24.409784317016601562 22.254375457763671875 20.154850006103515625 18.129726409912109375 16.19831085205078125 14.379851341247558594 12.692906379699707031 11.153722763061523438 9.7751169204711914062 8.5659894943237304688 7.530193328857421875 6.6659655570983886719 5.9651327133178710938 5.4147610664367675781 4.9999532699584960938 4.7066631317138671875 4.5232257843017578125 4.4395265579223632812 4.4454388618469238281 4.529544830322265625 4.6790456771850585938 4.8799901008605957031 5.1187429428100585938 5.3825778961181640625 5.6600217819213867188 5.9407186508178710938 6.2152304649353027344 6.4749469757080078125 6.7122550010681152344 6.92087554931640625 7.0960984230041503906 7.2347555160522460938 7.3348612785339355469 7.3952260017395019531 7.415130615234375 7.3940310478210449219 7.331348419189453125 7.2263197898864746094 7.0780267715454101562 6.8857369422912597656 6.6491494178771972656 6.3686676025390625 6.045475006103515625 5.68151092529296875 5.2793321609497070312 4.8419327735900878906 4.3727483749389648438 3.8755643367767333984 3.3545770645141601562 2.8140146732330322266 2.2579016685485839844 1.6902190446853637695 1.1154828071594238281 0.54083901643753051758      0      0 -1e100 -1e100 -1e100 -1e100 -1e100 -1e100 -1e100 -1e100 -1e100 -1e100 -1e100 -1e100 -1e100 -1e100 -1e100 -1e100 -1e100 -1e100 -1e100 -1e100 -1e100 -1e100 -1e100 -1e100 -1e100 -1e100 -1e100 -1e100 -1e100 -1e100 -1e100 -1e100 -1e100 -1e100 -1e100 -1e100 -1e100 -1e100 -1e100 -1e100 -1e100 -1e100 -1e100 -1e100 -1e100 -1e100 -1e100 -1e100 -1e100 -1e100 -1e100 -1e100 -1e100 -1e100 -1e100 -1e100 -1e100 -1e100 -1e100 -1e100 -1e100 -1e100 -1e100 -1e100 -1e100 -1e100 -1e100 -1e100 -1e100 -1e100 -1e100 -1e100 -1e100 -1e100 -1e100 -1e100 -1e100 -1e100 -1e100 -1e100 -1e100 -1e100 -1e100 -1e100 -1e100 -1e100 -1e100 -1e100 -1e100 -1e100 -1e100 -1e100 -1e100 -1e100
 -1e100 -1e100 -1e100 -1e100 -1e100 -1e100 -1e100 -1e100 -1e100 -1e100 -1e100 40.1291656494140625 37.857280731201171875 35.545520782470703125 33.207958221435546875 30.859039306640625 28.513948440551757812 26.188905715942382812 23.901317596435546875 21.66999053955078125 19.5148468017578125 17.457231521606445312 15.518874168395996094 13.721192359924316406 12.083291053771972656 10.620661735534667969 9.344390869140625 8.2594099044799804688 7.3634052276611328125 6.6456418037414550781 6.089447021484375 5.6761555671691894531 5.3886671066284179688 5.21335601806640625 5.1389684677124023438 5.1546163558959960938 5.2482748031616210938 5.4064846038818359375 5.6145644187927246094 5.8582220077514648438 6.1241769790649414062 6.4005932807922363281 6.6769084930419921875 6.9436092376708984375 7.192138671875 7.4150404930114746094 7.6063022613525390625 7.7615857124328613281 7.8781685829162597656 7.9545483589172363281 7.9900298118591308594 7.9843873977661132812 7.9375491142272949219 7.8493947982788085938 7.7195963859558105469 7.5476899147033691406 7.3334074020385742188 7.0769252777099609375 6.7791028022766113281 6.4415130615234375 6.0663876533508300781 5.6564259529113769531 5.2146000862121582031 4.7440958023071289062 4.2481884956359863281 3.7303040027618408203 3.1937274932861328125 2.6415245532989501953 2.0764148235321044922 1.5011597871780395508 0.92031323909759521484 0.34409984946250915527      0      0 -1e100 -1e100 -1e100 -1e100 -1e100 -1e100 -1e100 -1e100 -1e100 -1e100 -1e100 -1e100 -1e100 -1e100 -1e100 -1e100 -1e100 -1e100 -1e100 -1e100 -1e100 -1e100 -1e100 -1e100 -1e100 -1e100 -1e100 -1e100 -1e100 -1e100 -1e100 -1e100 -1e100 -1e100 -1e100 -1e100 -1e100 -1e100 -1e100 -1e100 -1e100 -1e100 -1e100 -1e100 -1e100 -1e100 -1e100 -1e100 -1e100 -1e100 -1e100 -1e100 -1e100 -1e100 -1e100 -1e100 -1e100 -1e100 -1e100 -1e100 -1e100 -1e100 -1e100 -1e100 -1e100 -1e100 -1e100 -1e100 -1e100 -1e100 -1e100 -1e100 -1e100 -1e100 -1e100 -1e100 -1e100 -1e100 -1e100 -1e100 -1e100 -1e100 -1e100 -1e100 -1e100 -1e100 -1e100 -1e100 -1e100 -1e100 -1e100 -1e100 -1e100
 -1e100 -1e100 -1e100 -1e100 -1e100 -1e100 -1e100 -1e100 -1e100 -1e100 -1e100 42.86470794677734375 40.466815948486328125 38.028247833251953125 35.562534332275390625 33.083621978759765625 30.606403350830078125 28.147096633911132812 25.72351837158203125 23.35536956787109375 21.064123153686523438 18.87342071533203125 16.807857513427734375 14.892214775085449219 13.149105072021484375 11.597493171691894531 10.251474380493164062 9.117488861083984375 8.1925134658813476562 7.4623398780822753906 6.9054250717163085938 6.4984874725341796875 6.2207479476928710938 6.05619049072265625 5.992168426513671875 6.0168504714965820312 6.1175475120544433594 6.2802152633666992188 6.4896187782287597656 6.7310590744018554688 6.9909300804138183594 7.2572836875915527344 7.5196042060852050781 7.7686028480529785156 7.9960265159606933594 8.1948022842407226562 8.3593540191650390625 8.48583221435546875 8.5720186233520507812 8.6169061660766601562 8.6202602386474609375 8.5823116302490234375 8.50342559814453125 8.3839235305786132812 8.2239208221435546875 8.0234289169311523438 7.7826781272888183594 7.5023431777954101562 7.1837396621704101562 6.8288164138793945312 6.4400691986083984375 6.0203175544738769531 5.5724935531616210938 5.0995373725891113281 4.6042680740356445312 4.0894598960876464844 3.5576422214508056641 3.0111742019653320312 2.4517312049865722656 1.8799886703491210938 1.2958612442016601562 0.71615928411483764648 0.20571488142013549805      0      0 -1e100 -1e100 -1e100 -1e100 -1e100 -1e100 -1e100 -1e100 -1e100 -1e100 -1e100 -1e100 -1e100 -1e100 -1e100 -1e100 -1e100 -1e100 -1e100 -1e100 -1e100 -1e100 -1e100 -1e100 -1e100 -1e100 -1e100 -1e100 -1e100 -1e100 -1e100 -1e100 -1e100 -1e100 -1e100 -1e100 -1e100 -1e100 -1e100 -1e100 -1e100 -1e100 -1e100 -1e100 -1e100 -1e100 -1e100 -1e100 -1e100 -1e100 -1e100 -1e100 -1e100 -1e100 -1e100 -1e100 -1e100 -1e100 -1e100 -1e100 -1e100 -1e100 -1e100 -1e100 -1e100 -1e100 -1e100 -1e100 -1e100 -1e100 -1e100 -1e100 -1e100 -1e100 -1e100 -1e100 -1e100 -1e100 -1e100 -1e100 -1e100 -1e100 -1e100 -1e100 -1e100 -1e100 -1e100 -1e100 -1e100 -1e100 -1e100 -1e100
 -1e100 -1e100 -1e100 -1e100 -1e100 -1e100 -1e100 -1e100 -1e100 -1e100 48.2578125 45.79015350341796875 43.26828765869140625 40.70467376708984375 38.112060546875 35.503665924072265625 32.893878936767578125 30.298732757568359375 27.736330032348632812 25.227275848388671875 22.794660568237304688 20.464599609375 18.264835357666015625 16.224029541015625 14.369027137756347656 12.723414421081542969 11.305377006530761719 10.123493194580078125 9.1738433837890625 8.4374170303344726562 7.8862624168395996094 7.4915852546691894531 7.2283272743225097656 7.077610015869140625 7.0250463485717773438 7.0576272010803222656 7.1619253158569335938 7.3233432769775390625 7.5263538360595703125 7.75620269775390625 7.9993505477905273438 8.24414825439453125 8.4805393218994140625 8.699810028076171875 8.894317626953125 9.0576076507568359375 9.1847124099731445312 9.2723722457885742188 9.3189077377319335938 9.323764801025390625 9.287113189697265625 9.2095727920532226562 9.0918912887573242188 8.9348001480102539062 8.7388448715209960938 8.5045251846313476562 8.232578277587890625 7.92418670654296875 7.581111907958984375 7.205654144287109375 6.8005414009094238281 6.3686833381652832031 5.912960052490234375 5.4360780715942382812 4.9404916763305664062 4.4284586906433105469 3.9020316600799560547 3.3632395267486572266 2.8136312961578369141 2.2540826797485351562 1.6866705417633056641 1.1345638036727905273 0.62930327653884887695 0.16204939782619476318      0      0 -1e100 -1e100 -1e100 -1e100 -1e100 -1e100 -1e100 -1e100 -1e100 -1e100 -1e100 -1e100 -1e100 -1e100 -1e100 -1e100 -1e100 -1e100 -1e100 -1e100 -1e100 -1e100 -1e100 -1e100 -1e100 -1e100 -1e100 -1e100 -1e100 -1e100 -1e100 -1e100 -1e100 -1e100 -1e100 -1e100 -1e100 -1e100 -1e100 -1e100 -1e100 -1e100 -1e100 -1e100 -1e100 -1e100 -1e100 -1e100 -1e100 -1e100 -1e100 -1e100 -1e100 -1e100 -1e100 -1e100 -1e100 -1e100 -1e100 -1e100 -1e100 -1e100 -1e100 -1e100 -1e100 -1e100 -1e100 -1e100 -1e100 -1e100 -1e100 -1e100 -1e100 -1e100 -1e100 -1e100 -1e100 -1e100 -1e100 -1e100 -1e100 -1e100 -1e100 -1e100 -1e100 -1e100 -1e100 -1e100 -1e100 -1e100 -1e100
 -1e100 -1e100 -1e100 -1e100 -1e100 -1e100 -1e100 -1e100 -1e100 -1e100 51.500003814697265625 48.9119415283203125 46.269382476806640625 43.583805084228515625 40.866931915283203125 38.131031036376953125 35.389781951904296875 32.658855438232421875 29.956556320190429688 27.304300308227539062 24.72673797607421875 22.25244140625 19.912456512451171875 17.739728927612304688 15.766247749328613281 14.021647453308105469 12.529719352722167969 11.302195549011230469 10.333844184875488281 9.598804473876953125 9.06081390380859375 8.684764862060546875 8.4409189224243164062 8.3070955276489257812 8.2667207717895507812 8.3053026199340820312 8.4085102081298828125 8.56118011474609375 8.7478237152099609375 8.9541273117065429688 9.1672115325927734375 9.376346588134765625 9.5724344253540039062 9.747768402099609375 9.89563751220703125 10.010457992553710938 10.088025093078613281 10.125738143920898438 10.12242889404296875 10.077928543090820312 9.9927263259887695312 9.86774444580078125 9.7040500640869140625 9.5027284622192382812 9.264728546142578125 8.99102783203125 8.6828670501708984375 8.3419237136840820312 7.9703860282897949219 7.5708727836608886719 7.1463055610656738281 6.6996517181396484375 6.2337217330932617188 5.7510218620300292969 5.2537212371826171875 4.7436947822570800781 4.2226648330688476562 3.6924512386322021484 3.1548321247100830078 2.6121041774749755859 2.0699429512023925781 1.5425325632095336914 1.0453499555587768555 0.57659816741943359375 0.12450151890516281128      0      0 -1e100 -1e100 -1e100 -1e100 -1e100 -1e100 -1e100 -1e100 -1e100 -1e100 -1e100 -1e100 -1e100 -1e100 -1e100 -1e100 -1e100 -1e100 -1e100 -1e100 -1e100 -1e100 -1e100 -1e100 -1e100 -1e100 -1e100 -1e100 -1e100 -1e100 -1e100 -1e100 -1e100 -1e100 -1e100 -1e100 -1e100 -1e100 -1e100 -1e100 -1e100 -1e100 -1e100 -1e100 -1e100 -1e100 -1e100 -1e100 -1e100 -1e100 -1e100 -1e100 -1e100 -1e100 -1e100 -1e100 -1e100 -1e100 -1e100 -1e100 -1e100 -1e100 -1e100 -1e100 -1e100 -1e100 -1e100 -1e100 -1e100 -1e100 -1e100 -1e100 -1e100 -1e100 -1e100 -1e100 -1e100 -1e100 -1e100 -1e100 -1e100 -1e100 -1e100 -1e100 -1e100 -1e100 -1e100 -1e100 -1e100 -1e100
 -1e100 -1e100 -1e100 -1e100 -1e100 -1e100 -1e100 -1e100 -1e100 -1e100 54.938701629638671875 52.234722137451171875 49.476116180419921875 46.673175811767578125 43.8364105224609375 40.97695159912109375 38.107601165771484375 35.24356842041015625 32.403232574462890625 29.608579635620117188 26.8855133056640625 24.26483917236328125 21.7806549072265625 19.470462799072265625 17.37216949462890625 15.523332595825195312 13.955572128295898438 12.685227394104003906 11.705492973327636719 10.980660438537597656 10.463419914245605469 10.11181640625 9.8917388916015625 9.7773389816284179688 9.7491159439086914062 9.7906274795532226562 9.8862924575805664062 10.02043914794921875 10.178063392639160156 10.34600067138671875 10.512864112854003906 10.669558525085449219 10.808551788330078125 10.923608779907226562 11.009295463562011719 11.061135292053222656 11.0758056640625 11.051363945007324219 10.987088203430175781 10.8831024169921875 10.740116119384765625 10.559261322021484375 10.341837882995605469 10.089221954345703125 9.8027238845825195312 9.48377227783203125 9.13408660888671875 8.7558155059814453125 8.351531982421875 7.9241352081298828125 7.4766941070556640625 7.0121989250183105469 6.5333738327026367188 6.04254913330078125 5.5416646003723144531 5.0323185920715332031 4.515987396240234375 3.9942784309387207031 3.4693748950958251953 2.9445729255676269531 2.4247357845306396484 1.9183524847030639648 1.4338102340698242188 0.97089266777038574219 0.52358102798461914062 0.086056046187877655029      0      0 -1e100 -1e100 -1e100 -1e100 -1e100 -1e100 -1e100 -1e100 -1e100 -1e100 -1e100 -1e100 -1e100 -1e100 -1e100 -1e100 -1e100 -1e100 -1e100 -1e100 -1e100 -1e100 -1e100 -1e100 -1e100 -1e100 -1e100 -1e100 -1e100 -1e100 -1e100 -1e100 -1e100 -1e100 -1e100 -1e100 -1e100 -1e100 -1e100 -1e100 -1e100 -1e100 -1e100 -1e100 -1e100 -1e100 -1e100 -1e100 -1e100 -1e100 -1e100 -1e100 -1e100 -1e100 -1e100 -1e100 -1e100 -1e100 -1e100 -1e100 -1e100 -1e100 -1e100 -1e100 -1e100 -1e100 -1e100 -1e100 -1e100 -1e100 -1e100 -1e100 -1e100 -1e100 -1e100 -1e100 -1e100 -1e100 -1e100 -1e100 -1e100 -1e100 -1e100 -1e100 -1e100 -1e100 -1e100 -1e100 -1e100
 -1e100 -1e100 -1e100 -1e100 -1e100 -1e100 -1e100 -1e100 -1e100 -1e100 58.57517242431640625 55.761051177978515625 52.892566680908203125 49.978694915771484375 47.02860260009765625 44.052204132080078125 41.061397552490234375 38.070842742919921875 35.0987396240234375 32.1671905517578125 29.302816390991210938 26.537822723388671875 23.908672332763671875 21.456974029541015625 19.227262496948242188 17.267505645751953125 15.620555877685546875 14.310590744018554688 13.328203201293945312 12.622976303100585938 12.133643150329589844 11.811320304870605469 11.618074417114257812 11.524157524108886719 11.506361007690429688 11.545583724975585938 11.624651908874511719 11.72751617431640625 11.840345382690429688 11.952053070068359375 12.053676605224609375 12.138576507568359375 12.201419830322265625 12.23793792724609375 12.244302749633789062 12.217336654663085938 12.154629707336425781 12.054850578308105469 11.917635917663574219 11.743294715881347656 11.532649040222167969 11.286937713623046875 11.00760650634765625 10.696248054504394531 10.354485511779785156 9.9841556549072265625 9.5874128341674804688 9.1668272018432617188 8.7253084182739257812 8.2659854888916015625 7.7920274734497070312 7.3064131736755371094 6.81175994873046875 6.3102288246154785156 5.8035721778869628906 5.2932157516479492188 4.7804589271545410156 4.2667479515075683594 3.7543177604675292969 3.246318817138671875 2.7462956905364990234 2.2594668865203857422 1.7903705835342407227 1.3386515378952026367 0.90050643682479858398 0.47093716263771057129 0.044826693832874298096      0      0 -1e100 -1e100 -1e100 -1e100 -1e100 -1e100 -1e100 -1e100 -1e100 -1e100 -1e100 -1e100 -1e100 -1e100 -1e100 -1e100 -1e100 -1e100 -1e100 -1e100 -1e100 -1e100 -1e100 -1e100 -1e100 -1e100 -1e100 -1e100 -1e100 -1e100 -1e100 -1e100 -1e100 -1e100 -1e100 -1e100 -1e100 -1e100 -1e100 -1e100 -1e100 -1e100 -1e100 -1e100 -1e100 -1e100 -1e100 -1e100 -1e100 -1e100 -1e100 -1e100 -1e100 -1e100 -1e100 -1e100 -1e100 -1e100 -1e100 -1e100 -1e100 -1e100 -1e100 -1e100 -1e100 -1e100 -1e100 -1e100 -1e100 -1e100 -1e100 -1e100 -1e100 -1e100 -1e100 -1e100 -1e100 -1e100 -1e100 -1e100 -1e100 -1e100 -1e100 -1e100 -1e100 -1e100 -1e100 -1e100
 -1e100 -1e100 -1e100 -1e100 -1e100 -1e100 -1e100 -1e100 -1e100 65.2637786865234375 62.4080657958984375 59.490909576416015625 56.520389556884765625 53.504146575927734375 50.45001983642578125 47.366790771484375 44.2655029296875 41.160167694091796875 38.068431854248046875 35.011859893798828125 32.016780853271484375 29.115442276000976562 26.344944000244140625 23.749872207641601562 21.381536483764648438 19.301666259765625 17.56977081298828125 16.2225799560546875 15.247990608215332031 14.573839187622070312 14.119105339050292969 13.828745841979980469 13.662486076354980469 13.586709976196289062 13.574024200439453125 13.601988792419433594 13.651399612426757812 13.706280708312988281 13.7548980712890625 13.789255142211914062 13.803827285766601562 13.795210838317871094 13.760922431945800781 13.699102401733398438 13.607807159423828125 13.485211372375488281 13.329792022705078125 13.140749931335449219 12.917971611022949219 12.661837577819824219 12.373170852661132812 12.053213119506835938 11.703470230102539062 11.325679779052734375 10.921716690063476562 10.493762016296386719 10.044347763061523438 9.5763998031616210938 9.0931024551391601562 8.5977544784545898438 8.0935840606689453125 7.5835237503051757812 7.0700564384460449219 6.5551614761352539062 6.0404267311096191406 5.5271663665771484375 5.0165739059448242188 4.5099496841430664062 4.0091176033020019531 3.5164458751678466797 3.0345237255096435547 2.5664625167846679688 2.1142325401306152344 1.6767666339874267578 1.25064849853515625 0.83095091581344604492 0.41196668148040771484      0      0      0 -1e100 -1e100 -1e100 -1e100 -1e100 -1e100 -1e100 -1e100 -1e100 -1e100 -1e100 -1e100 -1e100 -1e100 -1e100 -1e100 -1e100 -1e100 -1e100 -1e100 -1e100 -1e100 -1e100 -1e100 -1e100 -1e100 -1e100 -1e100 -1e100 -1e100 -1e100 -1e100 -1e100 -1e100 -1e100 -1e100 -1e100 -1e100 -1e100 -1e100 -1e100 -1e100 -1e100 -1e100 -1e100 -1e100 -1e100 -1e100 -1e100 -1e100 -1e100 -1e100 -1e100 -1e100 -1e100 -1e100 -1e100 -1e100 -1e100 -1e100 -1e100 -1e100 -1e100 -1e100 -1e100 -1e100 -1e100 -1e100 -1e100 -1e100 -1e100 -1e100 -1e100 -1e100 -1e100 -1e100 -1e100 -1e100 -1e100 -1e100 -1e100 -1e100 -1e100 -1e100 -1e100 -1e100 -1e100
 -1e100 -1e100 -1e100 -1e100 -1e100 -1e100 -1e100 -1e100 -1e100 69.38702392578125 66.4333038330078125 63.4215850830078125 60.358707427978515625 57.251102447509765625 54.105480194091796875 50.929737091064453125 47.734188079833984375 44.53206634521484375 41.340015411376953125 38.178173065185546875 35.07123565673828125 32.0491943359375 29.147218704223632812 26.41010284423828125 23.89534759521484375 21.681949615478515625 19.854639053344726562 18.47447967529296875 17.522924423217773438 16.891382217407226562 16.474637985229492188 16.214876174926757812 16.07091522216796875 16.005451202392578125 15.986735343933105469 15.988508224487304688 15.989656448364257812 15.9750213623046875 15.935960769653320312 15.868618965148925781 15.771785736083984375 15.646037101745605469 15.492269515991210938 15.311385154724121094 15.103392601013183594 14.8677978515625 14.603887557983398438 14.311285972595214844 13.9900054931640625 13.640377998352050781 13.263119697570800781 12.859383583068847656 12.430653572082519531 11.978735923767089844 11.505684852600097656 11.013953208923339844 10.506367683410644531 9.986133575439453125 9.4566354751586914062 8.9212903976440429688 8.3833379745483398438 7.8456234931945800781 7.3104605674743652344 6.7796239852905273438 6.2545146942138671875 5.73632049560546875 5.2261433601379394531 4.7250914573669433594 4.2344565391540527344 3.7557597160339355469 3.2905337810516357422 2.8401906490325927734 2.4048671722412109375 1.9825934171676635742 1.569582819938659668 1.160508275032043457 0.74894744157791137695 0.32741016149520874023      0      0      0 -1e100 -1e100 -1e100 -1e100 -1e100 -1e100 -1e100 -1e100 -1e100 -1e100 -1e100 -1e100 -1e100 -1e100 -1e100 -1e100 -1e100 -1e100 -1e100 -1e100 -1e100 -1e100 -1e100 -1e100 -1e100 -1e100 -1e100 -1e100 -1e100 -1e100 -1e100 -1e100 -1e100 -1e100 -1e100 -1e100 -1e100 -1e100 -1e100 -1e100 -1e100 -1e100 -1e100 -1e100 -1e100 -1e100 -1e100 -1e100 -1e100 -1e100 -1e100 -1e100 -1e100 -1e100 -1e100 -1e100 -1e100 -1e100 -1e100 -1e100 -1e100 -1e100 -1e100 -1e100 -1e100 -1e100 -1e100 -1e100 -1e100 -1e100 -1e100 -1e100 -1e100 -1e100 -1e100 -1e100 -1e100 -1e100 -1e100 -1e100 -1e100 -1e100 -1e100 -1e100 -1e100 -1e100
 -1e100 -1e100 -1e100 -1e100 -1e100 -1e100 -1e100 -1e100 -1e100 73.687042236328125 70.64350128173828125 67.54695892333984375 64.40319061279296875 61.217746734619140625 57.996601104736328125 54.747100830078125 51.479053497314453125 48.204784393310546875 44.9394989013671875 41.700927734375 38.5104827880859375 35.393085479736328125 32.378570556640625 29.507801055908203125 26.842105865478515625 24.480985641479492188 22.545627593994140625 21.140623092651367188 20.226177215576171875 19.639688491821289062 19.257070541381835938 19.021070480346679688 18.887714385986328125 18.816862106323242188 18.772935867309570312 18.726015090942382812 18.653743743896484375 18.542713165283203125 18.38845062255859375 18.192113876342773438 17.957607269287109375 17.689975738525390625 17.393896102905273438 17.073045730590820312 16.729337692260742188 16.363485336303710938 15.975460052490234375 15.565171241760253906 15.132623672485351562 14.677982330322265625 14.201766014099121094 13.7049560546875 13.188936233520507812 12.655505180358886719 12.106812477111816406 11.54549407958984375 10.974583625793457031 10.3974761962890625 9.8176832199096679688 9.2386798858642578125 8.6636610031127929688 8.095340728759765625 7.5358204841613769531 6.9866352081298828125 6.4489674568176269531 5.9238171577453613281 5.4121389389038085938 4.9147801399230957031 4.4324655532836914062 3.9658417701721191406 3.5152988433837890625 3.0807595252990722656 2.6609365940093994141 2.2528882026672363281 1.8521367311477661133 1.4527686834335327148 1.0473546981811523438 0.62613779306411743164 0.17685617506504058838      0      0 -1e100 -1e100 -1e100 -1e100 -1e100 -1e100 -1e100 -1e100 -1e100 -1e100 -1e100 -1e100 -1e100 -1e100 -1e100 -1e100 -1e100 -1e100 -1e100 -1e100 -1e100 -1e100 -1e100 -1e100 -1e100 -1e100 -1e100 -1e100 -1e100 -1e100 -1e100 -1e100 -1e100 -1e100 -1e100 -1e100 -1e100 -1e100 -1e100 -1e100 -1e100 -1e100 -1e100 -1e100 -1e100 -1e100 -1e100 -1e100 -1e100 -1e100 -1e100 -1e100 -1e100 -1e100 -1e100 -1e100 -1e100 -1e100 -1e100 -1e100 -1e100 -1e100 -1e100 -1e100 -1e100 -1e100 -1e100 -1e100 -1e100 -1e100 -1e100 -1e100 -1e100 -1e100 -1e100 -1e100 -1e100 -1e100 -1e100 -1e100 -1e100 -1e100 -1e100 -1e100 -1e100 -1e100
 -1e100 -1e100 -1e100 -1e100 -1e100 -1e100 -1e100 -1e100 -1e100 78.151947021484375 75.02736663818359375 71.85671234130859375 68.6451263427734375 65.39772796630859375 62.1202545166015625 58.82001495361328125 55.506542205810546875 52.19132232666015625 48.8877410888671875 45.6103515625 42.375606536865234375 39.20104217529296875 36.107723236083984375 33.12766265869140625 30.320709228515625 27.800596237182617188 25.73638916015625 24.309904098510742188 23.436773300170898438 22.888652801513671875 22.527950286865234375 22.2972412109375 22.150373458862304688 22.046754837036132812 21.948062896728515625 21.821315765380859375 21.643703460693359375 21.40451812744140625 21.104278564453125 20.74988555908203125 20.35074615478515625 19.916677474975585938 19.456052780151367188 18.975177764892578125 18.477651596069335938 17.965206146240234375 17.438323974609375 16.897039413452148438 16.341213226318359375 15.770749092102050781 15.185896873474121094 14.587392807006835938 13.976447105407714844 13.354770660400390625 12.724521636962890625 12.088422775268554688 11.449617385864257812 10.811597824096679688 10.177927970886230469 9.5520658493041992188 8.9371051788330078125 8.3355684280395507812 7.7492995262145996094 7.1795582771301269531 6.6272573471069335938 6.0931415557861328125 5.5778942108154296875 5.08197021484375 4.60547637939453125 4.1481714248657226562 3.7093081474304199219 3.2874748706817626953 2.8801071643829345703 2.4832639694213867188 2.0916986465454101562 1.6987199783325195312 1.2952716350555419922 0.8692963719367980957 0.41380202770233154297      0      0 -1e100 -1e100 -1e100 -1e100 -1e100 -1e100 -1e100 -1e100 -1e100 -1e100 -1e100 -1e100 -1e100 -1e100 -1e100 -1e100 -1e100 -1e100 -1e100 -1e100 -1e100 -1e100 -1e100 -1e100 -1e100 -1e100 -1e100 -1e100 -1e100 -1e100 -1e100 -1e100 -1e100 -1e100 -1e100 -1e100 -1e100 -1e100 -1e100 -1e100 -1e100 -1e100 -1e100 -1e100 -1e100 -1e100 -1e100 -1e100 -1e100 -1e100 -1e100 -1e100 -1e100 -1e100 -1e100 -1e100 -1e100 -1e100 -1e100 -1e100 -1e100 -1e100 -1e100 -1e100 -1e100 -1e100 -1e100 -1e100 -1e100 -1e100 -1e100 -1e100 -1e100 -1e100 -1e100 -1e100 -1e100 -1e100 -1e100 -1e100 -1e100 -1e100 -1e100 -1e100 -1e100 -1e100
 -1e100 -1e100 -1e100 -1e100 -1e100 -1e100 -1e100 -1e100 -1e100 82.7660064697265625 79.5693206787109375 76.33586883544921875 73.0706329345703125 69.77889251708984375 66.4667816162109375 63.142108917236328125 59.814495086669921875 56.49469757080078125 53.194095611572265625 49.92337799072265625 46.693302154541015625 43.512531280517578125 40.3921966552734375 37.351001739501953125 34.44010162353515625 31.768487930297851562 29.544683456420898438 28.107736587524414062 27.271396636962890625 26.724500656127929688 26.345914840698242188 26.078187942504882812 25.876041412353515625 25.698839187622070312 25.505189895629882812 25.259420394897460938 24.938989639282226562 24.53656005859375 24.058282852172851562 23.516908645629882812 22.927465438842773438 22.30420684814453125 21.658908843994140625 21.000085830688476562 20.3327178955078125 19.659292221069335938 18.980600357055664062 18.296628952026367188 17.606990814208984375 16.91126251220703125 16.209363937377929688 15.501727104187011719 14.78932952880859375 14.073710441589355469 13.356953620910644531 12.641774177551269531 11.931326866149902344 11.229111671447753906 10.538655281066894531 9.863323211669921875 9.2060375213623046875 8.5690746307373046875 7.9539661407470703125 7.3616499900817871094 6.7927050590515136719 6.247539520263671875 5.7264332771301269531 5.2292995452880859375 4.7555346488952636719 4.303974151611328125 3.8727583885192871094 3.4592320919036865234 3.0596537590026855469 2.6690802574157714844 2.2814087867736816406 1.8889130353927612305 1.4813134670257568359 1.04703521728515625 0.58325093984603881836 0.086645618081092834473      0 -1e100 -1e100 -1e100 -1e100 -1e100 -1e100 -1e100 -1e100 -1e100 -1e100 -1e100 -1e100 -1e100 -1e100 -1e100 -1e100 -1e100 -1e100 -1e100 -1e100 -1e100 -1e100 -1e100 -1e100 -1e100 -1e100 -1e100 -1e100 -1e100 -1e100 -1e100 -1e100 -1e100 -1e100 -1e100 -1e100 -1e100 -1e100 -1e100 -1e100 -1e100 -1e100 -1e100 -1e100 -1e100 -1e100 -1e100 -1e100 -1e100 -1e100 -1e100 -1e100 -1e100 -1e100 -1e100 -1e100 -1e100 -1e100 -1e100 -1e100 -1e100 -1e100 -1e100 -1e100 -1e100 -1e100 -1e100 -1e100 -1e100 -1e100 -1e100 -1e100 -1e100 -1e100 -1e100 -1e100 -1e100 -1e100 -1e100 -1e100 -1e100 -1e100 -1e100 -1e100 -1e100 -1e100
 -1e100 -1e100 -1e100 -1e100 -1e100 -1e100 -1e100 -1e100 90.7392578125 87.5087738037109375 84.2484893798828125 80.96338653564453125 77.6588897705078125 74.34105682373046875 71.01706695556640625 67.69573974609375 64.3871002197265625 61.10124969482421875 57.847255706787109375 54.6319580078125 51.459995269775390625 48.332584381103515625 45.2521209716796875 42.230335235595703125 39.30828857421875 36.565303802490234375 34.17963409423828125 32.702259063720703125 31.83365631103515625 31.206233978271484375 30.73174285888671875 30.35901641845703125 30.043548583984375 29.741140365600585938 29.405153274536132812 28.996717453002929688 28.493890762329101562 27.893268585205078125 27.206575393676757812 26.452253341674804688 25.650312423706054688 24.818887710571289062 23.972490310668945312 23.12134552001953125 22.2714080810546875 21.425632476806640625 20.584890365600585938 19.748989105224609375 18.917219161987304688 18.088792800903320312 17.263265609741210938 16.440731048583984375 15.621872901916503906 14.808000564575195312 14.001046180725097656 13.203627586364746094 12.418824195861816406 11.650046348571777344 10.900693893432617188 10.173958778381347656 9.4725170135498046875 8.79833984375 8.1526050567626953125 7.5358767509460449219 6.9483408927917480469 6.3899784088134765625 5.860523223876953125 5.3592019081115722656 4.8845853805541992188 4.4345312118530273438 4.0060853958129882812 3.5954344272613525391 3.1977410316467285156 2.8071498870849609375 2.4167406558990478516 2.0180568695068359375 1.601216435432434082 1.1572709083557128906 0.68121409416198730469 0.17121829092502593994      0 -1e100 -1e100 -1e100 -1e100 -1e100 -1e100 -1e100 -1e100 -1e100 -1e100 -1e100 -1e100 -1e100 -1e100 -1e100 -1e100 -1e100 -1e100 -1e100 -1e100 -1e100 -1e100 -1e100 -1e100 -1e100 -1e100 -1e100 -1e100 -1e100 -1e100 -1e100 -1e100 -1e100 -1e100 -1e100 -1e100 -1e100 -1e100 -1e100 -1e100 -1e100 -1e100 -1e100 -1e100 -1e100 -1e100 -1e100 -1e100 -1e100 -1e100 -1e100 -1e100 -1e100 -1e100 -1e100 -1e100 -1e100 -1e100 -1e100 -1e100 -1e100 -1e100 -1e100 -1e100 -1e100 -1e100 -1e100 -1e100 -1e100 -1e100 -1e100 -1e100 -1e100 -1e100 -1e100 -1e100 -1e100 -1e100 -1e100 -1e100 -1e100 -1e100 -1e100 -1e100 -1e100 -1e100
 -1e100 -1e100 -1e100 -1e100 -1e100 -1e100 -1e100 -1e100 95.655914306640625 92.3549041748046875 89.03826904296875 85.7115020751953125 82.38101959228515625 79.05428314208984375 75.7400665283203125 72.4485321044921875 69.19012451171875 65.974090576171875 62.806880950927734375 59.69135284423828125 56.626007080078125 53.60622406005859375 50.630367279052734375 47.715152740478515625 44.90863800048828125 42.304264068603515625 40.07967376708984375 38.433650970458984375 37.204433441162109375 36.304340362548828125 35.61956787109375 35.06401824951171875 34.5751800537109375 34.0960235595703125 33.571140289306640625 32.958282470703125 32.236705780029296875 31.407316207885742188 30.48719024658203125 29.499654769897460938 28.468860626220703125 27.415904998779296875 26.35729217529296875 25.304347991943359375 24.263584136962890625 23.238101959228515625 22.228668212890625 21.234827041625976562 20.255521774291992188 19.289577484130859375 18.336187362670898438 17.395082473754882812 16.466634750366210938 15.551875114440917969 14.652531623840332031 13.771050453186035156 12.910356521606445312 12.073680877685546875 11.264211654663085938 10.484884262084960938 9.738063812255859375 9.025360107421875 8.3475589752197265625 7.7048192024230957031 7.0968751907348632812 6.5231838226318359375 5.9827899932861328125 5.4741177558898925781 4.9948086738586425781 4.54170989990234375 4.1107873916625976562 3.6971542835235595703 3.2950110435485839844 2.8977587223052978516 2.4979085922241210938 2.0868506431579589844 1.6554945707321166992 1.1959537267684936523 0.7042834162712097168 0.18135996162891387939      0 -1e100 -1e100 -1e100 -1e100 -1e100 -1e100 -1e100 -1e100 -1e100 -1e100 -1e100 -1e100 -1e100 -1e100 -1e100 -1e100 -1e100 -1e100 -1e100 -1e100 -1e100 -1e100 -1e100 -1e100 -1e100 -1e100 -1e100 -1e100 -1e100 -1e100 -1e100 -1e100 -1e100 -1e100 -1e100 -1e100 -1e100 -1e100 -1e100 -1e100 -1e100 -1e100 -1e100 -1e100 -1e100 -1e100 -1e100 -1e100 -1e100 -1e100 -1e100 -1e100 -1e100 -1e100 -1e100 -1e100 -1e100 -1e100 -1e100 -1e100 -1e100 -1e100 -1e100 -1e100 -1e100 -1e100 -1e100 -1e100 -1e100 -1e100 -1e100 -1e100 -1e100 -1e100 -1e100 -1e100 -1e100 -1e100 -1e100 -1e100 -1e100 -1e100 -1e100 -1e100 -1e100 -1e100
 -1e100 -1e100 -1e100 -1e100 -1e100 -1e100 -1e100 -1e100 100.64185333251953125 97.273162841796875 93.9050750732421875 90.5440521240234375 87.19803619384765625 83.87633514404296875 80.58954620361328125 77.349090576171875 74.16546630859375 71.04637908935546875 67.99510955810546875 65.009185791015625 62.08029937744140625 59.196559906005859375 56.35291290283203125 53.56330108642578125 50.866664886474609375 48.345062255859375 46.141979217529296875 44.34529876708984375 42.898891448974609375 41.75415802001953125 40.8314056396484375 40.051876068115234375 39.346965789794921875 38.649181365966796875 37.896274566650390625 37.0444183349609375 36.07541656494140625 34.99488067626953125 33.8245086669921875 32.591548919677734375 31.323156356811523438 30.04241943359375 28.767000198364257812 27.508716583251953125 26.274187088012695312 25.066396713256835938 23.88590240478515625 22.731935501098632812 21.603090286254882812 20.49784088134765625 19.4150390625 18.354078292846679688 17.315013885498046875 16.298593521118164062 15.306304931640625 14.340378761291503906 13.403519630432128906 12.498708724975585938 11.628847122192382812 10.796541213989257812 10.003780364990234375 9.2517728805541992188 8.5408887863159179688 7.8708505630493164062 7.2408971786499023438 6.6498699188232421875 6.0960407257080078125 5.5769467353820800781 5.0892577171325683594 4.6287946701049804688 4.1904773712158203125 3.7684295177459716797 3.3560478687286376953 2.9461510181427001953 2.5308718681335449219 2.1017687320709228516 1.6505738496780395508 1.1711549758911132812 0.66248434782028198242 0.12872993946075439453      0 -1e100 -1e100 -1e100 -1e100 -1e100 -1e100 -1e100 -1e100 -1e100 -1e100 -1e100 -1e100 -1e100 -1e100 -1e100 -1e100 -1e100 -1e100 -1e100 -1e100 -1e100 -1e100 -1e100 -1e100 -1e100 -1e100 -1e100 -1e100 -1e100 -1e100 -1e100 -1e100 -1e100 -1e100 -1e100 -1e100 -1e100 -1e100 -1e100 -1e100 -1e100 -1e100 -1e100 -1e100 -1e100 -1e100 -1e100 -1e100 -1e100 -1e100 -1e100 -1e100 -1e100 -1e100 -1e100 -1e100 -1e100 -1e100 -1e100 -1e100 -1e100 -1e100 -1e100 -1e100 -1e100 -1e100 -1e100 -1e100 -1e100 -1e100 -1e100 -1e100 -1e100 -1e100 -1e100 -1e100 -1e100 -1e100 -1e100 -1e100 -1e100 -1e100 -1e100 -1e100 -1e100 -1e100
 -1e100 -1e100 -1e100 -1e100 -1e100 -1e100 -1e100 -1e100 105.6638336181640625 102.227386474609375 98.8094482421875 95.4178314208984375 92.0623321533203125 88.75426483154296875 85.5059356689453125 82.32946014404296875 79.23465728759765625 76.22679901123046875 73.3047027587890625 70.45917510986328125 67.67385101318359375 64.9285430908203125 62.213321685791015625 59.5363311767578125 56.930377960205078125 54.464946746826171875 52.245269775390625 50.3329010009765625 48.70812225341796875 47.34011077880859375 46.1777801513671875 45.157867431640625 44.211170196533203125 43.26567840576171875 42.256805419921875 41.14229583740234375 39.908199310302734375 38.564708709716796875 37.137287139892578125 35.65598297119140625 34.149822235107421875 32.642852783203125 31.153078079223632812 29.692201614379882812 28.266588211059570312 26.878940582275390625 25.529523849487304688 24.217264175415039062 22.940450668334960938 21.697269439697265625 20.486299514770507812 19.306644439697265625 18.158090591430664062 17.041110992431640625 15.956959724426269531 14.907629013061523438 13.895570755004882812 12.923460006713867188 11.993856430053710938 11.108976364135742188 10.270387649536132812 9.4788656234741210938 8.734344482421875 8.036098480224609375 7.3828372955322265625 6.7727489471435546875 6.2032842636108398438 5.6710944175720214844 5.1718759536743164062 4.7004613876342773438 4.25077056884765625 3.8160305023193359375 3.3889570236206054688 2.9619400501251220703 2.5269539356231689453 2.0759115219116210938 1.6016645431518554688 1.1006052494049072266 0.57530522346496582031 0.034167047590017318726      0 -1e100 -1e100 -1e100 -1e100 -1e100 -1e100 -1e100 -1e100 -1e100 -1e100 -1e100 -1e100 -1e100 -1e100 -1e100 -1e100 -1e100 -1e100 -1e100 -1e100 -1e100 -1e100 -1e100 -1e100 -1e100 -1e100 -1e100 -1e100 -1e100 -1e100 -1e100 -1e100 -1e100 -1e100 -1e100 -1e100 -1e100 -1e100 -1e100 -1e100 -1e100 -1e100 -1e100 -1e100 -1e100 -1e100 -1e100 -1e100 -1e100 -1e100 -1e100 -1e100 -1e100 -1e100 -1e100 -1e100 -1e100 -1e100 -1e100 -1e100 -1e100 -1e100 -1e100 -1e100 -1e100 -1e100 -1e100 -1e100 -1e100 -1e100 -1e100 -1e100 -1e100 -1e100 -1e100 -1e100 -1e100 -1e100 -1e100 -1e100 -1e100 -1e100 -1e100 -1e100 -1e100 -1e100
 -1e100 -1e100 -1e100 -1e100 -1e100 -1e100 -1e100 114.222991943359375 110.68499755859375 107.1772003173828125 103.70691680908203125 100.28354644775390625 96.91886138916015625 93.62602996826171875 90.4185028076171875 87.308380126953125 84.30396270751953125 81.40699005126953125 78.61071014404296875 75.8985443115234375 73.24587249755859375 70.626220703125 68.02481842041015625 65.44550323486328125 62.917156219482421875 60.49565887451171875 58.253887176513671875 56.237827301025390625 54.448581695556640625 52.8730926513671875 51.479305267333984375 50.214813232421875 49.013271331787109375 47.8035430908203125 46.52353668212890625 45.135715484619140625 43.631252288818359375 42.024570465087890625 40.34397125244140625 38.62115478515625 36.885852813720703125 35.162082672119140625 33.467418670654296875 31.81296539306640625 30.204580307006835938 28.644557952880859375 27.132856369018554688 25.668140411376953125 24.248470306396484375 22.871856689453125 21.536701202392578125 20.241918563842773438 18.987077713012695312 17.7724456787109375 16.599073410034179688 15.46872711181640625 14.383596420288085938 13.346029281616210938 12.358208656311035156 11.4219207763671875 10.538279533386230469 9.7076053619384765625 8.9293928146362304688 8.2024631500244140625 7.5249972343444824219 6.8945226669311523438 6.3077187538146972656 5.7603931427001953125 5.2473425865173339844 4.762481689453125 4.2988147735595703125 3.8487765789031982422 3.4045095443725585938 2.9581449031829833984 2.5018324851989746094 2.0280954837799072266 1.5310938358306884766 1.008982539176940918 0.46695384383201599121      0      0 -1e100 -1e100 -1e100 -1e100 -1e100 -1e100 -1e100 -1e100 -1e100 -1e100 -1e100 -1e100 -1e100 -1e100 -1e100 -1e100 -1e100 -1e100 -1e100 -1e100 -1e100 -1e100 -1e100 -1e100 -1e100 -1e100 -1e100 -1e100 -1e100 -1e100 -1e100 -1e100 -1e100 -1e100 -1e100 -1e100 -1e100 -1e100 -1e100 -1e100 -1e100 -1e100 -1e100 -1e100 -1e100 -1e100 -1e100 -1e100 -1e100 -1e100 -1e100 -1e100 -1e100 -1e100 -1e100 -1e100 -1e100 -1e100 -1e100 -1e100 -1e100 -1e100 -1e100 -1e100 -1e100 -1e100 -1e100 -1e100 -1e100 -1e100 -1e100 -1e100 -1e100 -1e100 -1e100 -1e100 -1e100 -1e100 -1e100 -1e100 -1e100 -1e100 -1e100 -1e100 -1e100 -1e100
 -1e100 -1e100 -1e100 -1e100 -1e100 -1e100 -1e100 119.30185699462890625 115.66695404052734375 112.0804443359375 108.55084991455078125 105.089263916015625 101.70926666259765625 98.42539215087890625 95.2516021728515625 92.1992340087890625 89.27416229248046875 86.4737548828125 83.78522491455078125 81.18489837646484375 78.64225006103515625 76.12723541259765625 73.6226043701171875 71.128814697265625 68.6677703857421875 66.27964019775390625 64.0133514404296875 61.90442657470703125 59.964252471923828125 58.194522857666015625 56.57740020751953125 55.06896209716796875 53.608097076416015625 52.12871551513671875 50.57501983642578125 48.915889739990234375 47.147876739501953125 45.288982391357421875 43.36928558349609375 41.420963287353515625 39.473316192626953125 37.5494232177734375 35.66577911376953125 33.83254241943359375 32.05487823486328125 30.334615707397460938 28.671417236328125 27.063764572143554688 25.509616851806640625 24.006940841674804688 22.554096221923828125 21.149919509887695312 19.79388427734375 18.486124038696289062 17.227560043334960938 16.019773483276367188 14.864719390869140625 13.764420509338378906 12.720674514770507812 11.734819412231445312 10.807503700256347656 9.938579559326171875 9.1271114349365234375 8.3714771270751953125 7.6693482398986816406 7.0176510810852050781 6.4123754501342773438 5.8485860824584960938 5.3202848434448242188 4.8205828666687011719 4.3416829109191894531 3.8753685951232910156 3.4133577346801757812 2.9477267265319824219 2.4711050987243652344 1.9769926071166992188 1.4607472419738769531 0.92092466354370117188 0.36117181181907653809      0      0 -1e100 -1e100 -1e100 -1e100 -1e100 -1e100 -1e100 -1e100 -1e100 -1e100 -1e100 -1e100 -1e100 -1e100 -1e100 -1e100 -1e100 -1e100 -1e100 -1e100 -1e100 -1e100 -1e100 -1e100 -1e100 -1e100 -1e100 -1e100 -1e100 -1e100 -1e100 -1e100 -1e100 -1e100 -1e100 -1e100 -1e100 -1e100 -1e100 -1e100 -1e100 -1e100 -1e100 -1e100 -1e100 -1e100 -1e100 -1e100 -1e100 -1e100 -1e100 -1e100 -1e100 -1e100 -1e100 -1e100 -1e100 -1e100 -1e100 -1e100 -1e100 -1e100 -1e100 -1e100 -1e100 -1e100 -1e100 -1e100 -1e100 -1e100 -1e100 -1e100 -1e100 -1e100 -1e100 -1e100 -1e100 -1e100 -1e100 -1e100 -1e100 -1e100 -1e100 -1e100 -1e100 -1e100
 -1e100 -1e100 -1e100 -1e100 -1e100 -1e100 -1e100 124.31414031982421875 120.5716400146484375 116.89536285400390625 113.2950897216796875 109.78347015380859375 106.37551116943359375 103.08658599853515625 99.93053436279296875 96.9172210693359375 94.04936981201171875 91.31972503662109375 88.7097015380859375 86.19073486328125 83.7293853759765625 81.29479217529296875 78.8687286376953125 76.44811248779296875 74.0460662841796875 71.686431884765625 69.39788055419921875 67.2037811279296875 65.12066650390625 63.16464996337890625 61.330478668212890625 59.58213043212890625 57.86519622802734375 56.121456146240234375 54.303241729736328125 52.386493682861328125 50.372772216796875 48.28273773193359375 46.147098541259765625 43.997303009033203125 41.86118316650390625 39.760097503662109375 37.70900726318359375 35.716846466064453125 33.7879638671875 31.923694610595703125 30.123449325561523438 28.385641098022460938 26.7082672119140625 25.089418411254882812 23.5275726318359375 22.021640777587890625 20.57112884521484375 19.176164627075195312 17.83762359619140625 16.556985855102539062 15.336017608642578125 14.176456451416015625 13.079733848571777344 12.046744346618652344 11.077667236328125 10.171899795532226562 9.3280839920043945312 8.5441722869873046875 7.8173780441284179688 7.1441020965576171875 6.5197553634643554688 5.9387793540954589844 5.3945240974426269531 4.8794274330139160156 4.3850431442260742188 3.9026551246643066406 3.4237158298492431641 2.9404513835906982422 2.4462513923645019531 1.9360052347183227539 1.4068751335144042969 0.85820806026458740234 0.29561820626258850098      0      0 -1e100 -1e100 -1e100 -1e100 -1e100 -1e100 -1e100 -1e100 -1e100 -1e100 -1e100 -1e100 -1e100 -1e100 -1e100 -1e100 -1e100 -1e100 -1e100 -1e100 -1e100 -1e100 -1e100 -1e100 -1e100 -1e100 -1e100 -1e100 -1e100 -1e100 -1e100 -1e100 -1e100 -1e100 -1e100 -1e100 -1e100 -1e100 -1e100 -1e100 -1e100 -1e100 -1e100 -1e100 -1e100 -1e100 -1e100 -1e100 -1e100 -1e100 -1e100 -1e100 -1e100 -1e100 -1e100 -1e100 -1e100 -1e100 -1e100 -1e100 -1e100 -1e100 -1e100 -1e100 -1e100 -1e100 -1e100 -1e100 -1e100 -1e100 -1e100 -1e100 -1e100 -1e100 -1e100 -1e100 -1e100 -1e100 -1e100 -1e100 -1e100 -1e100 -1e100 -1e100 -1e100 -1e100
 -1e100 -1e100 -1e100 -1e100 -1e100 -1e100 -1e100 129.22686767578125 125.3633880615234375 121.58298492431640625 117.89659881591796875 114.31812286376953125 110.86356353759765625 107.5486297607421875 104.386444091796875 101.3849029541015625 98.5433197021484375 95.85007476806640625 93.28256988525390625 90.80989837646484375 88.3986968994140625 86.01934814453125 83.65313720703125 81.29328155517578125 78.943634033203125 76.6112060546875 74.3034210205078125 72.02761077880859375 69.80384063720703125 67.66503143310546875 65.6195831298828125 63.639255523681640625 61.677196502685546875 59.683887481689453125 57.620388031005859375 55.469509124755859375 53.23700714111328125 50.945098876953125 48.6239013671875 46.302974700927734375 44.007781982421875 41.757411956787109375 39.564910888671875 37.43776702880859375 35.379425048828125 33.3907012939453125 31.470838546752929688 29.618295669555664062 27.831274032592773438 26.108167648315429688 24.4477691650390625 22.849245071411132812 21.312288284301757812 19.837160110473632812 18.424814224243164062 17.076725006103515625 15.794552803039550781 14.579809188842773438 13.43360137939453125 12.356406211853027344 11.347954750061035156 10.407199859619140625 9.5323810577392578125 8.7210540771484375 7.9700250625610351562 7.2752485275268554688 6.6316690444946289062 6.0332398414611816406 5.4728055000305175781 4.94228363037109375 4.4327344894409179688 3.9350903034210205078 3.4406750202178955078 2.9419777393341064453 2.4331691265106201172 1.9104503393173217773 1.3723425865173339844 0.81879138946533203125 0.25625443458557128906      0      0 -1e100 -1e100 -1e100 -1e100 -1e100 -1e100 -1e100 -1e100 -1e100 -1e100 -1e100 -1e100 -1e100 -1e100 -1e100 -1e100 -1e100 -1e100 -1e100 -1e100 -1e100 -1e100 -1e100 -1e100 -1e100 -1e100 -1e100 -1e100 -1e100 -1e100 -1e100 -1e100 -1e100 -1e100 -1e100 -1e100 -1e100 -1e100 -1e100 -1e100 -1e100 -1e100 -1e100 -1e100 -1e100 -1e100 -1e100 -1e100 -1e100 -1e100 -1e100 -1e100 -1e100 -1e100 -1e100 -1e100 -1e100 -1e100 -1e100 -1e100 -1e100 -1e100 -1e100 -1e100 -1e100 -1e100 -1e100 -1e100 -1e100 -1e100 -1e100 -1e100 -1e100 -1e100 -1e100 -1e100 -1e100 -1e100 -1e100 -1e100 -1e100 -1e100 -1e100 -1e100 -1e100 -1e100
 -1e100 -1e100 -1e100 -1e100 -1e100 -1e100 138.1013031005859375 134.0116119384765625 130.0118560791015625 126.1104888916015625 122.31931304931640625 118.65311431884765625 115.12845611572265625 111.76092529296875 108.562530517578125 105.53893280029296875 102.68621826171875 99.98974609375 97.42493438720703125 94.96126556396484375 92.56746673583984375 90.21581268310546875 87.88773345947265625 85.57328033447265625 83.2686309814453125 80.964752197265625 78.64441680908203125 76.28829193115234375 73.92151641845703125 71.6011505126953125 69.3515167236328125 67.152008056640625 64.96273040771484375 62.742565155029296875 60.460968017578125 58.10692596435546875 55.68935394287109375 53.23081207275390625 50.7595367431640625 48.302234649658203125 45.881336212158203125 43.51317596435546875 41.208576202392578125 38.97339630126953125 36.8100738525390625 34.71893310546875 32.6990966796875 30.749193191528320312 28.867807388305664062 27.053850173950195312 25.306640625 23.6258087158203125 22.011419296264648438 20.464025497436523438 18.9847869873046875 17.575290679931640625 16.237188339233398438 14.971843719482421875 13.780095100402832031 12.662044525146484375 11.617008209228515625 10.643522262573242188 9.73944091796875 8.9019517898559570312 8.1274976730346679688 7.4116597175598144531 6.7490215301513671875 6.1331701278686523438 5.5565915107727050781 5.0108327865600585938 4.4866271018981933594 3.9746954441070556641 3.4663293361663818359 2.9542751312255859375 2.4332983493804931641 1.9005286693572998047 1.3552323579788208008 0.79845517873764038086 0.23450572788715362549      0      0 -1e100 -1e100 -1e100 -1e100 -1e100 -1e100 -1e100 -1e100 -1e100 -1e100 -1e100 -1e100 -1e100 -1e100 -1e100 -1e100 -1e100 -1e100 -1e100 -1e100 -1e100 -1e100 -1e100 -1e100 -1e100 -1e100 -1e100 -1e100 -1e100 -1e100 -1e100 -1e100 -1e100 -1e100 -1e100 -1e100 -1e100 -1e100 -1e100 -1e100 -1e100 -1e100 -1e100 -1e100 -1e100 -1e100 -1e100 -1e100 -1e100 -1e100 -1e100 -1e100 -1e100 -1e100 -1e100 -1e100 -1e100 -1e100 -1e100 -1e100 -1e100 -1e100 -1e100 -1e100 -1e100 -1e100 -1e100 -1e100 -1e100 -1e100 -1e100 -1e100 -1e100 -1e100 -1e100 -1e100 -1e100 -1e100 -1e100 -1e100 -1e100 -1e100 -1e100 -1e100 -1e100 -1e100
 -1e100 -1e100 -1e100 -1e100 -1e100 -1e100 142.9014739990234375 138.6464691162109375 134.494293212890625 130.453643798828125 126.53687286376953125 122.75926971435546875 119.13753509521484375 115.686767578125 112.41762542724609375 109.3335723876953125 106.4283905029296875 103.68592071533203125 101.08172607421875 98.58736419677734375 96.17411041259765625 93.81652069091796875 91.4969482421875 89.205352783203125 86.9352264404296875 84.66619873046875 82.35083770751953125 79.91739654541015625 77.40293121337890625 74.9022979736328125 72.45928192138671875 70.05852508544921875 67.666015625 65.24808502197265625 62.7816162109375 60.26071929931640625 57.6963348388671875 55.110080718994140625 52.527294158935546875 49.97106170654296875 47.460224151611328125 45.0079803466796875 42.622638702392578125 40.308258056640625 38.066192626953125 35.896240234375 33.7974700927734375 31.768800735473632812 29.809383392333984375 27.918880462646484375 26.0973968505859375 24.345258712768554688 22.66309356689453125 21.05191802978515625 19.513246536254882812 18.048892974853515625 16.660602569580078125 15.3496551513671875 14.116685867309570312 12.961478233337402344 11.882982254028320312 10.879353523254394531 9.948085784912109375 9.0860261917114257812 8.2892904281616210938 7.5531525611877441406 6.8719196319580078125 6.2389225959777832031 5.6464123725891113281 5.0857114791870117188 4.5473818778991699219 4.0220732688903808594 3.5011250972747802734 2.9775023460388183594 2.4463431835174560547 1.905263066291809082 1.3539581298828125 0.79381310939788818359 0.22795438766479492188      0      0 -1e100 -1e100 -1e100 -1e100 -1e100 -1e100 -1e100 -1e100 -1e100 -1e100 -1e100 -1e100 -1e100 -1e100 -1e100 -1e100 -1e100 -1e100 -1e100 -1e100 -1e100 -1e100 -1e100 -1e100 -1e100 -1e100 -1e100 -1e100 -1e100 -1e100 -1e100 -1e100 -1e100 -1e100 -1e100 -1e100 -1e100 -1e100 -1e100 -1e100 -1e100 -1e100 -1e100 -1e100 -1e100 -1e100 -1e100 -1e100 -1e100 -1e100 -1e100 -1e100 -1e100 -1e100 -1e100 -1e100 -1e100 -1e100 -1e100 -1e100 -1e100 -1e100 -1e100 -1e100 -1e100 -1e100 -1e100 -1e100 -1e100 -1e100 -1e100 -1e100 -1e100 -1e100 -1e100 -1e100 -1e100 -1e100 -1e100 -1e100 -1e100 -1e100 -1e100 -1e100 -1e100 -1e100
 -1e100 -1e100 -1e100 -1e100 -1e100 -1e100 147.5515899658203125 143.1175994873046875 138.79705810546875 134.5985870361328125 130.5346832275390625 126.62066650390625 122.87305450439453125 119.30614471435546875 115.92917633056640625 112.7439727783203125 109.7430419921875 106.91017913818359375 104.2224578857421875 101.653900146484375 99.17835235595703125 96.7728271484375 94.42206573486328125 92.12081146240234375 89.86638641357421875 87.63961029052734375 85.358795166015625 82.8438568115234375 80.1764984130859375 77.50807952880859375 74.89330291748046875 72.3174896240234375 69.7526702880859375 67.172027587890625 64.5587921142578125 61.91117095947265625 59.2409515380859375 56.567882537841796875 53.91359710693359375 51.29705047607421875 48.733051300048828125 46.231342315673828125 43.797458648681640625 41.433502197265625 39.13965606689453125 36.91516876220703125 34.7590789794921875 32.670703887939453125 30.6499481201171875 28.697483062744140625 26.814500808715820312 25.002286911010742188 23.2622833251953125 21.596162796020507812 20.005914688110351562 18.493677139282226562 17.061321258544921875 15.710112571716308594 14.440542221069335938 13.252152442932128906 12.143589973449707031 11.112676620483398438 10.156579017639160156 9.2718257904052734375 8.45424652099609375 7.6988573074340820312 6.999759674072265625 6.3501119613647460938 5.7420334815979003906 5.1667461395263671875 4.6147928237915039062 4.0768823623657226562 3.5444991588592529297 3.0108218193054199219 2.4712078571319580078 1.9234385490417480469 1.3673930168151855469 0.80429059267044067383 0.23618200421333312988      0      0 -1e100 -1e100 -1e100 -1e100 -1e100 -1e100 -1e100 -1e100 -1e100 -1e100 -1e100 -1e100 -1e100 -1e100 -1e100 -1e100 -1e100 -1e100 -1e100 -1e100 -1e100 -1e100 -1e100 -1e100 -1e100 -1e100 -1e100 -1e100 -1e100 -1e100 -1e100 -1e100 -1e100 -1e100 -1e100 -1e100 -1e100 -1e100 -1e100 -1e100 -1e100 -1e100 -1e100 -1e100 -1e100 -1e100 -1e100 -1e100 -1e100 -1e100 -1e100 -1e100 -1e100 -1e100 -1e100 -1e100 -1e100 -1e100 -1e100 -1e100 -1e100 -1e100 -1e100 -1e100 -1e100 -1e100 -1e100 -1e100 -1e100 -1e100 -1e100 -1e100 -1e100 -1e100 -1e100 -1e100 -1e100 -1e100 -1e100 -1e100 -1e100 -1e100 -1e100 -1e100 -1e100 -1e100
 -1e100 -1e100 -1e100 -1e100 -1e100 -1e100 152.0442047119140625 147.4191741943359375 142.91571044921875 138.5418853759765625 134.3098907470703125 130.2346954345703125 126.33222198486328125 122.6157989501953125 119.0934906005859375 115.76611328125 112.6259613037109375 109.6577606201171875 106.84061431884765625 104.15105438232421875 101.565338134765625 99.06331634521484375 96.63359832763671875 94.2758636474609375 91.994842529296875 89.7810211181640625 87.55037689208984375 84.9524688720703125 82.15425872802734375 79.3623504638671875 76.617279052734375 73.9061431884765625 71.2087554931640625 68.506011962890625 65.787628173828125 63.055454254150390625 60.321453094482421875 57.602855682373046875 54.917133331298828125 52.278717041015625 49.698089599609375 47.181240081787109375 44.730743408203125 42.3466033935546875 40.0277557373046875 37.772830963134765625 35.58083343505859375 33.45154571533203125 31.385791778564453125 29.385572433471679688 27.4535369873046875 25.592306137084960938 23.804437637329101562 22.09239959716796875 20.458740234375 18.905910491943359375 17.435911178588867188 16.0500335693359375 14.748703956604003906 13.531315803527832031 12.3962860107421875 11.341159820556640625 10.362806320190429688 9.457469940185546875 8.6207227706909179688 7.84737396240234375 7.1313662528991699219 6.4657506942749023438 5.8425917625427246094 5.2531189918518066406 4.68798065185546875 4.1380724906921386719 3.5951251983642578125 3.0525577068328857422 2.5058412551879882812 1.9526907205581665039 1.3927559852600097656 0.82682907581329345703 0.25623410940170288086      0      0 -1e100 -1e100 -1e100 -1e100 -1e100 -1e100 -1e100 -1e100 -1e100 -1e100 -1e100 -1e100 -1e100 -1e100 -1e100 -1e100 -1e100 -1e100 -1e100 -1e100 -1e100 -1e100 -1e100 -1e100 -1e100 -1e100 -1e100 -1e100 -1e100 -1e100 -1e100 -1e100 -1e100 -1e100 -1e100 -1e100 -1e100 -1e100 -1e100 -1e100 -1e100 -1e100 -1e100 -1e100 -1e100 -1e100 -1e100 -1e100 -1e100 -1e100 -1e100 -1e100 -1e100 -1e100 -1e100 -1e100 -1e100 -1e100 -1e100 -1e100 -1e100 -1e100 -1e100 -1e100 -1e100 -1e100 -1e100 -1e100 -1e100 -1e100 -1e100 -1e100 -1e100 -1e100 -1e100 -1e100 -1e100 -1e100 -1e100 -1e100 -1e100 -1e100 -1e100 -1e100 -1e100 -1e100
 -1e100 -1e100 -1e100 -1e100 -1e100 161.32720947265625 156.3782958984375 151.552734375 146.854217529296875 142.289794921875 137.8708648681640625 133.6115875244140625 129.5269927978515625 125.6294403076171875 121.926116943359375 118.41748046875 115.0964202880859375 111.9492034912109375 108.957275390625 106.099639892578125 103.35573577880859375 100.7091522216796875 98.1520538330078125 95.68402862548828125 93.3039093017578125 90.98525238037109375 88.6198272705078125 86.0027313232421875 83.2493133544921875 80.44228363037109375 77.63214111328125 74.83470916748046875 72.0479888916015625 69.26508331298828125 66.48345184326171875 63.708461761474609375 60.95183563232421875 58.227771759033203125 55.54924774169921875 52.92589569091796875 50.363582611083984375 47.864383697509765625 45.427764892578125 43.051570892333984375 40.73337554931640625 38.471103668212890625 36.26363372802734375 34.111217498779296875 32.015789031982421875 29.981023788452148438 28.011575698852539062 26.111907958984375 24.2859649658203125 22.537113189697265625 20.868343353271484375 19.282344818115234375 17.781225204467773438 16.366367340087890625 15.038232803344726562 13.796166419982910156 12.638428688049316406 11.562330245971679688 10.56447601318359375 9.6408548355102539062 8.7868165969848632812 7.9969968795776367188 7.2652230262756347656 6.5844817161560058594 5.9468436241149902344 5.3436279296875 4.7656908035278320312 4.204212188720703125 3.6512498855590820312 3.1004636287689208984 2.5473804473876953125 1.9895142316818237305 1.4261040687561035156 0.85752248764038085938 0.28465470671653747559      0      0 -1e100 -1e100 -1e100 -1e100 -1e100 -1e100 -1e100 -1e100 -1e100 -1e100 -1e100 -1e100 -1e100 -1e100 -1e100 -1e100 -1e100 -1e100 -1e100 -1e100 -1e100 -1e100 -1e100 -1e100 -1e100 -1e100 -1e100 -1e100 -1e100 -1e100 -1e100 -1e100 -1e100 -1e100 -1e100 -1e100 -1e100 -1e100 -1e100 -1e100 -1e100 -1e100 -1e100 -1e100 -1e100 -1e100 -1e100 -1e100 -1e100 -1e100 -1e100 -1e100 -1e100 -1e100 -1e100 -1e100 -1e100 -1e100 -1e100 -1e100 -1e100 -1e100 -1e100 -1e100 -1e100 -1e100 -1e100 -1e100 -1e100 -1e100 -1e100 -1e100 -1e100 -1e100 -1e100 -1e100 -1e100 -1e100 -1e100 -1e100 -1e100 -1e100 -1e100 -1e100 -1e100 -1e100
 -1e100 -1e100 -1e100 -1e100 -1e100 165.71856689453125 160.55853271484375 155.5264434814453125 150.6242523193359375 145.8575592041015625 141.23638916015625 136.7737274169921875 132.483551025390625 128.377197265625 124.46137237548828125 120.73674774169921875 117.1973419189453125 113.83152008056640625 110.6234130859375 107.55562591552734375 104.61257171630859375 101.7837371826171875 99.0660552978515625 96.45862579345703125 93.9530029296875 91.5113677978515625 89.04051971435546875 86.4113006591796875 83.66480255126953125 80.84600830078125 77.99800872802734375 75.14886474609375 72.3099212646484375 69.48541259765625 66.6798095703125 63.90128326416015625 61.1605987548828125 58.468414306640625 55.832889556884765625 53.258609771728515625 50.746700286865234375 48.2952117919921875 45.90048980712890625 43.55815887451171875 41.264347076416015625 39.016086578369140625 36.81192779541015625 34.652545928955078125 32.541149139404296875 30.483678817749023438 28.487483978271484375 26.55934906005859375 24.70488739013671875 22.928203582763671875 21.232496261596679688 19.620588302612304688 18.09470367431640625 16.656454086303710938 15.306461334228515625 14.044094085693359375 12.867508888244628906 11.773799896240234375 10.759332656860351562 9.819873809814453125 8.9505796432495117188 8.1459445953369140625 7.3997101783752441406 6.7048349380493164062 6.0534396171569824219 5.4370026588439941406 4.84665679931640625 4.2739367485046386719 3.7112536430358886719 3.1525063514709472656 2.5932576656341552734 2.0308306217193603516 1.4641501903533935547 0.89328414201736450195 0.3189531862735748291      0      0 -1e100 -1e100 -1e100 -1e100 -1e100 -1e100 -1e100 -1e100 -1e100 -1e100 -1e100 -1e100 -1e100 -1e100 -1e100 -1e100 -1e100 -1e100 -1e100 -1e100 -1e100 -1e100 -1e100 -1e100 -1e100 -1e100 -1e100 -1e100 -1e100 -1e100 -1e100 -1e100 -1e100 -1e100 -1e100 -1e100 -1e100 -1e100 -1e100 -1e100 -1e100 -1e100 -1e100 -1e100 -1e100 -1e100 -1e100 -1e100 -1e100 -1e100 -1e100 -1e100 -1e100 -1e100 -1e100 -1e100 -1e100 -1e100 -1e100 -1e100 -1e100 -1e100 -1e100 -1e100 -1e100 -1e100 -1e100 -1e100 -1e100 -1e100 -1e100 -1e100 -1e100 -1e100 -1e100 -1e100 -1e100 -1e100 -1e100 -1e100 -1e100 -1e100 -1e100 -1e100 -1e100 -1e100
 -1e100 -1e100 -1e100 -1e100 -1e100 169.9645843505859375 164.59344482421875 159.3529052734375 154.2427978515625 149.266632080078125 144.43267822265625 139.75238037109375 135.238433837890625 130.9013214111328125 126.74752044677734375 122.77837371826171875 118.9895782470703125 115.37212371826171875 111.91373443603515625 108.60239410400390625 105.42942047119140625 102.39261627197265625 99.4940948486328125 96.7320556640625 94.090667724609375 91.52475738525390625 88.94971466064453125 86.279449462890625 83.510101318359375 80.66950225830078125 77.79439544677734375 74.91626739501953125 72.054779052734375 69.22196197509765625 66.4273681640625 63.6805267333984375 60.99024200439453125 58.36309051513671875 55.802097320556640625 53.3066558837890625 50.873077392578125 48.49547576904296875 46.167125701904296875 43.88146209716796875 41.633029937744140625 39.4177093505859375 37.23345947265625 35.08127593994140625 32.965972900390625 30.89646148681640625 28.883392333984375 26.936311721801757812 25.062414169311523438 23.266313552856445312 21.551195144653320312 19.919895172119140625 18.37502288818359375 16.918590545654296875 15.551472663879394531 14.273101806640625 13.081506729125976562 11.97357177734375 10.945440292358398438 9.9926776885986328125 9.110279083251953125 8.292621612548828125 7.5333833694458007812 6.8255228996276855469 6.1612462997436523438 5.5322337150573730469 4.9299478530883789062 4.3463077545166015625 3.7740948200225830078 3.207454681396484375 2.6420350074768066406 2.0751156806945800781 1.5054601430892944336 0.93298172950744628906 0.35839506983757019043      0      0 -1e100 -1e100 -1e100 -1e100 -1e100 -1e100 -1e100 -1e100 -1e100 -1e100 -1e100 -1e100 -1e100 -1e100 -1e100 -1e100 -1e100 -1e100 -1e100 -1e100 -1e100 -1e100 -1e100 -1e100 -1e100 -1e100 -1e100 -1e100 -1e100 -1e100 -1e100 -1e100 -1e100 -1e100 -1e100 -1e100 -1e100 -1e100 -1e100 -1e100 -1e100 -1e100 -1e100 -1e100 -1e100 -1e100 -1e100 -1e100 -1e100 -1e100 -1e100 -1e100 -1e100 -1e100 -1e100 -1e100 -1e100 -1e100 -1e100 -1e100 -1e100 -1e100 -1e100 -1e100 -1e100 -1e100 -1e100 -1e100 -1e100 -1e100 -1e100 -1e100 -1e100 -1e100 -1e100 -1e100 -1e100 -1e100 -1e100 -1e100 -1e100 -1e100 -1e100 -1e100 -1e100 -1e100
 -1e100 -1e100 -1e100 -1e100 -1e100 174.07183837890625 168.493865966796875 163.047607421875 157.730194091796875 152.542633056640625 147.4909515380859375 142.584716796875 137.835235595703125 133.252227783203125 128.8422088623046875 124.6075897216796875 120.54616546630859375 116.65216064453125 112.91796875 109.33814239501953125 105.9125213623046875 102.64733123779296875 99.54959869384765625 96.616485595703125 93.82492828369140625 91.12439727783203125 88.43759918212890625 85.69567108154296875 82.88065338134765625 80.00830841064453125 77.1104736328125 74.2192840576171875 71.358734130859375 68.54547119140625 65.7916259765625 63.106372833251953125 60.495513916015625 57.9609527587890625 55.5003662109375 53.1078948974609375 50.77521514892578125 48.49266815185546875 46.25067138671875 44.04052734375 41.855098724365234375 39.68883514404296875 37.538776397705078125 35.406124114990234375 33.297718048095703125 31.2262725830078125 29.2060089111328125 27.248920440673828125 25.363552093505859375 23.555027008056640625 21.82646942138671875 20.181074142456054688 18.622100830078125 17.152101516723632812 15.772236824035644531 14.481920242309570312 13.279009819030761719 12.160160064697265625 11.121297836303710938 10.157810211181640625 9.2645473480224609375 8.4357938766479492188 7.6651768684387207031 6.9456725120544433594 6.2695984840393066406 5.6288714408874511719 5.0153012275695800781 4.421207427978515625 3.8397536277770996094 3.2653775215148925781 2.6939516067504882812 2.1228697299957275391 1.5508708953857421875 0.9777736663818359375 0.40434539318084716797      0      0 -1e100 -1e100 -1e100 -1e100 -1e100 -1e100 -1e100 -1e100 -1e100 -1e100 -1e100 -1e100 -1e100 -1e100 -1e100 -1e100 -1e100 -1e100 -1e100 -1e100 -1e100 -1e100 -1e100 -1e100 -1e100 -1e100 -1e100 -1e100 -1e100 -1e100 -1e100 -1e100 -1e100 -1e100 -1e100 -1e100 -1e100 -1e100 -1e100 -1e100 -1e100 -1e100 -1e100 -1e100 -1e100 -1e100 -1e100 -1e100 -1e100 -1e100 -1e100 -1e100 -1e100 -1e100 -1e100 -1e100 -1e100 -1e100 -1e100 -1e100 -1e100 -1e100 -1e100 -1e100 -1e100 -1e100 -1e100 -1e100 -1e100 -1e100 -1e100 -1e100 -1e100 -1e100 -1e100 -1e100 -1e100 -1e100 -1e100 -1e100 -1e100 -1e100 -1e100 -1e100 -1e100 -1e100
 -1e100 -1e100 -1e100 -1e100 183.96197509765625 178.04656982421875 172.27032470703125 166.6256866455078125 161.1066436767578125 155.71112060546875 150.4425048828125 145.3082122802734375 140.3180389404296875 135.4810333251953125 130.8040771484375 126.29087066650390625 121.941680908203125 117.75445556640625 113.72686767578125 109.86080169677734375 106.1642913818359375 102.65122222900390625 99.33319854736328125 96.20671844482421875 93.24427032470703125 90.39179229736328125 87.578887939453125 84.7456207275390625 81.86923980712890625 78.95871734619140625 76.04184722900390625 73.1502685546875 70.309722900390625 67.5386962890625 64.84963226318359375 62.24970245361328125 59.740734100341796875 57.319549560546875 54.978351593017578125 52.70626068115234375 50.490589141845703125 48.31829833984375 46.177227020263671875 44.05675506591796875 41.948070526123046875 39.84406280517578125 37.74047088623046875 35.6385040283203125 33.54718780517578125 31.484258651733398438 29.466373443603515625 27.507076263427734375 25.6163330078125 23.800050735473632812 22.06201934814453125 20.406301498413085938 18.8370819091796875 17.357469558715820312 15.968745231628417969 14.670187950134277344 13.4593963623046875 12.33277130126953125 11.286030769348144531 10.314390182495117188 9.4125690460205078125 8.574764251708984375 7.7945647239685058594 7.0649762153625488281 6.3784489631652832031 5.727153778076171875 5.1032590866088867188 4.4994912147521972656 3.9094221591949462891 3.3278880119323730469 2.7511239051818847656 2.1767840385437011719 1.6036831140518188477 1.031495213508605957 0.45989578962326049805      0      0 -1e100 -1e100 -1e100 -1e100 -1e100 -1e100 -1e100 -1e100 -1e100 -1e100 -1e100 -1e100 -1e100 -1e100 -1e100 -1e100 -1e100 -1e100 -1e100 -1e100 -1e100 -1e100 -1e100 -1e100 -1e100 -1e100 -1e100 -1e100 -1e100 -1e100 -1e100 -1e100 -1e100 -1e100 -1e100 -1e100 -1e100 -1e100 -1e100 -1e100 -1e100 -1e100 -1e100 -1e100 -1e100 -1e100 -1e100 -1e100 -1e100 -1e100 -1e100 -1e100 -1e100 -1e100 -1e100 -1e100 -1e100 -1e100 -1e100 -1e100 -1e100 -1e100 -1e100 -1e100 -1e100 -1e100 -1e100 -1e100 -1e100 -1e100 -1e100 -1e100 -1e100 -1e100 -1e100 -1e100 -1e100 -1e100 -1e100 -1e100 -1e100 -1e100 -1e100 -1e100 -1e100 -1e100
 -1e100 -1e100 -1e100 -1e100 187.9965972900390625 181.8932952880859375 175.93145751953125 170.100311279296875 164.3901214599609375 158.7952423095703125 153.316009521484375 147.957427978515625 142.7277984619140625 137.635589599609375 132.6881866455078125 127.89081573486328125 123.24642181396484375 118.7568359375 114.4252777099609375 110.26030731201171875 106.27709197998046875 102.49648284912109375 98.93492889404296875 95.59136962890625 92.43654632568359375 89.414825439453125 86.46164703369140625 83.52365875244140625 80.57724761962890625 77.62580108642578125 74.69380950927734375 71.81191253662109375 69.00591278076171875 66.29407501220703125 63.687175750732421875 61.1889801025390625 58.79660797119140625 56.50153350830078125 54.290721893310546875 52.14862060546875 50.058696746826171875 48.004993438720703125 45.973239898681640625 43.951297760009765625 41.929107666015625 39.898166656494140625 37.852664947509765625 35.792140960693359375 33.726940155029296875 31.682514190673828125 29.675237655639648438 27.71976470947265625 25.827589035034179688 24.006137847900390625 22.260869979858398438 20.597442626953125 19.021123886108398438 17.53533172607421875 16.14124298095703125 14.837834358215332031 13.622366905212402344 12.490972518920898438 11.439149856567382812 10.461947441101074219 9.5539598464965820312 8.7093000411987304688 7.9215240478515625 7.1836843490600585938 6.4883852005004882812 5.8280663490295410156 5.1952624320983886719 4.583118438720703125 3.9856755733489990234 3.39824676513671875 2.8175222873687744141 2.2415194511413574219 1.6692885160446166992 1.1000691652297973633 0.53334766626358032227      0      0 -1e100 -1e100 -1e100 -1e100 -1e100 -1e100 -1e100 -1e100 -1e100 -1e100 -1e100 -1e100 -1e100 -1e100 -1e100 -1e100 -1e100 -1e100 -1e100 -1e100 -1e100 -1e100 -1e100 -1e100 -1e100 -1e100 -1e100 -1e100 -1e100 -1e100 -1e100 -1e100 -1e100 -1e100 -1e100 -1e100 -1e100 -1e100 -1e100 -1e100 -1e100 -1e100 -1e100 -1e100 -1e100 -1e100 -1e100 -1e100 -1e100 -1e100 -1e100 -1e100 -1e100 -1e100 -1e100 -1e100 -1e100 -1e100 -1e100 -1e100 -1e100 -1e100 -1e100 -1e100 -1e100 -1e100 -1e100 -1e100 -1e100 -1e100 -1e100 -1e100 -1e100 -1e100 -1e100 -1e100 -1e100 -1e100 -1e100 -1e100 -1e100 -1e100 -1e100 -1e100 -1e100 -1e100
 -1e100 -1e100 -1e100 -1e100 191.8892669677734375 185.61456298828125 179.4835968017578125 173.4818115234375 167.5951995849609375 161.814117431640625 156.135467529296875 150.5616607666015625 145.0995025634765625 139.756988525390625 134.5420989990234375 129.4616851806640625 124.52142333984375 119.72698211669921875 115.0864410400390625 110.61376953125 106.32994842529296875 102.26267242431640625 98.43682861328125 94.8584747314453125 91.4979095458984375 88.29685211181640625 85.1931304931640625 82.139617919921875 79.1158447265625 76.1210784912109375 73.17645263671875 70.31087493896484375 67.5488433837890625 64.9066009521484375 62.391632080078125 60.003292083740234375 57.7335052490234375 55.568553924560546875 53.49053192138671875 51.4798126220703125 49.5165863037109375 47.5825958251953125 45.662036895751953125 43.74196624755859375 41.81200408935546875 39.863185882568359375 37.887786865234375 35.879833221435546875 33.844142913818359375 31.824865341186523438 29.835268020629882812 27.888242721557617188 25.997472763061523438 24.172609329223632812 22.422069549560546875 20.753675460815429688 19.173519134521484375 17.685060501098632812 16.289129257202148438 14.984264373779296875 13.767355918884277344 12.634250640869140625 11.580232620239257812 10.600191116333007812 9.6886034011840820312 8.8395071029663085938 8.0464372634887695312 7.3025174140930175781 6.6005315780639648438 5.9332079887390136719 5.2934617996215820312 4.6748909950256347656 4.0720367431640625 3.4807085990905761719 2.8980450630187988281 2.3223977088928222656 1.7529202699661254883 1.1883231401443481445 0.62787824869155883789 0.069941192865371704102      0 -1e100 -1e100 -1e100 -1e100 -1e100 -1e100 -1e100 -1e100 -1e100 -1e100 -1e100 -1e100 -1e100 -1e100 -1e100 -1e100 -1e100 -1e100 -1e100 -1e100 -1e100 -1e100 -1e100 -1e100 -1e100 -1e100 -1e100 -1e100 -1e100 -1e100 -1e100 -1e100 -1e100 -1e100 -1e100 -1e100 -1e100 -1e100 -1e100 -1e100 -1e100 -1e100 -1e100 -1e100 -1e100 -1e100 -1e100 -1e100 -1e100 -1e100 -1e100 -1e100 -1e100 -1e100 -1e100 -1e100 -1e100 -1e100 -1e100 -1e100 -1e100 -1e100 -1e100 -1e100 -1e100 -1e100 -1e100 -1e100 -1e100 -1e100 -1e100 -1e100 -1e100 -1e100 -1e100 -1e100 -1e100 -1e100 -1e100 -1e100 -1e100 -1e100 -1e100 -1e100 -1e100 -1e100
 -1e100 -1e100 -1e100 -1e100 195.6370391845703125 189.210357666015625 182.9298248291015625 176.7764892578125 170.73162841796875 164.781158447265625 158.918243408203125 153.1426544189453125 147.459716796875 141.877044677734375 136.4033050537109375 131.047027587890625 125.8166046142578125 120.72112274169921875 115.7724761962890625 110.9881439208984375 106.39293670654296875 102.0224609375 97.91571807861328125 94.0955657958984375 90.53121185302734375 87.153411865234375 83.89514923095703125 80.71581268310546875 77.60451507568359375 74.56046295166015625 71.60172271728515625 68.75415802001953125 66.03916168212890625 63.469249725341796875 61.04738616943359375 58.767852783203125 56.617412567138671875 54.57749176025390625 52.625934600830078125 50.73967742919921875 48.896331787109375 47.07592010498046875 45.261707305908203125 43.44075775146484375 41.603763580322265625 39.743656158447265625 37.85274505615234375 35.90773773193359375 33.897518157958984375 31.909070968627929688 29.939809799194335938 28.004407882690429688 26.117475509643554688 24.291948318481445312 22.539773941040039062 20.870588302612304688 19.29099273681640625 17.804178237915039062 16.410493850708007812 15.108011245727539062 13.893248558044433594 12.761790275573730469 11.708733558654785156 10.728845596313476562 9.8165044784545898438 8.9656887054443359375 8.1699438095092773438 7.4225010871887207031 6.7163548469543457031 6.04454803466796875 5.4004073143005371094 4.7780017852783203125 4.1723666191101074219 3.5797419548034667969 2.9975762367248535156 2.4243588447570800781 1.8589786291122436523 1.2999879121780395508 0.74547916650772094727 0.19296169281005859375      0      0 -1e100 -1e100 -1e100 -1e100 -1e100 -1e100 -1e100 -1e100 -1e100 -1e100 -1e100 -1e100 -1e100 -1e100 -1e100 -1e100 -1e100 -1e100 -1e100 -1e100 -1e100 -1e100 -1e100 -1e100 -1e100 -1e100 -1e100 -1e100 -1e100 -1e100 -1e100 -1e100 -1e100 -1e100 -1e100 -1e100 -1e100 -1e100 -1e100 -1e100 -1e100 -1e100 -1e100 -1e100 -1e100 -1e100 -1e100 -1e100 -1e100 -1e100 -1e100 -1e100 -1e100 -1e100 -1e100 -1e100 -1e100 -1e100 -1e100 -1e100 -1e100 -1e100 -1e100 -1e100 -1e100 -1e100 -1e100 -1e100 -1e100 -1e100 -1e100 -1e100 -1e100 -1e100 -1e100 -1e100 -1e100 -1e100 -1e100 -1e100 -1e100 -1e100 -1e100 -1e100 -1e100
 -1e100 -1e100 -1e100 205.9645538330078125 199.2351837158203125 192.6781158447265625 186.2696380615234375 179.9860382080078125 173.803375244140625 167.7028045654296875 161.67364501953125 155.7130126953125 149.8248291015625 144.0165252685546875 138.2975921630859375 132.6784210205078125 127.17002105712890625 121.78448486328125 116.53617095947265625 111.44365692138671875 106.532562255859375 101.84417724609375 97.4376678466796875 93.3746490478515625 89.62310028076171875 86.08719635009765625 82.6782684326171875 79.36655426025390625 76.156494140625 73.0532379150390625 70.0738067626953125 67.2398681640625 64.5677032470703125 62.064563751220703125 59.728008270263671875 57.547130584716796875 55.50383758544921875 53.575298309326171875 51.735813140869140625 49.959621429443359375 48.2223968505859375 46.50290679931640625 44.78386688232421875 43.052745819091796875 41.302337646484375 39.529987335205078125 37.730525970458984375 35.879863739013671875 33.901012420654296875 31.925785064697265625 29.9727325439453125 28.050088882446289062 26.171010971069335938 24.350812911987304688 22.603773117065429688 20.940593719482421875 19.367910385131835938 17.888483047485351562 16.502225875854492188 15.206784248352050781 13.998391151428222656 12.872445106506347656 11.823943138122558594 10.847581863403320312 9.9376850128173828125 9.0882139205932617188 8.2927703857421875 7.5447378158569335938 6.8373584747314453125 6.1640257835388183594 5.5184988975524902344 4.895313262939453125 4.2899341583251953125 3.6988918781280517578 3.1197440624237060547 2.5508394241333007812 1.990689396858215332 1.4375628232955932617 0.88900452852249145508 0.34180375933647155762      0      0 -1e100 -1e100 -1e100 -1e100 -1e100 -1e100 -1e100 -1e100 -1e100 -1e100 -1e100 -1e100 -1e100 -1e100 -1e100 -1e100 -1e100 -1e100 -1e100 -1e100 -1e100 -1e100 -1e100 -1e100 -1e100 -1e100 -1e100 -1e100 -1e100 -1e100 -1e100 -1e100 -1e100 -1e100 -1e100 -1e100 -1e100 -1e100 -1e100 -1e100 -1e100 -1e100 -1e100 -1e100 -1e100 -1e100 -1e100 -1e100 -1e100 -1e100 -1e100 -1e100 -1e100 -1e100 -1e100 -1e100 -1e100 -1e100 -1e100 -1e100 -1e100 -1e100 -1e100 -1e100 -1e100 -1e100 -1e100 -1e100 -1e100 -1e100 -1e100 -1e100 -1e100 -1e100 -1e100 -1e100 -1e100 -1e100 -1e100 -1e100 -1e100 -1e100 -1e100 -1e100 -1e100
 -1e100 -1e100 -1e100 209.5207061767578125 202.6766510009765625 196.011810302734375 189.49798583984375 183.1062469482421875 176.8071136474609375 170.576904296875 164.4010467529296875 158.274200439453125 152.19915771484375 146.1833953857421875 140.237640380859375 134.3743743896484375 128.6074066162109375 122.9514312744140625 117.42230224609375 112.0374908447265625 106.81760406494140625 101.798553466796875 97.05629730224609375 92.72830963134765625 88.81745147705078125 85.17652130126953125 81.6265411376953125 78.18033599853515625 74.8625946044921875 71.68961334228515625 68.67951202392578125 65.84914398193359375 63.20848846435546875 60.758502960205078125 58.49115753173828125 56.390636444091796875 54.43454742431640625 52.596538543701171875 50.84815216064453125 49.161663055419921875 47.511341094970703125 45.875011444091796875 44.23477935791015625 42.57810211181640625 40.8984832763671875 39.192470550537109375 37.447109222412109375 35.641399383544921875 33.74326324462890625 31.819849014282226562 29.900388717651367188 28.001131057739257812 26.140010833740234375 24.335620880126953125 22.60396575927734375 20.9561767578125 19.398654937744140625 17.933824539184570312 16.561269760131835938 15.278365135192871094 14.081207275390625 12.965159416198730469 11.925234794616699219 10.956144332885742188 10.052219390869140625 9.207462310791015625 8.4155893325805664062 7.6701822280883789062 6.9647765159606933594 6.2931413650512695312 5.6494746208190917969 5.0287356376647949219 4.4267034530639648438 3.8400602340698242188 3.2662842273712158203 2.7033994197845458984 2.1495385169982910156 1.6024934053421020508 1.0592215061187744141 0.51602625846862792969      0      0 -1e100 -1e100 -1e100 -1e100 -1e100 -1e100 -1e100 -1e100 -1e100 -1e100 -1e100 -1e100 -1e100 -1e100 -1e100 -1e100 -1e100 -1e100 -1e100 -1e100 -1e100 -1e100 -1e100 -1e100 -1e100 -1e100 -1e100 -1e100 -1e100 -1e100 -1e100 -1e100 -1e100 -1e100 -1e100 -1e100 -1e100 -1e100 -1e100 -1e100 -1e100 -1e100 -1e100 -1e100 -1e100 -1e100 -1e100 -1e100 -1e100 -1e100 -1e100 -1e100 -1e100 -1e100 -1e100 -1e100 -1e100 -1e100 -1e100 -1e100 -1e100 -1e100 -1e100 -1e100 -1e100 -1e100 -1e100 -1e100 -1e100 -1e100 -1e100 -1e100 -1e100 -1e100 -1e100 -1e100 -1e100 -1e100 -1e100 -1e100 -1e100 -1e100 -1e100 -1e100 -1e100
 -1e100 -1e100 -1e100 212.8886566162109375 205.9523773193359375 199.2022857666015625 192.6053314208984375 186.12701416015625 179.7322540283203125 173.392608642578125 167.0899200439453125 160.8167877197265625 154.57525634765625 148.3732757568359375 142.2232513427734375 136.140289306640625 130.1411590576171875 124.2433013916015625 118.464202880859375 112.81990814208984375 107.32103729248046875 101.97838592529296875 96.80584716796875 92.26107025146484375 88.2691497802734375 84.49895477294921875 80.80005645751953125 77.21457672119140625 73.78231048583984375 70.53022003173828125 67.47772216796875 64.636688232421875 62.010387420654296875 59.593593597412109375 57.373058319091796875 55.32861328125 53.43431854248046875 51.661098480224609375 49.97856903076171875 48.35772705078125 46.771915435791015625 45.198211669921875 43.618175506591796875 42.019145965576171875 40.394134521484375 38.7372589111328125 37.03572845458984375 35.274578094482421875 33.446773529052734375 31.583255767822265625 29.70833587646484375 27.844623565673828125 26.01433563232421875 24.238790512084960938 22.534654617309570312 20.913015365600585938 19.37999725341796875 17.93780517578125 16.58585357666015625 15.321455001831054688 14.140788078308105469 13.039351463317871094 12.0123138427734375 11.054482460021972656 10.160267829895019531 9.3237857818603515625 8.5389223098754882812 7.7995047569274902344 7.099391937255859375 6.4327459335327148438 5.7941727638244628906 5.1789703369140625 4.5831217765808105469 4.0033240318298339844 3.4368343353271484375 2.8812279701232910156 2.3340895175933837891 1.792603611946105957 1.2532781362533569336 0.71218055486679077148 0.16544042527675628662      0 -1e100 -1e100 -1e100 -1e100 -1e100 -1e100 -1e100 -1e100 -1e100 -1e100 -1e100 -1e100 -1e100 -1e100 -1e100 -1e100 -1e100 -1e100 -1e100 -1e100 -1e100 -1e100 -1e100 -1e100 -1e100 -1e100 -1e100 -1e100 -1e100 -1e100 -1e100 -1e100 -1e100 -1e100 -1e100 -1e100 -1e100 -1e100 -1e100 -1e100 -1e100 -1e100 -1e100 -1e100 -1e100 -1e100 -1e100 -1e100 -1e100 -1e100 -1e100 -1e100 -1e100 -1e100 -1e100 -1e100 -1e100 -1e100 -1e100 -1e100 -1e100 -1e100 -1e100 -1e100 -1e100 -1e100 -1e100 -1e100 -1e100 -1e100 -1e100 -1e100 -1e100 -1e100 -1e100 -1e100 -1e100 -1e100 -1e100 -1e100 -1e100 -1e100 -1e100 -1e100 -1e100
 -1e100 -1e100 -1e100 216.0581512451171875 209.051116943359375 202.23687744140625 195.57708740234375 189.0316314697265625 182.5600128173828125 176.12945556640625 169.71893310546875 163.3194580078125 156.9327239990234375 150.5675811767578125 144.238677978515625 137.9641876220703125 131.7641754150390625 125.65877532958984375 119.6685791015625 113.81214141845703125 108.0979461669921875 102.508392333984375 97.1306304931640625 92.360931396484375 88.13124847412109375 84.1253204345703125 80.23859405517578125 76.49793243408203125 72.9423370361328125 69.60196685791015625 66.4943695068359375 63.62580108642578125 60.99332427978515625 58.58624267578125 56.38681793212890625 54.3712615966796875 52.5109100341796875 50.7748260498046875 49.1315155029296875 47.5513153076171875 46.00701904296875 44.47524261474609375 42.937164306640625 41.37984466552734375 39.795108795166015625 38.175830841064453125 36.513397216796875 34.798656463623046875 33.029758453369140625 31.222660064697265625 29.398374557495117188 27.58099365234375 25.7945098876953125 24.06079864501953125 22.396184921264648438 20.81134033203125 19.31206512451171875 17.900447845458984375 16.575922012329101562 15.335970878601074219 14.177061080932617188 13.095004081726074219 12.085218429565429688 11.142687797546386719 10.261976242065429688 9.43737030029296875 8.6629762649536132812 7.9328975677490234375 7.2413372993469238281 6.5828289985656738281 5.9523205757141113281 5.3453526496887207031 4.7579960823059082031 4.1868343353271484375 3.6287775039672851562 3.0808684825897216797 2.5400612354278564453 2.0030176639556884766 1.4660028219223022461 0.92510199546813964844 0.37656813859939575195      0      0 -1e100 -1e100 -1e100 -1e100 -1e100 -1e100 -1e100 -1e100 -1e100 -1e100 -1e100 -1e100 -1e100 -1e100 -1e100 -1e100 -1e100 -1e100 -1e100 -1e100 -1e100 -1e100 -1e100 -1e100 -1e100 -1e100 -1e100 -1e100 -1e100 -1e100 -1e100 -1e100 -1e100 -1e100 -1e100 -1e100 -1e100 -1e100 -1e100 -1e100 -1e100 -1e100 -1e100 -1e100 -1e100 -1e100 -1e100 -1e100 -1e100 -1e100 -1e100 -1e100 -1e100 -1e100 -1e100 -1e100 -1e100 -1e100 -1e100 -1e100 -1e100 -1e100 -1e100 -1e100 -1e100 -1e100 -1e100 -1e100 -1e100 -1e100 -1e100 -1e100 -1e100 -1e100 -1e100 -1e100 -1e100 -1e100 -1e100 -1e100 -1e100 -1e100 -1e100 -1e100
 -1e100 -1e100 226.3095245361328125 219.0177001953125 211.95916748046875 205.098968505859375 198.3932952880859375 191.796539306640625 185.2634735107421875 178.7579803466796875 172.25677490234375 165.749786376953125 159.238616943359375 152.7333526611328125 146.2512969970703125 139.813934326171875 133.4443817138671875 127.16519927978515625 121.00040435791015625 114.97422027587890625 109.10337066650390625 103.376708984375 97.93022918701171875 92.92269134521484375 88.350006103515625 84.04521942138671875 79.93480682373046875 76.02187347412109375 72.33477783203125 68.89798736572265625 65.72283172607421875 62.809661865234375 60.15012359619140625 57.729053497314453125 55.52507781982421875 53.511600494384765625 51.658069610595703125 49.932552337646484375 48.30315399169921875 46.74004364013671875 45.215831756591796875 43.706939697265625 42.19431304931640625 40.66457366943359375 39.1090545654296875 37.521274566650390625 35.894809722900390625 34.222820281982421875 32.505077362060546875 30.752613067626953125 28.98386383056640625 27.221952438354492188 25.490154266357421875 23.809230804443359375 22.194349288940429688 20.655443191528320312 19.19793701171875 17.823892593383789062 16.53292083740234375 15.322876930236816406 14.190675735473632812 13.132540702819824219 12.144209861755371094 11.220894813537597656 10.357367515563964844 9.5481328964233398438 8.78754425048828125 8.0699987411499023438 7.3900275230407714844 6.7424802780151367188 6.1225686073303222656 5.5259714126586914062 4.9487323760986328125 4.3872075080871582031 3.8378818035125732422 3.297252655029296875 2.7617449760437011719 2.2276699542999267578 1.6912616491317749023 1.1488519906997680664 0.59702819585800170898 0.032509434968233108521      0 -1e100 -1e100 -1e100 -1e100 -1e100 -1e100 -1e100 -1e100 -1e100 -1e100 -1e100 -1e100 -1e100 -1e100 -1e100 -1e100 -1e100 -1e100 -1e100 -1e100 -1e100 -1e100 -1e100 -1e100 -1e100 -1e100 -1e100 -1e100 -1e100 -1e100 -1e100 -1e100 -1e100 -1e100 -1e100 -1e100 -1e100 -1e100 -1e100 -1e100 -1e100 -1e100 -1e100 -1e100 -1e100 -1e100 -1e100 -1e100 -1e100 -1e100 -1e100 -1e100 -1e100 -1e100 -1e100 -1e100 -1e100 -1e100 -1e100 -1e100 -1e100 -1e100 -1e100 -1e100 -1e100 -1e100 -1e100 -1e100 -1e100 -1e100 -1e100 -1e100 -1e100 -1e100 -1e100 -1e100 -1e100 -1e100 -1e100 -1e100 -1e100 -1e100 -1e100 -1e100
 -1e100 -1e100 229.0900726318359375 221.7540435791015625 214.6598358154296875 207.7677764892578125 201.0286407470703125 194.391998291015625 187.808990478515625 181.2412109375 174.66387939453125 168.0659332275390625 161.4489593505859375 154.8243408203125 148.212127685546875 141.6370697021484375 135.1249542236328125 128.700225830078125 122.38928985595703125 116.221649169921875 110.2229156494140625 104.41056060791015625 98.84128570556640625 93.6067047119140625 88.73593902587890625 84.1558990478515625 79.8235015869140625 75.73862457275390625 71.91996002197265625 68.382232666015625 65.12978363037109375 62.1574554443359375 59.452655792236328125 56.996776580810546875 54.76561737060546875 52.7306060791015625 50.860195159912109375 49.122196197509765625 47.48490142822265625 45.918727874755859375 44.396442413330078125 42.89453125 41.393955230712890625 39.88108062744140625 38.347118377685546875 36.785999298095703125 35.192005157470703125 33.559986114501953125 31.890821456909179688 30.193593978881835938 28.484683990478515625 26.785037994384765625 25.115816116333007812 23.495624542236328125 21.938007354736328125 20.451936721801757812 19.042421340942382812 17.711553573608398438 16.459239959716796875 15.283829689025878906 14.182745933532714844 13.152661323547363281 12.189648628234863281 11.289181709289550781 10.446269989013671875 9.6556568145751953125 8.9119548797607421875 8.2098398208618164062 7.5441226959228515625 6.9099025726318359375 6.3025646209716796875 5.7178263664245605469 5.1516051292419433594 4.59995269775390625 4.0589132308959960938 3.5245318412780761719 2.9928700923919677734 2.4601001739501953125 1.9226127862930297852 1.3771756887435913086 0.82091832160949707031 0.2509409785270690918      0 -1e100 -1e100 -1e100 -1e100 -1e100 -1e100 -1e100 -1e100 -1e100 -1e100 -1e100 -1e100 -1e100 -1e100 -1e100 -1e100 -1e100 -1e100 -1e100 -1e100 -1e100 -1e100 -1e100 -1e100 -1e100 -1e100 -1e100 -1e100 -1e100 -1e100 -1e100 -1e100 -1e100 -1e100 -1e100 -1e100 -1e100 -1e100 -1e100 -1e100 -1e100 -1e100 -1e100 -1e100 -1e100 -1e100 -1e100 -1e100 -1e100 -1e100 -1e100 -1e100 -1e100 -1e100 -1e100 -1e100 -1e100 -1e100 -1e100 -1e100 -1e100 -1e100 -1e100 -1e100 -1e100 -1e100 -1e100 -1e100 -1e100 -1e100 -1e100 -1e100 -1e100 -1e100 -1e100 -1e100 -1e100 -1e100 -1e100 -1e100 -1e100 -1e100 -1e100 -1e100
 -1e100 -1e100 231.6180572509765625 224.25128173828125 217.1330108642578125 210.21844482421875 203.45343017578125 196.783782958984375 190.1584014892578125 183.53765869140625 176.89556884765625 170.22003173828125 163.5123443603515625 156.78497314453125 150.060455322265625 143.3664703369140625 136.73126220703125 130.180633544921875 123.74199676513671875 117.44730377197265625 111.32244110107421875 105.3863983154296875 99.67852783203125 94.2603607177734375 89.15726470947265625 84.34900665283203125 79.82242584228515625 75.58202362060546875 71.6393585205078125 68.00118255615234375 64.66602325439453125 61.62456512451171875 58.861179351806640625 56.354602813720703125 54.07865142822265625 52.003631591796875 50.097789764404296875 48.329334259033203125 46.6672210693359375 45.082515716552734375 43.548419952392578125 42.04170989990234375 40.543544769287109375 39.040287017822265625 37.522891998291015625 35.98513031005859375 34.421783447265625 32.82904815673828125 31.208391189575195312 29.56784820556640625 27.921846389770507812 26.28870391845703125 24.686822891235351562 23.132238388061523438 21.636653900146484375 20.207990646362304688 18.85082244873046875 17.567300796508789062 16.357685089111328125 15.220815658569335938 14.154613494873046875 13.156171798706054688 12.221889495849609375 11.347500801086425781 10.528262138366699219 9.7591571807861328125 9.0350408554077148438 8.350830078125 7.7015562057495117188 7.0824880599975585938 6.4890918731689453125 5.9170360565185546875 5.362041473388671875 4.8198308944702148438 4.2860860824584960938 3.7565419673919677734 3.2270915508270263672 2.6939463615417480469 2.153781890869140625 1.6038748025894165039 1.04203033447265625 0.46646001935005187988      0 -1e100 -1e100 -1e100 -1e100 -1e100 -1e100 -1e100 -1e100 -1e100 -1e100 -1e100 -1e100 -1e100 -1e100 -1e100 -1e100 -1e100 -1e100 -1e100 -1e100 -1e100 -1e100 -1e100 -1e100 -1e100 -1e100 -1e100 -1e100 -1e100 -1e100 -1e100 -1e100 -1e100 -1e100 -1e100 -1e100 -1e100 -1e100 -1e100 -1e100 -1e100 -1e100 -1e100 -1e100 -1e100 -1e100 -1e100 -1e100 -1e100 -1e100 -1e100 -1e100 -1e100 -1e100 -1e100 -1e100 -1e100 -1e100 -1e100 -1e100 -1e100 -1e100 -1e100 -1e100 -1e100 -1e100 -1e100 -1e100 -1e100 -1e100 -1e100 -1e100 -1e100 -1e100 -1e100 -1e100 -1e100 -1e100 -1e100 -1e100 -1e100 -1e100 -1e100 -1e100
 -1e100 -1e100 233.8790740966796875 226.491546630859375 219.3566436767578125 212.424591064453125 205.6372528076171875 198.9378662109375 192.27435302734375 185.6066741943359375 178.9076690673828125 172.1641082763671875 165.3765869140625 158.5581817626953125 151.733367919921875 144.9322967529296875 138.18548583984375 131.5201263427734375 124.96350860595703125 118.54634857177734375 112.29470062255859375 106.2311553955078125 100.38961029052734375 94.81392669677734375 89.52858734130859375 84.540557861328125 79.85565948486328125 75.48212432861328125 71.42765045166015625 67.69393157958984375 64.275665283203125 61.160785675048828125 58.331356048583984375 55.76418304443359375 53.431873321533203125 51.304424285888671875 49.350566864013671875 47.539447784423828125 45.84113311767578125 44.227626800537109375 42.672821044921875 41.153964996337890625 39.652469635009765625 38.154693603515625 36.65126800537109375 35.135608673095703125 33.602752685546875 32.0497283935546875 30.478265762329101562 28.895532608032226562 27.3140411376953125 25.749370574951171875 24.217008590698242188 22.730344772338867188 21.299257278442382812 19.930589675903320312 18.628513336181640625 17.395252227783203125 16.231359481811523438 15.136113166809082031 14.107850074768066406 13.144025802612304688 12.241326332092285156 11.395735740661621094 10.602738380432128906 9.8575391769409179688 9.1552076339721679688 8.49085235595703125 7.8596558570861816406 7.256977081298828125 6.6782765388488769531 6.1191067695617675781 5.5749592781066894531 5.0412898063659667969 4.5135374069213867188 3.9872968196868896484 3.4584720134735107422 2.9234545230865478516 2.3792543411254882812 1.8235453367233276367 1.2546485662460327148 0.67098587751388549805 0.069759361445903778076      0 -1e100 -1e100 -1e100 -1e100 -1e100 -1e100 -1e100 -1e100 -1e100 -1e100 -1e100 -1e100 -1e100 -1e100 -1e100 -1e100 -1e100 -1e100 -1e100 -1e100 -1e100 -1e100 -1e100 -1e100 -1e100 -1e100 -1e100 -1e100 -1e100 -1e100 -1e100 -1e100 -1e100 -1e100 -1e100 -1e100 -1e100 -1e100 -1e100 -1e100 -1e100 -1e100 -1e100 -1e100 -1e100 -1e100 -1e100 -1e100 -1e100 -1e100 -1e100 -1e100 -1e100 -1e100 -1e100 -1e100 -1e100 -1e100 -1e100 -1e100 -1e100 -1e100 -1e100 -1e100 -1e100 -1e100 -1e100 -1e100 -1e100 -1e100 -1e100 -1e100 -1e100 -1e100 -1e100 -1e100 -1e100 -1e100 -1e100 -1e100 -1e100 -1e100 -1e100
 -1e100 243.548370361328125 235.857452392578125 228.4560394287109375 221.3088836669921875 214.3616180419921875 207.5528717041015625 200.8243408203125 194.124053955078125 187.4120941162109375 180.6604766845703125 173.8546600341796875 166.9943695068359375 160.09271240234375 153.1753082275390625 146.2742767333984375 139.4224700927734375 132.6491851806640625 125.981781005859375 119.44875335693359375 113.0770416259765625 106.89310455322265625 100.9287109375 95.2192230224609375 89.79141998291015625 84.6651611328125 79.854888916015625 75.3712310791015625 71.219879150390625 67.3997955322265625 63.903453826904296875 60.716732025146484375 57.819915771484375 55.18846893310546875 52.79449462890625 50.608394622802734375 48.59996795654296875 46.739776611328125 44.9993133544921875 43.351779937744140625 41.771930694580078125 40.237621307373046875 38.730510711669921875 37.236865997314453125 35.746898651123046875 34.253582000732421875 32.751941680908203125 31.23944854736328125 29.717828750610351562 28.193368911743164062 26.676700592041015625 25.180734634399414062 23.718120574951171875 22.299774169921875 20.933851242065429688 19.626232147216796875 18.380731582641601562 17.199567794799804688 16.083505630493164062 15.032144546508789062 14.044137954711914062 13.117227554321289062 12.248337745666503906 11.433658599853515625 10.668880462646484375 9.9494037628173828125 9.2704715728759765625 8.627330780029296875 8.0152521133422851562 7.4296078681945800781 6.8657898902893066406 6.3191924095153808594 5.7851161956787109375 5.2588415145874023438 4.7357120513916015625 4.2113499641418457031 3.6818368434906005859 3.1438863277435302734 2.5949108600616455078 2.0329809188842773438 1.4568521976470947266 0.8651167750358581543 0.25593575835227966309      0 -1e100 -1e100 -1e100 -1e100 -1e100 -1e100 -1e100 -1e100 -1e100 -1e100 -1e100 -1e100 -1e100 -1e100 -1e100 -1e100 -1e100 -1e100 -1e100 -1e100 -1e100 -1e100 -1e100 -1e100 -1e100 -1e100 -1e100 -1e100 -1e100 -1e100 -1e100 -1e100 -1e100 -1e100 -1e100 -1e100 -1e100 -1e100 -1e100 -1e100 -1e100 -1e100 -1e100 -1e100 -1e100 -1e100 -1e100 -1e100 -1e100 -1e100 -1e100 -1e100 -1e100 -1e100 -1e100 -1e100 -1e100 -1e100 -1e100 -1e100 -1e100 -1e100 -1e100 -1e100 -1e100 -1e100 -1e100 -1e100 -1e100 -1e100 -1e100 -1e100 -1e100 -1e100 -1e100 -1e100 -1e100 -1e100 -1e100 -1e100 -1e100 -1e100 -1e100
 -1e100 245.240631103515625 237.53692626953125 230.12744140625 222.971527099609375 216.0105743408203125 209.18060302734375 202.4219970703125 195.683837890625 188.9271392822265625 182.1234893798828125 175.2576904296875 168.328582763671875 161.348602294921875 154.3438568115234375 147.3479156494140625 140.3957672119140625 133.519134521484375 126.7467041015625 120.10642242431640625 113.625762939453125 107.3332061767578125 101.26026153564453125 95.44023895263671875 89.90215301513671875 84.6702728271484375 79.7626800537109375 75.19086456298828125 70.95953369140625 67.06623077392578125 63.501651763916015625 60.24993133544921875 57.289821624755859375 54.59597015380859375 52.140659332275390625 49.895252227783203125 47.83111572265625 45.9205322265625 44.13671112060546875 42.4542083740234375 40.848785400390625 39.298938751220703125 37.786571502685546875 36.29775238037109375 34.822193145751953125 33.3523406982421875 31.883075714111328125 30.412008285522460938 28.940643310546875 27.474340438842773438 26.021879196166992188 24.593616485595703125 23.199644088745117188 21.848665237426757812 20.547372817993164062 19.300813674926757812 18.112421035766601562 16.984325408935546875 15.917390823364257812 14.911411285400390625 13.9652557373046875 13.07686614990234375 12.24333953857421875 11.461038589477539062 10.725827217102050781 10.033267021179199219 9.3787355422973632812 8.7575731277465820312 8.165073394775390625 7.5965738296508789062 7.0473537445068359375 6.5126676559448242188 5.9876875877380371094 5.4676294326782226562 4.947879791259765625 4.424243927001953125 3.8931264877319335938 3.3516879081726074219 2.7977952957153320312 2.2299337387084960938 1.6470782756805419922 1.0482113361358642578 0.43213838338851928711      0 -1e100 -1e100 -1e100 -1e100 -1e100 -1e100 -1e100 -1e100 -1e100 -1e100 -1e100 -1e100 -1e100 -1e100 -1e100 -1e100 -1e100 -1e100 -1e100 -1e100 -1e100 -1e100 -1e100 -1e100 -1e100 -1e100 -1e100 -1e100 -1e100 -1e100 -1e100 -1e100 -1e100 -1e100 -1e100 -1e100 -1e100 -1e100 -1e100 -1e100 -1e100 -1e100 -1e100 -1e100 -1e100 -1e100 -1e100 -1e100 -1e100 -1e100 -1e100 -1e100 -1e100 -1e100 -1e100 -1e100 -1e100 -1e100 -1e100 -1e100 -1e100 -1e100 -1e100 -1e100 -1e100 -1e100 -1e100 -1e100 -1e100 -1e100 -1e100 -1e100 -1e100 -1e100 -1e100 -1e100 -1e100 -1e100 -1e100 -1e100 -1e100 -1e100 -1e100
 -1e100 246.611083984375 238.903564453125 231.4928436279296875 224.333251953125 217.362091064453125 210.511627197265625 203.720794677734375 196.9411773681640625 190.1358489990234375 183.2773895263671875 176.350677490234375 169.3538055419921875 162.2983551025390625 155.210296630859375 148.1242218017578125 141.0767974853515625 134.101898193359375 127.23020172119140625 120.4906463623046875 113.91175079345703125 107.52339935302734375 101.3579864501953125 95.44861602783203125 89.8252410888671875 84.51372528076171875 79.532989501953125 74.89455413818359375 70.60227203369140625 66.6521453857421875 63.0330047607421875 59.727191925048828125 56.712177276611328125 53.96234130859375 51.45066070556640625 49.149921417236328125 47.0333404541015625 45.0751800537109375 43.250507354736328125 41.53540802001953125 39.9067230224609375 38.34363555908203125 36.82822418212890625 35.346309661865234375 33.887042999267578125 32.442352294921875 31.006864547729492188 29.578121185302734375 28.15723419189453125 26.748521804809570312 25.358930587768554688 23.996541976928710938 22.669231414794921875 21.38387298583984375 20.145952224731445312 18.959747314453125 17.828283309936523438 16.753513336181640625 15.736285209655761719 14.776477813720703125 13.873070716857910156 13.024120330810546875 12.226841926574707031 11.477735519409179688 10.772805213928222656 10.107745170593261719 9.4780302047729492188 8.8790464401245117188 8.3060789108276367188 7.7543897628784179688 7.2191600799560546875 6.6955437660217285156 6.1786618232727050781 5.6637721061706542969 5.1464285850524902344 4.6227374076843261719 4.0895395278930664062 3.5444915294647216797 2.9859299659729003906 2.4127192497253417969 1.8240015506744384766 1.2189415693283081055 0.59685140848159790039      0 -1e100 -1e100 -1e100 -1e100 -1e100 -1e100 -1e100 -1e100 -1e100 -1e100 -1e100 -1e100 -1e100 -1e100 -1e100 -1e100 -1e100 -1e100 -1e100 -1e100 -1e100 -1e100 -1e100 -1e100 -1e100 -1e100 -1e100 -1e100 -1e100 -1e100 -1e100 -1e100 -1e100 -1e100 -1e100 -1e100 -1e100 -1e100 -1e100 -1e100 -1e100 -1e100 -1e100 -1e100 -1e100 -1e100 -1e100 -1e100 -1e100 -1e100 -1e100 -1e100 -1e100 -1e100 -1e100 -1e100 -1e100 -1e100 -1e100 -1e100 -1e100 -1e100 -1e100 -1e100 -1e100 -1e100 -1e100 -1e100 -1e100 -1e100 -1e100 -1e100 -1e100 -1e100 -1e100 -1e100 -1e100 -1e100 -1e100 -1e100 -1e100 -1e100 -1e100
 -1e100 247.6477508544921875 239.947601318359375 232.545440673828125 225.3914031982421875 218.41717529296875 211.549041748046875 204.7234954833984375 197.8968048095703125 191.035308837890625 184.114715576171875 177.122772216796875 170.056640625 162.926544189453125 155.75811767578125 148.5862884521484375 141.4488525390625 134.3814544677734375 127.4167022705078125 120.5854949951171875 113.91822052001953125 107.44649505615234375 101.2037811279296875 95.2235260009765625 89.536224365234375 84.1676788330078125 79.13645172119140625 74.45325469970703125 70.12030792236328125 66.13156890869140625 62.47362518310546875 59.126987457275390625 56.068225860595703125 53.27188873291015625 50.712047576904296875 48.363178253173828125 46.20053863525390625 44.2004547119140625 42.339996337890625 40.596904754638671875 38.949207305908203125 37.376739501953125 35.861736297607421875 34.3896942138671875 32.949207305908203125 31.531696319580078125 30.131488800048828125 28.745878219604492188 27.375408172607421875 26.023275375366210938 24.694736480712890625 23.39594268798828125 22.1329345703125 20.911123275756835938 19.734941482543945312 18.6079559326171875 17.532743453979492188 16.510999679565429688 15.543467521667480469 14.6300048828125 13.769609451293945312 12.960386276245117188 12.19962310791015625 11.483926773071289062 10.809416770935058594 10.171891212463378906 9.566890716552734375 8.9898204803466796875 8.4359292984008789062 7.900421142578125 7.3784022331237792969 6.8649873733520507812 6.3553252220153808594 5.8448076248168945312 5.3292527198791503906 4.8051509857177734375 4.2698144912719726562 3.7213799953460693359 3.1586174964904785156 2.5806884765625 1.9869163036346435547 1.3767111301422119141 0.74980831146240234375 0.10677114129066467285      0 -1e100 -1e100 -1e100 -1e100 -1e100 -1e100 -1e100 -1e100 -1e100 -1e100 -1e100 -1e100 -1e100 -1e100 -1e100 -1e100 -1e100 -1e100 -1e100 -1e100 -1e100 -1e100 -1e100 -1e100 -1e100 -1e100 -1e100 -1e100 -1e100 -1e100 -1e100 -1e100 -1e100 -1e100 -1e100 -1e100 -1e100 -1e100 -1e100 -1e100 -1e100 -1e100 -1e100 -1e100 -1e100 -1e100 -1e100 -1e100 -1e100 -1e100 -1e100 -1e100 -1e100 -1e100 -1e100 -1e100 -1e100 -1e100 -1e100 -1e100 -1e100 -1e100 -1e100 -1e100 -1e100 -1e100 -1e100 -1e100 -1e100 -1e100 -1e100 -1e100 -1e100 -1e100 -1e100 -1e100 -1e100 -1e100 -1e100 -1e100 -1e100 -1e100
 -1e100 248.342864990234375 240.6644439697265625 233.2853851318359375 226.15203857421875 219.1880035400390625 212.3088836669921875 205.4459686279296875 198.5606536865234375 191.6285247802734375 184.63482666015625 177.57110595703125 170.43212890625 163.2265625 155.9795074462890625 148.7257232666015625 141.5034942626953125 134.349700927734375 127.298858642578125 120.38414764404296875 113.638427734375 107.09552764892578125 100.790252685546875 94.75658416748046875 89.0250396728515625 83.62068939208984375 78.56085968017578125 73.85433197021484375 69.50087738037109375 65.4917755126953125 61.81113433837890625 58.437816619873046875 55.347808837890625 52.516178131103515625 49.91831207275390625 47.5305023193359375 45.3300933837890625 43.295536041259765625 41.406009674072265625 39.64102935791015625 37.97983551025390625 36.40291595458984375 34.892547607421875 33.4338836669921875 32.01497650146484375 30.626781463623046875 29.263271331787109375 27.921375274658203125 26.60095977783203125 25.304124832153320312 24.034666061401367188 22.797119140625 21.596055984497070312 20.435655593872070312 19.319427490234375 18.250253677368164062 17.230236053466796875 16.26076507568359375 15.342397689819335938 14.474893569946289062 13.657196998596191406 12.887414932250976562 12.162878990173339844 11.480277061462402344 10.835824012756347656 10.225397109985351562 9.6445817947387695312 9.0887899398803710938 8.5532464981079101562 8.0331201553344726562 7.5234956741333007812 7.0195069313049316406 6.516407012939453125 6.0098013877868652344 5.4958348274230957031 4.9714069366455078125 4.4342656135559082031 3.8829760551452636719 3.3166780471801757812 2.7348210811614990234 2.1369626522064208984 1.5227795839309692383 0.89236927032470703125 0.24662646651268005371      0 -1e100 -1e100 -1e100 -1e100 -1e100 -1e100 -1e100 -1e100 -1e100 -1e100 -1e100 -1e100 -1e100 -1e100 -1e100 -1e100 -1e100 -1e100 -1e100 -1e100 -1e100 -1e100 -1e100 -1e100 -1e100 -1e100 -1e100 -1e100 -1e100 -1e100 -1e100 -1e100 -1e100 -1e100 -1e100 -1e100 -1e100 -1e100 -1e100 -1e100 -1e100 -1e100 -1e100 -1e100 -1e100 -1e100 -1e100 -1e100 -1e100 -1e100 -1e100 -1e100 -1e100 -1e100 -1e100 -1e100 -1e100 -1e100 -1e100 -1e100 -1e100 -1e100 -1e100 -1e100 -1e100 -1e100 -1e100 -1e100 -1e100 -1e100 -1e100 -1e100 -1e100 -1e100 -1e100 -1e100 -1e100 -1e100 -1e100 -1e100 -1e100 -1e100
 -1e100 248.694854736328125 241.054779052734375 233.7167510986328125 226.6248779296875 219.6920318603515625 212.8136749267578125 205.904296875 198.93389892578125 191.9126434326171875 184.837310791015625 177.6960906982421875 170.4803924560546875 163.19818115234375 155.8738861083984375 148.5417633056640625 141.2400970458984375 134.0066070556640625 126.8776092529296875 119.88877105712890625 113.07573699951171875 106.47486114501953125 100.12237548828125 94.0528564453125 88.29642486572265625 82.876739501953125 77.8089599609375 73.09906005859375 68.74370574951171875 64.73114013671875 61.043056488037109375 57.65688323974609375 54.548313140869140625 51.693134307861328125 49.068145751953125 46.651485443115234375 44.422576904296875 42.362018585205078125 40.451171875 38.671356201171875 37.003002166748046875 35.4271392822265625 33.926021575927734375 32.48442840576171875 31.089933395385742188 29.733076095581054688 28.407482147216796875 27.109645843505859375 25.838739395141601562 24.5958709716796875 23.383573532104492188 22.205074310302734375 21.06371307373046875 19.962612152099609375 18.904453277587890625 17.891458511352539062 16.925264358520507812 16.00690460205078125 15.136706352233886719 14.314271926879882812 13.538455963134765625 12.807331085205078125 12.118255615234375 11.467983245849609375 10.852805137634277344 10.268664360046386719 9.711185455322265625 9.175792694091796875 8.6577167510986328125 8.152130126953125 7.6541461944580078125 7.158985137939453125 6.6620678901672363281 6.1592683792114257812 5.6470808982849121094 5.1227822303771972656 4.5845026969909667969 4.031158447265625 3.4622085094451904297 2.8773860931396484375 2.2765126228332519531 1.6595565080642700195 1.0269201993942260742 0.37970915436744689941      0 -1e100 -1e100 -1e100 -1e100 -1e100 -1e100 -1e100 -1e100 -1e100 -1e100 -1e100 -1e100 -1e100 -1e100 -1e100 -1e100 -1e100 -1e100 -1e100 -1e100 -1e100 -1e100 -1e100 -1e100 -1e100 -1e100 -1e100 -1e100 -1e100 -1e100 -1e100 -1e100 -1e100 -1e100 -1e100 -1e100 -1e100 -1e100 -1e100 -1e100 -1e100 -1e100 -1e100 -1e100 -1e100 -1e100 -1e100 -1e100 -1e100 -1e100 -1e100 -1e100 -1e100 -1e100 -1e100 -1e100 -1e100 -1e100 -1e100 -1e100 -1e100 -1e100 -1e100 -1e100 -1e100 -1e100 -1e100 -1e100 -1e100 -1e100 -1e100 -1e100 -1e100 -1e100 -1e100 -1e100 -1e100 -1e100 -1e100 -1e100 -1e100 -1e100
 -1e100 248.707672119140625 241.120361328125 233.83905029296875 226.814727783203125 219.949249267578125 213.0706329345703125 206.0755157470703125 198.99853515625 191.882476806640625 184.7224273681640625 177.5003509521484375 170.2059478759765625 162.8471832275390625 155.447967529296875 148.0419464111328125 140.6671295166015625 133.361968994140625 126.1645355224609375 119.11307525634765625 112.2460479736328125 105.60219573974609375 99.21912384033203125 93.13164520263671875 87.36901092529296875 81.95281982421875 76.8954010009765625 72.19937896728515625 67.85803985595703125 63.856639862060546875 60.174617767333984375 56.78820037841796875 53.672969818115234375 50.805568695068359375 48.164249420166015625 45.728977203369140625 43.4812469482421875 41.4037628173828125 39.480022430419921875 37.6930389404296875 36.024280548095703125 34.4552001953125 32.967967987060546875 31.547046661376953125 30.179632186889648438 28.855936050415039062 27.569257736206054688 26.315664291381835938 25.09366607666015625 23.90348052978515625 22.746591567993164062 21.625101089477539062 20.541299819946289062 19.497388839721679688 18.495290756225585938 17.536626815795898438 16.622560501098632812 15.753767967224121094 14.930308341979980469 14.151604652404785156 13.416398048400878906 12.72271728515625 12.067933082580566406 11.4488525390625 10.861837387084960938 10.302887916564941406 9.7676763534545898438 9.2516641616821289062 8.7501173019409179688 8.258258819580078125 7.7712845802307128906 7.2845568656921386719 6.7937169075012207031 6.2949261665344238281 5.7850022315979003906 5.2615528106689453125 4.723018646240234375 4.1686010360717773438 3.5980269908905029297 3.0112974643707275391 2.4085156917572021484 1.7899416685104370117 1.1562418937683105469 0.50863695144653320312      0 -1e100 -1e100 -1e100 -1e100 -1e100 -1e100 -1e100 -1e100 -1e100 -1e100 -1e100 -1e100 -1e100 -1e100 -1e100 -1e100 -1e100 -1e100 -1e100 -1e100 -1e100 -1e100 -1e100 -1e100 -1e100 -1e100 -1e100 -1e100 -1e100 -1e100 -1e100 -1e100 -1e100 -1e100 -1e100 -1e100 -1e100 -1e100 -1e100 -1e100 -1e100 -1e100 -1e100 -1e100 -1e100 -1e100 -1e100 -1e100 -1e100 -1e100 -1e100 -1e100 -1e100 -1e100 -1e100 -1e100 -1e100 -1e100 -1e100 -1e100 -1e100 -1e100 -1e100 -1e100 -1e100 -1e100 -1e100 -1e100 -1e100 -1e100 -1e100 -1e100 -1e100 -1e100 -1e100 -1e100 -1e100 -1e100 -1e100 -1e100 -1e100 -1e100
 -1e100 -1e100 240.8607635498046875 233.638641357421875 226.6970062255859375 219.9346160888671875 213.052886962890625 205.91253662109375 198.72613525390625 191.5246124267578125 184.2858428955078125 176.986907958984375 169.6172027587890625 162.1858978271484375 154.7169189453125 147.2437744140625 139.8043060302734375 132.4377899169921875 125.18410491943359375 118.0839996337890625 111.17841339111328125 104.508056640625 98.11148834228515625 92.02336883544921875 86.27153778076171875 80.87506103515625 75.8431243896484375 71.17485809326171875 66.8603668212890625 62.882080078125 59.2173919677734375 55.841434478759765625 52.72983551025390625 49.86031341552734375 47.212673187255859375 44.768741607666015625 42.511966705322265625 40.42702484130859375 38.499324798583984375 36.713176727294921875 35.0508880615234375 33.49420928955078125 32.0252685546875 30.6283416748046875 29.29039764404296875 28.00142669677734375 26.75445556640625 25.545146942138671875 24.371408462524414062 23.23267364501953125 22.129497528076171875 21.063016891479492188 20.034610748291015625 19.0456695556640625 18.097442626953125 17.190990447998046875 16.327030181884765625 15.505879402160644531 14.727331161499023438 13.990619659423828125 13.294365882873535156 12.636551856994628906 12.014557838439941406 11.425241470336914062 10.865029335021972656 10.329985618591308594 9.8158445358276367188 9.3181285858154296875 8.8321781158447265625 8.3533077239990234375 7.8768453598022460938 7.39833831787109375 6.9136714935302734375 6.4192790985107421875 5.9122614860534667969 5.3904938697814941406 4.8526630401611328125 4.2981967926025390625 3.7270429134368896484 3.1394472122192382812 2.5357866287231445312 1.9166179895401000977 1.2828592061996459961 0.63579744100570678711      0      0 -1e100 -1e100 -1e100 -1e100 -1e100 -1e100 -1e100 -1e100 -1e100 -1e100 -1e100 -1e100 -1e100 -1e100 -1e100 -1e100 -1e100 -1e100 -1e100 -1e100 -1e100 -1e100 -1e100 -1e100 -1e100 -1e100 -1e100 -1e100 -1e100 -1e100 -1e100 -1e100 -1e100 -1e100 -1e100 -1e100 -1e100 -1e100 -1e100 -1e100 -1e100 -1e100 -1e100 -1e100 -1e100 -1e100 -1e100 -1e100 -1e100 -1e100 -1e100 -1e100 -1e100 -1e100 -1e100 -1e100 -1e100 -1e100 -1e100 -1e100 -1e100 -1e100 -1e100 -1e100 -1e100 -1e100 -1e100 -1e100 -1e100 -1e100 -1e100 -1e100 -1e100 -1e100 -1e100 -1e100 -1e100 -1e100 -1e100 -1e100 -1e100
 -1e100 -1e100 240.2767181396484375 233.0803680419921875 226.1343536376953125 219.3023529052734375 212.3728790283203125 205.2559356689453125 198.0632476806640625 190.824615478515625 183.5310211181640625 176.16845703125 168.732940673828125 161.237396240234375 153.7073974609375 146.1769256591796875 138.684112548828125 131.2693023681640625 123.9741058349609375 116.84139251708984375 109.91403961181640625 103.234130859375 96.84064483642578125 90.76753997802734375 85.04083251953125 79.67687225341796875 74.68175506591796875 70.0515289306640625 65.7734375 61.827327728271484375 58.188472747802734375 54.8309326171875 51.73059844970703125 48.86688995361328125 46.221767425537109375 43.77877044677734375 41.52291107177734375 39.440418243408203125 37.51798248291015625 35.74079132080078125 34.091716766357421875 32.5527801513671875 31.106191635131835938 29.736240386962890625 28.429828643798828125 27.176847457885742188 25.970121383666992188 24.804950714111328125 23.678691864013671875 22.590068817138671875 21.538822174072265625 20.525239944458007812 19.549913406372070312 18.613519668579101562 17.716716766357421875 16.860052108764648438 16.043828964233398438 15.26802825927734375 14.532191276550292969 13.835371017456054688 13.176079750061035156 12.552251815795898438 11.961281776428222656 11.400076866149902344 10.865130424499511719 10.352578163146972656 9.8582334518432617188 9.3777065277099609375 8.90644073486328125 8.4398822784423828125 7.9735255241394042969 7.5031290054321289062 7.0248131752014160156 6.5352587699890136719 6.03179931640625 5.51251983642578125 4.97629547119140625 4.4227232933044433594 3.8519279956817626953 3.2643685340881347656 2.6606848239898681641 2.0417530536651611328 1.4087862968444824219 0.76317644119262695312 0.10631699115037918091      0 -1e100 -1e100 -1e100 -1e100 -1e100 -1e100 -1e100 -1e100 -1e100 -1e100 -1e100 -1e100 -1e100 -1e100 -1e100 -1e100 -1e100 -1e100 -1e100 -1e100 -1e100 -1e100 -1e100 -1e100 -1e100 -1e100 -1e100 -1e100 -1e100 -1e100 -1e100 -1e100 -1e100 -1e100 -1e100 -1e100 -1e100 -1e100 -1e100 -1e100 -1e100 -1e100 -1e100 -1e100 -1e100 -1e100 -1e100 -1e100 -1e100 -1e100 -1e100 -1e100 -1e100 -1e100 -1e100 -1e100 -1e100 -1e100 -1e100 -1e100 -1e100 -1e100 -1e100 -1e100 -1e100 -1e100 -1e100 -1e100 -1e100 -1e100 -1e100 -1e100 -1e100 -1e100 -1e100 -1e100 -1e100 -1e100 -1e100 -1e100 -1e100
 -1e100 -1e100 239.400360107421875 232.209136962890625 225.217926025390625 218.30474853515625 211.334564208984375 204.2478485107421875 197.0712738037109375 189.8177642822265625 182.4866485595703125 175.073822021484375 167.5843963623046875 160.0361328125 152.4571380615234375 144.882293701171875 137.3504638671875 129.90301513671875 122.58304595947265625 115.4350128173828125 108.50305938720703125 101.8299560546875 95.4544677734375 89.40941619873046875 83.71875762939453125 78.39629364013671875 73.44561767578125 68.8602447509765625 64.6249237060546875 60.71681976318359375 57.108844757080078125 53.77397918701171875 50.689029693603515625 47.83661651611328125 45.2016448974609375 42.76902008056640625 40.524417877197265625 38.454608917236328125 36.546848297119140625 34.786655426025390625 33.1573028564453125 31.64111328125 30.220571517944335938 28.88018035888671875 27.606967926025390625 26.390869140625 25.224578857421875 24.103084564208984375 23.023237228393554688 21.983127593994140625 20.981769561767578125 20.018718719482421875 19.093877792358398438 18.20731353759765625 17.359151840209960938 16.549493789672851562 15.778271675109863281 15.045166969299316406 14.349493026733398438 13.690140724182128906 13.065525054931640625 12.473547935485839844 11.91162109375 11.376700401306152344 10.865350723266601562 10.373785018920898438 9.8979120254516601562 9.4334478378295898438 8.9759702682495117188 8.5210771560668945312 8.0644540786743164062 7.6020650863647460938 7.1302523612976074219 6.6459078788757324219 6.1465554237365722656 5.6304373741149902344 5.0965619087219238281 4.544643402099609375 3.9749395847320556641 3.3880877494812011719 2.7849783897399902344 2.1668415069580078125 1.5353062152862548828 0.89212131500244140625 0.23908318579196929932      0 -1e100 -1e100 -1e100 -1e100 -1e100 -1e100 -1e100 -1e100 -1e100 -1e100 -1e100 -1e100 -1e100 -1e100 -1e100 -1e100 -1e100 -1e100 -1e100 -1e100 -1e100 -1e100 -1e100 -1e100 -1e100 -1e100 -1e100 -1e100 -1e100 -1e100 -1e100 -1e100 -1e100 -1e100 -1e100 -1e100 -1e100 -1e100 -1e100 -1e100 -1e100 -1e100 -1e100 -1e100 -1e100 -1e100 -1e100 -1e100 -1e100 -1e100 -1e100 -1e100 -1e100 -1e100 -1e100 -1e100 -1e100 -1e100 -1e100 -1e100 -1e100 -1e100 -1e100 -1e100 -1e100 -1e100 -1e100 -1e100 -1e100 -1e100 -1e100 -1e100 -1e100 -1e100 -1e100 -1e100 -1e100 -1e100 -1e100 -1e100 -1e100
 -1e100 -1e100 -1e100 231.070068359375 224.0341644287109375 217.06683349609375 210.071319580078125 202.9930572509765625 195.821746826171875 188.5557098388671875 181.19537353515625 173.7439422607421875 166.213714599609375 158.62689208984375 151.013916015625 143.410675048828125 135.85675048828125 128.3943634033203125 121.067657470703125 113.9220123291015625 107.00212860107421875 100.35076141357421875 94.0058746337890625 87.99878692626953125 82.35149383544921875 77.07592010498046875 72.173828125 67.63674163818359375 63.446918487548828125 59.5785369873046875 56.002410888671875 52.690502166748046875 49.621364593505859375 46.78319549560546875 44.165157318115234375 41.752410888671875 39.529659271240234375 37.482936859130859375 35.599109649658203125 33.863643646240234375 32.2601165771484375 30.771215438842773438 29.379913330078125 28.071157455444335938 26.832311630249023438 25.653490066528320312 24.527339935302734375 23.448587417602539062 22.41364288330078125 21.420026779174804688 20.466121673583984375 19.550846099853515625 18.673511505126953125 17.833658218383789062 17.030963897705078125 16.265142440795898438 15.5358123779296875 14.842392921447753906 14.184002876281738281 13.559396743774414062 12.966913223266601562 12.404429435729980469 11.869379043579101562 11.358768463134765625 10.869230270385742188 10.397065162658691406 9.9382839202880859375 9.488727569580078125 9.0441198348999023438 8.6002292633056640625 8.152923583984375 7.6983671188354492188 7.2330980300903320312 6.7541871070861816406 6.2593064308166503906 5.7468113899230957031 5.2157950401306152344 4.6660442352294921875 4.0979065895080566406 3.512157440185546875 2.9098980426788330078 2.2927081584930419922 1.6627427339553833008 1.022925257682800293 0.37398111820220947266      0 -1e100 -1e100 -1e100 -1e100 -1e100 -1e100 -1e100 -1e100 -1e100 -1e100 -1e100 -1e100 -1e100 -1e100 -1e100 -1e100 -1e100 -1e100 -1e100 -1e100 -1e100 -1e100 -1e100 -1e100 -1e100 -1e100 -1e100 -1e100 -1e100 -1e100 -1e100 -1e100 -1e100 -1e100 -1e100 -1e100 -1e100 -1e100 -1e100 -1e100 -1e100 -1e100 -1e100 -1e100 -1e100 -1e100 -1e100 -1e100 -1e100 -1e100 -1e100 -1e100 -1e100 -1e100 -1e100 -1e100 -1e100 -1e100 -1e100 -1e100 -1e100 -1e100 -1e100 -1e100 -1e100 -1e100 -1e100 -1e100 -1e100 -1e100 -1e100 -1e100 -1e100 -1e100 -1e100 -1e100 -1e100 -1e100 -1e100 -1e100 -1e100
 -1e100 -1e100 -1e100 229.7084197998046875 222.64923095703125 215.650299072265625 208.63372802734375 201.548858642578125 194.3709259033203125 187.0899810791015625 179.7062225341796875 172.2275543212890625 164.671173095703125 157.0623016357421875 149.433013916015625 141.819793701171875 134.2626953125 126.80442047119140625 119.489593505859375 112.363800048828125 105.47158050537109375 98.8549652099609375 92.55063629150390625 86.58831024169921875 80.98850250244140625 75.7619781494140625 70.909332275390625 66.4201812744140625 62.27388763427734375 58.442230224609375 54.894901275634765625 51.60248565673828125 48.54651641845703125 45.724395751953125 43.130016326904296875 40.746662139892578125 38.55620574951171875 36.542407989501953125 34.691028594970703125 32.987224578857421875 31.414804458618164062 29.956945419311523438 28.597318649291992188 27.3215484619140625 26.117536544799804688 24.975719451904296875 23.888767242431640625 22.851209640502929688 21.859073638916015625 20.90938568115234375 19.999975204467773438 19.129220962524414062 18.295934677124023438 17.499217987060546875 16.738378524780273438 16.012815475463867188 15.321887016296386719 14.664795875549316406 14.040501594543457031 13.447649002075195312 12.884516716003417969 12.348967552185058594 11.838458061218261719 11.350040435791015625 10.880417823791503906 10.425978660583496094 9.9828433990478515625 9.5469837188720703125 9.1142759323120117188 8.6806488037109375 8.2421512603759765625 7.7951221466064453125 7.3362736701965332031 6.8628211021423339844 6.37255096435546875 5.8638939857482910156 5.3359937667846679688 4.7886719703674316406 4.2223253250122070312 3.6378147602081298828 3.0363721847534179688 2.4197487831115722656 1.7902761697769165039 1.1507297754287719727 0.49970000982284545898      0      0 -1e100 -1e100 -1e100 -1e100 -1e100 -1e100 -1e100 -1e100 -1e100 -1e100 -1e100 -1e100 -1e100 -1e100 -1e100 -1e100 -1e100 -1e100 -1e100 -1e100 -1e100 -1e100 -1e100 -1e100 -1e100 -1e100 -1e100 -1e100 -1e100 -1e100 -1e100 -1e100 -1e100 -1e100 -1e100 -1e100 -1e100 -1e100 -1e100 -1e100 -1e100 -1e100 -1e100 -1e100 -1e100 -1e100 -1e100 -1e100 -1e100 -1e100 -1e100 -1e100 -1e100 -1e100 -1e100 -1e100 -1e100 -1e100 -1e100 -1e100 -1e100 -1e100 -1e100 -1e100 -1e100 -1e100 -1e100 -1e100 -1e100 -1e100 -1e100 -1e100 -1e100 -1e100 -1e100 -1e100 -1e100 -1e100 -1e100 -1e100
 -1e100 -1e100 -1e100 -1e100 221.101470947265625 214.0850067138671875 207.0513916015625 199.9541015625 192.764251708984375 185.469207763671875 178.0700531005859375 170.57769775390625 163.0120849609375 155.4000701904296875 147.7742919921875 140.1713714599609375 132.6313629150390625 125.1969757080078125 117.91265869140625 110.8235321044921875 103.97324371337890625 97.402496337890625 91.14630889892578125 85.233001708984375 79.6821136474609375 74.5040130615234375 69.69842529296875 65.252532958984375 61.1434326171875 57.341144561767578125 53.813602447509765625 50.53189849853515625 47.486968994140625 44.686008453369140625 42.123233795166015625 39.77832794189453125 37.628925323486328125 35.65590667724609375 33.8435516357421875 32.176544189453125 30.63887786865234375 29.214357376098632812 27.887561798095703125 26.645013809204101562 25.475328445434570312 24.369337081909179688 23.319797515869140625 22.32110595703125 21.368961334228515625 20.459959030151367188 19.591459274291992188 18.761384963989257812 17.968145370483398438 17.2104949951171875 16.487451553344726562 15.798163414001464844 15.141779899597167969 14.517333984375 13.923658370971679688 13.35931396484375 12.822533607482910156 12.311170578002929688 11.822698593139648438 11.354216575622558594 10.902494430541992188 10.464006423950195312 10.034984588623046875 9.6115274429321289062 9.1896543502807617188 8.765445709228515625 8.3351078033447265625 7.8951387405395507812 7.4423937797546386719 6.9742064476013183594 6.4884471893310546875 5.9836015701293945312 5.4588375091552734375 4.9139814376831054688 4.3494496345520019531 3.7661454677581787109 3.1653871536254882812 2.5490283966064453125 1.919382929801940918 1.2781801223754882812 0.62483674287796020508      0      0 -1e100 -1e100 -1e100 -1e100 -1e100 -1e100 -1e100 -1e100 -1e100 -1e100 -1e100 -1e100 -1e100 -1e100 -1e100 -1e100 -1e100 -1e100 -1e100 -1e100 -1e100 -1e100 -1e100 -1e100 -1e100 -1e100 -1e100 -1e100 -1e100 -1e100 -1e100 -1e100 -1e100 -1e100 -1e100 -1e100 -1e100 -1e100 -1e100 -1e100 -1e100 -1e100 -1e100 -1e100 -1e100 -1e100 -1e100 -1e100 -1e100 -1e100 -1e100 -1e100 -1e100 -1e100 -1e100 -1e100 -1e100 -1e100 -1e100 -1e100 -1e100 -1e100 -1e100 -1e100 -1e100 -1e100 -1e100 -1e100 -1e100 -1e100 -1e100 -1e100 -1e100 -1e100 -1e100 -1e100 -1e100 -1e100 -1e100 -1e100
 -1e100 -1e100 -1e100 -1e100 219.415985107421875 212.393524169921875 205.34942626953125 198.2418060302734375 191.04278564453125 183.7410430908203125 176.33917236328125 168.85003662109375 161.2947845458984375 153.7005157470703125 146.0997314453125 138.528594970703125 131.026702880859375 123.63619232177734375 116.400726318359375 109.364288330078125 102.5689697265625 96.05361175537109375 89.8514404296875 83.9894866943359375 78.48688507080078125 73.35410308837890625 68.5902252197265625 64.18115997314453125 60.10012054443359375 56.30767059326171875 52.78253173828125 49.50797271728515625 46.478038787841796875 43.7064666748046875 41.183490753173828125 38.8837127685546875 36.78061676025390625 34.852535247802734375 33.082340240478515625 31.454198837280273438 29.952306747436523438 28.561227798461914062 27.266622543334960938 26.056051254272460938 24.91889190673828125 23.846405029296875 22.831478118896484375 21.868404388427734375 20.952592849731445312 20.080266952514648438 19.2483978271484375 18.454542160034179688 17.696794509887695312 16.973646163940429688 16.283899307250976562 15.626513481140136719 15.000477790832519531 14.404692649841308594 13.837896347045898438 13.298583030700683594 12.784947395324707031 12.294835090637207031 11.825735092163085938 11.374790191650390625 10.9388275146484375 10.514407157897949219 10.097860336303710938 9.6854028701782226562 9.2731771469116210938 8.85739898681640625 8.4344148635864257812 8.0008554458618164062 7.5536952018737792969 7.0903611183166503906 6.6087942123413085938 6.1075201034545898438 5.5857172012329101562 5.0431976318359375 4.4803705215454101562 3.8981525897979736328 3.2979285717010498047 2.6815659999847412109 2.0510699748992919922 1.4078760147094726562 0.75255739688873291016 0.086418084800243377686      0 -1e100 -1e100 -1e100 -1e100 -1e100 -1e100 -1e100 -1e100 -1e100 -1e100 -1e100 -1e100 -1e100 -1e100 -1e100 -1e100 -1e100 -1e100 -1e100 -1e100 -1e100 -1e100 -1e100 -1e100 -1e100 -1e100 -1e100 -1e100 -1e100 -1e100 -1e100 -1e100 -1e100 -1e100 -1e100 -1e100 -1e100 -1e100 -1e100 -1e100 -1e100 -1e100 -1e100 -1e100 -1e100 -1e100 -1e100 -1e100 -1e100 -1e100 -1e100 -1e100 -1e100 -1e100 -1e100 -1e100 -1e100 -1e100 -1e100 -1e100 -1e100 -1e100 -1e100 -1e100 -1e100 -1e100 -1e100 -1e100 -1e100 -1e100 -1e100 -1e100 -1e100 -1e100 -1e100 -1e100 -1e100 -1e100 -1e100 -1e100
 -1e100 -1e100 -1e100 -1e100 217.6141815185546875 210.5983123779296875 203.554107666015625 196.44512939453125 189.2476806640625 181.9532928466796875 174.5663604736328125 167.1007537841796875 159.57757568359375 152.02349853515625 144.4701995849609375 136.9529876708984375 129.510528564453125 122.18378448486328125 115.01511383056640625 108.0467071533203125 101.31858062744140625 94.8672943115234375 88.724090576171875 82.91489410400390625 77.4586639404296875 72.3665313720703125 67.638702392578125 63.26100921630859375 59.186069488525390625 55.382854461669921875 51.8545074462890625 48.583034515380859375 45.574863433837890625 42.84032440185546875 40.361721038818359375 38.10858917236328125 36.05138397216796875 34.166927337646484375 32.437091827392578125 30.845609664916992188 29.376964569091796875 28.0165557861328125 26.751207351684570312 25.569475173950195312 24.461458206176757812 23.418802261352539062 22.434511184692382812 21.502765655517578125 20.618709564208984375 19.778238296508789062 18.978000640869140625 18.215274810791015625 17.487920761108398438 16.79424285888671875 16.132890701293945312 15.502680778503417969 14.902484893798828125 14.33110809326171875 13.787213325500488281 13.269238471984863281 12.775350570678710938 12.303380966186523438 11.850835800170898438 11.414888381958007812 10.992421150207519531 10.580063819885253906 10.174234390258789062 9.7712421417236328125 9.367340087890625 8.9588565826416015625 8.5422544479370117188 8.1142749786376953125 7.6719908714294433594 7.2129101753234863281 6.7350358963012695312 6.2369294166564941406 5.7177720069885253906 5.1773524284362792969 4.6160516738891601562 4.0347614288330078125 3.434886932373046875 2.8181955814361572266 2.1864705085754394531 1.5415120124816894531 0.88494575023651123047 0.21897004544734954834      0 -1e100 -1e100 -1e100 -1e100 -1e100 -1e100 -1e100 -1e100 -1e100 -1e100 -1e100 -1e100 -1e100 -1e100 -1e100 -1e100 -1e100 -1e100 -1e100 -1e100 -1e100 -1e100 -1e100 -1e100 -1e100 -1e100 -1e100 -1e100 -1e100 -1e100 -1e100 -1e100 -1e100 -1e100 -1e100 -1e100 -1e100 -1e100 -1e100 -1e100 -1e100 -1e100 -1e100 -1e100 -1e100 -1e100 -1e100 -1e100 -1e100 -1e100 -1e100 -1e100 -1e100 -1e100 -1e100 -1e100 -1e100 -1e100 -1e100 -1e100 -1e100 -1e100 -1e100 -1e100 -1e100 -1e100 -1e100 -1e100 -1e100 -1e100 -1e100 -1e100 -1e100 -1e100 -1e100 -1e100 -1e100 -1e100 -1e100 -1e100
 -1e100 -1e100 -1e100 -1e100 -1e100 208.724365234375 201.6951446533203125 194.6007080078125 187.422393798828125 180.155029296875 172.8045654296875 165.3851318359375 157.917266845703125 150.42669677734375 142.943939208984375 135.5030364990234375 128.1412353515625 120.89797210693359375 113.81369781494140625 106.9283599853515625 100.2794342041015625 93.9008941650390625 87.821868896484375 82.06697845458984375 76.65496063232421875 71.59844207763671875 66.90032958984375 62.540554046630859375 58.475986480712890625 54.650539398193359375 51.102909088134765625 47.829914093017578125 44.84825897216796875 42.15264892578125 39.71533966064453125 37.502468109130859375 35.48339080810546875 33.634735107421875 31.937816619873046875 30.376081466674804688 28.934329986572265625 27.5988006591796875 26.357332229614257812 25.199310302734375 24.115390777587890625 23.0974884033203125 22.138650894165039062 21.232898712158203125 20.375101089477539062 19.5608673095703125 18.786588668823242188 18.049327850341796875 17.346782684326171875 16.677129745483398438 16.038909912109375 15.430845260620117188 14.851719856262207031 14.300264358520507812 13.775083541870117188 13.274571418762207031 12.796861648559570312 12.339776992797851562 11.90082550048828125 11.477208137512207031 11.065846443176269531 10.663423538208007812 10.266424179077148438 9.8712339401245117188 9.4741907119750976562 9.07171630859375 8.6603679656982421875 8.2369785308837890625 7.7987041473388671875 7.343128204345703125 6.8683114051818847656 6.3728470802307128906 5.8559198379516601562 5.3172931671142578125 4.7572965621948242188 4.1767706871032714844 3.5770502090454101562 2.9598205089569091797 2.3269715309143066406 1.6806747913360595703 1.0231529474258422852 0.35725504159927368164      0      0 -1e100 -1e100 -1e100 -1e100 -1e100 -1e100 -1e100 -1e100 -1e100 -1e100 -1e100 -1e100 -1e100 -1e100 -1e100 -1e100 -1e100 -1e100 -1e100 -1e100 -1e100 -1e100 -1e100 -1e100 -1e100 -1e100 -1e100 -1e100 -1e100 -1e100 -1e100 -1e100 -1e100 -1e100 -1e100 -1e100 -1e100 -1e100 -1e100 -1e100 -1e100 -1e100 -1e100 -1e100 -1e100 -1e100 -1e100 -1e100 -1e100 -1e100 -1e100 -1e100 -1e100 -1e100 -1e100 -1e100 -1e100 -1e100 -1e100 -1e100 -1e100 -1e100 -1e100 -1e100 -1e100 -1e100 -1e100 -1e100 -1e100 -1e100 -1e100 -1e100 -1e100 -1e100 -1e100 -1e100 -1e100 -1e100 -1e100
 -1e100 -1e100 -1e100 -1e100 -1e100 206.8010711669921875 199.8069610595703125 192.748291015625 185.61151123046875 178.394500732421875 171.1043243408203125 163.7550811767578125 156.3665008544921875 148.963104248046875 141.5740203857421875 134.2316741943359375 126.97159576416015625 119.831207275390625 112.84870147705078125 106.06137847900390625 99.50388336181640625 93.20735931396484375 87.19863128662109375 81.5007171630859375 76.131744384765625 71.10504913330078125 66.4208526611328125 62.051258087158203125 57.969333648681640625 54.138671875 50.5811920166015625 47.32268524169921875 44.3695068359375 41.704624176025390625 39.295623779296875 37.108074188232421875 35.1125335693359375 33.286136627197265625 31.6098785400390625 30.066999435424804688 28.642610549926757812 27.323591232299804688 26.098539352416992188 24.95735931396484375 23.891031265258789062 22.891569137573242188 21.951932907104492188 21.0659027099609375 20.22806549072265625 19.433773040771484375 18.679204940795898438 17.961273193359375 17.277555465698242188 16.626150131225585938 16.005527496337890625 15.414340019226074219 14.851309776306152344 14.315112113952636719 13.804301261901855469 13.317229270935058594 12.851998329162597656 12.406414031982421875 11.9779815673828125 11.563914299011230469 11.161154747009277344 10.766423225402832031 10.376246452331542969 9.98706817626953125 9.5952911376953125 9.1974086761474609375 8.7900543212890625 8.3701391220092773438 7.9348936080932617188 7.4819698333740234375 7.0094809532165527344 6.5160531997680664062 6.0008740425109863281 5.4636778831481933594 4.9047346115112304688 4.3248066902160644531 3.7251322269439697266 3.1073520183563232422 2.473484039306640625 1.8259358406066894531 1.1673908233642578125 0.50128310918807983398      0      0 -1e100 -1e100 -1e100 -1e100 -1e100 -1e100 -1e100 -1e100 -1e100 -1e100 -1e100 -1e100 -1e100 -1e100 -1e100 -1e100 -1e100 -1e100 -1e100 -1e100 -1e100 -1e100 -1e100 -1e100 -1e100 -1e100 -1e100 -1e100 -1e100 -1e100 -1e100 -1e100 -1e100 -1e100 -1e100 -1e100 -1e100 -1e100 -1e100 -1e100 -1e100 -1e100 -1e100 -1e100 -1e100 -1e100 -1e100 -1e100 -1e100 -1e100 -1e100 -1e100 -1e100 -1e100 -1e100 -1e100 -1e100 -1e100 -1e100 -1e100 -1e100 -1e100 -1e100 -1e100 -1e100 -1e100 -1e100 -1e100 -1e100 -1e100 -1e100 -1e100 -1e100 -1e100 -1e100 -1e100 -1e100 -1e100 -1e100
 -1e100 -1e100 -1e100 -1e100 -1e100 -1e100 197.92742919921875 190.92926025390625 183.8591461181640625 176.7175445556640625 169.5125274658203125 162.25799560546875 154.972808837890625 147.6801605224609375 140.4075775146484375 133.1856689453125 126.047882080078125 119.0293426513671875 112.16562652587890625 105.49114227294921875 99.03749847412109375 92.83295440673828125 86.90192413330078125 81.26546478271484375 75.9407806396484375 70.9388885498046875 66.25518798828125 61.870456695556640625 57.763904571533203125 53.923938751220703125 50.3727874755859375 47.129917144775390625 44.192897796630859375 41.539703369140625 39.1377410888671875 36.9548797607421875 34.96379852294921875 33.14237213134765625 31.47138214111328125 29.933910369873046875 28.515218734741210938 27.2025909423828125 25.984981536865234375 24.85248565673828125 23.796133041381835938 22.807825088500976562 21.880281448364257812 21.006959915161132812 20.182155609130859375 19.400991439819335938 18.6594696044921875 17.954381942749023438 17.283233642578125 16.644075393676757812 16.035327911376953125 15.455595970153808594 14.90355682373046875 14.377836227416992188 13.876946449279785156 13.399197578430175781 12.942656517028808594 12.505102157592773438 12.084025382995605469 11.6766357421875 11.279881477355957031 10.890496253967285156 10.505033493041992188 10.119971275329589844 9.7317590713500976562 9.3369455337524414062 8.9322271347045898438 8.5145816802978515625 8.0813083648681640625 7.6301198005676269531 7.1591787338256835938 6.6671376228332519531 6.1531844139099121094 5.6170172691345214844 5.058837890625 4.4793062210083007812 3.8795540332794189453 3.2611794471740722656 2.6262545585632324219 1.9773552417755126953 1.3175339698791503906 0.65075099468231201172      0      0 -1e100 -1e100 -1e100 -1e100 -1e100 -1e100 -1e100 -1e100 -1e100 -1e100 -1e100 -1e100 -1e100 -1e100 -1e100 -1e100 -1e100 -1e100 -1e100 -1e100 -1e100 -1e100 -1e100 -1e100 -1e100 -1e100 -1e100 -1e100 -1e100 -1e100 -1e100 -1e100 -1e100 -1e100 -1e100 -1e100 -1e100 -1e100 -1e100 -1e100 -1e100 -1e100 -1e100 -1e100 -1e100 -1e100 -1e100 -1e100 -1e100 -1e100 -1e100 -1e100 -1e100 -1e100 -1e100 -1e100 -1e100 -1e100 -1e100 -1e100 -1e100 -1e100 -1e100 -1e100 -1e100 -1e100 -1e100 -1e100 -1e100 -1e100 -1e100 -1e100 -1e100 -1e100 -1e100 -1e100 -1e100 -1e100 -1e100
 -1e100 -1e100 -1e100 -1e100 -1e100 -1e100 196.0951080322265625 189.1834564208984375 182.2058563232421875 175.1651153564453125 168.0701446533203125 160.9346771240234375 153.7766265869140625 146.6178131103515625 139.4839630126953125 132.40362548828125 125.40789794921875 118.5293121337890625 111.80057525634765625 105.25298309326171875 98.91510009765625 92.81231689453125 86.96659088134765625 81.3966064453125 76.117431640625 71.1364288330078125 66.44936370849609375 62.04828643798828125 57.923831939697265625 54.077465057373046875 50.527385711669921875 47.284221649169921875 44.34081268310546875 41.6744537353515625 39.255367279052734375 37.0549163818359375 35.0480804443359375 33.213375091552734375 31.531383514404296875 29.985036849975585938 28.559604644775390625 27.242473602294921875 26.022584915161132812 24.889904022216796875 23.835247039794921875 22.850185394287109375 21.92705535888671875 21.058946609497070312 20.239858627319335938 19.464689254760742188 18.729295730590820312 18.030384063720703125 17.365411758422851562 16.73239898681640625 16.129730224609375 15.555981636047363281 15.009783744812011719 14.489727020263671875 13.9942779541015625 13.521699905395507812 13.070020675659179688 12.636981964111328125 12.220048904418945312 11.816409111022949219 11.42299652099609375 11.036542892456054688 10.653606414794921875 10.270685195922851562 9.884258270263671875 9.4909162521362304688 9.0874118804931640625 8.670780181884765625 8.2383823394775390625 7.7879862785339355469 7.3177947998046875 6.8264822959899902344 6.3132262229919433594 5.7776746749877929688 5.2199463844299316406 4.6405820846557617188 4.0406103134155273438 3.4215896129608154297 2.7856013774871826172 2.1352865695953369141 1.4738612174987792969 0.8056824803352355957 0.13641107082366943359      0 -1e100 -1e100 -1e100 -1e100 -1e100 -1e100 -1e100 -1e100 -1e100 -1e100 -1e100 -1e100 -1e100 -1e100 -1e100 -1e100 -1e100 -1e100 -1e100 -1e100 -1e100 -1e100 -1e100 -1e100 -1e100 -1e100 -1e100 -1e100 -1e100 -1e100 -1e100 -1e100 -1e100 -1e100 -1e100 -1e100 -1e100 -1e100 -1e100 -1e100 -1e100 -1e100 -1e100 -1e100 -1e100 -1e100 -1e100 -1e100 -1e100 -1e100 -1e100 -1e100 -1e100 -1e100 -1e100 -1e100 -1e100 -1e100 -1e100 -1e100 -1e100 -1e100 -1e100 -1e100 -1e100 -1e100 -1e100 -1e100 -1e100 -1e100 -1e100 -1e100 -1e100 -1e100 -1e100 -1e100 -1e100 -1e100 -1e100
 -1e100 -1e100 -1e100 -1e100 -1e100 -1e100 194.3463287353515625 187.5468597412109375 180.68719482421875 173.772247314453125 166.8116912841796875 159.819000244140625 152.8110809326171875 145.80828857421875 138.8343505859375 131.9155120849609375 125.08025360107421875 118.358154296875 111.77883148193359375 105.3704071044921875 99.1584014892578125 93.16546630859375 87.41106414794921875 81.91153717041015625 76.67891693115234375 71.71932220458984375 67.03304290771484375 62.619235992431640625 58.4774932861328125 54.61598968505859375 51.049251556396484375 47.78293609619140625 44.808162689208984375 42.1042327880859375 39.645458221435546875 37.40686798095703125 35.365444183349609375 33.50019073486328125 31.791591644287109375 30.222469329833984375 28.777996063232421875 27.445404052734375 26.213323593139648438 25.071319580078125 24.009752273559570312 23.019695281982421875 22.093008041381835938 21.222379684448242188 20.401506423950195312 19.625080108642578125 18.888835906982421875 18.189409255981445312 17.524227142333984375 16.891284942626953125 16.28894805908203125 15.715753555297851562 15.170302391052246094 14.651141166687011719 14.156689643859863281 13.685163497924804688 13.234537124633789062 12.802509307861328125 12.386499404907226562 11.983660697937011719 11.590897560119628906 11.204918861389160156 10.822276115417480469 10.439470291137695312 10.053002357482910156 9.6594982147216796875 9.255756378173828125 8.8388671875 8.406246185302734375 7.955707550048828125 7.4854884147644042969 6.9942755699157714844 6.4812211990356445312 5.9459104537963867188 5.3883624076843261719 4.8090081214904785156 4.2087960243225097656 3.5892398357391357422 2.9523932933807373047 2.3008015155792236328 1.6375521421432495117 0.9669062495231628418 0.29575818777084350586      0      0 -1e100 -1e100 -1e100 -1e100 -1e100 -1e100 -1e100 -1e100 -1e100 -1e100 -1e100 -1e100 -1e100 -1e100 -1e100 -1e100 -1e100 -1e100 -1e100 -1e100 -1e100 -1e100 -1e100 -1e100 -1e100 -1e100 -1e100 -1e100 -1e100 -1e100 -1e100 -1e100 -1e100 -1e100 -1e100 -1e100 -1e100 -1e100 -1e100 -1e100 -1e100 -1e100 -1e100 -1e100 -1e100 -1e100 -1e100 -1e100 -1e100 -1e100 -1e100 -1e100 -1e100 -1e100 -1e100 -1e100 -1e100 -1e100 -1e100 -1e100 -1e100 -1e100 -1e100 -1e100 -1e100 -1e100 -1e100 -1e100 -1e100 -1e100 -1e100 -1e100 -1e100 -1e100 -1e100 -1e100 -1e100 -1e100
 -1e100 -1e100 -1e100 -1e100 -1e100 -1e100 -1e100 186.050048828125 179.332672119140625 172.5674591064453125 165.7646942138671875 158.937469482421875 152.101593017578125 145.2757720947265625 138.4815521240234375 131.7425384521484375 125.0842132568359375 118.532958984375 112.11505126953125 105.8553619384765625 99.7764739990234375 93.89850616455078125 88.23863983154296875 82.81109619140625 77.62575531005859375 72.68856048583984375 68.0032806396484375 63.574077606201171875 59.407779693603515625 55.516658782958984375 51.913524627685546875 48.601978302001953125 45.57392120361328125 42.8119964599609375 40.294834136962890625 38.0007476806640625 35.908283233642578125 33.9970550537109375 32.24764251708984375 30.642885208129882812 29.167781829833984375 27.809198379516601562 26.55521392822265625 25.394794464111328125 24.317678451538085938 23.314332962036132812 22.376087188720703125 21.495203018188476562 20.6650848388671875 19.8802337646484375 19.136272430419921875 18.429788589477539062 17.758174896240234375 17.119403839111328125 16.511814117431640625 15.933913230895996094 15.3842620849609375 14.861365318298339844 14.363590240478515625 13.889096260070800781 13.43579864501953125 13.001338005065917969 12.583079338073730469 12.178124427795410156 11.783330917358398438 11.395375251770019531 11.010786056518554688 10.626064300537109375 10.237723350524902344 9.8424224853515625 9.4370021820068359375 9.0186033248901367188 8.584690093994140625 8.1331205368041992188 7.6621541976928710938 7.17047882080078125 6.6572122573852539062 6.1218662261962890625 5.5643606185913085938 4.9850306510925292969 4.3847627639770507812 3.7650322914123535156 3.1278383731842041016 2.4755556583404541016 1.8108965158462524414 1.1375478506088256836 0.46292617917060852051      0      0 -1e100 -1e100 -1e100 -1e100 -1e100 -1e100 -1e100 -1e100 -1e100 -1e100 -1e100 -1e100 -1e100 -1e100 -1e100 -1e100 -1e100 -1e100 -1e100 -1e100 -1e100 -1e100 -1e100 -1e100 -1e100 -1e100 -1e100 -1e100 -1e100 -1e100 -1e100 -1e100 -1e100 -1e100 -1e100 -1e100 -1e100 -1e100 -1e100 -1e100 -1e100 -1e100 -1e100 -1e100 -1e100 -1e100 -1e100 -1e100 -1e100 -1e100 -1e100 -1e100 -1e100 -1e100 -1e100 -1e100 -1e100 -1e100 -1e100 -1e100 -1e100 -1e100 -1e100 -1e100 -1e100 -1e100 -1e100 -1e100 -1e100 -1e100 -1e100 -1e100 -1e100 -1e100 -1e100 -1e100 -1e100 -1e100
 -1e100 -1e100 -1e100 -1e100 -1e100 -1e100 -1e100 184.7177581787109375 178.1655426025390625 171.57269287109375 164.9498291015625 158.3094940185546875 151.6662445068359375 145.0368804931640625 138.4404449462890625 131.897552490234375 125.43033599853515625 119.06162261962890625 112.81410980224609375 106.7093505859375 100.76708984375 95.00506591796875 89.43849945068359375 84.079742431640625 78.937469482421875 74.0181121826171875 69.3282012939453125 64.87664031982421875 60.675750732421875 56.740657806396484375 53.08386993408203125 49.709262847900390625 46.610935211181640625 43.775299072265625 41.18495941162109375 38.820957183837890625 36.663463592529296875 34.6928863525390625 32.890178680419921875 31.23828887939453125 29.721950531005859375 28.327512741088867188 27.042362213134765625 25.854738235473632812 24.753660202026367188 23.728925704956054688 22.771314620971679688 21.872667312622070312 21.026105880737304688 20.225954055786132812 19.46773529052734375 18.747974395751953125 18.06402587890625 17.413835525512695312 16.79570770263671875 16.208112716674804688 15.649573326110839844 15.118540763854980469 14.6133270263671875 14.132025718688964844 13.672486305236816406 13.232279777526855469 12.808703422546386719 12.39879608154296875 11.999357223510742188 11.607019424438476562 11.218286514282226562 10.829652786254882812 10.43764495849609375 10.038951873779296875 9.630458831787109375 9.2093534469604492188 8.7731485366821289062 8.3197374343872070312 7.8473978042602539062 7.3548078536987304688 6.8410410881042480469 6.3055338859558105469 5.7481126785278320312 5.1690354347229003906 4.5691351890563964844 3.9498484134674072266 3.3131432533264160156 2.6613748073577880859 1.9972754716873168945 1.325127720832824707 0.65449464321136474609 0.0030884165316820144653      0      0 -1e100 -1e100 -1e100 -1e100 -1e100 -1e100 -1e100 -1e100 -1e100 -1e100 -1e100 -1e100 -1e100 -1e100 -1e100 -1e100 -1e100 -1e100 -1e100 -1e100 -1e100 -1e100 -1e100 -1e100 -1e100 -1e100 -1e100 -1e100 -1e100 -1e100 -1e100 -1e100 -1e100 -1e100 -1e100 -1e100 -1e100 -1e100 -1e100 -1e100 -1e100 -1e100 -1e100 -1e100 -1e100 -1e100 -1e100 -1e100 -1e100 -1e100 -1e100 -1e100 -1e100 -1e100 -1e100 -1e100 -1e100 -1e100 -1e100 -1e100 -1e100 -1e100 -1e100 -1e100 -1e100 -1e100 -1e100 -1e100 -1e100 -1e100 -1e100 -1e100 -1e100 -1e100 -1e100 -1e100 -1e100
 -1e100 -1e100 -1e100 -1e100 -1e100 -1e100 -1e100 -1e100 177.2028961181640625 170.8034820556640625 164.38116455078125 157.947662353515625 151.51605224609375 145.100921630859375 138.71844482421875 132.385833740234375 126.1214447021484375 119.9441986083984375 113.87299346923828125 107.925994873046875 102.1201019287109375 96.47083282470703125 90.9917144775390625 85.69374847412109375 80.5855255126953125 75.67494964599609375 70.97164154052734375 66.4887237548828125 62.24262237548828125 58.2505340576171875 54.525890350341796875 51.074115753173828125 47.892139434814453125 44.97016143798828125 42.29428863525390625 39.8481597900390625 37.613681793212890625 35.572284698486328125 33.7054901123046875 31.996343612670898438 30.4292449951171875 28.98992156982421875 27.66498565673828125 26.441892623901367188 25.30889129638671875 24.2551116943359375 23.270778656005859375 22.347330093383789062 21.477619171142578125 20.655796051025390625 19.877277374267578125 19.13851165771484375 18.436800003051757812 17.770046234130859375 17.13651275634765625 16.53462982177734375 15.962866783142089844 15.419623374938964844 14.90314483642578125 14.411455154418945312 13.942327499389648438 13.493255615234375 13.061458587646484375 12.643900871276855469 12.2373199462890625 11.838299751281738281 11.443317413330078125 11.048861503601074219 10.651474952697753906 10.247877120971679688 9.83499908447265625 9.4100790023803710938 8.970676422119140625 8.51471710205078125 8.0404939651489257812 7.5466675758361816406 7.0322642326354980469 6.4966444969177246094 5.9395518302917480469 5.3611731529235839844 4.7622699737548828125 4.1442131996154785156 3.508941650390625 2.8589603900909423828 2.1977152824401855469 1.5306376218795776367 0.86762416362762451172 0.21915638446807861328      0      0 -1e100 -1e100 -1e100 -1e100 -1e100 -1e100 -1e100 -1e100 -1e100 -1e100 -1e100 -1e100 -1e100 -1e100 -1e100 -1e100 -1e100 -1e100 -1e100 -1e100 -1e100 -1e100 -1e100 -1e100 -1e100 -1e100 -1e100 -1e100 -1e100 -1e100 -1e100 -1e100 -1e100 -1e100 -1e100 -1e100 -1e100 -1e100 -1e100 -1e100 -1e100 -1e100 -1e100 -1e100 -1e100 -1e100 -1e100 -1e100 -1e100 -1e100 -1e100 -1e100 -1e100 -1e100 -1e100 -1e100 -1e100 -1e100 -1e100 -1e100 -1e100 -1e100 -1e100 -1e100 -1e100 -1e100 -1e100 -1e100 -1e100 -1e100 -1e100 -1e100 -1e100 -1e100 -1e100 -1e100 -1e100
 -1e100 -1e100 -1e100 -1e100 -1e100 -1e100 -1e100 -1e100 176.45562744140625 170.26904296875 164.0662841796875 157.85797119140625 151.6553192138671875 145.4703826904296875 139.3160400390625 133.205657958984375 127.1534423828125 121.1740264892578125 115.2823028564453125 109.49295806884765625 103.820098876953125 98.27722930908203125 92.8764801025390625 87.6284942626953125 82.54280853271484375 77.62973785400390625 72.9023284912109375 68.37744903564453125 64.07471466064453125 60.013317108154296875 56.208209991455078125 52.666980743408203125 49.389739990234375 46.370288848876953125 43.598064422607421875 41.059268951416015625 38.73761749267578125 36.615695953369140625 34.6756134033203125 32.900455474853515625 31.27420806884765625 29.781917572021484375 28.40940093994140625 27.143308639526367188 25.971132278442382812 24.88134002685546875 23.863622665405273438 22.909046173095703125 22.010194778442382812 21.161041259765625 20.356863021850585938 19.59401702880859375 18.869733810424804688 18.181852340698242188 17.528589248657226562 16.908319473266601562 16.319461822509765625 15.760348320007324219 15.229158401489257812 14.723836898803710938 14.24207305908203125 13.781277656555175781 13.33858489990234375 12.910880088806152344 12.494835853576660156 12.086991310119628906 11.683798789978027344 11.28174591064453125 10.877394676208496094 10.467500686645507812 10.049043655395507812 9.6193151473999023438 9.1759252548217773438 8.71683502197265625 8.2403459548950195312 7.7451038360595703125 7.2300868034362792969 6.694583892822265625 6.1382608413696289062 5.5612187385559082031 4.9641180038452148438 4.3482217788696289062 3.7154223918914794922 3.0685560703277587891 2.4119575023651123047 1.7517380714416503906 1.0959008932113647461 0.45224589109420776367      0      0      0 -1e100 -1e100 -1e100 -1e100 -1e100 -1e100 -1e100 -1e100 -1e100 -1e100 -1e100 -1e100 -1e100 -1e100 -1e100 -1e100 -1e100 -1e100 -1e100 -1e100 -1e100 -1e100 -1e100 -1e100 -1e100 -1e100 -1e100 -1e100 -1e100 -1e100 -1e100 -1e100 -1e100 -1e100 -1e100 -1e100 -1e100 -1e100 -1e100 -1e100 -1e100 -1e100 -1e100 -1e100 -1e100 -1e100 -1e100 -1e100 -1e100 -1e100 -1e100 -1e100 -1e100 -1e100 -1e100 -1e100 -1e100 -1e100 -1e100 -1e100 -1e100 -1e100 -1e100 -1e100 -1e100 -1e100 -1e100 -1e100 -1e100 -1e100 -1e100 -1e100 -1e100 -1e100 -1e100 -1e100
 -1e100 -1e100 -1e100 -1e100 -1e100 -1e100 -1e100 -1e100 175.9286956787109375 169.972503662109375 164.006561279296875 158.0399932861328125 152.0818023681640625 146.1410675048828125 140.2269744873046875 134.3486785888671875 128.515777587890625 122.73833465576171875 117.02707672119140625 111.3931732177734375 105.8480224609375 100.40337371826171875 95.0705413818359375 89.8606109619140625 84.78497314453125 79.85699462890625 75.09331512451171875 70.51436614990234375 66.1425323486328125 61.9990386962890625 58.100860595703125 54.45821380615234375 51.0745849609375 47.947299957275390625 45.068973541259765625 42.42828369140625 40.01076507568359375 37.800106048583984375 35.77893829345703125 33.930278778076171875 32.237628936767578125 30.685337066650390625 29.258426666259765625 27.94275665283203125 26.725080490112304688 25.593235015869140625 24.53641510009765625 23.545314788818359375 22.61225128173828125 21.730981826782226562 20.896627426147460938 20.10541534423828125 19.354486465454101562 18.641611099243164062 17.964933395385742188 17.322774887084960938 16.713491439819335938 16.135349273681640625 15.586450576782226562 15.06465911865234375 14.567575454711914062 14.09252166748046875 13.63654327392578125 13.196452140808105469 12.768857955932617188 12.350259780883789062 11.937092781066894531 11.525849342346191406 11.113116264343261719 10.695693016052246094 10.270612716674804688 9.8352270126342773438 9.3871984481811523438 8.9245252609252929688 8.4455251693725585938 7.9488320350646972656 7.4333796501159667969 6.8983917236328125 6.3434534072875976562 5.7685689926147460938 5.1742787361145019531 4.5617184638977050781 3.9327864646911621094 3.2906384468078613281 2.6400673389434814453 1.9872590303421020508 1.3393414020538330078 0.70275533199310302734 0.080550603568553924561      0      0 -1e100 -1e100 -1e100 -1e100 -1e100 -1e100 -1e100 -1e100 -1e100 -1e100 -1e100 -1e100 -1e100 -1e100 -1e100 -1e100 -1e100 -1e100 -1e100 -1e100 -1e100 -1e100 -1e100 -1e100 -1e100 -1e100 -1e100 -1e100 -1e100 -1e100 -1e100 -1e100 -1e100 -1e100 -1e100 -1e100 -1e100 -1e100 -1e100 -1e100 -1e100 -1e100 -1e100 -1e100 -1e100 -1e100 -1e100 -1e100 -1e100 -1e100 -1e100 -1e100 -1e100 -1e100 -1e100 -1e100 -1e100 -1e100 -1e100 -1e100 -1e100 -1e100 -1e100 -1e100 -1e100 -1e100 -1e100 -1e100 -1e100 -1e100 -1e100 -1e100 -1e100 -1e100 -1e100 -1e100
 -1e100 -1e100 -1e100 -1e100 -1e100 -1e100 -1e100 -1e100 -1e100 169.9109344482421875 164.1970977783203125 158.4868621826171875 152.7866058349609375 147.102081298828125 141.4383392333984375 135.7999114990234375 130.1915130615234375 124.61844635009765625 119.0871429443359375 113.60521697998046875 108.18148040771484375 102.82621002197265625 97.5504302978515625 92.36640167236328125 87.2879486083984375 82.33177947998046875 77.51830291748046875 72.87137603759765625 68.4162750244140625 64.17669677734375 60.172168731689453125 56.41595458984375 52.914981842041015625 49.66999053955078125 46.676609039306640625 43.925891876220703125 41.40503692626953125 39.098720550537109375 36.98993682861328125 35.0615081787109375 33.296417236328125 31.678289413452148438 30.191364288330078125 28.8207244873046875 27.5524139404296875 26.373666763305664062 25.27320098876953125 24.2413330078125 23.270078659057617188 22.352952957153320312 21.4848785400390625 20.661939620971679688 19.881155014038085938 19.140207290649414062 18.437175750732421875 17.7703094482421875 17.13790130615234375 16.53814697265625 15.969069480895996094 15.428444862365722656 14.913785934448242188 14.422324180603027344 13.951024055480957031 13.496625900268554688 13.05568695068359375 12.624675750732421875 12.200017929077148438 11.778218269348144531 11.355898857116699219 10.929906845092773438 10.497339248657226562 10.055612564086914062 9.6024456024169921875 9.1358814239501953125 8.6542606353759765625 8.1562089920043945312 7.6406283378601074219 7.1066837310791015625 6.5538845062255859375 5.9821329116821289062 5.3918514251708984375 4.7840676307678222656 4.160701751708984375 3.5251007080078125 2.8822159767150878906 2.2381894588470458984 1.5994539260864257812 0.97127860784530639648 0.35628950595855712891      0      0      0 -1e100 -1e100 -1e100 -1e100 -1e100 -1e100 -1e100 -1e100 -1e100 -1e100 -1e100 -1e100 -1e100 -1e100 -1e100 -1e100 -1e100 -1e100 -1e100 -1e100 -1e100 -1e100 -1e100 -1e100 -1e100 -1e100 -1e100 -1e100 -1e100 -1e100 -1e100 -1e100 -1e100 -1e100 -1e100 -1e100 -1e100 -1e100 -1e100 -1e100 -1e100 -1e100 -1e100 -1e100 -1e100 -1e100 -1e100 -1e100 -1e100 -1e100 -1e100 -1e100 -1e100 -1e100 -1e100 -1e100 -1e100 -1e100 -1e100 -1e100 -1e100 -1e100 -1e100 -1e100 -1e100 -1e100 -1e100 -1e100 -1e100 -1e100 -1e100 -1e100 -1e100 -1e100 -1e100
 -1e100 -1e100 -1e100 -1e100 -1e100 -1e100 -1e100 -1e100 -1e100 170.0753021240234375 164.6267547607421875 159.1853179931640625 153.75439453125 148.3359375 142.9305877685546875 137.537872314453125 132.1574249267578125 126.7896270751953125 121.43662261962890625 116.10242462158203125 110.79335784912109375 105.51849365234375 100.28896331787109375 95.11862945556640625 90.02396392822265625 85.02527618408203125 80.14685821533203125 75.41634368896484375 70.8624114990234375 66.51180267333984375 62.38715362548828125 58.50506591796875 54.875934600830078125 51.503803253173828125 48.387134552001953125 45.519176483154296875 42.888607025146484375 40.480907440185546875 38.27922821044921875 36.26610565185546875 34.42391204833984375 32.73554229736328125 31.184427261352539062 29.7548828125 28.43225860595703125 27.203199386596679688 26.055936813354492188 24.980382919311523438 23.968217849731445312 23.012670516967773438 22.108440399169921875 21.251432418823242188 20.438531875610351562 19.667329788208007812 18.935819625854492188 18.2421875 17.584657669067382812 16.9613494873046875 16.370208740234375 15.80892181396484375 15.2749176025390625 14.765341758728027344 14.277088165283203125 13.806837081909179688 13.351103782653808594 12.906334877014160156 12.468959808349609375 12.0355072021484375 11.602640151977539062 11.167264938354492188 10.726549148559570312 10.277976036071777344 9.8193311691284179688 9.3487062454223632812 8.8644695281982421875 8.3652524948120117188 7.8499317169189453125 7.3176283836364746094 6.7677812576293945312 6.2001986503601074219 5.6152057647705078125 5.0137600898742675781 4.3978056907653808594 3.7707285881042480469 3.1373972892761230469 2.5036504268646240234 1.8751145601272583008 1.2561227083206176758 0.64891582727432250977 0.05415032804012298584      0      0 -1e100 -1e100 -1e100 -1e100 -1e100 -1e100 -1e100 -1e100 -1e100 -1e100 -1e100 -1e100 -1e100 -1e100 -1e100 -1e100 -1e100 -1e100 -1e100 -1e100 -1e100 -1e100 -1e100 -1e100 -1e100 -1e100 -1e100 -1e100 -1e100 -1e100 -1e100 -1e100 -1e100 -1e100 -1e100 -1e100 -1e100 -1e100 -1e100 -1e100 -1e100 -1e100 -1e100 -1e100 -1e100 -1e100 -1e100 -1e100 -1e100 -1e100 -1e100 -1e100 -1e100 -1e100 -1e100 -1e100 -1e100 -1e100 -1e100 -1e100 -1e100 -1e100 -1e100 -1e100 -1e100 -1e100 -1e100 -1e100 -1e100 -1e100 -1e100 -1e100 -1e100 -1e100 -1e100
 -1e100 -1e100 -1e100 -1e100 -1e100 -1e100 -1e100 -1e100 -1e100 170.45037841796875 165.277984619140625 160.1155548095703125 154.9631195068359375 149.8184967041015625 144.6774749755859375 139.534423828125 134.383697509765625 129.22076416015625 124.043365478515625 118.8519744873046875 113.6505279541015625 108.44696807861328125 103.252777099609375 98.08348846435546875 92.95839691162109375 87.901641845703125 82.94174957275390625 78.11072540283203125 73.44134521484375 68.96410369873046875 64.70525360107421875 60.684978485107421875 56.917148590087890625 53.4089813232421875 50.161609649658203125 47.170253753662109375 44.42487335205078125 41.911472320556640625 39.613170623779296875 37.512058258056640625 35.589817047119140625 33.8285369873046875 32.210826873779296875 30.720211029052734375 29.341339111328125 28.060243606567382812 26.8646392822265625 25.743993759155273438 24.689607620239257812 23.69438934326171875 22.752782821655273438 21.860492706298828125 21.014265060424804688 20.21158599853515625 19.45037841796875 18.728754043579101562 18.044870376586914062 17.396772384643554688 16.782327651977539062 16.199140548706054688 15.644560813903808594 15.115665435791015625 14.609287261962890625 14.122060775756835938 13.650471687316894531 13.190960884094238281 12.739972114562988281 12.294069290161132812 11.849967002868652344 11.40464019775390625 10.95532989501953125 10.499597549438476562 10.0352935791015625 9.5605649948120117188 9.0738153457641601562 8.5736865997314453125 8.0590448379516601562 7.5289773941040039062 6.9828648567199707031 6.4204416275024414062 5.8419561386108398438 5.2483248710632324219 4.6414937973022460938 4.0247201919555664062 3.4025657176971435547 2.7802817821502685547 2.1627125740051269531 1.5535101890563964844 0.95466512441635131836 0.36693349480628967285      0      0      0 -1e100 -1e100 -1e100 -1e100 -1e100 -1e100 -1e100 -1e100 -1e100 -1e100 -1e100 -1e100 -1e100 -1e100 -1e100 -1e100 -1e100 -1e100 -1e100 -1e100 -1e100 -1e100 -1e100 -1e100 -1e100 -1e100 -1e100 -1e100 -1e100 -1e100 -1e100 -1e100 -1e100 -1e100 -1e100 -1e100 -1e100 -1e100 -1e100 -1e100 -1e100 -1e100 -1e100 -1e100 -1e100 -1e100 -1e100 -1e100 -1e100 -1e100 -1e100 -1e100 -1e100 -1e100 -1e100 -1e100 -1e100 -1e100 -1e100 -1e100 -1e100 -1e100 -1e100 -1e100 -1e100 -1e100 -1e100 -1e100 -1e100 -1e100 -1e100 -1e100 -1e100 -1e100
 -1e100 -1e100 -1e100 -1e100 -1e100 -1e100 -1e100 -1e100 -1e100 -1e100 166.1266632080078125 161.2510833740234375 156.3839874267578125 151.5187225341796875 146.645965576171875 141.7546539306640625 136.8338470458984375 131.8739471435546875 126.868377685546875 121.814056396484375 116.71254730224609375 111.5706939697265625 106.40029144287109375 101.21858978271484375 96.04779815673828125 90.916168212890625 85.8569793701171875 80.9074249267578125 76.10521697998046875 71.485321044921875 67.07816314697265625 62.9076995849609375 58.991268157958984375 55.33914947509765625 51.954959869384765625 48.835659027099609375 45.972148895263671875 43.350658416748046875 40.954021453857421875 38.763698577880859375 36.7605743408203125 34.92586517333984375 33.241283416748046875 31.689525604248046875 30.254486083984375 28.921545028686523438 27.677850723266601562 26.512378692626953125 25.41600799560546875 24.381296157836914062 23.402400970458984375 22.474826812744140625 21.595180511474609375 20.760850906372070312 19.969682693481445312 19.219730377197265625 18.5090789794921875 17.835704803466796875 17.197404861450195312 16.59171295166015625 16.0159149169921875 15.467035293579101562 14.941859245300292969 14.436992645263671875 13.948909759521484375 13.474061012268066406 13.008917808532714844 12.550090789794921875 12.094359397888183594 11.63877105712890625 11.180650711059570312 10.7176361083984375 10.247652053833007812 9.7688970565795898438 9.2798147201538085938 8.779064178466796875 8.265506744384765625 7.7382097244262695312 7.1965126991271972656 6.6400966644287109375 6.0691533088684082031 5.4845533370971679688 4.8881649971008300781 4.2830033302307128906 3.6731431484222412109 3.0631730556488037109 2.4572541713714599609 1.8585709333419799805 1.2690057754516601562 0.68935298919677734375 0.11965123564004898071      0      0 -1e100 -1e100 -1e100 -1e100 -1e100 -1e100 -1e100 -1e100 -1e100 -1e100 -1e100 -1e100 -1e100 -1e100 -1e100 -1e100 -1e100 -1e100 -1e100 -1e100 -1e100 -1e100 -1e100 -1e100 -1e100 -1e100 -1e100 -1e100 -1e100 -1e100 -1e100 -1e100 -1e100 -1e100 -1e100 -1e100 -1e100 -1e100 -1e100 -1e100 -1e100 -1e100 -1e100 -1e100 -1e100 -1e100 -1e100 -1e100 -1e100 -1e100 -1e100 -1e100 -1e100 -1e100 -1e100 -1e100 -1e100 -1e100 -1e100 -1e100 -1e100 -1e100 -1e100 -1e100 -1e100 -1e100 -1e100 -1e100 -1e100 -1e100 -1e100 -1e100 -1e100 -1e100
 -1e100 -1e100 -1e100 -1e100 -1e100 -1e100 -1e100 -1e100 -1e100 -1e100 167.141937255859375 162.5584716796875 157.98114013671875 153.398406982421875 148.7956085205078125 144.1561279296875 139.46356201171875 134.7033233642578125 129.86444091796875 124.94029998779296875 119.9300079345703125 114.839263916015625 109.680084228515625 104.4713287353515625 99.23825836181640625 94.0135345458984375 88.83592987060546875 83.748748779296875 78.79569244384765625 74.01703643798828125 69.44786834716796875 65.1160888671875 61.042545318603515625 57.24040985107421875 53.71549224853515625 50.466114044189453125 47.483692169189453125 44.754302978515625 42.260219573974609375 39.982086181640625 37.899860382080078125 35.9937591552734375 34.24452972412109375 32.63394927978515625 31.145092010498046875 29.762617111206054688 28.473051071166992188 27.264827728271484375 26.12836456298828125 25.05583953857421875 24.041135787963867188 23.079557418823242188 22.167585372924804688 21.302524566650390625 20.482152938842773438 19.704463958740234375 18.967485427856445312 18.269134521484375 17.607151031494140625 16.9790191650390625 16.381978988647460938 15.813016891479492188 15.268895149230957031 14.746211051940917969 14.241444587707519531 13.751070976257324219 13.271607398986816406 12.799724578857421875 12.332274436950683594 11.866390228271484375 11.399479866027832031 10.929265022277832031 10.453738212585449219 9.9711561203002929688 9.4799966812133789062 8.9789400100708007812 8.4668512344360351562 7.9427828788757324219 7.4060459136962890625 6.8562865257263183594 6.2936506271362304688 5.7189402580261230469 5.1338772773742675781 4.5411391258239746094 3.9442746639251708984 3.3472349643707275391 2.7536256313323974609 2.1663501262664794922 1.5872354507446289062 1.0170651674270629883 0.45558029413223266602      0      0      0 -1e100 -1e100 -1e100 -1e100 -1e100 -1e100 -1e100 -1e100 -1e100 -1e100 -1e100 -1e100 -1e100 -1e100 -1e100 -1e100 -1e100 -1e100 -1e100 -1e100 -1e100 -1e100 -1e100 -1e100 -1e100 -1e100 -1e100 -1e100 -1e100 -1e100 -1e100 -1e100 -1e100 -1e100 -1e100 -1e100 -1e100 -1e100 -1e100 -1e100 -1e100 -1e100 -1e100 -1e100 -1e100 -1e100 -1e100 -1e100 -1e100 -1e100 -1e100 -1e100 -1e100 -1e100 -1e100 -1e100 -1e100 -1e100 -1e100 -1e100 -1e100 -1e100 -1e100 -1e100 -1e100 -1e100 -1e100 -1e100 -1e100 -1e100 -1e100 -1e100 -1e100
 -1e100 -1e100 -1e100 -1e100 -1e100 -1e100 -1e100 -1e100 -1e100 -1e100 -1e100 163.9967193603515625 159.7107391357421875 155.411041259765625 151.07733154296875 146.687347412109375 142.2192535400390625 137.65338134765625 132.9743804931640625 128.1719818115234375 123.24274444580078125 118.19106292724609375 113.0290069580078125 107.77698516845703125 102.4633636474609375 97.1257476806640625 91.80922698974609375 86.5644989013671875 81.442413330078125 76.48941802978515625 71.745758056640625 67.24349212646484375 63.006866455078125 59.051639556884765625 55.385334014892578125 52.00707244873046875 48.90827178955078125 46.074462890625 43.48706817626953125 41.125705718994140625 38.96923065185546875 36.9967498779296875 35.187923431396484375 33.523502349853515625 31.985652923583984375 30.558238983154296875 29.227108001708984375 27.980106353759765625 26.80716705322265625 25.7000885009765625 24.652496337890625 23.659526824951171875 22.717554092407226562 21.823812484741210938 20.976030349731445312 20.172151565551757812 19.41016387939453125 18.687944412231445312 18.003198623657226562 17.3533782958984375 16.735706329345703125 16.147153854370117188 15.584484100341796875 15.04430389404296875 14.523122787475585938 14.01746368408203125 13.523901939392089844 13.039183616638183594 12.560247421264648438 12.084314346313476562 11.608884811401367188 11.131760597229003906 10.651002883911132812 10.164920806884765625 9.6720266342163085938 9.1710214614868164062 8.6607732772827148438 8.1403245925903320312 7.6089687347412109375 7.0663251876831054688 6.5124964714050292969 5.9481964111328125 5.3749399185180664062 4.7950420379638671875 4.2115387916564941406 3.6278119087219238281 3.0470294952392578125 2.4718840122222900391 1.904255986213684082 1.345074772834777832 0.79382693767547607422 0.24840594828128814697      0      0 -1e100 -1e100 -1e100 -1e100 -1e100 -1e100 -1e100 -1e100 -1e100 -1e100 -1e100 -1e100 -1e100 -1e100 -1e100 -1e100 -1e100 -1e100 -1e100 -1e100 -1e100 -1e100 -1e100 -1e100 -1e100 -1e100 -1e100 -1e100 -1e100 -1e100 -1e100 -1e100 -1e100 -1e100 -1e100 -1e100 -1e100 -1e100 -1e100 -1e100 -1e100 -1e100 -1e100 -1e100 -1e100 -1e100 -1e100 -1e100 -1e100 -1e100 -1e100 -1e100 -1e100 -1e100 -1e100 -1e100 -1e100 -1e100 -1e100 -1e100 -1e100 -1e100 -1e100 -1e100 -1e100 -1e100 -1e100 -1e100 -1e100 -1e100 -1e100 -1e100 -1e100
 -1e100 -1e100 -1e100 -1e100 -1e100 -1e100 -1e100 -1e100 -1e100 -1e100 -1e100 165.5172576904296875 161.520965576171875 157.501495361328125 153.4328765869140625 149.287139892578125 145.0370025634765625 140.65777587890625 136.129608154296875 131.4384613037109375 126.5781402587890625 121.55150604248046875 116.370513916015625 111.05702972412109375 105.64284515380859375 100.17108917236328125 94.69432830810546875 89.27202606201171875 83.96346282958984375 78.82213592529296875 73.89389801025390625 69.21508026123046875 64.81311798095703125 60.705806732177734375 56.90169525146484375 53.399959564208984375 50.191436767578125 47.260684967041015625 44.587955474853515625 42.151622772216796875 39.9292755126953125 37.898738861083984375 36.0384368896484375 34.327999114990234375 32.748592376708984375 31.283206939697265625 29.916957855224609375 28.637075424194335938 27.433017730712890625 26.296239852905273438 25.22014617919921875 24.199741363525390625 23.231327056884765625 22.3120880126953125 21.439725875854492188 20.612157821655273438 19.827356338500976562 19.08318328857421875 18.377338409423828125 17.707273483276367188 17.070217132568359375 16.463155746459960938 15.882877349853515625 15.326025962829589844 14.789165496826171875 14.268883705139160156 13.761837005615234375 13.264862060546875 12.774992942810058594 12.289547920227050781 11.806120872497558594 11.32259368896484375 10.837094306945800781 10.347978591918945312 9.853790283203125 9.3532466888427734375 8.8452196121215820312 8.3287477493286132812 7.8031072616577148438 7.2678961753845214844 6.7231702804565429688 6.1695332527160644531 5.6082715988159179688 5.0413374900817871094 4.4712767601013183594 3.9009532928466796875 3.3331203460693359375 2.7702686786651611328 2.2144308090209960938 1.6672580242156982422 1.1298187971115112305 0.60179436206817626953 0.069765105843544006348      0      0 -1e100 -1e100 -1e100 -1e100 -1e100 -1e100 -1e100 -1e100 -1e100 -1e100 -1e100 -1e100 -1e100 -1e100 -1e100 -1e100 -1e100 -1e100 -1e100 -1e100 -1e100 -1e100 -1e100 -1e100 -1e100 -1e100 -1e100 -1e100 -1e100 -1e100 -1e100 -1e100 -1e100 -1e100 -1e100 -1e100 -1e100 -1e100 -1e100 -1e100 -1e100 -1e100 -1e100 -1e100 -1e100 -1e100 -1e100 -1e100 -1e100 -1e100 -1e100 -1e100 -1e100 -1e100 -1e100 -1e100 -1e100 -1e100 -1e100 -1e100 -1e100 -1e100 -1e100 -1e100 -1e100 -1e100 -1e100 -1e100 -1e100 -1e100 -1e100 -1e100
 -1e100 -1e100 -1e100 -1e100 -1e100 -1e100 -1e100 -1e100 -1e100 -1e100 -1e100 167.062835693359375 163.3504638671875 159.6043701171875 155.7928314208984375 151.8822784423828125 147.8401336669921875 143.6366729736328125 139.247467041015625 134.6544647216796875 129.8484649658203125 124.830535888671875 119.61234283447265625 114.21734619140625 108.68120574951171875 103.05348968505859375 97.39540863037109375 91.77671051025390625 86.2663116455078125 80.92555999755859375 75.80632781982421875 70.949249267578125 66.38454437255859375 62.13127899169921875 58.198085784912109375 54.583343505859375 51.276622772216796875 48.26103973388671875 45.515346527099609375 43.016445159912109375 40.7404327392578125 38.66370391845703125 36.7633056640625 35.01763153076171875 33.4067535400390625 31.912744522094726562 30.519952774047851562 29.215005874633789062 27.986928939819335938 26.826894760131835938 25.728139877319335938 24.685586929321289062 23.695505142211914062 22.75506591796875 21.861972808837890625 21.014154434204101562 20.2095947265625 19.4461822509765625 18.721639633178710938 18.033452987670898438 17.378889083862304688 16.754980087280273438 16.1585693359375 15.586368560791015625 15.035020828247070312 14.501202583312988281 13.9816741943359375 13.473375320434570312 12.973446846008300781 12.479313850402832031 11.988661766052246094 11.499455451965332031 11.00988006591796875 10.518337249755859375 10.023401260375976562 9.5238008499145507812 9.0184125900268554688 8.5062685012817382812 7.9866342544555664062 7.4590845108032226562 6.9236187934875488281 6.3807153701782226562 5.8314208984375 5.2773241996765136719 4.7205057144165039062 4.1633210182189941406 3.6080706119537353516 3.0568799972534179688 2.5115709304809570312 1.9737757444381713867 1.4445384740829467773 0.9204661250114440918 0.39127725362777709961      0      0 -1e100 -1e100 -1e100 -1e100 -1e100 -1e100 -1e100 -1e100 -1e100 -1e100 -1e100 -1e100 -1e100 -1e100 -1e100 -1e100 -1e100 -1e100 -1e100 -1e100 -1e100 -1e100 -1e100 -1e100 -1e100 -1e100 -1e100 -1e100 -1e100 -1e100 -1e100 -1e100 -1e100 -1e100 -1e100 -1e100 -1e100 -1e100 -1e100 -1e100 -1e100 -1e100 -1e100 -1e100 -1e100 -1e100 -1e100 -1e100 -1e100 -1e100 -1e100 -1e100 -1e100 -1e100 -1e100 -1e100 -1e100 -1e100 -1e100 -1e100 -1e100 -1e100 -1e100 -1e100 -1e100 -1e100 -1e100 -1e100 -1e100 -1e100 -1e100 -1e100
 -1e100 -1e100 -1e100 -1e100 -1e100 -1e100 -1e100 -1e100 -1e100 -1e100 -1e100 -1e100 165.1285552978515625 161.6438446044921875 158.0763702392578125 154.387237548828125 150.538726806640625 146.496246337890625 142.2306976318359375 137.7197723388671875 132.9509124755859375 127.92310333251953125 122.647552490234375 117.14960479736328125 111.46988677978515625 105.66530609130859375 99.806854248046875 93.97589874267578125 88.251983642578125 82.70502471923828125 77.39321136474609375 72.3614349365234375 67.6421661376953125 63.2548370361328125 59.20711517333984375 55.49550628662109375 52.1075439453125 49.024333953857421875 46.222805023193359375 43.678104400634765625 41.364650726318359375 39.2572174072265625 37.331356048583984375 35.564128875732421875 33.934459686279296875 32.423458099365234375 31.014739990234375 29.694383621215820312 28.45105743408203125 27.275722503662109375 26.161531448364257812 25.1033782958984375 24.097553253173828125 23.141262054443359375 22.232252120971679688 21.368503570556640625 20.548059463500976562 19.768869400024414062 19.028726577758789062 18.325183868408203125 17.655584335327148438 17.017040252685546875 16.40648651123046875 15.820730209350585938 15.25652313232421875 14.710659980773925781 14.180021286010742188 13.661668777465820312 13.152862548828125 12.651135444641113281 12.154269218444824219 11.660305023193359375 11.167489051818847656 10.674263954162597656 10.179229736328125 9.6811304092407226562 9.1788415908813476562 8.6713914871215820312 8.1580371856689453125 7.6383261680603027344 7.11219024658203125 6.5799622535705566406 6.0424451828002929688 5.5008683204650878906 4.9568724632263183594 4.4123225212097167969 3.8690550327301025391 3.3287603855133056641 2.7929575443267822266 2.2630021572113037109 1.7391576766967773438 1.2178198099136352539 0.69210505485534667969 0.15913507342338562012      0      0 -1e100 -1e100 -1e100 -1e100 -1e100 -1e100 -1e100 -1e100 -1e100 -1e100 -1e100 -1e100 -1e100 -1e100 -1e100 -1e100 -1e100 -1e100 -1e100 -1e100 -1e100 -1e100 -1e100 -1e100 -1e100 -1e100 -1e100 -1e100 -1e100 -1e100 -1e100 -1e100 -1e100 -1e100 -1e100 -1e100 -1e100 -1e100 -1e100 -1e100 -1e100 -1e100 -1e100 -1e100 -1e100 -1e100 -1e100 -1e100 -1e100 -1e100 -1e100 -1e100 -1e100 -1e100 -1e100 -1e100 -1e100 -1e100 -1e100 -1e100 -1e100 -1e100 -1e100 -1e100 -1e100 -1e100 -1e100 -1e100 -1e100 -1e100 -1e100
 -1e100 -1e100 -1e100 -1e100 -1e100 -1e100 -1e100 -1e100 -1e100 -1e100 -1e100 -1e100 166.774017333984375 163.532501220703125 160.1899871826171875 156.7027130126953125 153.0283355712890625 149.127655029296875 144.966949462890625 140.5193328857421875 135.7682952880859375 130.7102203369140625 125.35578155517578125 119.7333526611328125 113.889892578125 107.89049530029296875 101.81665802001953125 95.7623291015625 89.81842041015625 84.06401824951171875 78.5639190673828125 73.36719512939453125 68.5079193115234375 64.0048980712890625 59.863494873046875 56.0771942138671875 52.630580902099609375 49.50218963623046875 46.666744232177734375 44.097393035888671875 41.7666473388671875 39.6475067138671875 37.713924407958984375 35.941558837890625 34.30816650390625 32.7939300537109375 31.381793975830078125 30.057386398315429688 28.809116363525390625 27.627841949462890625 26.50670623779296875 25.440656661987304688 24.426065444946289062 23.460229873657226562 22.540996551513671875 21.666452407836914062 20.834743499755859375 20.043933868408203125 19.291925430297851562 18.576385498046875 17.894773483276367188 17.244318008422851562 16.622081756591796875 16.02500152587890625 15.449972152709960938 14.893930435180664062 14.353898048400878906 13.827077865600585938 13.310854911804199219 12.802876472473144531 12.301020622253417969 11.803404808044433594 11.308335304260253906 10.814294815063476562 10.319911003112792969 9.8239393234252929688 9.3252592086791992188 8.8228969573974609375 8.3160982131958007812 7.8043766021728515625 7.2875823974609375 6.7658939361572265625 6.2398662567138671875 5.7103972434997558594 5.1787195205688476562 4.6462526321411132812 4.114398956298828125 3.5844640731811523438 3.0576419830322265625 2.5348248481750488281 2.0157921314239501953 1.4979283809661865234 0.97709852457046508789 0.451343536376953125      0      0 -1e100 -1e100 -1e100 -1e100 -1e100 -1e100 -1e100 -1e100 -1e100 -1e100 -1e100 -1e100 -1e100 -1e100 -1e100 -1e100 -1e100 -1e100 -1e100 -1e100 -1e100 -1e100 -1e100 -1e100 -1e100 -1e100 -1e100 -1e100 -1e100 -1e100 -1e100 -1e100 -1e100 -1e100 -1e100 -1e100 -1e100 -1e100 -1e100 -1e100 -1e100 -1e100 -1e100 -1e100 -1e100 -1e100 -1e100 -1e100 -1e100 -1e100 -1e100 -1e100 -1e100 -1e100 -1e100 -1e100 -1e100 -1e100 -1e100 -1e100 -1e100 -1e100 -1e100 -1e100 -1e100 -1e100 -1e100 -1e100 -1e100 -1e100 -1e100
 -1e100 -1e100 -1e100 -1e100 -1e100 -1e100 -1e100 -1e100 -1e100 -1e100 -1e100 -1e100 -1e100 165.174591064453125 162.0310516357421875 158.7197113037109375 155.194427490234375 151.4120330810546875 147.3343048095703125 142.9293060302734375 138.175537109375 133.0659942626953125 127.61102294921875 121.84375762939453125 115.81964874267578125 109.6123504638671875 103.3138580322265625 97.0314178466796875 90.8676910400390625 84.9114532470703125 79.23448944091796875 73.88974761962890625 68.91208648681640625 64.31833648681640625 60.11019134521484375 56.27691650390625 52.799346923828125 49.652927398681640625 46.809818267822265625 44.24086761474609375 41.916469573974609375 39.807689666748046875 37.886810302734375 36.128063201904296875 34.508060455322265625 33.006153106689453125 31.604715347290039062 30.289058685302734375 29.047456741333007812 27.870779037475585938 26.75225830078125 25.68698883056640625 24.6714935302734375 23.703229904174804688 22.78021240234375 21.900684356689453125 21.06296539306640625 20.2652740478515625 19.505680084228515625 18.782007217407226562 18.0918731689453125 17.432666778564453125 16.80161285400390625 16.195821762084960938 15.612355232238769531 15.048323631286621094 14.500912666320800781 13.967476844787597656 13.445537567138671875 12.932858467102050781 12.427417755126953125 11.927409172058105469 11.431199073791503906 10.937314033508300781 10.444407463073730469 9.9512500762939453125 9.4567279815673828125 8.9598684310913085938 8.4599008560180664062 7.9563002586364746094 7.4488248825073242188 6.9374957084655761719 6.4226393699645996094 5.9048523902893066406 5.3850073814392089844 4.86412811279296875 4.3432407379150390625 3.8233220577239990234 3.3052403926849365234 2.7895276546478271484 2.2760062217712402344 1.7630354166030883789 1.2478886842727661133 0.72899717092514038086 0.20642749965190887451      0      0 -1e100 -1e100 -1e100 -1e100 -1e100 -1e100 -1e100 -1e100 -1e100 -1e100 -1e100 -1e100 -1e100 -1e100 -1e100 -1e100 -1e100 -1e100 -1e100 -1e100 -1e100 -1e100 -1e100 -1e100 -1e100 -1e100 -1e100 -1e100 -1e100 -1e100 -1e100 -1e100 -1e100 -1e100 -1e100 -1e100 -1e100 -1e100 -1e100 -1e100 -1e100 -1e100 -1e100 -1e100 -1e100 -1e100 -1e100 -1e100 -1e100 -1e100 -1e100 -1e100 -1e100 -1e100 -1e100 -1e100 -1e100 -1e100 -1e100 -1e100 -1e100 -1e100 -1e100 -1e100 -1e100 -1e100 -1e100 -1e100 -1e100 -1e100
 -1e100 -1e100 -1e100 -1e100 -1e100 -1e100 -1e100 -1e100 -1e100 -1e100 -1e100 -1e100 -1e100 166.467559814453125 163.489471435546875 160.321258544921875 156.9143829345703125 153.2227783203125 149.2042236328125 144.8208465576171875 140.0444488525390625 134.863128662109375 129.2867279052734375 123.3567962646484375 117.14008331298828125 110.71807098388671875 104.19274139404296875 97.68527984619140625 91.31024932861328125 85.166412353515625 79.33258056640625 73.8649139404296875 68.7977447509765625 64.144439697265625 59.90172576904296875 56.05379486083984375 52.5771484375 49.4437255859375 46.622737884521484375 44.082401275634765625 41.790775299072265625 39.71686553955078125 37.8312225341796875 36.106670379638671875 34.518768310546875 33.04615020751953125 31.6707763671875 30.3777923583984375 29.155481338500976562 27.994852066040039062 26.88934326171875 25.834280014038085938 24.826427459716796875 23.863481521606445312 22.94368743896484375 22.065523147583007812 21.227537155151367188 20.42816925048828125 19.665697097778320312 18.9381561279296875 18.243364334106445312 17.578914642333984375 16.942239761352539062 16.33065032958984375 15.741420745849609375 15.17185211181640625 14.61931610107421875 14.081330299377441406 13.555562019348144531 13.039897918701171875 12.532416343688964844 12.031393051147460938 11.535254478454589844 11.042572021484375 10.552029609680175781 10.062417030334472656 9.5726318359375 9.0817022323608398438 8.5888433456420898438 8.0934848785400390625 7.5952901840209960938 7.0941362380981445312 6.5901465415954589844 6.0836577415466308594 5.5752310752868652344 5.0655484199523925781 4.5553121566772460938 4.0452208518981933594 3.5358755588531494141 3.0276741981506347656 2.52057647705078125 2.0134594440460205078 1.5044434070587158203 0.99229562282562255859 0.47659960389137268066      0      0 -1e100 -1e100 -1e100 -1e100 -1e100 -1e100 -1e100 -1e100 -1e100 -1e100 -1e100 -1e100 -1e100 -1e100 -1e100 -1e100 -1e100 -1e100 -1e100 -1e100 -1e100 -1e100 -1e100 -1e100 -1e100 -1e100 -1e100 -1e100 -1e100 -1e100 -1e100 -1e100 -1e100 -1e100 -1e100 -1e100 -1e100 -1e100 -1e100 -1e100 -1e100 -1e100 -1e100 -1e100 -1e100 -1e100 -1e100 -1e100 -1e100 -1e100 -1e100 -1e100 -1e100 -1e100 -1e100 -1e100 -1e100 -1e100 -1e100 -1e100 -1e100 -1e100 -1e100 -1e100 -1e100 -1e100 -1e100 -1e100 -1e100 -1e100
 -1e100 -1e100 -1e100 -1e100 -1e100 -1e100 -1e100 -1e100 -1e100 -1e100 -1e100 -1e100 -1e100 167.307403564453125 164.453277587890625 161.388275146484375 158.0634765625 154.43194580078125 150.44866943359375 146.068939208984375 141.2545928955078125 135.984375 130.2667388916015625 124.15825653076171875 117.74141693115234375 111.1044158935546875 104.3573150634765625 97.63628387451171875 91.06829071044921875 84.76160430908203125 78.8013458251953125 73.2450103759765625 68.12450408935546875 63.448383331298828125 59.20749664306640625 55.3806915283203125 51.939876556396484375 48.853179931640625 46.086505889892578125 43.605133056640625 41.374561309814453125 39.361621856689453125 37.535106658935546875 35.866497039794921875 34.33042144775390625 32.90494537353515625 31.571794509887695312 30.316114425659179688 29.126361846923828125 27.993814468383789062 26.912237167358398438 25.877288818359375 24.886058807373046875 23.9365692138671875 23.027379989624023438 22.157276153564453125 21.325094223022460938 20.5295562744140625 19.769205093383789062 19.042327880859375 18.3470001220703125 17.681056976318359375 17.042181015014648438 16.427930831909179688 15.835809707641601562 15.263341903686523438 14.708098411560058594 14.167773246765136719 13.640188217163085938 13.12335968017578125 12.615472793579101562 12.114888191223144531 11.62009429931640625 11.129711151123046875 10.642457962036132812 10.157148361206054688 9.672695159912109375 9.1881313323974609375 8.70265960693359375 8.2156620025634765625 7.7267169952392578125 7.2355751991271972656 6.7421851158142089844 6.2466654777526855469 5.7493143081665039062 5.2505245208740234375 4.75072479248046875 4.2503833770751953125 3.7499201297760009766 3.2496423721313476562 2.7495350837707519531 2.2488131523132324219 1.7461687326431274414 1.2405805587768554688 0.73141646385192871094 0.21820278465747833252      0      0 -1e100 -1e100 -1e100 -1e100 -1e100 -1e100 -1e100 -1e100 -1e100 -1e100 -1e100 -1e100 -1e100 -1e100 -1e100 -1e100 -1e100 -1e100 -1e100 -1e100 -1e100 -1e100 -1e100 -1e100 -1e100 -1e100 -1e100 -1e100 -1e100 -1e100 -1e100 -1e100 -1e100 -1e100 -1e100 -1e100 -1e100 -1e100 -1e100 -1e100 -1e100 -1e100 -1e100 -1e100 -1e100 -1e100 -1e100 -1e100 -1e100 -1e100 -1e100 -1e100 -1e100 -1e100 -1e100 -1e100 -1e100 -1e100 -1e100 -1e100 -1e100 -1e100 -1e100 -1e100 -1e100 -1e100 -1e100 -1e100 -1e100
 -1e100 -1e100 -1e100 -1e100 -1e100 -1e100 -1e100 -1e100 -1e100 -1e100 -1e100 -1e100 -1e100 -1e100 164.813079833984375 161.803741455078125 158.5188751220703125 154.9144134521484375 150.945709228515625 146.5605316162109375 141.704254150390625 136.334869384765625 130.45404052734375 124.147216796875 117.5217437744140625 110.6714019775390625 103.7141265869140625 96.8012237548828125 90.07120513916015625 83.64057159423828125 77.59705352783203125 71.996337890625 66.86605072021484375 62.20897674560546875 58.010097503662109375 54.243133544921875 50.8754119873046875 47.8711090087890625 45.192516326904296875 42.801723480224609375 40.661487579345703125 38.7364044189453125 36.993541717529296875 35.40312957763671875 33.939006805419921875 32.578876495361328125 31.304407119750976562 30.100933074951171875 28.957242965698242188 27.865030288696289062 26.818498611450195312 25.81374359130859375 24.848279953002929688 23.920541763305664062 23.029489517211914062 22.174287796020507812 21.354129791259765625 20.568071365356445312 19.814975738525390625 19.093435287475585938 18.401821136474609375 17.738267898559570312 17.100744247436523438 16.487085342407226562 15.895060539245605469 15.322431564331054688 14.766984939575195312 14.226604461669921875 13.699275970458984375 13.183156013488769531 12.676540374755859375 12.177878379821777344 11.685729026794433594 11.198762893676757812 10.715739250183105469 10.235501289367675781 9.7569828033447265625 9.2792253494262695312 8.801422119140625 8.3229150772094726562 7.84320831298828125 7.36194610595703125 6.8789305686950683594 6.3940978050231933594 5.9075260162353515625 5.4193677902221679688 4.9298219680786132812 4.4391465187072753906 3.9476139545440673828 3.4554350376129150391 2.9625728130340576172 2.4684565067291259766 1.9721320867538452148 1.4727177619934082031 0.96943432092666625977 0.46148860454559326172      0      0 -1e100 -1e100 -1e100 -1e100 -1e100 -1e100 -1e100 -1e100 -1e100 -1e100 -1e100 -1e100 -1e100 -1e100 -1e100 -1e100 -1e100 -1e100 -1e100 -1e100 -1e100 -1e100 -1e100 -1e100 -1e100 -1e100 -1e100 -1e100 -1e100 -1e100 -1e100 -1e100 -1e100 -1e100 -1e100 -1e100 -1e100 -1e100 -1e100 -1e100 -1e100 -1e100 -1e100 -1e100 -1e100 -1e100 -1e100 -1e100 -1e100 -1e100 -1e100 -1e100 -1e100 -1e100 -1e100 -1e100 -1e100 -1e100 -1e100 -1e100 -1e100 -1e100 -1e100 -1e100 -1e100 -1e100 -1e100 -1e100 -1e100
 -1e100 -1e100 -1e100 -1e100 -1e100 -1e100 -1e100 -1e100 -1e100 -1e100 -1e100 -1e100 -1e100 -1e100 164.4690093994140625 161.4597320556640625 158.166290283203125 154.55419921875 150.5863189697265625 146.2043304443359375 141.325408935546875 135.85687255859375 129.778839111328125 123.235687255859375 116.375457763671875 109.30660247802734375 102.158538818359375 95.09122467041015625 88.24953460693359375 81.7523345947265625 75.6837921142578125 70.094451904296875 65.00608062744140625 60.415866851806640625 56.303539276123046875 52.638278961181640625 49.383148193359375 46.498409271240234375 43.9426116943359375 41.674530029296875 39.654125213623046875 37.84381866455078125 36.2090301513671875 34.71887969970703125 33.346622467041015625 32.069797515869140625 30.870244979858398438 29.733667373657226562 28.649351119995117188 27.609546661376953125 26.609010696411132812 25.644384384155273438 24.713708877563476562 23.81592559814453125 22.950473785400390625 22.116964340209960938 21.315011978149414062 20.54405975341796875 19.803339004516601562 19.091802597045898438 18.40816497802734375 17.7509002685546875 17.118303298950195312 16.508518218994140625 15.919596672058105469 15.349557876586914062 14.796421051025390625 14.258272171020507812 13.733272552490234375 13.219725608825683594 12.716046333312988281 12.220782279968261719 11.732563972473144531 11.250123977661132812 10.7722625732421875 10.297860145568847656 9.8258752822875976562 9.3553667068481445312 8.8855180740356445312 8.4156427383422851562 7.94518280029296875 7.4736933708190917969 7.0008549690246582031 6.5264520645141601562 6.05037689208984375 5.5725793838500976562 5.0930604934692382812 4.6118893623352050781 4.1291928291320800781 3.6450743675231933594 3.1594400405883789062 2.67182159423828125 2.18144989013671875 1.6874884366989135742 1.1890306472778320312 0.68502211570739746094 0.17424324154853820801      0      0 -1e100 -1e100 -1e100 -1e100 -1e100 -1e100 -1e100 -1e100 -1e100 -1e100 -1e100 -1e100 -1e100 -1e100 -1e100 -1e100 -1e100 -1e100 -1e100 -1e100 -1e100 -1e100 -1e100 -1e100 -1e100 -1e100 -1e100 -1e100 -1e100 -1e100 -1e100 -1e100 -1e100 -1e100 -1e100 -1e100 -1e100 -1e100 -1e100 -1e100 -1e100 -1e100 -1e100 -1e100 -1e100 -1e100 -1e100 -1e100 -1e100 -1e100 -1e100 -1e100 -1e100 -1e100 -1e100 -1e100 -1e100 -1e100 -1e100 -1e100 -1e100 -1e100 -1e100 -1e100 -1e100 -1e100 -1e100 -1e100
 -1e100 -1e100 -1e100 -1e100 -1e100 -1e100 -1e100 -1e100 -1e100 -1e100 -1e100 -1e100 -1e100 -1e100 -1e100 160.2663726806640625 156.9070281982421875 153.248016357421875 149.2731170654296875 144.924224853515625 140.0755615234375 134.5253448486328125 128.1874847412109375 121.32269287109375 114.17093658447265625 106.87725830078125 99.57315826416015625 92.41338348388671875 85.5358123779296875 79.05077362060546875 73.032073974609375 67.522186279296875 62.536785125732421875 58.068264007568359375 54.09220123291015625 50.574123382568359375 47.473377227783203125 44.74663543701171875 42.348804473876953125 40.235477447509765625 38.36395263671875 36.694660186767578125 35.191555023193359375 33.8228759765625 32.56153106689453125 31.385162353515625 30.275991439819335938 29.220293045043945312 28.20801544189453125 27.2321014404296875 26.287982940673828125 25.372959136962890625 24.485692977905273438 23.625720977783203125 22.79302978515625 21.9877471923828125 21.209955215454101562 20.45954132080078125 19.736158370971679688 19.039155960083007812 18.367645263671875 17.7204742431640625 17.0962982177734375 16.493589401245117188 15.910704612731933594 15.345938682556152344 14.797555923461914062 14.263856887817382812 13.743190765380859375 13.23401641845703125 12.734881401062011719 12.244432449340820312 11.761386871337890625 11.284537315368652344 10.812737464904785156 10.34490966796875 9.8800411224365234375 9.4172105789184570312 8.9556026458740234375 8.494503021240234375 8.0333080291748046875 7.5714974403381347656 7.1086506843566894531 6.6444258689880371094 6.178558349609375 5.7108235359191894531 5.2410473823547363281 4.7691297531127929688 4.2950448989868164062 3.8187592029571533203 3.3400831222534179688 2.8585567474365234375 2.3734712600708007812 1.8839709758758544922 1.3890031576156616211 0.88732850551605224609 0.37778192758560180664      0      0 -1e100 -1e100 -1e100 -1e100 -1e100 -1e100 -1e100 -1e100 -1e100 -1e100 -1e100 -1e100 -1e100 -1e100 -1e100 -1e100 -1e100 -1e100 -1e100 -1e100 -1e100 -1e100 -1e100 -1e100 -1e100 -1e100 -1e100 -1e100 -1e100 -1e100 -1e100 -1e100 -1e100 -1e100 -1e100 -1e100 -1e100 -1e100 -1e100 -1e100 -1e100 -1e100 -1e100 -1e100 -1e100 -1e100 -1e100 -1e100 -1e100 -1e100 -1e100 -1e100 -1e100 -1e100 -1e100 -1e100 -1e100 -1e100 -1e100 -1e100 -1e100 -1e100 -1e100 -1e100 -1e100 -1e100 -1e100 -1e100
 -1e100 -1e100 -1e100 -1e100 -1e100 -1e100 -1e100 -1e100 -1e100 -1e100 -1e100 -1e100 -1e100 -1e100 -1e100 -1e100 154.660430908203125 150.898101806640625 146.894744873046875 142.6181640625 137.898345947265625 132.3139495849609375 125.58934783935546875 118.25168609619140625 110.7483367919921875 103.2437591552734375 95.84867095947265625 88.690704345703125 81.880859375 75.50806427001953125 69.62911224365234375 64.27806854248046875 59.465290069580078125 55.179721832275390625 51.394191741943359375 48.07164764404296875 45.16857147216796875 42.638645172119140625 40.4335479736328125 38.50606536865234375 36.81118011474609375 35.307659149169921875 33.95827484130859375 32.73070526123046875 31.597829818725585938 30.53765869140625 29.533029556274414062 28.570997238159179688 27.642337799072265625 26.740825653076171875 25.862684249877929688 25.00597381591796875 24.170074462890625 23.355188369750976562 22.56191253662109375 21.7909393310546875 21.042873382568359375 20.318084716796875 19.616693496704101562 18.938495635986328125 18.283033370971679688 17.64955902099609375 17.037111282348632812 16.444509506225585938 15.870439529418945312 15.313479423522949219 14.772153854370117188 14.244991302490234375 13.730539321899414062 13.22742462158203125 12.734333038330078125 12.250024795532226562 11.773304939270019531 11.303040504455566406 10.838140487670898438 10.377573013305664062 9.9203653335571289062 9.46561431884765625 9.0125102996826171875 8.5603227615356445312 8.1084070205688476562 7.6561818122863769531 7.2031450271606445312 6.7488451004028320312 6.2928838729858398438 5.8348855972290039062 5.3745198249816894531 4.9115238189697265625 4.4457073211669921875 3.9768745899200439453 3.5047075748443603516 3.0286865234375 2.5480799674987792969 2.0619556903839111328 1.5691387653350830078 1.0683532953262329102 0.55864512920379638672 0.039998203516006469727      0      0 -1e100 -1e100 -1e100 -1e100 -1e100 -1e100 -1e100 -1e100 -1e100 -1e100 -1e100 -1e100 -1e100 -1e100 -1e100 -1e100 -1e100 -1e100 -1e100 -1e100 -1e100 -1e100 -1e100 -1e100 -1e100 -1e100 -1e100 -1e100 -1e100 -1e100 -1e100 -1e100 -1e100 -1e100 -1e100 -1e100 -1e100 -1e100 -1e100 -1e100 -1e100 -1e100 -1e100 -1e100 -1e100 -1e100 -1e100 -1e100 -1e100 -1e100 -1e100 -1e100 -1e100 -1e100 -1e100 -1e100 -1e100 -1e100 -1e100 -1e100 -1e100 -1e100 -1e100 -1e100 -1e100 -1e100 -1e100
 -1e100 -1e100 -1e100 -1e100 -1e100 -1e100 -1e100 -1e100 -1e100 -1e100 -1e100 -1e100 -1e100 -1e100 -1e100 -1e100 -1e100 147.4170379638671875 143.3116302490234375 139.103179931640625 134.6197052001953125 128.967529296875 121.61334228515625 113.74498748779296875 105.925079345703125 98.292144775390625 90.92578887939453125 83.90351104736328125 77.29088592529296875 71.14356231689453125 65.50278472900390625 60.39554595947265625 55.8287506103515625 51.789531707763671875 48.249599456787109375 45.1706390380859375 42.5074615478515625 40.211437225341796875 38.231647491455078125 36.518619537353515625 35.02558135986328125 33.709991455078125 32.533832550048828125 31.464609146118164062 30.475511550903320312 29.545209884643554688 28.65740203857421875 27.800123214721679688 26.965139389038085938 26.147180557250976562 25.343374252319335938 24.55263519287109375 23.775129318237304688 23.011783599853515625 22.263851165771484375 21.53263092041015625 20.81928253173828125 20.124711990356445312 19.449533462524414062 18.794025421142578125 18.158185958862304688 17.541698455810546875 16.944000244140625 16.364282608032226562 15.801558494567871094 15.254714012145996094 14.72254180908203125 14.203810691833496094 13.697276115417480469 13.201745033264160156 12.7160491943359375 12.239070892333984375 11.769711494445800781 11.306918144226074219 10.849664688110351562 10.396970748901367188 9.9479007720947265625 9.50157928466796875 9.0572052001953125 8.6140356063842773438 8.1713972091674804688 7.7286577224731445312 7.2852430343627929688 6.8406081199645996094 6.3942365646362304688 5.945621490478515625 5.4942903518676757812 5.0398221015930175781 4.5818548202514648438 4.1200146675109863281 3.6538329124450683594 3.1826887130737304688 2.7057826519012451172 2.2221162319183349609 1.7304877042770385742 1.2296968698501586914 0.71901309490203857422 0.19906924664974212646      0      0 -1e100 -1e100 -1e100 -1e100 -1e100 -1e100 -1e100 -1e100 -1e100 -1e100 -1e100 -1e100 -1e100 -1e100 -1e100 -1e100 -1e100 -1e100 -1e100 -1e100 -1e100 -1e100 -1e100 -1e100 -1e100 -1e100 -1e100 -1e100 -1e100 -1e100 -1e100 -1e100 -1e100 -1e100 -1e100 -1e100 -1e100 -1e100 -1e100 -1e100 -1e100 -1e100 -1e100 -1e100 -1e100 -1e100 -1e100 -1e100 -1e100 -1e100 -1e100 -1e100 -1e100 -1e100 -1e100 -1e100 -1e100 -1e100 -1e100 -1e100 -1e100 -1e100 -1e100 -1e100 -1e100 -1e100 -1e100
 -1e100 -1e100 -1e100 -1e100 -1e100 -1e100 -1e100 -1e100 -1e100 -1e100 -1e100 -1e100 -1e100 -1e100 -1e100 -1e100 -1e100 142.7512054443359375 138.3571319580078125 134.000762939453125 129.4673004150390625 123.53643035888671875 115.68019866943359375 107.5097808837890625 99.5846099853515625 92.017578125 84.8632965087890625 78.139923095703125 71.85943603515625 66.0489501953125 60.7398529052734375 55.955776214599609375 51.702816009521484375 47.9680633544921875 44.7237396240234375 41.931697845458984375 39.54599761962890625 37.516387939453125 35.79003143310546875 34.315887451171875 33.04587554931640625 31.936574935913085938 30.949611663818359375 30.052724838256835938 29.219758987426757812 28.430316925048828125 27.6692047119140625 26.925619125366210938 26.19245147705078125 25.465501785278320312 24.742891311645507812 24.0244598388671875 23.311206817626953125 22.60482025146484375 21.907245635986328125 21.2204132080078125 20.546068191528320312 19.885671615600585938 19.240367889404296875 18.610933303833007812 17.997844696044921875 17.401227951049804688 16.820934295654296875 16.256532669067382812 15.707381248474121094 15.172675132751464844 14.651491165161132812 14.142844200134277344 13.645710945129394531 13.159082412719726562 12.681950569152832031 12.21332550048828125 11.7522125244140625 11.29764556884765625 10.848669052124023438 10.404356956481933594 9.9638166427612304688 9.5262041091918945312 9.0907268524169921875 8.6566410064697265625 8.2232456207275390625 7.7898683547973632812 7.3558712005615234375 6.920623779296875 6.4835081100463867188 6.0439000129699707031 5.6011967658996582031 5.1548252105712890625 4.7042508125305175781 4.2489213943481445312 3.7882111072540283203 3.3213841915130615234 2.8475871086120605469 2.3658392429351806641 1.8750574588775634766 1.374263763427734375 0.86292469501495361328 0.34207203984260559082      0      0      0 -1e100 -1e100 -1e100 -1e100 -1e100 -1e100 -1e100 -1e100 -1e100 -1e100 -1e100 -1e100 -1e100 -1e100 -1e100 -1e100 -1e100 -1e100 -1e100 -1e100 -1e100 -1e100 -1e100 -1e100 -1e100 -1e100 -1e100 -1e100 -1e100 -1e100 -1e100 -1e100 -1e100 -1e100 -1e100 -1e100 -1e100 -1e100 -1e100 -1e100 -1e100 -1e100 -1e100 -1e100 -1e100 -1e100 -1e100 -1e100 -1e100 -1e100 -1e100 -1e100 -1e100 -1e100 -1e100 -1e100 -1e100 -1e100 -1e100 -1e100 -1e100 -1e100 -1e100 -1e100 -1e100 -1e100
 -1e100 -1e100 -1e100 -1e100 -1e100 -1e100 -1e100 -1e100 -1e100 -1e100 -1e100 -1e100 -1e100 -1e100 -1e100 -1e100 -1e100 -1e100 132.01336669921875 126.99578857421875 121.6260223388671875 115.19817352294921875 107.53731536865234375 99.60840606689453125 91.9131927490234375 84.66225433349609375 77.9119720458984375 71.63243865966796875 65.7915802001953125 60.402233123779296875 55.494655609130859375 51.093151092529296875 47.20499420166015625 43.818790435791015625 40.90854644775390625 38.436920166015625 36.35770416259765625 34.619384765625 33.167858123779296875 31.950908660888671875 30.91954803466796875 30.029834747314453125 29.2434844970703125 28.528827667236328125 27.8606719970703125 27.21981048583984375 26.592357635498046875 25.96881866455078125 25.34331512451171875 24.712808609008789062 24.076465606689453125 23.43509674072265625 22.790555953979492188 22.14531707763671875 21.502017974853515625 20.863237380981445312 20.231321334838867188 19.60829925537109375 18.995851516723632812 18.395273208618164062 17.80751800537109375 17.233165740966796875 16.6724853515625 16.125425338745117188 15.591698646545410156 15.070816993713378906 14.562142372131347656 14.064948081970214844 13.57843780517578125 13.101797103881835938 12.634181022644042969 12.17473602294921875 11.722580909729003906 11.276838302612304688 10.836628913879394531 10.401086807250976562 9.969364166259765625 9.5406494140625 9.1141643524169921875 8.6891651153564453125 8.2649316787719726562 7.8407540321350097656 7.4159364700317382812 6.989772796630859375 6.561553955078125 6.1305508613586425781 5.696041107177734375 5.2573103904724121094 4.8136601448059082031 4.3643698692321777344 3.9086637496948242188 3.4457101821899414062 2.9746563434600830078 2.4946334362030029297 2.0048577785491943359 1.5047514438629150391 0.99422657489776611328 0.47465535998344421387      0      0      0 -1e100 -1e100 -1e100 -1e100 -1e100 -1e100 -1e100 -1e100 -1e100 -1e100 -1e100 -1e100 -1e100 -1e100 -1e100 -1e100 -1e100 -1e100 -1e100 -1e100 -1e100 -1e100 -1e100 -1e100 -1e100 -1e100 -1e100 -1e100 -1e100 -1e100 -1e100 -1e100 -1e100 -1e100 -1e100 -1e100 -1e100 -1e100 -1e100 -1e100 -1e100 -1e100 -1e100 -1e100 -1e100 -1e100 -1e100 -1e100 -1e100 -1e100 -1e100 -1e100 -1e100 -1e100 -1e100 -1e100 -1e100 -1e100 -1e100 -1e100 -1e100 -1e100 -1e100 -1e100 -1e100 -1e100
 -1e100 -1e100 -1e100 -1e100 -1e100 -1e100 -1e100 -1e100 -1e100 -1e100 -1e100 -1e100 -1e100 -1e100 -1e100 -1e100 -1e100 -1e100 124.7920074462890625 118.95310211181640625 112.752685546875 105.8904571533203125 98.3906402587890625 90.7744140625 83.46207427978515625 76.68437957763671875 70.4599151611328125 64.706878662109375 59.359409332275390625 54.43201446533203125 49.96149444580078125 45.97394561767578125 42.47869110107421875 39.4666748046875 36.913768768310546875 34.78331756591796875 33.028636932373046875 31.597076416015625 30.433452606201171875 29.484609603881835938 28.700878143310546875 28.038120269775390625 27.458490371704101562 26.931230545043945312 26.432359695434570312 25.944070816040039062 25.4539337158203125 24.953863143920898438 24.4392852783203125 23.908355712890625 23.361326217651367188 22.7999725341796875 22.227014541625976562 21.645692825317382812 21.0593414306640625 20.471172332763671875 19.884130477905273438 19.300809860229492188 18.723428726196289062 18.153787612915039062 17.59332275390625 17.043062210083007812 16.503690719604492188 15.975539207458496094 15.458668708801269531 14.952909469604492188 14.457917213439941406 13.973222732543945312 13.498265266418457031 13.032429695129394531 12.575040817260742188 12.125386238098144531 11.682702064514160156 11.246207237243652344 10.815100669860839844 10.388579368591308594 9.96584320068359375 9.546112060546875 9.1286287307739257812 8.712646484375 8.2974309921264648438 7.8822369575500488281 7.4663152694702148438 7.0488915443420410156 6.6291747093200683594 6.2063426971435546875 5.7795629501342773438 5.3479914665222167969 4.9107809066772460938 4.4670553207397460938 4.0159115791320800781 3.5564589500427246094 3.0878806114196777344 2.6094830036163330078 2.1207687854766845703 1.6214960813522338867 1.1118642091751098633 0.59301531314849853516 0.066550262272357940674      0      0 -1e100 -1e100 -1e100 -1e100 -1e100 -1e100 -1e100 -1e100 -1e100 -1e100 -1e100 -1e100 -1e100 -1e100 -1e100 -1e100 -1e100 -1e100 -1e100 -1e100 -1e100 -1e100 -1e100 -1e100 -1e100 -1e100 -1e100 -1e100 -1e100 -1e100 -1e100 -1e100 -1e100 -1e100 -1e100 -1e100 -1e100 -1e100 -1e100 -1e100 -1e100 -1e100 -1e100 -1e100 -1e100 -1e100 -1e100 -1e100 -1e100 -1e100 -1e100 -1e100 -1e100 -1e100 -1e100 -1e100 -1e100 -1e100 -1e100 -1e100 -1e100 -1e100 -1e100 -1e100 -1e100 -1e100
 -1e100 -1e100 -1e100 -1e100 -1e100 -1e100 -1e100 -1e100 -1e100 -1e100 -1e100 -1e100 -1e100 -1e100 -1e100 -1e100 -1e100 -1e100 -1e100 110.66728973388671875 103.81005859375 96.5861053466796875 89.11827850341796875 81.7603607177734375 74.84820556640625 68.58457183837890625 62.9133453369140625 57.68792724609375 52.83106231689453125 48.36788177490234375 44.337642669677734375 40.7689056396484375 37.673221588134765625 35.04332733154296875 32.85617828369140625 31.074878692626953125 29.651615142822265625 28.532415390014648438 27.6610107421875 26.98328399658203125 26.449016571044921875 26.014173507690429688 25.641664505004882812 25.301862716674804688 24.97220611572265625 24.63643646240234375 24.283678054809570312 23.907306671142578125 23.504072189331054688 23.07334136962890625 22.616428375244140625 22.1360626220703125 21.635791778564453125 21.119598388671875 20.591472625732421875 20.05524444580078125 19.514423370361328125 18.972156524658203125 18.431177139282226562 17.893779754638671875 17.361864089965820312 16.836894989013671875 16.3199615478515625 15.811765670776367188 15.312714576721191406 14.8229522705078125 14.342427253723144531 13.870930671691894531 13.408136367797851562 12.953635215759277344 12.506923675537109375 12.067434310913085938 11.634523391723632812 11.20751190185546875 10.785676956176757812 10.368279457092285156 9.9545688629150390625 9.5437994003295898438 9.1352291107177734375 8.7281131744384765625 8.3217000961303710938 7.915210723876953125 7.5078482627868652344 7.0987753868103027344 6.6871275901794433594 6.2719964981079101562 5.852451324462890625 5.4275288581848144531 4.9962468147277832031 4.5575957298278808594 4.1105747222900390625 3.6542627811431884766 3.1879031658172607422 2.7109515666961669922 2.2231028079986572266 1.7243272066116333008 1.2149195671081542969 0.69580745697021484375 0.1681318134069442749      0      0 -1e100 -1e100 -1e100 -1e100 -1e100 -1e100 -1e100 -1e100 -1e100 -1e100 -1e100 -1e100 -1e100 -1e100 -1e100 -1e100 -1e100 -1e100 -1e100 -1e100 -1e100 -1e100 -1e100 -1e100 -1e100 -1e100 -1e100 -1e100 -1e100 -1e100 -1e100 -1e100 -1e100 -1e100 -1e100 -1e100 -1e100 -1e100 -1e100 -1e100 -1e100 -1e100 -1e100 -1e100 -1e100 -1e100 -1e100 -1e100 -1e100 -1e100 -1e100 -1e100 -1e100 -1e100 -1e100 -1e100 -1e100 -1e100 -1e100 -1e100 -1e100 -1e100 -1e100 -1e100 -1e100 -1e100
 -1e100 -1e100 -1e100 -1e100 -1e100 -1e100 -1e100 -1e100 -1e100 -1e100 -1e100 -1e100 -1e100 -1e100 -1e100 -1e100 -1e100 -1e100 -1e100 102.62918853759765625 95.2949676513671875 87.809173583984375 80.35120391845703125 73.18859100341796875 66.58487701416015625 60.7797698974609375 55.604404449462890625 50.85003662109375 46.44695281982421875 42.420196533203125 38.80788421630859375 35.641757965087890625 32.934795379638671875 30.680154800415039062 28.85416412353515625 27.418279647827148438 26.322793960571289062 25.512065887451171875 24.928461074829101562 24.51680755615234375 24.22653961181640625 24.014005661010742188 23.84307861328125 23.685468673706054688 23.5201873779296875 23.332628250122070312 23.113508224487304688 22.857667922973632812 22.563175201416015625 22.230562210083007812 21.862171173095703125 21.461622238159179688 21.033237457275390625 20.581686019897460938 20.111558914184570312 19.627252578735351562 19.132808685302734375 18.631879806518554688 18.127687454223632812 17.622987747192382812 17.1201171875 16.620954513549804688 16.1269683837890625 15.639219284057617188 15.158447265625 14.685100555419921875 14.21941375732421875 13.76143646240234375 13.311078071594238281 12.868131637573242188 12.432270050048828125 12.003072738647460938 11.580018043518066406 11.162527084350585938 10.749958038330078125 10.341635704040527344 9.9368581771850585938 9.5349102020263671875 9.1350660324096679688 8.7365789413452148438 8.3386783599853515625 7.940555572509765625 7.5413641929626464844 7.1402111053466796875 6.7361617088317871094 6.3282308578491210938 5.9153947830200195312 5.4965825080871582031 5.0706920623779296875 4.6366066932678222656 4.1932549476623535156 3.7397089004516601562 3.2752547264099121094 2.7994256019592285156 2.3120143413543701172 1.8130686283111572266 1.3029907941818237305 0.78270906209945678711 0.25335770845413208008      0      0 -1e100 -1e100 -1e100 -1e100 -1e100 -1e100 -1e100 -1e100 -1e100 -1e100 -1e100 -1e100 -1e100 -1e100 -1e100 -1e100 -1e100 -1e100 -1e100 -1e100 -1e100 -1e100 -1e100 -1e100 -1e100 -1e100 -1e100 -1e100 -1e100 -1e100 -1e100 -1e100 -1e100 -1e100 -1e100 -1e100 -1e100 -1e100 -1e100 -1e100 -1e100 -1e100 -1e100 -1e100 -1e100 -1e100 -1e100 -1e100 -1e100 -1e100 -1e100 -1e100 -1e100 -1e100 -1e100 -1e100 -1e100 -1e100 -1e100 -1e100 -1e100 -1e100 -1e100 -1e100 -1e100 -1e100
 -1e100 -1e100 -1e100 -1e100 -1e100 -1e100 -1e100 -1e100 -1e100 -1e100 -1e100 -1e100 -1e100 -1e100 -1e100 -1e100 -1e100 -1e100 -1e100 -1e100 87.5122833251953125 79.89852142333984375 72.4891510009765625 65.4767913818359375 59.040069580078125 53.59052276611328125 48.810302734375 44.44561767578125 40.427555084228515625 36.779048919677734375 33.540370941162109375 30.744129180908203125 28.401485443115234375 26.503419876098632812 25.023084640502929688 23.918788909912109375 23.13806915283203125 22.62308502197265625 22.314489364624023438 22.156126022338867188 22.097295761108398438 22.094961166381835938 22.114171981811523438 22.12815093994140625 22.11760711669921875 22.06963348388671875 21.976537704467773438 21.83458709716796875 21.643114089965820312 21.403751373291015625 21.119785308837890625 20.795652389526367188 20.436361312866210938 20.047182083129882812 19.633237838745117188 19.19942474365234375 18.750247955322265625 18.289821624755859375 17.821796417236328125 17.349351882934570312 16.875219345092773438 16.401653289794921875 15.930478096008300781 15.463082313537597656 15.000519752502441406 14.543531417846679688 14.092623710632324219 13.648097991943359375 13.210095405578613281 12.778611183166503906 12.35349273681640625 11.934462547302246094 11.521122932434082031 11.112993240356445312 10.709511756896972656 10.310064315795898438 9.91399383544921875 9.5206146240234375 9.1292104721069335938 8.7390317916870117188 8.3492889404296875 7.9591360092163085938 7.5676856040954589844 7.1739859580993652344 6.7770404815673828125 6.3757877349853515625 5.9691190719604492188 5.5558633804321289062 5.1348180770874023438 4.70478057861328125 4.2646298408508300781 3.8134250640869140625 3.3504528999328613281 2.8752627372741699219 2.3876595497131347656 1.8877583742141723633 1.3761262893676757812 0.85386955738067626953 0.32247507572174072266      0      0 -1e100 -1e100 -1e100 -1e100 -1e100 -1e100 -1e100 -1e100 -1e100 -1e100 -1e100 -1e100 -1e100 -1e100 -1e100 -1e100 -1e100 -1e100 -1e100 -1e100 -1e100 -1e100 -1e100 -1e100 -1e100 -1e100 -1e100 -1e100 -1e100 -1e100 -1e100 -1e100 -1e100 -1e100 -1e100 -1e100 -1e100 -1e100 -1e100 -1e100 -1e100 -1e100 -1e100 -1e100 -1e100 -1e100 -1e100 -1e100 -1e100 -1e100 -1e100 -1e100 -1e100 -1e100 -1e100 -1e100 -1e100 -1e100 -1e100 -1e100 -1e100 -1e100 -1e100 -1e100 -1e100 -1e100
 -1e100 -1e100 -1e100 -1e100 -1e100 -1e100 -1e100 -1e100 -1e100 -1e100 -1e100 -1e100 -1e100 -1e100 -1e100 -1e100 -1e100 -1e100 -1e100 -1e100 -1e100 73.0001983642578125 65.72745513916015625 58.934112548828125 52.743251800537109375 47.45032501220703125 42.8409881591796875 38.705181121826171875 34.9559478759765625 31.60398101806640625 28.681329727172851562 26.212358474731445312 24.201005935668945312 22.632139205932617188 21.473295211791992188 20.67821502685546875 20.190828323364257812 19.950590133666992188 19.896371841430664062 19.971160888671875 20.124383926391601562 20.313869476318359375 20.506059646606445312 20.675848007202148438 20.805723190307617188 20.884477615356445312 20.90596771240234375 20.867822647094726562 20.770547866821289062 20.61678314208984375 20.410650253295898438 20.157283782958984375 19.86228179931640625 19.531408309936523438 19.170225143432617188 18.784038543701171875 18.377744674682617188 17.955839157104492188 17.522342681884765625 17.0807952880859375 16.634271621704101562 16.185359954833984375 15.736197471618652344 15.288469314575195312 14.843514442443847656 14.40234375 13.965722084045410156 13.534190177917480469 13.108114242553710938 12.687685966491699219 12.272922515869140625 11.863689422607421875 11.459706306457519531 11.060586929321289062 10.665844917297363281 10.27492523193359375 9.887210845947265625 9.5020380020141601562 9.1186990737915039062 8.7364349365234375 8.3544330596923828125 7.971813201904296875 7.5876407623291015625 7.2009119987487792969 6.8105654716491699219 6.4154682159423828125 6.0144281387329101562 5.6061844825744628906 5.1894478797912597656 4.7629451751708984375 4.3255071640014648438 3.8761518001556396484 3.4141330718994140625 2.9389700889587402344 2.4504828453063964844 1.9488816261291503906 1.4349130392074584961 0.9099642634391784668 0.3760592043399810791      0      0 -1e100 -1e100 -1e100 -1e100 -1e100 -1e100 -1e100 -1e100 -1e100 -1e100 -1e100 -1e100 -1e100 -1e100 -1e100 -1e100 -1e100 -1e100 -1e100 -1e100 -1e100 -1e100 -1e100 -1e100 -1e100 -1e100 -1e100 -1e100 -1e100 -1e100 -1e100 -1e100 -1e100 -1e100 -1e100 -1e100 -1e100 -1e100 -1e100 -1e100 -1e100 -1e100 -1e100 -1e100 -1e100 -1e100 -1e100 -1e100 -1e100 -1e100 -1e100 -1e100 -1e100 -1e100 -1e100 -1e100 -1e100 -1e100 -1e100 -1e100 -1e100 -1e100 -1e100 -1e100 -1e100 -1e100
 -1e100 -1e100 -1e100 -1e100 -1e100 -1e100 -1e100 -1e100 -1e100 -1e100 -1e100 -1e100 -1e100 -1e100 -1e100 -1e100 -1e100 -1e100 -1e100 -1e100 -1e100 67.07918548583984375 59.988872528076171875 53.4161224365234375 47.452846527099609375 42.2507781982421875 37.716991424560546875 33.695240020751953125 30.124074935913085938 27.000766754150390625 24.342235565185546875 22.15847015380859375 20.442562103271484375 19.170551300048828125 18.302845001220703125 17.787744522094726562 17.565061569213867188 17.571455001831054688 17.744077682495117188 18.02538299560546875 18.365230560302734375 18.722608566284179688 19.065563201904296875 19.370800018310546875 19.622608184814453125 19.81143951416015625 19.932626724243164062 19.985067367553710938 19.970340728759765625 19.891965866088867188 19.754764556884765625 19.564449310302734375 19.327068328857421875 19.048765182495117188 18.735425949096679688 18.392660140991210938 18.02565765380859375 17.639215469360351562 17.237640380859375 16.824762344360351562 16.403944015502929688 15.978046417236328125 15.549469947814941406 15.120156288146972656 14.6916961669921875 14.265341758728027344 13.842096328735351562 13.4227294921875 13.00782012939453125 12.597747802734375 12.192693710327148438 11.792656898498535156 11.39746856689453125 11.006832122802734375 10.620329856872558594 10.237460136413574219 9.8576374053955078125 9.4802160263061523438 9.1044912338256835938 8.729686737060546875 8.3549652099609375 7.9794092178344726562 7.6020383834838867188 7.2217922210693359375 6.8375482559204101562 6.4481005668640136719 6.0521759986877441406 5.6484308242797851562 5.2354974746704101562 4.8120374679565429688 4.3768157958984375 3.9287912845611572266 3.4671649932861328125 2.9914500713348388672 2.5015237331390380859 1.9977047443389892578 1.4808647632598876953 0.95253384113311767578 0.4152825772762298584      0      0 -1e100 -1e100 -1e100 -1e100 -1e100 -1e100 -1e100 -1e100 -1e100 -1e100 -1e100 -1e100 -1e100 -1e100 -1e100 -1e100 -1e100 -1e100 -1e100 -1e100 -1e100 -1e100 -1e100 -1e100 -1e100 -1e100 -1e100 -1e100 -1e100 -1e100 -1e100 -1e100 -1e100 -1e100 -1e100 -1e100 -1e100 -1e100 -1e100 -1e100 -1e100 -1e100 -1e100 -1e100 -1e100 -1e100 -1e100 -1e100 -1e100 -1e100 -1e100 -1e100 -1e100 -1e100 -1e100 -1e100 -1e100 -1e100 -1e100 -1e100 -1e100 -1e100 -1e100 -1e100 -1e100 -1e100
 -1e100 -1e100 -1e100 -1e100 -1e100 -1e100 -1e100 -1e100 -1e100 -1e100 -1e100 -1e100 -1e100 -1e100 -1e100 -1e100 -1e100 -1e100 -1e100 -1e100 -1e100 -1e100 55.09282684326171875 48.713581085205078125 42.93531036376953125 37.829860687255859375 33.348957061767578125 29.41040802001953125 25.97693634033203125 23.041484832763671875 20.608036041259765625 18.672435760498046875 17.2161712646484375 16.205875396728515625 15.594495773315429688 15.324717521667480469 15.332294464111328125 15.551275253295898438 15.917502403259277344 16.373302459716796875 16.869371414184570312 17.366159439086914062 17.833530426025390625 18.250066757202148438 18.60182952880859375 18.880868911743164062 19.0839080810546875 19.211023330688476562 19.26474761962890625 19.249332427978515625 19.170160293579101562 19.033357620239257812 18.845287322998046875 18.612335205078125 18.340581893920898438 18.03582763671875 17.703441619873046875 17.348423004150390625 16.975278854370117188 16.588054656982421875 16.190320968627929688 15.785150527954101562 15.375151634216308594 14.962473869323730469 14.548916816711425781 14.13594818115234375 13.724786758422851562 13.316412925720214844 12.911606788635253906 12.510924339294433594 12.114696502685546875 11.723049163818359375 11.335915565490722656 10.953078269958496094 10.574184417724609375 10.198771476745605469 9.8262815475463867188 9.4560804367065429688 9.0874547958374023438 8.7196102142333984375 8.3516788482666015625 7.9827027320861816406 7.6116538047790527344 7.2374167442321777344 6.8588051795959472656 6.4745383262634277344 6.0832643508911132812 5.6835608482360839844 5.27398681640625 4.8531289100646972656 4.4196825027465820312 3.9725384712219238281 3.5108792781829833984 3.0342729091644287109 2.5427148342132568359 2.0366573333740234375 1.5169386863708496094 0.98486804962158203125 0.44288498163223266602      0      0 -1e100 -1e100 -1e100 -1e100 -1e100 -1e100 -1e100 -1e100 -1e100 -1e100 -1e100 -1e100 -1e100 -1e100 -1e100 -1e100 -1e100 -1e100 -1e100 -1e100 -1e100 -1e100 -1e100 -1e100 -1e100 -1e100 -1e100 -1e100 -1e100 -1e100 -1e100 -1e100 -1e100 -1e100 -1e100 -1e100 -1e100 -1e100 -1e100 -1e100 -1e100 -1e100 -1e100 -1e100 -1e100 -1e100 -1e100 -1e100 -1e100 -1e100 -1e100 -1e100 -1e100 -1e100 -1e100 -1e100 -1e100 -1e100 -1e100 -1e100 -1e100 -1e100 -1e100 -1e100 -1e100 -1e100
 -1e100 -1e100 -1e100 -1e100 -1e100 -1e100 -1e100 -1e100 -1e100 -1e100 -1e100 -1e100 -1e100 -1e100 -1e100 -1e100 -1e100 -1e100 -1e100 -1e100 -1e100 -1e100 50.920261383056640625 44.72552490234375 39.108921051025390625 34.1055145263671875 29.695186614990234375 25.84526824951171875 22.53946685791015625 19.771799087524414062 17.536434173583984375 15.817718505859375 14.58693695068359375 13.802215576171875 13.409686088562011719 13.346962928771972656 13.546242713928222656 13.939596176147460938 14.462134361267089844 15.056624412536621094 15.675029754638671875 16.27959442138671875 16.842130661010742188 17.343091964721679688 17.770267486572265625 18.117242813110351562 18.382062911987304688 18.565891265869140625 18.672086715698242188 18.705486297607421875 18.671863555908203125 18.57759857177734375 18.429216384887695312 18.23319244384765625 17.995676040649414062 17.722522735595703125 17.419172286987304688 17.0907135009765625 16.741764068603515625 16.376499176025390625 15.998616218566894531 15.611330986022949219 15.217392921447753906 14.8191070556640625 14.418443679809570312 14.017053604125976562 13.616349220275878906 13.217502593994140625 12.821475028991699219 12.428985595703125 12.040502548217773438 11.656263351440429688 11.276293754577636719 10.900445938110351562 10.528416633605957031 10.159779548645019531 9.7939929962158203125 9.4304208755493164062 9.0683374404907226562 8.7069244384765625 8.3452777862548828125 7.9823985099792480469 7.6172080039978027344 7.2485356330871582031 6.8751282691955566406 6.4956312179565429688 6.1086168289184570312 5.7125864028930664062 5.3060250282287597656 4.8874464035034179688 4.4554772377014160156 4.0089755058288574219 3.5471634864807128906 3.0697398185729980469 2.5769076347351074219 2.0693161487579345703 1.5477290153503417969 1.0127571821212768555 0.46441420912742614746      0      0 -1e100 -1e100 -1e100 -1e100 -1e100 -1e100 -1e100 -1e100 -1e100 -1e100 -1e100 -1e100 -1e100 -1e100 -1e100 -1e100 -1e100 -1e100 -1e100 -1e100 -1e100 -1e100 -1e100 -1e100 -1e100 -1e100 -1e100 -1e100 -1e100 -1e100 -1e100 -1e100 -1e100 -1e100 -1e100 -1e100 -1e100 -1e100 -1e100 -1e100 -1e100 -1e100 -1e100 -1e100 -1e100 -1e100 -1e100 -1e100 -1e100 -1e100 -1e100 -1e100 -1e100 -1e100 -1e100 -1e100 -1e100 -1e100 -1e100 -1e100 -1e100 -1e100 -1e100 -1e100 -1e100 -1e100
 -1e100 -1e100 -1e100 -1e100 -1e100 -1e100 -1e100 -1e100 -1e100 -1e100 -1e100 -1e100 -1e100 -1e100 -1e100 -1e100 -1e100 -1e100 -1e100 -1e100 -1e100 -1e100 -1e100 41.406566619873046875 35.942535400390625 31.052339553833007812 26.738584518432617188 22.99713897705078125 19.825443267822265625 17.217823028564453125 15.161718368530273438 13.633089065551757812 12.5954132080078125 12.0000152587890625 11.787515640258789062 11.891463279724121094 12.241515159606933594 12.768604278564453125 13.407893180847167969 14.103206634521484375 14.808251380920410156 15.487288475036621094 16.114110946655273438 16.67102813720703125 17.14751434326171875 17.538646697998046875 17.84374237060546875 18.064975738525390625 18.2064056396484375 18.2733001708984375 18.271654129028320312 18.207933425903320312 18.088659286499023438 17.920253753662109375 17.708789825439453125 17.460054397583007812 17.179441452026367188 16.872026443481445312 16.542438507080078125 16.194887161254882812 15.833118438720703125 15.460409164428710938 15.079586982727050781 14.693058967590332031 14.302927970886230469 13.910994529724121094 13.518839836120605469 13.127806663513183594 12.739019393920898438 12.353338241577148438 11.971354484558105469 11.593401908874511719 11.219585418701171875 10.849816322326660156 10.483829498291015625 10.121219635009765625 9.76145172119140625 9.4038801193237304688 9.0477581024169921875 8.6922359466552734375 8.3363714218139648438 7.9791207313537597656 7.6193552017211914062 7.2558460235595703125 6.8872747421264648438 6.5122165679931640625 6.1291704177856445312 5.736568450927734375 5.3328275680541992188 4.9163947105407714844 4.4858579635620117188 4.04009246826171875 3.5784196853637695312 3.10073089599609375 2.607532501220703125 2.0998167991638183594 1.5785799026489257812 1.0439252853393554688 0.4989121854305267334      0      0 -1e100 -1e100 -1e100 -1e100 -1e100 -1e100 -1e100 -1e100 -1e100 -1e100 -1e100 -1e100 -1e100 -1e100 -1e100 -1e100 -1e100 -1e100 -1e100 -1e100 -1e100 -1e100 -1e100 -1e100 -1e100 -1e100 -1e100 -1e100 -1e100 -1e100 -1e100 -1e100 -1e100 -1e100 -1e100 -1e100 -1e100 -1e100 -1e100 -1e100 -1e100 -1e100 -1e100 -1e100 -1e100 -1e100 -1e100 -1e100 -1e100 -1e100 -1e100 -1e100 -1e100 -1e100 -1e100 -1e100 -1e100 -1e100 -1e100 -1e100 -1e100 -1e100 -1e100 -1e100 -1e100 -1e100
 -1e100 -1e100 -1e100 -1e100 -1e100 -1e100 -1e100 -1e100 -1e100 -1e100 -1e100 -1e100 -1e100 -1e100 -1e100 -1e100 -1e100 -1e100 -1e100 -1e100 -1e100 -1e100 -1e100 -1e100 33.41846466064453125 28.664064407348632812 24.476758956909179688 20.8675994873046875 17.84041595458984375 15.389011383056640625 13.496451377868652344 12.133180618286132812 11.257282257080078125 10.81516265869140625 10.743463516235351562 10.973065376281738281 11.432263374328613281 12.051882743835449219 12.767963409423828125 13.526031494140625 14.28188323974609375 15.001891136169433594 15.661839485168457031 16.24585723876953125 16.745069503784179688 17.156034469604492188 17.479328155517578125 17.71807098388671875 17.876922607421875 17.961427688598632812 17.977626800537109375 17.931898117065429688 17.830600738525390625 17.679952621459960938 17.485820770263671875 17.25380706787109375 16.989147186279296875 16.696802139282226562 16.381313323974609375 16.046831130981445312 15.697061538696289062 15.335264205932617188 14.964281082153320312 14.586574554443359375 14.20433807373046875 13.819495201110839844 13.43376922607421875 13.048646926879882812 12.665393829345703125 12.284993171691894531 11.908139228820800781 11.535248756408691406 11.166489601135253906 10.801817893981933594 10.4409942626953125 10.083622932434082031 9.7291593551635742188 9.3769407272338867188 9.02619171142578125 8.676025390625 8.3254566192626953125 7.97339630126953125 7.618663787841796875 7.2599735260009765625 6.8959450721740722656 6.5250878334045410156 6.1458406448364257812 5.7565732002258300781 5.3556461334228515625 4.9414658546447753906 4.5126204490661621094 4.0680451393127441406 3.6071956157684326172 3.1301693916320800781 2.6377882957458496094 2.1314458847045898438 1.6126153469085693359 1.0820355415344238281 0.54454183578491210938 0.0048858751542866230011      0 -1e100 -1e100 -1e100 -1e100 -1e100 -1e100 -1e100 -1e100 -1e100 -1e100 -1e100 -1e100 -1e100 -1e100 -1e100 -1e100 -1e100 -1e100 -1e100 -1e100 -1e100 -1e100 -1e100 -1e100 -1e100 -1e100 -1e100 -1e100 -1e100 -1e100 -1e100 -1e100 -1e100 -1e100 -1e100 -1e100 -1e100 -1e100 -1e100 -1e100 -1e100 -1e100 -1e100 -1e100 -1e100 -1e100 -1e100 -1e100 -1e100 -1e100 -1e100 -1e100 -1e100 -1e100 -1e100 -1e100 -1e100 -1e100 -1e100 -1e100 -1e100 -1e100 -1e100 -1e100 -1e100 -1e100
 -1e100 -1e100 -1e100 -1e100 -1e100 -1e100 -1e100 -1e100 -1e100 -1e100 -1e100 -1e100 -1e100 -1e100 -1e100 -1e100 -1e100 -1e100 -1e100 -1e100 -1e100 -1e100 -1e100 -1e100 31.527500152587890625 26.936887741088867188 22.90439605712890625 19.447719573974609375 16.572923660278320312 14.273029327392578125 12.528513908386230469 11.306574821472167969 10.56191253662109375 10.237767219543457031 10.268475532531738281 10.583683967590332031 11.111613273620605469 11.783976554870605469 12.538527488708496094 13.322957992553710938 14.095328330993652344 14.824149131774902344 15.487161636352539062 16.0702667236328125 16.566240310668945312 16.973142623901367188 17.29283905029296875 17.529382705688476562 17.687952041625976562 17.77422332763671875 17.794115066528320312 17.753740310668945312 17.659139633178710938 17.516193389892578125 17.330448150634765625 17.107210159301757812 16.851469039916992188 16.567966461181640625 16.261058807373046875 15.934748649597167969 15.592611312866210938 15.237819671630859375 14.873169898986816406 14.501135826110839844 14.123964309692382812 13.743674278259277344 13.362102508544921875 12.980854034423828125 12.601313591003417969 12.224565505981445312 11.851388931274414062 11.482268333435058594 11.117419242858886719 10.756823539733886719 10.400255203247070312 10.047310829162597656 9.6974287033081054688 9.3499164581298828125 9.00395965576171875 8.6586322784423828125 8.3129024505615234375 7.9656314849853515625 7.615589141845703125 7.2614345550537109375 6.9017310142517089844 6.53493499755859375 6.1594338417053222656 5.7735528945922851562 5.3756146430969238281 4.9640164375305175781 4.5373783111572265625 4.0947232246398925781 3.6356306076049804688 3.1603691577911376953 2.6700086593627929688 2.1662690639495849609 1.6510943174362182617 1.1264903545379638672 0.5949719548225402832 0.059067685157060623169      0      0 -1e100 -1e100 -1e100 -1e100 -1e100 -1e100 -1e100 -1e100 -1e100 -1e100 -1e100 -1e100 -1e100 -1e100 -1e100 -1e100 -1e100 -1e100 -1e100 -1e100 -1e100 -1e100 -1e100 -1e100 -1e100 -1e100 -1e100 -1e100 -1e100 -1e100 -1e100 -1e100 -1e100 -1e100 -1e100 -1e100 -1e100 -1e100 -1e100 -1e100 -1e100 -1e100 -1e100 -1e100 -1e100 -1e100 -1e100 -1e100 -1e100 -1e100 -1e100 -1e100 -1e100 -1e100 -1e100 -1e100 -1e100 -1e100 -1e100 -1e100 -1e100 -1e100 -1e100 -1e100 -1e100
 -1e100 -1e100 -1e100 -1e100 -1e100 -1e100 -1e100 -1e100 -1e100 -1e100 -1e100 -1e100 -1e100 -1e100 -1e100 -1e100 -1e100 -1e100 -1e100 -1e100 -1e100 -1e100 -1e100 -1e100 -1e100 25.856973648071289062 22.001440048217773438 18.710500717163085938 15.990773200988769531 13.834734916687011719 12.221707344055175781 11.117250442504882812 10.474271774291992188 10.234457969665527344 10.331366539001464844 10.694821357727050781 11.254119873046875 11.942806243896484375 12.700926780700683594 13.478593826293945312 14.2361907958984375 14.944318771362304688 15.582596778869628906 16.138662338256835938 16.606964111328125 16.987157821655273438 17.2824859619140625 17.4979705810546875 17.639247894287109375 17.712005615234375 17.721879959106445312 17.674551010131835938 17.575593948364257812 17.430429458618164062 17.2441864013671875 17.021791458129882812 16.7678985595703125 16.486942291259765625 16.183010101318359375 15.859859466552734375 15.520863533020019531 15.169041633605957031 14.807092666625976562 14.437459945678710938 14.062415122985839844 13.684038162231445312 13.304254531860351562 12.924764633178710938 12.547047615051269531 12.172268867492675781 11.80127716064453125 11.434603691101074219 11.072493553161621094 10.714941978454589844 10.361716270446777344 10.012393951416015625 9.6663799285888671875 9.3229427337646484375 8.98122406005859375 8.6402482986450195312 8.2989349365234375 7.9560952186584472656 7.6104483604431152344 7.2606015205383300781 6.905071258544921875 6.5422711372375488281 6.1705536842346191406 5.7882137298583984375 5.3935618400573730469 4.9850101470947265625 4.5612335205078125 4.1213402748107910156 3.6650032997131347656 3.1926069259643554688 2.7053396701812744141 2.205074310302734375 1.6939276456832885742 1.1738923788070678711 0.64651155471801757812 0.11321359872817993164      0      0 -1e100 -1e100 -1e100 -1e100 -1e100 -1e100 -1e100 -1e100 -1e100 -1e100 -1e100 -1e100 -1e100 -1e100 -1e100 -1e100 -1e100 -1e100 -1e100 -1e100 -1e100 -1e100 -1e100 -1e100 -1e100 -1e100 -1e100 -1e100 -1e100 -1e100 -1e100 -1e100 -1e100 -1e100 -1e100 -1e100 -1e100 -1e100 -1e100 -1e100 -1e100 -1e100 -1e100 -1e100 -1e100 -1e100 -1e100 -1e100 -1e100 -1e100 -1e100 -1e100 -1e100 -1e100 -1e100 -1e100 -1e100 -1e100 -1e100 -1e100 -1e100 -1e100 -1e100 -1e100 -1e100
 -1e100 -1e100 -1e100 -1e100 -1e100 -1e100 -1e100 -1e100 -1e100 -1e100 -1e100 -1e100 -1e100 -1e100 -1e100 -1e100 -1e100 -1e100 -1e100 -1e100 -1e100 -1e100 -1e100 -1e100 -1e100 25.391651153564453125 21.726316452026367188 18.606554031372070312 16.039051055908203125 14.016304969787597656 12.517334938049316406 11.507180213928222656 10.938213348388671875 10.751931190490722656 10.882515907287597656 11.261145591735839844 11.819203376770019531 12.492690086364746094 13.224275588989257812 13.966572761535644531 14.6822357177734375 15.343831062316894531 15.932757377624511719 16.43834686279296875 16.85680389404296875 17.189535140991210938 17.441310882568359375 17.61821746826171875 17.726339340209960938 17.7712860107421875 17.758260726928710938 17.692361831665039062 17.578550338745117188 17.421682357788085938 17.226390838623046875 16.997148513793945312 16.738206863403320312 16.453617095947265625 16.147115707397460938 15.822146415710449219 15.481806755065917969 15.128905296325683594 14.766000747680664062 14.395471572875976562 14.019580841064453125 13.640447616577148438 13.260057449340820312 12.88018798828125 12.502390861511230469 12.127893447875976562 11.757592201232910156 11.392049789428710938 11.031523704528808594 10.67600250244140625 10.325230598449707031 9.9787502288818359375 9.6359233856201171875 9.29596710205078125 8.9579687118530273438 8.6208982467651367188 8.2836208343505859375 7.9448971748352050781 7.6033930778503417969 7.2576718330383300781 6.9062085151672363281 6.5473856925964355469 6.1795306205749511719 5.8009271621704101562 5.4098925590515136719 5.0048723220825195312 4.584598541259765625 4.1482472419738769531 3.6955533027648925781 3.2269454002380371094 2.743564605712890625 2.2472243309020996094 1.7399654388427734375 1.2234911918640136719 0.69891351461410522461 0.16711437702178955078      0      0 -1e100 -1e100 -1e100 -1e100 -1e100 -1e100 -1e100 -1e100 -1e100 -1e100 -1e100 -1e100 -1e100 -1e100 -1e100 -1e100 -1e100 -1e100 -1e100 -1e100 -1e100 -1e100 -1e100 -1e100 -1e100 -1e100 -1e100 -1e100 -1e100 -1e100 -1e100 -1e100 -1e100 -1e100 -1e100 -1e100 -1e100 -1e100 -1e100 -1e100 -1e100 -1e100 -1e100 -1e100 -1e100 -1e100 -1e100 -1e100 -1e100 -1e100 -1e100 -1e100 -1e100 -1e100 -1e100 -1e100 -1e100 -1e100 -1e100 -1e100 -1e100 -1e100 -1e100 -1e100 -1e100
 -1e100 -1e100 -1e100 -1e100 -1e100 -1e100 -1e100 -1e100 -1e100 -1e100 -1e100 -1e100 -1e100 -1e100 -1e100 -1e100 -1e100 -1e100 -1e100 -1e100 -1e100 -1e100 -1e100 -1e100 -1e100 -1e100 22.015527725219726562 19.065946578979492188 16.643917083740234375 14.742170333862304688 13.339957237243652344 12.402590751647949219 11.882920265197753906 11.723465919494628906 11.860139846801757812 12.226457595825195312 12.756510734558105469 13.389115333557128906 14.069667816162109375 14.753229141235351562 15.404561042785644531 15.99802398681640625 16.51665496826171875 16.951471328735351562 17.300565719604492188 17.567319869995117188 17.758268356323242188 17.880712509155273438 17.941244125366210938 17.94533538818359375 17.897634506225585938 17.802501678466796875 17.664150238037109375 17.4867706298828125 17.274425506591796875 17.03108978271484375 16.76055145263671875 16.46642303466796875 16.152021408081054688 15.820412635803222656 15.474365234375 15.116428375244140625 14.748983383178710938 14.374312400817871094 13.994647026062011719 13.612123489379882812 13.228769302368164062 12.846416473388671875 12.466670989990234375 12.090806007385253906 11.719745635986328125 11.35406494140625 10.994013786315917969 10.639557838439941406 10.290402412414550781 9.9460382461547851562 9.6057691574096679688 9.2687501907348632812 8.9340066909790039062 8.600444793701171875 8.266872406005859375 7.9319934844970703125 7.5944228172302246094 7.2526798248291015625 6.90520477294921875 6.5503549575805664062 6.1864438056945800781 5.8117551803588867188 5.4246249198913574219 5.0235371589660644531 4.6072735786437988281 4.1750578880310058594 3.7266473770141601562 3.2624366283416748047 2.7834262847900390625 2.2911760807037353516 1.7874755859375 1.273807525634765625 0.75112426280975341797 0.22008275985717773438      0      0 -1e100 -1e100 -1e100 -1e100 -1e100 -1e100 -1e100 -1e100 -1e100 -1e100 -1e100 -1e100 -1e100 -1e100 -1e100 -1e100 -1e100 -1e100 -1e100 -1e100 -1e100 -1e100 -1e100 -1e100 -1e100 -1e100 -1e100 -1e100 -1e100 -1e100 -1e100 -1e100 -1e100 -1e100 -1e100 -1e100 -1e100 -1e100 -1e100 -1e100 -1e100 -1e100 -1e100 -1e100 -1e100 -1e100 -1e100 -1e100 -1e100 -1e100 -1e100 -1e100 -1e100 -1e100 -1e100 -1e100 -1e100 -1e100 -1e100 -1e100 -1e100 -1e100 -1e100 -1e100 -1e100
 -1e100 -1e100 -1e100 -1e100 -1e100 -1e100 -1e100 -1e100 -1e100 -1e100 -1e100 -1e100 -1e100 -1e100 -1e100 -1e100 -1e100 -1e100 -1e100 -1e100 -1e100 -1e100 -1e100 -1e100 -1e100 -1e100 -1e100 20.004598617553710938 17.718944549560546875 15.925333023071289062 14.603628158569335938 13.72003173828125 13.22878265380859375 13.074351310729980469 13.195252418518066406 13.527910232543945312 14.0094757080078125 14.581675529479980469 15.1925811767578125 15.799517631530761719 16.36913299560546875 16.877328872680664062 17.308637619018554688 17.655771255493164062 17.918895721435546875 18.103647232055664062 18.218629837036132812 18.272596359252929688 18.27274322509765625 18.224390029907226562 18.131536483764648438 17.997652053833007812 17.826070785522460938 17.620235443115234375 17.383581161499023438 17.119537353515625 16.831388473510742188 16.522253036499023438 16.194986343383789062 15.852217674255371094 15.496344566345214844 15.129621505737304688 14.754220962524414062 14.372305870056152344 13.986059188842773438 13.59761810302734375 13.209040641784667969 12.822196006774902344 12.438727378845214844 12.059934616088867188 11.686753273010253906 11.319750785827636719 10.959153175354003906 10.604880332946777344 10.256583213806152344 9.9136857986450195312 9.5754213333129882812 9.2408685684204101562 8.9089813232421875 8.5785961151123046875 8.248455047607421875 7.9172010421752929688 7.5833983421325683594 7.2455220222473144531 6.9019784927368164062 6.5511035919189453125 6.19120025634765625 5.8205599784851074219 5.4375405311584472656 5.0406613349914550781 4.6287407875061035156 4.2010207176208496094 3.7572305202484130859 3.2976696491241455078 2.8231387138366699219 2.3349068164825439453 1.8344676494598388672 1.3231159448623657227 0.80178487300872802734 0.27110135555267333984      0      0 -1e100 -1e100 -1e100 -1e100 -1e100 -1e100 -1e100 -1e100 -1e100 -1e100 -1e100 -1e100 -1e100 -1e100 -1e100 -1e100 -1e100 -1e100 -1e100 -1e100 -1e100 -1e100 -1e100 -1e100 -1e100 -1e100 -1e100 -1e100 -1e100 -1e100 -1e100 -1e100 -1e100 -1e100 -1e100 -1e100 -1e100 -1e100 -1e100 -1e100 -1e100 -1e100 -1e100 -1e100 -1e100 -1e100 -1e100 -1e100 -1e100 -1e100 -1e100 -1e100 -1e100 -1e100 -1e100 -1e100 -1e100 -1e100 -1e100 -1e100 -1e100 -1e100 -1e100 -1e100 -1e100
 -1e100 -1e100 -1e100 -1e100 -1e100 -1e100 -1e100 -1e100 -1e100 -1e100 -1e100 -1e100 -1e100 -1e100 -1e100 -1e100 -1e100 -1e100 -1e100 -1e100 -1e100 -1e100 -1e100 -1e100 -1e100 -1e100 -1e100 21.32967376708984375 19.1702117919921875 17.472318649291992188 16.216772079467773438 15.371249198913574219 14.892038345336914062 14.726265907287597656 14.815516471862792969 15.099420547485351562 15.518252372741699219 16.016595840454101562 16.545003890991210938 17.062824249267578125 17.53826904296875 17.948507308959960938 18.279415130615234375 18.525426864624023438 18.689004898071289062 18.778371810913085938 18.804576873779296875 18.778108596801757812 18.70690155029296875 18.596128463745117188 18.449060440063476562 18.26816558837890625 18.055799484252929688 17.81458282470703125 17.54726409912109375 17.25669097900390625 16.945600509643554688 16.616580963134765625 16.271976470947265625 15.913951873779296875 15.54449462890625 15.165537834167480469 14.779025077819824219 14.386987686157226562 13.991549491882324219 13.594843864440917969 13.198945999145507812 12.805754661560058594 12.416934967041015625 12.033796310424804688 11.657265663146972656 11.2878875732421875 10.925841331481933594 10.570985794067382812 10.222898483276367188 9.8809223175048828125 9.5442037582397460938 9.2117366790771484375 8.8823919296264648438 8.5549287796020507812 8.228015899658203125 7.9002327919006347656 7.5700879096984863281 7.2360100746154785156 6.8963718414306640625 6.5494856834411621094 6.1936464309692382812 5.8271503448486328125 5.4483752250671386719 5.0558676719665527344 4.6484656333923339844 4.2253932952880859375 3.786312103271484375 3.331371307373046875 2.8611586093902587891 2.3766841888427734375 1.8791921138763427734 1.3698520660400390625 0.84961080551147460938 0.31916320323944091797      0      0 -1e100 -1e100 -1e100 -1e100 -1e100 -1e100 -1e100 -1e100 -1e100 -1e100 -1e100 -1e100 -1e100 -1e100 -1e100 -1e100 -1e100 -1e100 -1e100 -1e100 -1e100 -1e100 -1e100 -1e100 -1e100 -1e100 -1e100 -1e100 -1e100 -1e100 -1e100 -1e100 -1e100 -1e100 -1e100 -1e100 -1e100 -1e100 -1e100 -1e100 -1e100 -1e100 -1e100 -1e100 -1e100 -1e100 -1e100 -1e100 -1e100 -1e100 -1e100 -1e100 -1e100 -1e100 -1e100 -1e100 -1e100 -1e100 -1e100 -1e100 -1e100 -1e100 -1e100 -1e100 -1e100
 -1e100 -1e100 -1e100 -1e100 -1e100 -1e100 -1e100 -1e100 -1e100 -1e100 -1e100 -1e100 -1e100 -1e100 -1e100 -1e100 -1e100 -1e100 -1e100 -1e100 -1e100 -1e100 -1e100 -1e100 -1e100 -1e100 -1e100 -1e100 20.903339385986328125 19.289958953857421875 18.088743209838867188 17.269258499145507812 16.790332794189453125 16.602090835571289062 16.649387359619140625 16.875085830688476562 17.222513198852539062 17.638916015625 18.077075958251953125 18.498052597045898438 18.87128448486328125 19.1749725341796875 19.396177291870117188 19.531085968017578125 19.584695816040039062 19.56821441650390625 19.495492935180664062 19.379045486450195312 19.227621078491210938 19.046199798583984375 18.837339401245117188 18.602453231811523438 18.342905044555664062 18.060449600219726562 17.757101058959960938 17.435077667236328125 17.09651947021484375 16.74344635009765625 16.377656936645507812 16.000818252563476562 15.6144866943359375 15.220254898071289062 14.819828987121582031 14.415102958679199219 14.008143424987792969 13.601077079772949219 13.195996284484863281 12.794820785522460938 12.399224281311035156 12.010511398315429688 11.629587173461914062 11.256948471069335938 10.892711639404296875 10.536656379699707031 10.188269615173339844 9.8467960357666015625 9.5112848281860351562 9.180633544921875 8.8536205291748046875 8.5289173126220703125 8.20511627197265625 7.8807263374328613281 7.5541968345642089844 7.2239069938659667969 6.88819122314453125 6.5453367233276367188 6.1936244964599609375 5.8313527107238769531 5.4569096565246582031 5.0688576698303222656 4.6660265922546386719 4.2475953102111816406 3.8131215572357177734 3.3625910282135009766 2.8963978290557861328 2.4153420925140380859 1.9204945564270019531 1.4129444360733032227 0.89366298913955688477 0.36346217989921569824      0      0 -1e100 -1e100 -1e100 -1e100 -1e100 -1e100 -1e100 -1e100 -1e100 -1e100 -1e100 -1e100 -1e100 -1e100 -1e100 -1e100 -1e100 -1e100 -1e100 -1e100 -1e100 -1e100 -1e100 -1e100 -1e100 -1e100 -1e100 -1e100 -1e100 -1e100 -1e100 -1e100 -1e100 -1e100 -1e100 -1e100 -1e100 -1e100 -1e100 -1e100 -1e100 -1e100 -1e100 -1e100 -1e100 -1e100 -1e100 -1e100 -1e100 -1e100 -1e100 -1e100 -1e100 -1e100 -1e100 -1e100 -1e100 -1e100 -1e100 -1e100 -1e100 -1e100 -1e100 -1e100 -1e100
 -1e100 -1e100 -1e100 -1e100 -1e100 -1e100 -1e100 -1e100 -1e100 -1e100 -1e100 -1e100 -1e100 -1e100 -1e100 -1e100 -1e100 -1e100 -1e100 -1e100 -1e100 -1e100 -1e100 -1e100 -1e100 -1e100 -1e100 -1e100 22.826961517333984375 21.28863525390625 20.132688522338867188 19.330869674682617188 18.844736099243164062 18.62749481201171875 18.627239227294921875 18.789974212646484375 19.061870574951171875 19.392599105834960938 19.736896514892578125 20.057247161865234375 20.324085235595703125 20.516405105590820312 20.62227630615234375 20.639688491821289062 20.5764923095703125 20.44713592529296875 20.2684783935546875 20.055248260498046875 19.816997528076171875 19.5585174560546875 19.281742095947265625 18.987165451049804688 18.675226211547851562 18.346805572509765625 18.003131866455078125 17.64572906494140625 17.276081085205078125 16.895595550537109375 16.505495071411132812 16.106927871704101562 15.701001167297363281 15.288959503173828125 14.872265815734863281 14.452683448791503906 14.032228469848632812 13.613030433654785156 13.197201728820800781 12.786678314208984375 12.383136749267578125 11.987863540649414062 11.601723670959472656 11.22515106201171875 10.858179092407226562 10.50048828125 10.151457786560058594 9.8102235794067382812 9.4757242202758789062 9.146747589111328125 8.8219709396362304688 8.4999761581420898438 8.1792688369750976562 7.8582835197448730469 7.5354061126708984375 7.2089619636535644531 6.8772449493408203125 6.5385088920593261719 6.1910161972045898438 5.8330559730529785156 5.4630188941955566406 5.0794582366943359375 4.68117523193359375 4.2672753334045410156 3.8372004032135009766 3.3907861709594726562 2.9282622337341308594 2.4502720832824707031 1.9577670097351074219 1.4517879486083984375 0.93337500095367431641 0.40348714590072631836      0      0 -1e100 -1e100 -1e100 -1e100 -1e100 -1e100 -1e100 -1e100 -1e100 -1e100 -1e100 -1e100 -1e100 -1e100 -1e100 -1e100 -1e100 -1e100 -1e100 -1e100 -1e100 -1e100 -1e100 -1e100 -1e100 -1e100 -1e100 -1e100 -1e100 -1e100 -1e100 -1e100 -1e100 -1e100 -1e100 -1e100 -1e100 -1e100 -1e100 -1e100 -1e100 -1e100 -1e100 -1e100 -1e100 -1e100 -1e100 -1e100 -1e100 -1e100 -1e100 -1e100 -1e100 -1e100 -1e100 -1e100 -1e100 -1e100 -1e100 -1e100 -1e100 -1e100 -1e100 -1e100 -1e100
 -1e100 -1e100 -1e100 -1e100 -1e100 -1e100 -1e100 -1e100 -1e100 -1e100 -1e100 -1e100 -1e100 -1e100 -1e100 -1e100 -1e100 -1e100 -1e100 -1e100 -1e100 -1e100 -1e100 -1e100 -1e100 -1e100 -1e100 -1e100 -1e100 23.387517929077148438 22.270298004150390625 21.480777740478515625 20.983196258544921875 20.733768463134765625 20.683687210083007812 20.781900405883789062 20.977191925048828125 21.221429824829101562 21.471071243286132812 21.689922332763671875 21.849252700805664062 21.92867279052734375 21.917064666748046875 21.814334869384765625 21.63149261474609375 21.386266708374023438 21.0982666015625 20.784406661987304688 20.45520782470703125 20.115268707275390625 19.766122817993164062 19.40756988525390625 19.039306640625 18.66136932373046875 18.27417755126953125 17.878490447998046875 17.475080490112304688 17.064699172973632812 16.647962570190429688 16.225477218627929688 15.797893524169921875 15.36609649658203125 14.931314468383789062 14.495187759399414062 14.059697151184082031 13.626989364624023438 13.199201583862304688 12.778293609619140625 12.365937232971191406 11.963397979736328125 11.571483612060546875 11.190546989440917969 10.820517539978027344 10.460962295532226562 10.111138343811035156 9.770053863525390625 9.4365262985229492188 9.1092290878295898438 8.7867298126220703125 8.467510223388671875 8.14998626708984375 7.8325147628784179688 7.5134134292602539062 7.1909503936767578125 6.8633718490600585938 6.5288939476013183594 6.1857504844665527344 5.8322138786315917969 5.4666576385498046875 5.0876107215881347656 4.6938199996948242188 4.2843079566955566406 3.8584043979644775391 3.4158129692077636719 2.9566321372985839844 2.4813838005065917969 1.9909392595291137695 1.4863164424896240234 0.96864169836044311523 0.43894091248512268066      0      0 -1e100 -1e100 -1e100 -1e100 -1e100 -1e100 -1e100 -1e100 -1e100 -1e100 -1e100 -1e100 -1e100 -1e100 -1e100 -1e100 -1e100 -1e100 -1e100 -1e100 -1e100 -1e100 -1e100 -1e100 -1e100 -1e100 -1e100 -1e100 -1e100 -1e100 -1e100 -1e100 -1e100 -1e100 -1e100 -1e100 -1e100 -1e100 -1e100 -1e100 -1e100 -1e100 -1e100 -1e100 -1e100 -1e100 -1e100 -1e100 -1e100 -1e100 -1e100 -1e100 -1e100 -1e100 -1e100 -1e100 -1e100 -1e100 -1e100 -1e100 -1e100 -1e100 -1e100 -1e100 -1e100
 -1e100 -1e100 -1e100 -1e100 -1e100 -1e100 -1e100 -1e100 -1e100 -1e100 -1e100 -1e100 -1e100 -1e100 -1e100 -1e100 -1e100 -1e100 -1e100 -1e100 -1e100 -1e100 -1e100 -1e100 -1e100 -1e100 -1e100 -1e100 -1e100 -1e100 24.431491851806640625 23.650859832763671875 23.139591217041015625 22.856723785400390625 22.756353378295898438 22.790159225463867188 22.90935516357421875 23.067829132080078125 23.223745346069335938 23.342210769653320312 23.395366668701171875 23.363315582275390625 23.235521316528320312 23.013738632202148438 22.712675094604492188 22.353212356567382812 21.956523895263671875 21.541400909423828125 21.119806289672851562 20.696329116821289062 20.272308349609375 19.847208023071289062 19.420198440551757812 18.990552902221679688 18.557888031005859375 18.122150421142578125 17.683361053466796875 17.24156951904296875 16.79676055908203125 16.348985671997070312 15.898420333862304688 15.445597648620605469 14.991517066955566406 14.537708282470703125 14.086137771606445312 13.638982772827148438 13.198427200317382812 12.766459465026855469 12.344756126403808594 11.934554100036621094 11.536593437194824219 11.151129722595214844 10.777971267700195312 10.4165496826171875 10.065984725952148438 9.7251491546630859375 9.392726898193359375 9.0672674179077148438 8.747222900390625 8.4309701919555664062 8.116832733154296875 7.8030834197998046875 7.4879693984985351562 7.1696991920471191406 6.8464651107788085938 6.5164403915405273438 6.1778240203857421875 5.828857421875 5.467884063720703125 5.0933885574340820312 4.7040548324584960938 4.2988214492797851562 3.8769133090972900391 3.4379236698150634766 2.9818398952484130859 2.5090913772583007812 2.0204834938049316406 1.5170077085494995117 0.99971479177474975586 0.4693253636360168457      0      0 -1e100 -1e100 -1e100 -1e100 -1e100 -1e100 -1e100 -1e100 -1e100 -1e100 -1e100 -1e100 -1e100 -1e100 -1e100 -1e100 -1e100 -1e100 -1e100 -1e100 -1e100 -1e100 -1e100 -1e100 -1e100 -1e100 -1e100 -1e100 -1e100 -1e100 -1e100 -1e100 -1e100 -1e100 -1e100 -1e100 -1e100 -1e100 -1e100 -1e100 -1e100 -1e100 -1e100 -1e100 -1e100 -1e100 -1e100 -1e100 -1e100 -1e100 -1e100 -1e100 -1e100 -1e100 -1e100 -1e100 -1e100 -1e100 -1e100 -1e100 -1e100 -1e100 -1e100 -1e100 -1e100
 -1e100 -1e100 -1e100 -1e100 -1e100 -1e100 -1e100 -1e100 -1e100 -1e100 -1e100 -1e100 -1e100 -1e100 -1e100 -1e100 -1e100 -1e100 -1e100 -1e100 -1e100 -1e100 -1e100 -1e100 -1e100 -1e100 -1e100 -1e100 -1e100 -1e100 26.555377960205078125 25.7811431884765625 25.254749298095703125 24.937839508056640625 24.7872161865234375 24.757122039794921875 24.801074981689453125 24.87499237060546875 24.938755035400390625 24.958959579467773438 24.908895492553710938 24.769235610961914062 24.529361724853515625 24.192159652709960938 23.7776031494140625 23.310197830200195312 22.81029510498046875 22.296998977661132812 21.784709930419921875 21.27849578857421875 20.779743194580078125 20.287853240966796875 19.8016815185546875 19.319856643676757812 18.841253280639648438 18.365009307861328125 17.890386581420898438 17.416719436645507812 16.943353652954101562 16.469774246215820312 15.995698928833007812 15.52130889892578125 15.047377586364746094 14.575344085693359375 14.107177734375 13.645113945007324219 13.191403388977050781 12.748085975646972656 12.316852569580078125 11.898913383483886719 11.494931221008300781 11.105048179626464844 10.728933334350585938 10.365866661071777344 10.014819145202636719 9.6745147705078125 9.3434963226318359375 9.0201807022094726562 8.7029018402099609375 8.3899259567260742188 8.0794801712036132812 7.7697534561157226562 7.4589204788208007812 7.1451253890991210938 6.8265047073364257812 6.5011820793151855469 6.1673154830932617188 5.8231062889099121094 5.4668560028076171875 5.0969944000244140625 4.7121405601501464844 4.3111505508422851562 3.8931586742401123047 3.457660675048828125 3.0045518875122070312 2.534191131591796875 2.0473349094390869141 1.5448703765869140625 1.0274858474731445312 0.49655920267105102539      0      0 -1e100 -1e100 -1e100 -1e100 -1e100 -1e100 -1e100 -1e100 -1e100 -1e100 -1e100 -1e100 -1e100 -1e100 -1e100 -1e100 -1e100 -1e100 -1e100 -1e100 -1e100 -1e100 -1e100 -1e100 -1e100 -1e100 -1e100 -1e100 -1e100 -1e100 -1e100 -1e100 -1e100 -1e100 -1e100 -1e100 -1e100 -1e100 -1e100 -1e100 -1e100 -1e100 -1e100 -1e100 -1e100 -1e100 -1e100 -1e100 -1e100 -1e100 -1e100 -1e100 -1e100 -1e100 -1e100 -1e100 -1e100 -1e100 -1e100 -1e100 -1e100 -1e100 -1e100 -1e100 -1e100
 -1e100 -1e100 -1e100 -1e100 -1e100 -1e100 -1e100 -1e100 -1e100 -1e100 -1e100 -1e100 -1e100 -1e100 -1e100 -1e100 -1e100 -1e100 -1e100 -1e100 -1e100 -1e100 -1e100 -1e100 -1e100 -1e100 -1e100 -1e100 -1e100 -1e100 -1e100 27.818859100341796875 27.275707244873046875 26.923770904541015625 26.722375869750976562 26.628206253051757812 26.597126007080078125 26.587060928344726562 26.559667587280273438 26.48326873779296875 26.3331756591796875 26.09169769287109375 25.746755599975585938 25.298608779907226562 24.776760101318359375 24.212190628051757812 23.620790481567382812 23.0175933837890625 22.420415878295898438 21.835912704467773438 21.265909194946289062 20.70992279052734375 20.166639328002929688 19.634225845336914062 19.110942840576171875 18.595203399658203125 18.085559844970703125 17.580659866333007812 17.079235076904296875 16.580244064331054688 16.082958221435546875 15.587216377258300781 15.093575477600097656 14.603395462036132812 14.118673324584960938 13.64173126220703125 13.174921989440917969 12.720361709594726562 12.279775619506835938 11.854348182678222656 11.444659233093261719 11.050724983215332031 10.672060012817382812 10.307782173156738281 9.9566974639892578125 9.6173734664916992188 9.2882051467895507812 8.967472076416015625 8.6533832550048828125 8.3440942764282226562 8.0377359390258789062 7.7324118614196777344 7.4262228012084960938 7.1172466278076171875 6.803562164306640625 6.4832406044006347656 6.1543927192687988281 5.815174102783203125 5.4638357162475585938 5.0987520217895507812 4.7184762954711914062 4.3217906951904296875 3.9077477455139160156 3.4757599830627441406 3.0256469249725341797 2.5577256679534912109 2.0727398395538330078 1.5715885162353515625 1.0551162958145141602 0.52546614408493041992      0      0 -1e100 -1e100 -1e100 -1e100 -1e100 -1e100 -1e100 -1e100 -1e100 -1e100 -1e100 -1e100 -1e100 -1e100 -1e100 -1e100 -1e100 -1e100 -1e100 -1e100 -1e100 -1e100 -1e100 -1e100 -1e100 -1e100 -1e100 -1e100 -1e100 -1e100 -1e100 -1e100 -1e100 -1e100 -1e100 -1e100 -1e100 -1e100 -1e100 -1e100 -1e100 -1e100 -1e100 -1e100 -1e100 -1e100 -1e100 -1e100 -1e100 -1e100 -1e100 -1e100 -1e100 -1e100 -1e100 -1e100 -1e100 -1e100 -1e100 -1e100 -1e100 -1e100 -1e100 -1e100 -1e100
 -1e100 -1e100 -1e100 -1e100 -1e100 -1e100 -1e100 -1e100 -1e100 -1e100 -1e100 -1e100 -1e100 -1e100 -1e100 -1e100 -1e100 -1e100 -1e100 -1e100 -1e100 -1e100 -1e100 -1e100 -1e100 -1e100 -1e100 -1e100 -1e100 -1e100 -1e100 29.719358444213867188 29.1569976806640625 28.768007278442382812 28.514072418212890625 28.354312896728515625 28.246952056884765625 28.15180206298828125 28.031927108764648438 27.857503890991210938 27.608423233032226562 27.273374557495117188 26.837312698364257812 26.282785415649414062 25.65842437744140625 25.010065078735351562 24.345911026000976562 23.667972564697265625 22.996854782104492188 22.342554092407226562 21.70827484130859375 21.09397125244140625 20.498292922973632812 19.919099807739257812 19.3542327880859375 18.801517486572265625 18.258930206298828125 17.724519729614257812 17.196498870849609375 16.673357009887695312 16.153957366943359375 15.637808799743652344 15.125268936157226562 14.617626190185546875 14.116930961608886719 13.625636100769042969 13.146229743957519531 12.680938720703125 12.231534004211425781 11.799182891845703125 11.384375572204589844 10.986996650695800781 10.606393814086914062 10.241515159606933594 9.890995025634765625 9.5532360076904296875 9.2264804840087890625 8.90886688232421875 8.5984811782836914062 8.293365478515625 7.9915571212768554688 7.6910753250122070312 7.3899478912353515625 7.0861849784851074219 6.7778058052062988281 6.4628272056579589844 6.1393084526062011719 5.8053560256958007812 5.4591689109802246094 5.0990643501281738281 4.7235341072082519531 4.3312931060791015625 3.9213232994079589844 3.4929633140563964844 3.0459673404693603516 2.5806105136871337891 2.097629547119140625 1.5980319976806640625 1.0831098556518554688 0.55468612909317016602 0.015163848176598548889      0 -1e100 -1e100 -1e100 -1e100 -1e100 -1e100 -1e100 -1e100 -1e100 -1e100 -1e100 -1e100 -1e100 -1e100 -1e100 -1e100 -1e100 -1e100 -1e100 -1e100 -1e100 -1e100 -1e100 -1e100 -1e100 -1e100 -1e100 -1e100 -1e100 -1e100 -1e100 -1e100 -1e100 -1e100 -1e100 -1e100 -1e100 -1e100 -1e100 -1e100 -1e100 -1e100 -1e100 -1e100 -1e100 -1e100 -1e100 -1e100 -1e100 -1e100 -1e100 -1e100 -1e100 -1e100 -1e100 -1e100 -1e100 -1e100 -1e100 -1e100 -1e100 -1e100 -1e100 -1e100 -1e100
 -1e100 -1e100 -1e100 -1e100 -1e100 -1e100 -1e100 -1e100 -1e100 -1e100 -1e100 -1e100 -1e100 -1e100 -1e100 -1e100 -1e100 -1e100 -1e100 -1e100 -1e100 -1e100 -1e100 -1e100 -1e100 -1e100 -1e100 -1e100 -1e100 -1e100 -1e100 -1e100 30.86124420166015625 30.431825637817382812 30.122064590454101562 29.893510818481445312 29.706678390502929688 29.52269744873046875 29.30455780029296875 29.023529052734375 28.669300079345703125 28.2516021728515625 27.759180068969726562 27.107952117919921875 26.3853912353515625 25.66492462158203125 24.9481964111328125 24.216243743896484375 23.48746490478515625 22.77588653564453125 22.087474822998046875 21.423288345336914062 20.782190322875976562 20.161947250366210938 19.560152053833007812 18.974273681640625 18.401876449584960938 17.840585708618164062 17.288236618041992188 16.7429351806640625 16.203187942504882812 15.668200492858886719 15.138146400451660156 14.61426544189453125 14.098699569702148438 13.594066619873046875 13.10302734375 12.627931594848632812 12.170606613159179688 11.73220062255859375 11.313120841979980469 10.913116455078125 10.531368255615234375 10.166647911071777344 9.8174142837524414062 9.4819040298461914062 9.1582050323486328125 8.8443155288696289062 8.53820037841796875 8.2377939224243164062 7.9410429000854492188 7.6458859443664550781 7.3502779006958007812 7.05216217041015625 6.7494945526123046875 6.4402356147766113281 6.1223917007446289062 5.7940163612365722656 5.4532561302185058594 5.0983734130859375 4.7278017997741699219 4.3401961326599121094 3.9344770908355712891 3.5099194049835205078 3.0662181377410888672 2.6035976409912109375 2.1228001117706298828 1.624947667121887207 1.1114975214004516602 0.58429688215255737305 0.045654859393835067749      0      0 -1e100 -1e100 -1e100 -1e100 -1e100 -1e100 -1e100 -1e100 -1e100 -1e100 -1e100 -1e100 -1e100 -1e100 -1e100 -1e100 -1e100 -1e100 -1e100 -1e100 -1e100 -1e100 -1e100 -1e100 -1e100 -1e100 -1e100 -1e100 -1e100 -1e100 -1e100 -1e100 -1e100 -1e100 -1e100 -1e100 -1e100 -1e100 -1e100 -1e100 -1e100 -1e100 -1e100 -1e100 -1e100 -1e100 -1e100 -1e100 -1e100 -1e100 -1e100 -1e100 -1e100 -1e100 -1e100 -1e100 -1e100 -1e100 -1e100 -1e100 -1e100 -1e100 -1e100 -1e100
 -1e100 -1e100 -1e100 -1e100 -1e100 -1e100 -1e100 -1e100 -1e100 -1e100 -1e100 -1e100 -1e100 -1e100 -1e100 -1e100 -1e100 -1e100 -1e100 -1e100 -1e100 -1e100 -1e100 -1e100 -1e100 -1e100 -1e100 -1e100 -1e100 -1e100 -1e100 -1e100 -1e100 31.885997772216796875 31.515974044799804688 31.214216232299804688 30.943407058715820312 30.664842605590820312 30.338045120239257812 29.930784225463867188 29.446241378784179688 28.9505767822265625 28.49526214599609375 27.780729293823242188 26.957025527954101562 26.167453765869140625 25.40930938720703125 24.642381668090820312 23.874437332153320312 23.120782852172851562 22.390512466430664062 21.686513900756835938 21.0083160400390625 20.353872299194335938 19.72076416015625 19.10631561279296875 18.507907867431640625 17.922941207885742188 17.349033355712890625 16.784009933471679688 16.226083755493164062 15.674218177795410156 15.128447532653808594 14.590000152587890625 14.061147689819335938 13.544690132141113281 13.043458938598632812 12.559906959533691406 12.095918655395507812 11.652630805969238281 11.23036956787109375 10.828754425048828125 10.446801185607910156 10.083111763000488281 9.735973358154296875 9.4034576416015625 9.08350372314453125 8.7739763259887695312 8.4727258682250976562 8.1775903701782226562 7.8864297866821289062 7.59710693359375 7.3075041770935058594 7.0154957771301269531 6.7189736366271972656 6.4158387184143066406 6.1040406227111816406 5.7815790176391601562 5.4465465545654296875 5.0971522331237792969 4.7317776679992675781 4.3490238189697265625 3.9477581977844238281 3.5272023677825927734 3.0869996547698974609 2.6273250579833984375 2.1489105224609375 1.6529541015625 1.1410155296325683594 0.61499971151351928711 0.077241592109203338623      0      0 -1e100 -1e100 -1e100 -1e100 -1e100 -1e100 -1e100 -1e100 -1e100 -1e100 -1e100 -1e100 -1e100 -1e100 -1e100 -1e100 -1e100 -1e100 -1e100 -1e100 -1e100 -1e100 -1e100 -1e100 -1e100 -1e100 -1e100 -1e100 -1e100 -1e100 -1e100 -1e100 -1e100 -1e100 -1e100 -1e100 -1e100 -1e100 -1e100 -1e100 -1e100 -1e100 -1e100 -1e100 -1e100 -1e100 -1e100 -1e100 -1e100 -1e100 -1e100 -1e100 -1e100 -1e100 -1e100 -1e100 -1e100 -1e100 -1e100 -1e100 -1e100 -1e100 -1e100 -1e100
 -1e100 -1e100 -1e100 -1e100 -1e100 -1e100 -1e100 -1e100 -1e100 -1e100 -1e100 -1e100 -1e100 -1e100 -1e100 -1e100 -1e100 -1e100 -1e100 -1e100 -1e100 -1e100 -1e100 -1e100 -1e100 -1e100 -1e100 -1e100 -1e100 -1e100 -1e100 -1e100 -1e100 33.113605499267578125 32.67885589599609375 32.2998046875 31.941579818725585938 31.564821243286132812 31.12062835693359375 30.560361862182617188 29.88686370849609375 29.275386810302734375 29.060588836669921875 28.398777008056640625 27.418231964111328125 26.54265594482421875 25.73944091796875 24.946224212646484375 24.153289794921875 23.371822357177734375 22.612073898315429688 21.87859344482421875 21.171846389770507812 20.490274429321289062 19.831663131713867188 19.193431854248046875 18.572973251342773438 17.967672348022460938 17.375055313110351562 16.79277801513671875 16.218885421752929688 15.652234077453613281 15.092822074890136719 14.541886329650878906 14.001824378967285156 13.475575447082519531 12.966078758239746094 12.475848197937011719 12.006815910339355469 11.56011199951171875 11.135991096496582031 10.733951568603515625 10.3528594970703125 9.99115753173828125 9.64697265625 9.3182249069213867188 9.002716064453125 8.6981935501098632812 8.4024076461791992188 8.113109588623046875 7.8280825614929199219 7.5451140403747558594 7.2620172500610351562 6.9765944480895996094 6.6866707801818847656 6.3900818824768066406 6.0847172737121582031 5.768520355224609375 5.4395294189453125 5.0959029197692871094 4.7359724044799804688 4.3582921028137207031 3.9616808891296386719 3.5453178882598876953 3.1088035106658935547 2.652271270751953125 2.1764199733734130859 1.6824699640274047852 1.1720639467239379883 0.64721256494522094727 0.11036290228366851807      0      0 -1e100 -1e100 -1e100 -1e100 -1e100 -1e100 -1e100 -1e100 -1e100 -1e100 -1e100 -1e100 -1e100 -1e100 -1e100 -1e100 -1e100 -1e100 -1e100 -1e100 -1e100 -1e100 -1e100 -1e100 -1e100 -1e100 -1e100 -1e100 -1e100 -1e100 -1e100 -1e100 -1e100 -1e100 -1e100 -1e100 -1e100 -1e100 -1e100 -1e100 -1e100 -1e100 -1e100 -1e100 -1e100 -1e100 -1e100 -1e100 -1e100 -1e100 -1e100 -1e100 -1e100 -1e100 -1e100 -1e100 -1e100 -1e100 -1e100 -1e100 -1e100 -1e100 -1e100 -1e100
 -1e100 -1e100 -1e100 -1e100 -1e100 -1e100 -1e100 -1e100 -1e100 -1e100 -1e100 -1e100 -1e100 -1e100 -1e100 -1e100 -1e100 -1e100 -1e100 -1e100 -1e100 -1e100 -1e100 -1e100 -1e100 -1e100 -1e100 -1e100 -1e100 -1e100 -1e100 -1e100 -1e100 -1e100 33.609355926513671875 33.151371002197265625 32.70660400390625 32.237010955810546875 31.685060501098632812 30.9720611572265625 30.059640884399414062 29.12303924560546875 29.751379013061523438 28.957426071166992188 27.798572540283203125 26.822721481323242188 25.96521759033203125 25.1444091796875 24.332868576049804688 23.53342437744140625 22.754283905029296875 22.00035858154296875 21.272768020629882812 20.570528030395507812 19.891780853271484375 19.234197616577148438 18.595346450805664062 17.972713470458984375 17.363847732543945312 16.766401290893554688 16.1785125732421875 15.599202156066894531 15.028498649597167969 14.467587471008300781 13.918901443481445312 13.385394096374511719 12.870016098022460938 12.375273704528808594 11.903135299682617188 11.454731941223144531 11.030257225036621094 10.629108428955078125 10.250020027160644531 9.8913021087646484375 9.5509386062622070312 9.2267255783081054688 8.9163465499877929688 8.6174554824829101562 8.32772064208984375 8.044818878173828125 7.7664651870727539062 7.4903764724731445312 7.2142939567565917969 6.9359459877014160156 6.65308380126953125 6.3634724617004394531 6.0649380683898925781 5.7553644180297851562 5.4327349662780761719 5.0951595306396484375 4.7409229278564453125 4.3685331344604492188 3.9767661094665527344 3.5647606849670410156 3.1320815086364746094 2.6788260936737060547 2.2056627273559570312 1.7138185501098632812 1.2050329446792602539 0.6814906001091003418 0.14579352736473083496      0      0 -1e100 -1e100 -1e100 -1e100 -1e100 -1e100 -1e100 -1e100 -1e100 -1e100 -1e100 -1e100 -1e100 -1e100 -1e100 -1e100 -1e100 -1e100 -1e100 -1e100 -1e100 -1e100 -1e100 -1e100 -1e100 -1e100 -1e100 -1e100 -1e100 -1e100 -1e100 -1e100 -1e100 -1e100 -1e100 -1e100 -1e100 -1e100 -1e100 -1e100 -1e100 -1e100 -1e100 -1e100 -1e100 -1e100 -1e100 -1e100 -1e100 -1e100 -1e100 -1e100 -1e100 -1e100 -1e100 -1e100 -1e100 -1e100 -1e100 -1e100 -1e100 -1e100 -1e100 -1e100
 -1e100 -1e100 -1e100 -1e100 -1e100 -1e100 -1e100 -1e100 -1e100 -1e100 -1e100 -1e100 -1e100 -1e100 -1e100 -1e100 -1e100 -1e100 -1e100 -1e100 -1e100 -1e100 -1e100 -1e100 -1e100 -1e100 -1e100 -1e100 -1e100 -1e100 -1e100 -1e100 -1e100 -1e100 34.321353912353515625 33.7862701416015625 33.26050567626953125 32.7132568359375 32.092769622802734375 31.319440841674804688 30.335170745849609375 29.532880783081054688 30.1309356689453125 29.193632125854492188 28.008428573608398438 26.988782882690429688 26.094181060791015625 25.250799179077148438 24.4256439208984375 23.6150360107421875 22.824018478393554688 22.056758880615234375 21.314617156982421875 20.597097396850585938 19.902740478515625 19.229541778564453125 18.5753021240234375 17.937673568725585938 17.31432342529296875 16.703176498413085938 16.102918624877929688 15.513138771057128906 14.933876991271972656 14.366007804870605469 13.811747550964355469 13.273900032043457031 12.75531005859375 12.258456230163574219 11.785337448120117188 11.337087631225585938 10.913854598999023438 10.514954566955566406 10.1390228271484375 9.7842655181884765625 9.4485597610473632812 9.1296052932739257812 8.8250017166137695312 8.5323362350463867188 8.2492151260375976562 7.9732570648193359375 7.7021121978759765625 7.4334306716918945312 7.1648783683776855469 6.8941011428833007812 6.6187701225280761719 6.3365755081176757812 6.0452728271484375 5.7426848411560058594 5.4267396926879882812 5.0954980850219726562 4.7472009658813476562 4.3803133964538574219 3.9935712814331054688 3.5860741138458251953 3.1573493480682373047 2.7074644565582275391 2.2370722293853759766 1.7474429607391357422 1.2404955625534057617 0.71868211030960083008 0.18476727604866027832      0      0 -1e100 -1e100 -1e100 -1e100 -1e100 -1e100 -1e100 -1e100 -1e100 -1e100 -1e100 -1e100 -1e100 -1e100 -1e100 -1e100 -1e100 -1e100 -1e100 -1e100 -1e100 -1e100 -1e100 -1e100 -1e100 -1e100 -1e100 -1e100 -1e100 -1e100 -1e100 -1e100 -1e100 -1e100 -1e100 -1e100 -1e100 -1e100 -1e100 -1e100 -1e100 -1e100 -1e100 -1e100 -1e100 -1e100 -1e100 -1e100 -1e100 -1e100 -1e100 -1e100 -1e100 -1e100 -1e100 -1e100 -1e100 -1e100 -1e100 -1e100 -1e100 -1e100 -1e100 -1e100
 -1e100 -1e100 -1e100 -1e100 -1e100 -1e100 -1e100 -1e100 -1e100 -1e100 -1e100 -1e100 -1e100 -1e100 -1e100 -1e100 -1e100 -1e100 -1e100 -1e100 -1e100 -1e100 -1e100 -1e100 -1e100 -1e100 -1e100 -1e100 -1e100 -1e100 -1e100 -1e100 -1e100 -1e100 -1e100 34.232975006103515625 33.632488250732421875 33.01729583740234375 32.35112762451171875 31.578691482543945312 30.666200637817382812 29.968341827392578125 29.771686553955078125 28.970018386840820312 27.970708847045898438 27.013502120971679688 26.125051498413085938 25.275045394897460938 24.443601608276367188 23.62752532958984375 22.83016204833984375 22.054859161376953125 21.302988052368164062 20.574422836303710938 19.86804962158203125 19.182176589965820312 18.514822006225585938 17.8637847900390625 17.2269439697265625 16.602893829345703125 15.991564750671386719 15.393801689147949219 14.809230804443359375 14.237874984741210938 13.681392669677734375 13.142221450805664062 12.62310028076171875 12.126527786254882812 11.654536247253417969 11.208261489868164062 10.787814140319824219 10.392457008361816406 10.020760536193847656 9.6708631515502929688 9.3405771255493164062 9.0275402069091796875 8.7293081283569335938 8.4434270858764648438 8.1674642562866210938 7.8989901542663574219 7.6355953216552734375 7.374858856201171875 7.1143627166748046875 6.8516621589660644531 6.5843405723571777344 6.3100056648254394531 6.0263400077819824219 5.7311015129089355469 5.4221634864807128906 5.0975370407104492188 4.7554211616516113281 4.3942422866821289062 4.0126976966857910156 3.6098489761352539062 3.1851878166198730469 2.7387559413909912109 2.2712168693542480469 1.7839549779891967773 1.2791842222213745117 0.75980108976364135742 0.22886048257350921631      0      0 -1e100 -1e100 -1e100 -1e100 -1e100 -1e100 -1e100 -1e100 -1e100 -1e100 -1e100 -1e100 -1e100 -1e100 -1e100 -1e100 -1e100 -1e100 -1e100 -1e100 -1e100 -1e100 -1e100 -1e100 -1e100 -1e100 -1e100 -1e100 -1e100 -1e100 -1e100 -1e100 -1e100 -1e100 -1e100 -1e100 -1e100 -1e100 -1e100 -1e100 -1e100 -1e100 -1e100 -1e100 -1e100 -1e100 -1e100 -1e100 -1e100 -1e100 -1e100 -1e100 -1e100 -1e100 -1e100 -1e100 -1e100 -1e100 -1e100 -1e100 -1e100 -1e100 -1e100 -1e100
 -1e100 -1e100 -1e100 -1e100 -1e100 -1e100 -1e100 -1e100 -1e100 -1e100 -1e100 -1e100 -1e100 -1e100 -1e100 -1e100 -1e100 -1e100 -1e100 -1e100 -1e100 -1e100 -1e100 -1e100 -1e100 -1e100 -1e100 -1e100 -1e100 -1e100 -1e100 -1e100 -1e100 -1e100 -1e100 -1e100 33.85945892333984375 33.1825103759765625 32.475536346435546875 31.703187942504882812 30.85430908203125 30.059923171997070312 29.492076873779296875 28.728473663330078125 27.84344482421875 26.948801040649414062 26.079591751098632812 25.23215484619140625 24.399898529052734375 23.58242034912109375 22.7825164794921875 22.002878189086914062 21.244802474975585938 20.50836944580078125 19.792741775512695312 19.096479415893554688 18.417737960815429688 17.7543792724609375 17.10460662841796875 16.4680023193359375 15.846535682678222656 15.243632316589355469 14.6573944091796875 14.086226463317871094 13.5306854248046875 12.992883682250976562 12.475594520568847656 11.981406211853027344 11.512393951416015625 11.069684982299804688 10.653367042541503906 10.262667655944824219 9.8961324691772460938 9.551868438720703125 9.2276601791381835938 8.9211292266845703125 8.629817962646484375 8.3512601852416992188 8.0829992294311523438 7.8225650787353515625 7.5674862861633300781 7.3152585029602050781 7.0633678436279296875 6.8092703819274902344 6.5504508018493652344 6.2844300270080566406 6.0088133811950683594 5.7212915420532226562 5.4196829795837402344 5.10195159912109375 4.7662549018859863281 4.4109835624694824219 4.0347986221313476562 3.6367299556732177734 3.21623992919921875 2.7733592987060546875 2.3087906837463378906 1.8240715265274047852 1.3218066692352294922 0.80559492111206054688 0.27984505891799926758      0      0 -1e100 -1e100 -1e100 -1e100 -1e100 -1e100 -1e100 -1e100 -1e100 -1e100 -1e100 -1e100 -1e100 -1e100 -1e100 -1e100 -1e100 -1e100 -1e100 -1e100 -1e100 -1e100 -1e100 -1e100 -1e100 -1e100 -1e100 -1e100 -1e100 -1e100 -1e100 -1e100 -1e100 -1e100 -1e100 -1e100 -1e100 -1e100 -1e100 -1e100 -1e100 -1e100 -1e100 -1e100 -1e100 -1e100 -1e100 -1e100 -1e100 -1e100 -1e100 -1e100 -1e100 -1e100 -1e100 -1e100 -1e100 -1e100 -1e100 -1e100 -1e100 -1e100 -1e100 -1e100
 -1e100 -1e100 -1e100 -1e100 -1e100 -1e100 -1e100 -1e100 -1e100 -1e100 -1e100 -1e100 -1e100 -1e100 -1e100 -1e100 -1e100 -1e100 -1e100 -1e100 -1e100 -1e100 -1e100 -1e100 -1e100 -1e100 -1e100 -1e100 -1e100 -1e100 -1e100 -1e100 -1e100 -1e100 -1e100 -1e100 33.979511260986328125 33.2509765625 32.506992340087890625 31.723615646362304688 30.890253067016601562 30.071844100952148438 29.335580825805664062 28.546182632446289062 27.69965362548828125 26.837123870849609375 25.981710433959960938 25.13852691650390625 24.307878494262695312 23.491243362426757812 22.691066741943359375 21.909494400024414062 21.147653579711914062 20.405721664428710938 19.683042526245117188 18.978343963623046875 18.28984832763671875 17.615447998046875 16.9535369873046875 16.304433822631835938 15.672903060913085938 15.068095207214355469 14.483852386474609375 13.91602325439453125 13.363768577575683594 12.829296112060546875 12.3155670166015625 11.825329780578613281 11.360696792602539062 10.922773361206054688 10.511620521545410156 10.126452445983886719 9.7658100128173828125 9.4278097152709960938 9.1102418899536132812 8.8107481002807617188 8.5268878936767578125 8.2562055587768554688 7.9962291717529296875 7.7444415092468261719 7.4982957839965820312 7.2551894187927246094 7.0124988555908203125 6.7675676345825195312 6.5177741050720214844 6.2605452537536621094 5.9934058189392089844 5.7139797210693359375 5.4200296401977539062 5.1094756126403808594 4.7804355621337890625 4.4312653541564941406 4.0605978965759277344 3.6674389839172363281 3.2512443065643310547 2.8120598793029785156 2.3506379127502441406 1.8686507940292358398 1.3690279722213745117 0.85615175962448120117 0.33328953385353088379      0      0 -1e100 -1e100 -1e100 -1e100 -1e100 -1e100 -1e100 -1e100 -1e100 -1e100 -1e100 -1e100 -1e100 -1e100 -1e100 -1e100 -1e100 -1e100 -1e100 -1e100 -1e100 -1e100 -1e100 -1e100 -1e100 -1e100 -1e100 -1e100 -1e100 -1e100 -1e100 -1e100 -1e100 -1e100 -1e100 -1e100 -1e100 -1e100 -1e100 -1e100 -1e100 -1e100 -1e100 -1e100 -1e100 -1e100 -1e100 -1e100 -1e100 -1e100 -1e100 -1e100 -1e100 -1e100 -1e100 -1e100 -1e100 -1e100 -1e100 -1e100 -1e100 -1e100 -1e100 -1e100
 -1e100 -1e100 -1e100 -1e100 -1e100 -1e100 -1e100 -1e100 -1e100 -1e100 -1e100 -1e100 -1e100 -1e100 -1e100 -1e100 -1e100 -1e100 -1e100 -1e100 -1e100 -1e100 -1e100 -1e100 -1e100 -1e100 -1e100 -1e100 -1e100 -1e100 -1e100 -1e100 -1e100 -1e100 -1e100 -1e100 -1e100 33.251354217529296875 32.474811553955078125 31.677539825439453125 30.846670150756835938 30.014577865600585938 29.209188461303710938 28.390218734741210938 27.547954559326171875 26.696079254150390625 25.847293853759765625 25.0074615478515625 24.179105758666992188 23.36428070068359375 22.56501007080078125 21.782949447631835938 21.019018173217773438 20.273387908935546875 19.545541763305664062 18.834339141845703125 18.1381072998046875 17.454776763916015625 16.7826995849609375 16.122186660766601562 15.480200767517089844 14.877686500549316406 14.297951698303222656 13.734055519104003906 13.185639381408691406 12.655138969421386719 12.145747184753417969 11.66028594970703125 11.200852394104003906 10.768471717834472656 10.363164901733398438 9.9841279983520507812 9.6299228668212890625 9.2986879348754882812 8.9882555007934570312 8.6963138580322265625 8.4204664230346679688 8.1582746505737304688 7.9072461128234863281 7.6648030281066894531 7.4283013343811035156 7.1950192451477050781 6.9622073173522949219 6.7270827293395996094 6.486907958984375 6.239009857177734375 5.9808287620544433594 5.7099223136901855469 5.4239988327026367188 5.1209340095520019531 4.798809051513671875 4.4559497833251953125 4.0909686088562011719 3.7028708457946777344 3.2911365032196044922 2.8558599948883056641 2.3978650569915771484 1.9189243316650390625 1.4221349954605102539 0.91188102960586547852 0.39021033048629760742      0      0 -1e100 -1e100 -1e100 -1e100 -1e100 -1e100 -1e100 -1e100 -1e100 -1e100 -1e100 -1e100 -1e100 -1e100 -1e100 -1e100 -1e100 -1e100 -1e100 -1e100 -1e100 -1e100 -1e100 -1e100 -1e100 -1e100 -1e100 -1e100 -1e100 -1e100 -1e100 -1e100 -1e100 -1e100 -1e100 -1e100 -1e100 -1e100 -1e100 -1e100 -1e100 -1e100 -1e100 -1e100 -1e100 -1e100 -1e100 -1e100 -1e100 -1e100 -1e100 -1e100 -1e100 -1e100 -1e100 -1e100 -1e100 -1e100 -1e100 -1e100 -1e100 -1e100 -1e100 -1e100
 -1e100 -1e100 -1e100 -1e100 -1e100 -1e100 -1e100 -1e100 -1e100 -1e100 -1e100 -1e100 -1e100 -1e100 -1e100 -1e100 -1e100 -1e100 -1e100 -1e100 -1e100 -1e100 -1e100 -1e100 -1e100 -1e100 -1e100 -1e100 -1e100 -1e100 -1e100 -1e100 -1e100 -1e100 -1e100 -1e100 -1e100 33.200164794921875 32.396160125732421875 31.5819549560546875 30.7473297119140625 29.905405044555664062 29.069499969482421875 28.229961395263671875 27.38251495361328125 26.532342910766601562 25.686298370361328125 24.84891510009765625 24.022882461547851562 23.210124969482421875 22.412248611450195312 21.63050079345703125 20.865591049194335938 20.117679595947265625 19.38636016845703125 18.670698165893554688 17.969287872314453125 17.280420303344726562 16.602754592895507812 15.93718719482421875 15.291501998901367188 14.689965248107910156 14.109572410583496094 13.5465850830078125 13.000301361083984375 12.473034858703613281 11.967808723449707031 11.487261772155761719 11.033308982849121094 10.6068115234375 10.207713127136230469 9.8351879119873046875 9.4878168106079101562 9.1637783050537109375 8.86096954345703125 8.5771474838256835938 8.3099689483642578125 8.0570096969604492188 7.8157396316528320312 7.5834903717041015625 7.357494354248046875 7.1348881721496582031 6.9127759933471679688 6.6882343292236328125 6.4583973884582519531 6.2204866409301757812 5.9718542098999023438 5.7099885940551757812 5.4325418472290039062 5.1373467445373535156 4.82244873046875 4.4861497879028320312 4.1270599365234375 3.7442111968994140625 3.3371431827545166016 2.9060387611389160156 2.4518096446990966797 1.9763244390487670898 1.4826222658157348633 0.97435325384140014648 0.45452821254730224609      0 -1e100 -1e100 -1e100 -1e100 -1e100 -1e100 -1e100 -1e100 -1e100 -1e100 -1e100 -1e100 -1e100 -1e100 -1e100 -1e100 -1e100 -1e100 -1e100 -1e100 -1e100 -1e100 -1e100 -1e100 -1e100 -1e100 -1e100 -1e100 -1e100 -1e100 -1e100 -1e100 -1e100 -1e100 -1e100 -1e100 -1e100 -1e100 -1e100 -1e100 -1e100 -1e100 -1e100 -1e100 -1e100 -1e100 -1e100 -1e100 -1e100 -1e100 -1e100 -1e100 -1e100 -1e100 -1e100 -1e100 -1e100 -1e100 -1e100 -1e100 -1e100 -1e100 -1e100 -1e100 -1e100
 -1e100 -1e100 -1e100 -1e100 -1e100 -1e100 -1e100 -1e100 -1e100 -1e100 -1e100 -1e100 -1e100 -1e100 -1e100 -1e100 -1e100 -1e100 -1e100 -1e100 -1e100 -1e100 -1e100 -1e100 -1e100 -1e100 -1e100 -1e100 -1e100 -1e100 -1e100 -1e100 -1e100 -1e100 -1e100 -1e100 -1e100 -1e100 32.284168243408203125 31.452602386474609375 30.608991622924804688 29.757902145385742188 28.906423568725585938 28.054264068603515625 27.201259613037109375 26.350336074829101562 25.505491256713867188 24.669963836669921875 23.8459930419921875 23.035186767578125 22.238782882690429688 21.457719802856445312 20.69254302978515625 19.943422317504882812 19.21007537841796875 18.491846084594726562 17.787748336791992188 17.096796035766601562 16.418519973754882812 15.754817962646484375 15.1128997802734375 14.504033088684082031 13.919208526611328125 13.354029655456542969 12.808065414428710938 12.28305816650390625 11.781515121459960938 11.305699348449707031 10.857189178466796875 10.436651229858398438 10.043925285339355469 9.6781597137451171875 9.3379583358764648438 9.0215587615966796875 8.726940155029296875 8.4519376754760742188 8.1942586898803710938 7.9514746665954589844 7.7209858894348144531 7.5000004768371582031 7.2855935096740722656 7.0747356414794921875 6.8643603324890136719 6.6513857841491699219 6.4328050613403320312 6.2057271003723144531 5.9674067497253417969 5.7152605056762695312 5.44687652587890625 5.1600422859191894531 4.8527684211730957031 4.5233449935913085938 4.1703968048095703125 3.7930157184600830078 3.390834808349609375 2.9641549587249755859 2.5139958858489990234 2.0422997474670410156 -1e100 -1e100 -1e100 -1e100 -1e100 -1e100 -1e100 -1e100 -1e100 -1e100 -1e100 -1e100 -1e100 -1e100 -1e100 -1e100 -1e100 -1e100 -1e100 -1e100 -1e100 -1e100 -1e100 -1e100 -1e100 -1e100 -1e100 -1e100 -1e100 -1e100 -1e100 -1e100 -1e100 -1e100 -1e100 -1e100 -1e100 -1e100 -1e100 -1e100 -1e100 -1e100 -1e100 -1e100 -1e100 -1e100 -1e100 -1e100 -1e100 -1e100 -1e100 -1e100 -1e100 -1e100 -1e100 -1e100 -1e100 -1e100 -1e100 -1e100 -1e100 -1e100 -1e100 -1e100 -1e100 -1e100 -1e100 -1e100 -1e100
 -1e100 -1e100 -1e100 -1e100 -1e100 -1e100 -1e100 -1e100 -1e100 -1e100 -1e100 -1e100 -1e100 -1e100 -1e100 -1e100 -1e100 -1e100 -1e100 -1e100 -1e100 -1e100 -1e100 -1e100 -1e100 -1e100 -1e100 -1e100 -1e100 -1e100 -1e100 -1e100 -1e100 -1e100 -1e100 -1e100 -1e100 -1e100 -1e100 31.2991180419921875 30.4445953369140625 29.584606170654296875 28.723476409912109375 27.863483428955078125 27.00627899169921875 26.154169082641601562 25.309833526611328125 24.4756011962890625 23.653230667114257812 22.843988418579101562 22.048824310302734375 21.26845550537109375 20.503320693969726562 19.75359344482421875 19.019113540649414062 18.299478530883789062 17.594148635864257812 16.90276336669921875 16.2256011962890625 15.564622879028320312 14.924525260925292969 14.310866355895996094 13.721136093139648438 13.153155326843261719 12.606763839721679688 12.083402633666992188 11.585110664367675781 11.113712310791015625 10.670454978942871094 10.255812644958496094 9.869533538818359375 9.5107450485229492188 9.1780872344970703125 8.869876861572265625 8.5841846466064453125 8.3189210891723632812 8.0718278884887695312 7.8404397964477539062 7.6220455169677734375 7.4136857986450195312 7.2122445106506347656 7.0144963264465332031 6.8171763420104980469 6.6170277595520019531 6.410884857177734375 6.1957325935363769531 5.9687161445617675781 5.7271699905395507812 5.4686031341552734375 5.1907553672790527344 4.8915991783142089844 4.5694227218627929688 4.2228894233703613281 -1e100 -1e100 -1e100 -1e100 -1e100 -1e100 -1e100 -1e100 -1e100 -1e100 -1e100 -1e100 -1e100 -1e100 -1e100 -1e100 -1e100 -1e100 -1e100 -1e100 -1e100 -1e100 -1e100 -1e100 -1e100 -1e100 -1e100 -1e100 -1e100 -1e100 -1e100 -1e100 -1e100 -1e100 -1e100 -1e100 -1e100 -1e100 -1e100 -1e100 -1e100 -1e100 -1e100 -1e100 -1e100 -1e100 -1e100 -1e100 -1e100 -1e100 -1e100 -1e100 -1e100 -1e100 -1e100 -1e100 -1e100 -1e100 -1e100 -1e100 -1e100 -1e100 -1e100 -1e100 -1e100 -1e100 -1e100 -1e100 -1e100 -1e100 -1e100 -1e100 -1e100 -1e100
 -1e100 -1e100 -1e100 -1e100 -1e100 -1e100 -1e100 -1e100 -1e100 -1e100 -1e100 -1e100 -1e100 -1e100 -1e100 -1e100 -1e100 -1e100 -1e100 -1e100 -1e100 -1e100 -1e100 -1e100 -1e100 -1e100 -1e100 -1e100 -1e100 -1e100 -1e100 -1e100 -1e100 -1e100 -1e100 -1e100 -1e100 -1e100 -1e100 31.128040313720703125 30.263154983520507812 29.39495086669921875 28.526739120483398438 27.661285400390625 26.800762176513671875 25.947256088256835938 25.102796554565429688 24.2691650390625 23.447713851928710938 22.639417648315429688 21.84500885009765625 21.065038681030273438 20.299863815307617188 19.549648284912109375 18.814321517944335938 18.093677520751953125 17.38751983642578125 16.69593048095703125 16.019487380981445312 15.359785079956054688 14.720096588134765625 14.103616714477539062 13.510373115539550781 12.940039634704589844 12.393167495727539062 11.871184349060058594 11.375794410705566406 10.908488273620605469 10.470248222351074219 10.061417579650878906 9.6816768646240234375 9.3301534652709960938 9.0055475234985351562 8.706272125244140625 8.4304904937744140625 8.1761722564697265625 7.9410691261291503906 7.7226352691650390625 7.5179910659790039062 7.3239593505859375 7.1371984481811523438 6.9542555809020996094 6.771636962890625 6.5858922004699707031 6.3936715126037597656 6.1918239593505859375 5.9773626327514648438 5.7475233078002929688 -1e100 -1e100 -1e100 -1e100 -1e100 -1e100 -1e100 -1e100 -1e100 -1e100 -1e100 -1e100 -1e100 -1e100 -1e100 -1e100 -1e100 -1e100 -1e100 -1e100 -1e100 -1e100 -1e100 -1e100 -1e100 -1e100 -1e100 -1e100 -1e100 -1e100 -1e100 -1e100 -1e100 -1e100 -1e100 -1e100 -1e100 -1e100 -1e100 -1e100 -1e100 -1e100 -1e100 -1e100 -1e100 -1e100 -1e100 -1e100 -1e100 -1e100 -1e100 -1e100 -1e100 -1e100 -1e100 -1e100 -1e100 -1e100 -1e100 -1e100 -1e100 -1e100 -1e100 -1e100 -1e100 -1e100 -1e100 -1e100 -1e100 -1e100 -1e100 -1e100 -1e100 -1e100 -1e100 -1e100 -1e100 -1e100 -1e100
 -1e100 -1e100 -1e100 -1e100 -1e100 -1e100 -1e100 -1e100 -1e100 -1e100 -1e100 -1e100 -1e100 -1e100 -1e100 -1e100 -1e100 -1e100 -1e100 -1e100 -1e100 -1e100 -1e100 -1e100 -1e100 -1e100 -1e100 -1e100 -1e100 -1e100 -1e100 -1e100 -1e100 -1e100 -1e100 -1e100 -1e100 -1e100 -1e100 -1e100 30.070972442626953125 29.195344924926757812 28.321094512939453125 27.450960159301757812 26.587194442749023438 25.731760025024414062 24.886371612548828125 24.052463531494140625 23.231073379516601562 22.422939300537109375 21.6286163330078125 20.8485260009765625 20.08293914794921875 19.331996917724609375 18.595676422119140625 17.8739013671875 17.166690826416015625 16.47434234619140625 15.797558784484863281 15.137777328491210938 14.4974212646484375 13.878755569458007812 13.282912254333496094 12.71077728271484375 12.163533210754394531 11.642713546752929688 11.14986419677734375 10.686285018920898438 10.252812385559082031 9.8497343063354492188 9.4766931533813476562 9.1328477859497070312 8.8169918060302734375 8.52764892578125 8.2630605697631835938 8.0212373733520507812 7.7999072074890136719 7.5963854789733886719 7.4075517654418945312 7.2299666404724121094 7.0600252151489257812 6.8940100669860839844 6.728168487548828125 6.5588245391845703125 -1e100 -1e100 -1e100 -1e100 -1e100 -1e100 -1e100 -1e100 -1e100 -1e100 -1e100 -1e100 -1e100 -1e100 -1e100 -1e100 -1e100 -1e100 -1e100 -1e100 -1e100 -1e100 -1e100 -1e100 -1e100 -1e100 -1e100 -1e100 -1e100 -1e100 -1e100 -1e100 -1e100 -1e100 -1e100 -1e100 -1e100 -1e100 -1e100 -1e100 -1e100 -1e100 -1e100 -1e100 -1e100 -1e100 -1e100 -1e100 -1e100 -1e100 -1e100 -1e100 -1e100 -1e100 -1e100 -1e100 -1e100 -1e100 -1e100 -1e100 -1e100 -1e100 -1e100 -1e100 -1e100 -1e100 -1e100 -1e100 -1e100 -1e100 -1e100 -1e100 -1e100 -1e100 -1e100 -1e100 -1e100 -1e100 -1e100 -1e100 -1e100 -1e100 -1e100
 -1e100 -1e100 -1e100 -1e100 -1e100 -1e100 -1e100 -1e100 -1e100 -1e100 -1e100 -1e100 -1e100 -1e100 -1e100 -1e100 -1e100 -1e100 -1e100 -1e100 -1e100 -1e100 -1e100 -1e100 -1e100 -1e100 -1e100 -1e100 -1e100 -1e100 -1e100 -1e100 -1e100 -1e100 -1e100 -1e100 -1e100 -1e100 -1e100 -1e100 -1e100 28.989870071411132812 28.1095123291015625 27.234380722045898438 26.366716384887695312 25.508434295654296875 24.661096572875976562 23.825891494750976562 23.003602981567382812 22.1947784423828125 21.399812698364257812 20.61899566650390625 19.85250091552734375 19.1004180908203125 18.362728118896484375 17.639421463012695312 16.93061065673828125 16.236682891845703125 15.5584259033203125 14.897236824035644531 14.255117416381835938 13.634065628051757812 13.035767555236816406 12.461833000183105469 11.913942337036132812 11.393793106079101562 10.902937889099121094 10.442612648010253906 10.013634681701660156 9.6162805557250976562 9.2501916885375976562 8.9145965576171875 8.6084070205688476562 8.3302602767944335938 8.0784654617309570312 7.851062774658203125 7.6457161903381347656 7.4595179557800292969 7.2890505790710449219 -1e100 -1e100 -1e100 -1e100 -1e100 -1e100 -1e100 -1e100 -1e100 -1e100 -1e100 -1e100 -1e100 -1e100 -1e100 -1e100 -1e100 -1e100 -1e100 -1e100 -1e100 -1e100 -1e100 -1e100 -1e100 -1e100 -1e100 -1e100 -1e100 -1e100 -1e100 -1e100 -1e100 -1e100 -1e100 -1e100 -1e100 -1e100 -1e100 -1e100 -1e100 -1e100 -1e100 -1e100 -1e100 -1e100 -1e100 -1e100 -1e100 -1e100 -1e100 -1e100 -1e100 -1e100 -1e100 -1e100 -1e100 -1e100 -1e100 -1e100 -1e100 -1e100 -1e100 -1e100 -1e100 -1e100 -1e100 -1e100 -1e100 -1e100 -1e100 -1e100 -1e100 -1e100 -1e100 -1e100 -1e100 -1e100 -1e100 -1e100 -1e100 -1e100 -1e100 -1e100 -1e100 -1e100 -1e100 -1e100
 -1e100 -1e100 -1e100 -1e100 -1e100 -1e100 -1e100 -1e100 -1e100 -1e100 -1e100 -1e100 -1e100 -1e100 -1e100 -1e100 -1e100 -1e100 -1e100 -1e100 -1e100 -1e100 -1e100 -1e100 -1e100 -1e100 -1e100 -1e100 -1e100 -1e100 -1e100 -1e100 -1e100 -1e100 -1e100 -1e100 -1e100 -1e100 -1e100 -1e100 -1e100 28.780729293823242188 27.893238067626953125 27.011899948120117188 26.139139175415039062 25.276805877685546875 24.426424026489257812 23.58892822265625 22.764886856079101562 21.95465087890625 21.158456802368164062 20.376428604125976562 19.608621597290039062 18.855020523071289062 18.115568161010742188 17.390249252319335938 16.679195404052734375 15.982822418212890625 15.301964759826660156 14.638044357299804688 13.992892265319824219 13.368510246276855469 12.767015457153320312 12.190504074096679688 11.641134262084960938 11.120770454406738281 10.631148338317871094 10.173496246337890625 9.7487506866455078125 9.3571615219116210938 8.9983882904052734375 8.67177581787109375 8.3763446807861328125 8.1108713150024414062 -1e100 -1e100 -1e100 -1e100 -1e100 -1e100 -1e100 -1e100 -1e100 -1e100 -1e100 -1e100 -1e100 -1e100 -1e100 -1e100 -1e100 -1e100 -1e100 -1e100 -1e100 -1e100 -1e100 -1e100 -1e100 -1e100 -1e100 -1e100 -1e100 -1e100 -1e100 -1e100 -1e100 -1e100 -1e100 -1e100 -1e100 -1e100 -1e100 -1e100 -1e100 -1e100 -1e100 -1e100 -1e100 -1e100 -1e100 -1e100 -1e100 -1e100 -1e100 -1e100 -1e100 -1e100 -1e100 -1e100 -1e100 -1e100 -1e100 -1e100 -1e100 -1e100 -1e100 -1e100 -1e100 -1e100 -1e100 -1e100 -1e100 -1e100 -1e100 -1e100 -1e100 -1e100 -1e100 -1e100 -1e100 -1e100 -1e100 -1e100 -1e100 -1e100 -1e100 -1e100 -1e100 -1e100 -1e100 -1e100 -1e100 -1e100 -1e100 -1e100 -1e100
 -1e100 -1e100 -1e100 -1e100 -1e100 -1e100 -1e100 -1e100 -1e100 -1e100 -1e100 -1e100 -1e100 -1e100 -1e100 -1e100 -1e100 -1e100 -1e100 -1e100 -1e100 -1e100 -1e100 -1e100 -1e100 -1e100 -1e100 -1e100 -1e100 -1e100 -1e100 -1e100 -1e100 -1e100 -1e100 -1e100 -1e100 -1e100 -1e100 -1e100 -1e100 -1e100 -1e100 -1e100 -1e100 -1e100 -1e100 -1e100 -1e100 -1e100 -1e100 -1e100 -1e100 -1e100 -1e100 -1e100 -1e100 -1e100 -1e100 -1e100 -1e100 -1e100 -1e100 -1e100 -1e100 -1e100 -1e100 -1e100 -1e100 -1e100 -1e100 -1e100 -1e100 -1e100 -1e100 -1e100 -1e100 -1e100 -1e100 -1e100 -1e100 -1e100 -1e100 -1e100 -1e100 -1e100 -1e100 -1e100 -1e100 -1e100 -1e100 -1e100 -1e100 -1e100 -1e100 -1e100 -1e100 -1e100 -1e100 -1e100 -1e100 -1e100 -1e100 -1e100 -1e100 -1e100 -1e100 -1e100 -1e100 -1e100 -1e100 -1e100 -1e100 -1e100 -1e100 -1e100 -1e100 -1e100 -1e100 -1e100 -1e100 -1e100 -1e100 -1e100 -1e100 -1e100 -1e100 -1e100 -1e100 -1e100 -1e100 -1e100 -1e100 -1e100 -1e100 -1e100 -1e100 -1e100 -1e100 -1e100 -1e100 -1e100 -1e100 -1e100 -1e100 -1e100 -1e100 -1e100 -1e100 -1e100 -1e100 -1e100 -1e100 -1e100 -1e100 -1e100 -1e100 -1e100 -1e100 -1e100 -1e100 -1e100 -1e100 -1e100 -1e100 -1e100 -1e100
