ncols        152
nrows        366
xllcorner    501002.646269531222
yllcorner    6655881.321562499739
cellsize     500.000000000000
NODATA_value -1e100
 -1e100 -1e100 -1e100 -1e100 -1e100 -1e100 -1e100 -1e100 -1e100 -1e100 -1e100 -1e100 -1e100 -1e100 -1e100 -1e100 -1e100 -1e100 -1e100 -1e100 -1e100 -1e100 -1e100 -1e100 -1e100 -1e100 -1e100 -1e100 -1e100 -1e100 -1e100 -1e100 -1e100 -1e100 -1e100 -1e100 -1e100 -1e100 -1e100 -1e100 -1e100 -1e100 -1e100 -1e100 -1e100 -1e100 -1e100 -1e100 -1e100 -1e100 -1e100 -1e100 -1e100 -1e100 -1e100 -1e100 -1e100 -1e100 -1e100 -1e100 -1e100 -1e100 -1e100 -1e100 -1e100 -1e100 -1e100 -1e100 -1e100 -1e100 -1e100 -1e100 -1e100 -1e100 -1e100 -1e100 -1e100 -1e100 -1e100 -1e100 -1e100 -1e100 -1e100 -1e100 -1e100 -1e100 -1e100 -1e100 -1e100 -1e100 -1e100 -1e100 -1e100 -1e100 -1e100 -1e100 -1e100 -1e100 -1e100 -1e100 -1e100 -1e100 -1e100 -1e100 -1e100 -1e100 -1e100 -1e100 -1e100 -1e100 -1e100 -1e100 -1e100 -1e100 -1e100 -1e100 -1e100 -1e100 -1e100 -1e100 -1e100 -1e100 -1e100 -1e100 -1e100 -1e100 -1e100 -1e100 -1e100 -1e100 -1e100 -1e100 -1e100 -1e100 -1e100 -1e100 -1e100 -1e100 -1e100 -1e100 -1e100 -1e100 -1e100 -1e100 -1e100 -1e100 -1e100 -1e100 -1e100 -1e100 -1e100 -1e100
 -1e100 -1e100 -1e100 -1e100 -1e100 -1e100 -1e100 -1e100 -1e100 -1e100 -1e100 -1e100 -1e100 -1e100 -1e100 -1e100 -1e100 -1e100 -1e100 -1e100 -1e100 -1e100 -1e100 -1e100 -1e100 -1e100 -1e100 -1e100 -1e100 -1e100 -1e100 -1e100 -1e100 -1e100 -1e100 -1e100 -1e100 -1e100 -1e100 -1e100 -1e100 -1e100 -1e100 -1e100 -1e100 -1e100 -1e100 -1e100 -1e100 -1e100 -1e100 -1e100 -1e100 -1e100 -1e100 -1e100 -1e100 -1e100 -1e100 -1e100 -1e100 -1e100 -1e100 -1e100 -1e100 -1e100 -1e100 -1e100 -1e100 -1e100 -1e100 -1e100 -1e100 -1e100 -1e100 -1e100 -1e100 -1e100 -1e100 -1e100 -1e100 -1e100 -1e100 -1e100 -1e100 -1e100 -1e100 -1e100 -1e100 -1e100 -1e100 -1e100 -1e100 -1e100 -1e100 -1e100 -1e100 -1e100 -1e100 -1e100 -1e100 -1e100 -1e100 8.1330175399780273438 8.0845937728881835938 -1e100 -1e100 -1e100 -1e100 -1e100 -1e100 -1e100 -1e100 -1e100 -1e100 -1e100 -1e100 -1e100 -1e100 -1e100 -1e100 -1e100 -1e100 -1e100 -1e100 -1e100 -1e100 -1e100 -1e100 -1e100 -1e100 -1e100 -1e100 -1e100 -1e100 -1e100 -1e100 -1e100 -1e100 -1e100 -1e100 -1e100 -1e100 -1e100 -1e100 -1e100 -1e100 -1e100 -1e100 -1e100 -1e100 -1e100
 -1e100 -1e100 -1e100 -1e100 -1e100 -1e100 -1e100 -1e100 -1e100 -1e100 -1e100 -1e100 -1e100 -1e100 -1e100 -1e100 -1e100 -1e100 -1e100 -1e100 -1e100 -1e100 -1e100 -1e100 -1e100 -1e100 -1e100 -1e100 -1e100 -1e100 -1e100 -1e100 -1e100 -1e100 -1e100 -1e100 -1e100 -1e100 -1e100 -1e100 -1e100 -1e100 -1e100 -1e100 -1e100 -1e100 -1e100 -1e100 -1e100 -1e100 -1e100 -1e100 -1e100 -1e100 -1e100 -1e100 -1e100 -1e100 -1e100 -1e100 -1e100 -1e100 -1e100 -1e100 -1e100 -1e100 -1e100 -1e100 -1e100 -1e100 -1e100 -1e100 -1e100 -1e100 -1e100 -1e100 -1e100 -1e100 -1e100 -1e100 -1e100 -1e100 -1e100 -1e100 -1e100 -1e100 -1e100 -1e100 -1e100 -1e100 -1e100 -1e100 -1e100 -1e100 -1e100 -1e100 -1e100 -1e100 -1e100 -1e100 -1e100 8.347686767578125 8.3027086257934570312 8.2548284530639648438 8.2043733596801757812 8.1517019271850585938 8.0972127914428710938 -1e100 -1e100 -1e100 -1e100 -1e100 -1e100 -1e100 -1e100 -1e100 -1e100 -1e100 -1e100 -1e100 -1e100 -1e100 -1e100 -1e100 -1e100 -1e100 -1e100 -1e100 -1e100 -1e100 -1e100 -1e100 -1e100 -1e100 -1e100 -1e100 -1e100 -1e100 -1e100 -1e100 -1e100 -1e100 -1e100 -1e100 -1e100 -1e100 -1e100 -1e100 -1e100 -1e100 -1e100 -1e100
 -1e100 -1e100 -1e100 -1e100 -1e100 -1e100 -1e100 -1e100 -1e100 -1e100 -1e100 -1e100 -1e100 -1e100 -1e100 -1e100 -1e100 -1e100 -1e100 -1e100 -1e100 -1e100 -1e100 -1e100 -1e100 -1e100 -1e100 -1e100 -1e100 -1e100 -1e100 -1e100 -1e100 -1e100 -1e100 -1e100 -1e100 -1e100 -1e100 -1e100 -1e100 -1e100 -1e100 -1e100 -1e100 -1e100 -1e100 -1e100 -1e100 -1e100 -1e100 -1e100 -1e100 -1e100 -1e100 -1e100 -1e100 -1e100 -1e100 -1e100 -1e100 -1e100 -1e100 -1e100 -1e100 -1e100 -1e100 -1e100 -1e100 -1e100 -1e100 -1e100 -1e100 -1e100 -1e100 -1e100 -1e100 -1e100 -1e100 -1e100 -1e100 -1e100 -1e100 -1e100 -1e100 -1e100 -1e100 -1e100 -1e100 -1e100 -1e100 -1e100 -1e100 -1e100 -1e100 -1e100 -1e100 -1e100 8.5962953567504882812 8.5601673126220703125 8.5200824737548828125 8.4763545989990234375 8.4292936325073242188 8.3792200088500976562 8.3264856338500976562 8.2714900970458984375 8.214694976806640625 8.1566114425659179688 -1e100 -1e100 -1e100 -1e100 -1e100 -1e100 -1e100 -1e100 -1e100 -1e100 -1e100 -1e100 -1e100 -1e100 -1e100 -1e100 -1e100 -1e100 -1e100 -1e100 -1e100 -1e100 -1e100 -1e100 -1e100 -1e100 -1e100 -1e100 -1e100 -1e100 -1e100 -1e100 -1e100 -1e100 -1e100 -1e100 -1e100 -1e100 -1e100 -1e100 -1e100 -1e100 -1e100 -1e100
 -1e100 -1e100 -1e100 -1e100 -1e100 -1e100 -1e100 -1e100 -1e100 -1e100 -1e100 -1e100 -1e100 -1e100 -1e100 -1e100 -1e100 -1e100 -1e100 -1e100 -1e100 -1e100 -1e100 -1e100 -1e100 -1e100 -1e100 -1e100 -1e100 -1e100 -1e100 -1e100 -1e100 -1e100 -1e100 -1e100 -1e100 -1e100 -1e100 -1e100 -1e100 -1e100 -1e100 -1e100 -1e100 -1e100 -1e100 -1e100 -1e100 -1e100 -1e100 -1e100 -1e100 -1e100 -1e100 -1e100 -1e100 -1e100 -1e100 -1e100 -1e100 -1e100 -1e100 -1e100 -1e100 -1e100 -1e100 -1e100 -1e100 -1e100 -1e100 -1e100 -1e100 -1e100 -1e100 -1e100 -1e100 -1e100 -1e100 -1e100 -1e100 -1e100 -1e100 -1e100 -1e100 -1e100 -1e100 -1e100 -1e100 -1e100 -1e100 -1e100 -1e100 -1e100 -1e100 -1e100 8.7956295013427734375 8.7670240402221679688 8.7336025238037109375 8.6957302093505859375 8.6537446975708007812 8.6079654693603515625 8.5587053298950195312 8.5062932968139648438 8.4511051177978515625 8.393589019775390625 8.334278106689453125 8.2737827301025390625 8.2127351760864257812 8.151702880859375 -1e100 -1e100 -1e100 -1e100 -1e100 -1e100 -1e100 -1e100 -1e100 -1e100 -1e100 -1e100 -1e100 -1e100 -1e100 -1e100 -1e100 -1e100 -1e100 -1e100 -1e100 -1e100 -1e100 -1e100 -1e100 -1e100 -1e100 -1e100 -1e100 -1e100 -1e100 -1e100 -1e100 -1e100 -1e100 -1e100 -1e100 -1e100 -1e100 -1e100 -1e100 -1e100
 -1e100 -1e100 -1e100 -1e100 -1e100 -1e100 -1e100 -1e100 -1e100 -1e100 -1e100 -1e100 -1e100 -1e100 -1e100 -1e100 -1e100 -1e100 -1e100 -1e100 -1e100 -1e100 -1e100 -1e100 -1e100 -1e100 -1e100 -1e100 -1e100 -1e100 -1e100 -1e100 -1e100 -1e100 -1e100 -1e100 -1e100 -1e100 -1e100 -1e100 -1e100 -1e100 -1e100 -1e100 -1e100 -1e100 -1e100 -1e100 -1e100 -1e100 -1e100 -1e100 -1e100 -1e100 -1e100 -1e100 -1e100 -1e100 -1e100 -1e100 -1e100 -1e100 -1e100 -1e100 -1e100 -1e100 -1e100 -1e100 -1e100 -1e100 -1e100 -1e100 -1e100 -1e100 -1e100 -1e100 -1e100 -1e100 -1e100 -1e100 -1e100 -1e100 -1e100 -1e100 -1e100 -1e100 -1e100 -1e100 -1e100 -1e100 -1e100 -1e100 -1e100 -1e100 8.9819726943969726562 8.9631834030151367188 8.938610076904296875 8.9086437225341796875 8.873683929443359375 8.8341054916381835938 8.7902479171752929688 8.7424249649047851562 8.6909437179565429688 8.6361360549926757812 8.5783977508544921875 8.51822662353515625 8.4562435150146484375 8.3931789398193359375 8.3298006057739257812 8.2667999267578125 8.2046651840209960938 -1e100 -1e100 -1e100 -1e100 -1e100 -1e100 -1e100 -1e100 -1e100 -1e100 -1e100 -1e100 -1e100 -1e100 -1e100 -1e100 -1e100 -1e100 -1e100 -1e100 -1e100 -1e100 -1e100 -1e100 -1e100 -1e100 -1e100 -1e100 -1e100 -1e100 -1e100 -1e100 -1e100 -1e100 -1e100 -1e100 -1e100 -1e100 -1e100 -1e100 -1e100
 -1e100 -1e100 -1e100 -1e100 -1e100 -1e100 -1e100 -1e100 -1e100 -1e100 -1e100 -1e100 -1e100 -1e100 -1e100 -1e100 -1e100 -1e100 -1e100 -1e100 -1e100 -1e100 -1e100 -1e100 -1e100 -1e100 -1e100 -1e100 -1e100 -1e100 -1e100 -1e100 -1e100 -1e100 -1e100 -1e100 -1e100 -1e100 -1e100 -1e100 -1e100 -1e100 -1e100 -1e100 -1e100 -1e100 -1e100 -1e100 -1e100 -1e100 -1e100 -1e100 -1e100 -1e100 -1e100 -1e100 -1e100 -1e100 -1e100 -1e100 -1e100 -1e100 -1e100 -1e100 -1e100 -1e100 -1e100 -1e100 -1e100 -1e100 -1e100 -1e100 -1e100 -1e100 -1e100 -1e100 -1e100 -1e100 -1e100 -1e100 -1e100 -1e100 -1e100 -1e100 -1e100 -1e100 -1e100 -1e100 -1e100 -1e100 -1e100 9.1489162445068359375 9.1489496231079101562 9.1422643661499023438 9.128978729248046875 9.1093425750732421875 9.0837163925170898438 9.0525150299072265625 9.0161504745483398438 8.975002288818359375 8.9293994903564453125 8.8796377182006835938 8.8260059356689453125 8.7688283920288085938 8.7085142135620117188 8.6456117630004882812 8.5808429718017578125 8.5150823593139648438 8.4492664337158203125 8.38423919677734375 8.320587158203125 8.2585420608520507812 8.197978973388671875 -1e100 -1e100 -1e100 -1e100 -1e100 -1e100 -1e100 -1e100 -1e100 -1e100 -1e100 -1e100 -1e100 -1e100 -1e100 -1e100 -1e100 -1e100 -1e100 -1e100 -1e100 -1e100 -1e100 -1e100 -1e100 -1e100 -1e100 -1e100 -1e100 -1e100 -1e100 -1e100 -1e100 -1e100 -1e100 -1e100 -1e100 -1e100 -1e100
 -1e100 -1e100 -1e100 -1e100 -1e100 -1e100 -1e100 -1e100 -1e100 -1e100 -1e100 -1e100 -1e100 -1e100 -1e100 -1e100 -1e100 -1e100 -1e100 -1e100 -1e100 -1e100 -1e100 -1e100 -1e100 -1e100 -1e100 -1e100 -1e100 -1e100 -1e100 -1e100 -1e100 -1e100 -1e100 -1e100 -1e100 -1e100 -1e100 -1e100 -1e100 -1e100 -1e100 -1e100 -1e100 -1e100 -1e100 -1e100 -1e100 -1e100 -1e100 -1e100 -1e100 -1e100 -1e100 -1e100 -1e100 -1e100 -1e100 -1e100 -1e100 -1e100 -1e100 -1e100 -1e100 -1e100 -1e100 -1e100 -1e100 -1e100 -1e100 -1e100 -1e100 -1e100 -1e100 -1e100 -1e100 -1e100 -1e100 -1e100 -1e100 -1e100 -1e100 -1e100 -1e100 -1e100 -1e100 -1e100 -1e100 9.2769327163696289062 9.2910013198852539062 9.2980499267578125 9.2980718612670898438 9.291107177734375 9.2773075103759765625 9.2569561004638671875 9.230442047119140625 9.198200225830078125 9.160648345947265625 9.1181545257568359375 9.0710248947143554688 9.01952362060546875 8.9639024734497070312 8.904460906982421875 8.841609954833984375 8.7759494781494140625 8.7083148956298828125 8.6397581100463867188 8.5714216232299804688 8.5043344497680664062 8.4392032623291015625 8.3762874603271484375 8.3154048919677734375 8.2560453414916992188 -1e100 -1e100 -1e100 -1e100 -1e100 -1e100 -1e100 -1e100 -1e100 -1e100 -1e100 -1e100 -1e100 -1e100 -1e100 -1e100 -1e100 -1e100 -1e100 -1e100 -1e100 -1e100 -1e100 -1e100 -1e100 -1e100 -1e100 -1e100 -1e100 -1e100 -1e100 -1e100 -1e100 -1e100 -1e100 -1e100 -1e100 -1e100
 -1e100 -1e100 -1e100 -1e100 -1e100 -1e100 -1e100 -1e100 -1e100 -1e100 -1e100 -1e100 -1e100 -1e100 -1e100 -1e100 -1e100 -1e100 -1e100 -1e100 -1e100 -1e100 -1e100 -1e100 -1e100 -1e100 -1e100 -1e100 -1e100 -1e100 -1e100 -1e100 -1e100 -1e100 -1e100 -1e100 -1e100 -1e100 -1e100 -1e100 -1e100 -1e100 -1e100 -1e100 -1e100 -1e100 -1e100 -1e100 -1e100 -1e100 -1e100 -1e100 -1e100 -1e100 -1e100 -1e100 -1e100 -1e100 -1e100 -1e100 -1e100 -1e100 -1e100 -1e100 -1e100 -1e100 -1e100 -1e100 -1e100 -1e100 -1e100 -1e100 -1e100 -1e100 -1e100 -1e100 -1e100 -1e100 -1e100 -1e100 -1e100 -1e100 -1e100 -1e100 -1e100 -1e100 9.3366880416870117188 9.373779296875 9.4034414291381835938 9.42560577392578125 9.440338134765625 9.4477052688598632812 9.4477596282958984375 9.440593719482421875 9.4264020919799804688 9.4055070877075195312 9.378326416015625 9.3453054428100585938 9.3068571090698242188 9.263324737548828125 9.2149763107299804688 9.162021636962890625 9.1046571731567382812 9.043132781982421875 8.9778461456298828125 8.90944671630859375 8.8389081954956054688 8.7674951553344726562 8.696598052978515625 8.6274623870849609375 8.5609292984008789062 8.4972887039184570312 8.4362859725952148438 8.3772754669189453125 8.31941986083984375 8.2618541717529296875 -1e100 -1e100 -1e100 -1e100 -1e100 -1e100 -1e100 -1e100 -1e100 -1e100 -1e100 -1e100 -1e100 -1e100 -1e100 -1e100 -1e100 -1e100 -1e100 -1e100 -1e100 -1e100 -1e100 -1e100 -1e100 -1e100 -1e100 -1e100 -1e100 -1e100 -1e100 -1e100 -1e100 -1e100 -1e100 -1e100
 -1e100 -1e100 -1e100 -1e100 -1e100 -1e100 -1e100 -1e100 -1e100 -1e100 -1e100 -1e100 -1e100 -1e100 -1e100 -1e100 -1e100 -1e100 -1e100 -1e100 -1e100 -1e100 -1e100 -1e100 -1e100 -1e100 -1e100 -1e100 -1e100 -1e100 -1e100 -1e100 -1e100 -1e100 -1e100 -1e100 -1e100 -1e100 -1e100 -1e100 -1e100 -1e100 -1e100 -1e100 -1e100 -1e100 -1e100 -1e100 -1e100 -1e100 -1e100 -1e100 -1e100 -1e100 -1e100 -1e100 -1e100 -1e100 -1e100 -1e100 -1e100 -1e100 -1e100 -1e100 -1e100 -1e100 -1e100 -1e100 -1e100 -1e100 -1e100 -1e100 -1e100 -1e100 -1e100 -1e100 -1e100 -1e100 -1e100 -1e100 -1e100 -1e100 -1e100 -1e100 9.3798007965087890625 9.43347930908203125 9.480377197265625 9.5196409225463867188 9.5509052276611328125 9.5741662979125976562 9.5895757675170898438 9.5972890853881835938 9.59743499755859375 9.5901708602905273438 9.5757465362548828125 9.5545291900634765625 9.5269565582275390625 9.493480682373046875 9.454494476318359375 9.4103059768676757812 9.3611249923706054688 9.3070850372314453125 9.2482995986938476562 9.184940338134765625 9.1173753738403320312 9.0463104248046875 8.9728879928588867188 8.898632049560546875 8.8252210617065429688 8.754131317138671875 8.6863355636596679688 8.6221418380737304688 8.5612201690673828125 8.502777099609375 8.4458103179931640625 8.3892984390258789062 8.3322458267211914062 -1e100 -1e100 -1e100 -1e100 -1e100 -1e100 -1e100 -1e100 -1e100 -1e100 -1e100 -1e100 -1e100 -1e100 -1e100 -1e100 -1e100 -1e100 -1e100 -1e100 -1e100 -1e100 -1e100 -1e100 -1e100 -1e100 -1e100 -1e100 -1e100 -1e100 -1e100 -1e100 -1e100 -1e100 -1e100
 -1e100 -1e100 -1e100 -1e100 -1e100 -1e100 -1e100 -1e100 -1e100 -1e100 -1e100 -1e100 -1e100 -1e100 -1e100 -1e100 -1e100 -1e100 -1e100 -1e100 -1e100 -1e100 -1e100 -1e100 -1e100 -1e100 -1e100 -1e100 -1e100 -1e100 -1e100 -1e100 -1e100 -1e100 -1e100 -1e100 -1e100 -1e100 -1e100 -1e100 -1e100 -1e100 -1e100 -1e100 -1e100 -1e100 -1e100 -1e100 -1e100 -1e100 -1e100 -1e100 -1e100 -1e100 -1e100 -1e100 -1e100 -1e100 -1e100 -1e100 -1e100 -1e100 -1e100 -1e100 -1e100 -1e100 -1e100 -1e100 -1e100 -1e100 -1e100 -1e100 -1e100 -1e100 -1e100 -1e100 -1e100 -1e100 -1e100 -1e100 -1e100 -1e100 9.3878021240234375 9.45446014404296875 9.5170841217041015625 9.5739192962646484375 9.6234960556030273438 9.664875030517578125 9.6976995468139648438 9.7220354080200195312 9.7381305694580078125 9.7462320327758789062 9.746555328369140625 9.7393341064453125 9.7248830795288085938 9.7036104202270507812 9.6759748458862304688 9.6424198150634765625 9.6033163070678710938 9.5589160919189453125 9.5093536376953125 9.4546642303466796875 9.3948411941528320312 9.3299541473388671875 9.2603273391723632812 9.1867399215698242188 9.1105451583862304688 9.033580780029296875 8.9578380584716796875 8.885009765625 8.8161649703979492188 8.75160980224609375 8.6909389495849609375 8.6332302093505859375 8.5773286819458007812 8.5220575332641601562 8.466278076171875 8.4088144302368164062 8.3483667373657226562 -1e100 -1e100 -1e100 -1e100 -1e100 -1e100 -1e100 -1e100 -1e100 -1e100 -1e100 -1e100 -1e100 -1e100 -1e100 -1e100 -1e100 -1e100 -1e100 -1e100 -1e100 -1e100 -1e100 -1e100 -1e100 -1e100 -1e100 -1e100 -1e100 -1e100 -1e100 -1e100 -1e100
 -1e100 -1e100 -1e100 -1e100 -1e100 -1e100 -1e100 -1e100 -1e100 -1e100 -1e100 -1e100 -1e100 -1e100 -1e100 -1e100 -1e100 -1e100 -1e100 -1e100 -1e100 -1e100 -1e100 -1e100 -1e100 -1e100 -1e100 -1e100 -1e100 -1e100 -1e100 -1e100 -1e100 -1e100 -1e100 -1e100 -1e100 -1e100 -1e100 -1e100 -1e100 -1e100 -1e100 -1e100 -1e100 -1e100 -1e100 -1e100 -1e100 -1e100 -1e100 -1e100 -1e100 -1e100 -1e100 -1e100 -1e100 -1e100 -1e100 -1e100 -1e100 -1e100 -1e100 -1e100 -1e100 -1e100 -1e100 -1e100 -1e100 -1e100 -1e100 -1e100 -1e100 -1e100 -1e100 -1e100 -1e100 -1e100 -1e100 9.298732757568359375 9.372310638427734375 9.4456453323364257812 9.5179901123046875 9.5880222320556640625 9.653911590576171875 9.7136898040771484375 9.7657365798950195312 9.8090543746948242188 9.843318939208984375 9.8686761856079101562 9.8854627609252929688 9.8940172195434570312 9.8946437835693359375 9.8876543045043945312 9.8734302520751953125 9.8524169921875 9.8250885009765625 9.7918767929077148438 9.7531137466430664062 9.7089900970458984375 9.6595449447631835938 9.6046857833862304688 9.5442600250244140625 9.4782085418701171875 9.4068078994750976562 9.3309345245361328125 9.2522001266479492188 9.1728105545043945312 9.0950832366943359375 9.0208692550659179688 8.9512605667114257812 8.8865375518798828125 8.8262395858764648438 8.7693576812744140625 8.7146139144897460938 8.6606922149658203125 8.6063051223754882812 8.5501155853271484375 8.4906530380249023438 8.4263143539428710938 -1e100 -1e100 -1e100 -1e100 -1e100 -1e100 -1e100 -1e100 -1e100 -1e100 -1e100 -1e100 -1e100 -1e100 -1e100 -1e100 -1e100 -1e100 -1e100 -1e100 -1e100 -1e100 -1e100 -1e100 -1e100 -1e100 -1e100 -1e100 -1e100 -1e100 -1e100 -1e100
 -1e100 -1e100 -1e100 -1e100 -1e100 -1e100 -1e100 -1e100 -1e100 -1e100 -1e100 -1e100 -1e100 -1e100 -1e100 -1e100 -1e100 -1e100 -1e100 -1e100 -1e100 -1e100 -1e100 -1e100 -1e100 -1e100 -1e100 -1e100 -1e100 -1e100 -1e100 -1e100 -1e100 -1e100 -1e100 -1e100 -1e100 -1e100 -1e100 -1e100 -1e100 -1e100 -1e100 -1e100 -1e100 -1e100 -1e100 -1e100 -1e100 -1e100 -1e100 -1e100 -1e100 -1e100 -1e100 -1e100 -1e100 -1e100 -1e100 -1e100 -1e100 -1e100 -1e100 -1e100 -1e100 -1e100 -1e100 -1e100 -1e100 -1e100 -1e100 -1e100 -1e100 -1e100 -1e100 -1e100 -1e100 -1e100 9.3433837890625 9.420196533203125 9.4968652725219726562 9.5731334686279296875 9.6484317779541015625 9.7215061187744140625 9.7903194427490234375 9.8526735305786132812 9.9068317413330078125 9.9518022537231445312 9.9873256683349609375 10.013628005981445312 10.031123161315917969 10.04022979736328125 10.041327476501464844 10.034808158874511719 10.021107673645019531 10.000707626342773438 9.9740886688232421875 9.9416637420654296875 9.903720855712890625 9.860378265380859375 9.8115663528442382812 9.7570447921752929688 9.6964931488037109375 9.6297082901000976562 9.5569162368774414062 9.4791040420532226562 9.3981771469116210938 9.3167638778686523438 9.237548828125 9.1624231338500976562 9.0923967361450195312 9.0276975631713867188 8.9678468704223632812 8.9118070602416992188 8.8582315444946289062 8.8056850433349609375 8.7527256011962890625 8.6978321075439453125 8.639339447021484375 8.5754566192626953125 8.5043878555297851562 8.4245128631591796875 -1e100 -1e100 -1e100 -1e100 -1e100 -1e100 -1e100 -1e100 -1e100 -1e100 -1e100 -1e100 -1e100 -1e100 -1e100 -1e100 -1e100 -1e100 -1e100 -1e100 -1e100 -1e100 -1e100 -1e100 -1e100 -1e100 -1e100 -1e100 -1e100 -1e100
 -1e100 -1e100 -1e100 -1e100 -1e100 -1e100 -1e100 -1e100 -1e100 -1e100 -1e100 -1e100 -1e100 -1e100 -1e100 -1e100 -1e100 -1e100 -1e100 -1e100 -1e100 -1e100 -1e100 -1e100 -1e100 -1e100 -1e100 -1e100 -1e100 -1e100 -1e100 -1e100 -1e100 -1e100 -1e100 -1e100 -1e100 -1e100 -1e100 -1e100 -1e100 -1e100 -1e100 -1e100 -1e100 -1e100 -1e100 -1e100 -1e100 -1e100 -1e100 -1e100 -1e100 -1e100 -1e100 -1e100 -1e100 -1e100 -1e100 -1e100 -1e100 -1e100 -1e100 -1e100 -1e100 -1e100 -1e100 -1e100 -1e100 -1e100 -1e100 -1e100 -1e100 -1e100 -1e100 -1e100 -1e100 -1e100 9.4631748199462890625 9.5433216094970703125 9.622852325439453125 9.7015781402587890625 9.7792987823486328125 9.8549938201904296875 9.9262838363647460938 9.9907140731811523438 10.046519279479980469 10.0927886962890625 10.129361152648925781 10.156536102294921875 10.174784660339355469 10.184580802917480469 10.186368942260742188 10.180601119995117188 10.167760848999023438 10.148352622985839844 10.122857093811035156 10.091662406921386719 10.055008888244628906 10.012939453125 9.9652681350708007812 9.9116010665893554688 9.8514404296875 9.7844362258911132812 9.71075439453125 9.631465911865234375 9.5487527847290039062 9.4657268524169921875 9.3856115341186523438 9.3101358413696289062 9.2400846481323242188 9.1756086349487304688 9.1162586212158203125 9.0610380172729492188 9.0085773468017578125 8.957355499267578125 8.9057683944702148438 8.8520946502685546875 8.7944517135620117188 8.73084259033203125 8.6593046188354492188 8.5780954360961914062 8.4858713150024414062 -1e100 -1e100 -1e100 -1e100 -1e100 -1e100 -1e100 -1e100 -1e100 -1e100 -1e100 -1e100 -1e100 -1e100 -1e100 -1e100 -1e100 -1e100 -1e100 -1e100 -1e100 -1e100 -1e100 -1e100 -1e100 -1e100 -1e100 -1e100 -1e100
 -1e100 -1e100 -1e100 -1e100 -1e100 -1e100 -1e100 -1e100 -1e100 -1e100 -1e100 -1e100 -1e100 -1e100 -1e100 -1e100 -1e100 -1e100 -1e100 -1e100 -1e100 -1e100 -1e100 -1e100 -1e100 -1e100 -1e100 -1e100 -1e100 -1e100 -1e100 -1e100 -1e100 -1e100 -1e100 -1e100 -1e100 -1e100 -1e100 -1e100 -1e100 -1e100 -1e100 -1e100 -1e100 -1e100 -1e100 -1e100 -1e100 -1e100 -1e100 -1e100 -1e100 -1e100 -1e100 -1e100 -1e100 -1e100 -1e100 -1e100 -1e100 -1e100 -1e100 -1e100 -1e100 -1e100 -1e100 -1e100 -1e100 -1e100 -1e100 -1e100 -1e100 -1e100 -1e100 -1e100 -1e100 9.5003385543823242188 9.5848598480224609375 9.668369293212890625 9.750579833984375 9.8312358856201171875 9.9106512069702148438 9.9885425567626953125 10.061741828918457031 10.127620697021484375 10.184536933898925781 10.2317352294921875 10.269162178039550781 10.29717254638671875 10.316263198852539062 10.326936721801757812 10.329680442810058594 10.324987411499023438 10.313368797302246094 10.295340538024902344 10.271370887756347656 10.241822242736816406 10.206889152526855469 10.166538238525390625 10.120476722717285156 10.068162918090820312 10.008941650390625 9.9423265457153320312 9.8684101104736328125 9.788257598876953125 9.7041692733764648438 9.6197500228881835938 9.5393590927124023438 9.4641447067260742188 9.3945035934448242188 9.3304624557495117188 9.2716722488403320312 9.2172327041625976562 9.1658010482788085938 9.1157865524291992188 9.0654306411743164062 9.0127964019775390625 8.9557676315307617188 8.8921365737915039062 8.81977081298828125 8.736820220947265625 8.6418962478637695312 8.5341892242431640625 8.4135036468505859375 -1e100 -1e100 -1e100 -1e100 -1e100 -1e100 -1e100 -1e100 -1e100 -1e100 -1e100 -1e100 -1e100 -1e100 -1e100 -1e100 -1e100 -1e100 -1e100 -1e100 -1e100 -1e100 -1e100 -1e100 -1e100 -1e100 -1e100
 -1e100 -1e100 -1e100 -1e100 -1e100 -1e100 -1e100 -1e100 -1e100 -1e100 -1e100 -1e100 -1e100 -1e100 -1e100 -1e100 -1e100 -1e100 -1e100 -1e100 -1e100 -1e100 -1e100 -1e100 -1e100 -1e100 -1e100 -1e100 -1e100 -1e100 -1e100 -1e100 -1e100 -1e100 -1e100 -1e100 -1e100 -1e100 -1e100 -1e100 -1e100 -1e100 -1e100 -1e100 -1e100 -1e100 -1e100 -1e100 -1e100 -1e100 -1e100 -1e100 -1e100 -1e100 -1e100 -1e100 -1e100 -1e100 -1e100 -1e100 -1e100 -1e100 -1e100 -1e100 -1e100 -1e100 -1e100 -1e100 -1e100 -1e100 -1e100 -1e100 -1e100 -1e100 -1e100 -1e100 9.5299072265625 9.619663238525390625 9.708225250244140625 9.7951726913452148438 9.880153656005859375 9.9628391265869140625 10.043256759643554688 10.122513771057128906 10.196664810180664062 10.263178825378417969 10.320631980895996094 10.3684234619140625 10.406573295593261719 10.435446739196777344 10.455531120300292969 10.467329978942871094 10.471341133117675781 10.468074798583984375 10.458051681518554688 10.441778182983398438 10.419705390930175781 10.3921661376953125 10.359311103820800781 10.321044921875 10.276980400085449219 10.226462364196777344 10.168722152709960938 10.10318756103515625 10.029889106750488281 9.94976806640625 9.8648405075073242188 9.7787723541259765625 9.6988363265991210938 9.6245508193969726562 9.55564117431640625 9.4921846389770507812 9.4339933395385742188 9.3802881240844726562 9.3297710418701171875 9.280796051025390625 9.2314472198486328125 9.1795654296875 9.1227979660034179688 9.0587291717529296875 8.9850721359252929688 8.8998889923095703125 8.8017721176147460938 8.6899509429931640625 8.5643177032470703125 8.42539215087890625 -1e100 -1e100 -1e100 -1e100 -1e100 -1e100 -1e100 -1e100 -1e100 -1e100 -1e100 -1e100 -1e100 -1e100 -1e100 -1e100 -1e100 -1e100 -1e100 -1e100 -1e100 -1e100 -1e100 -1e100 -1e100 -1e100
 -1e100 -1e100 -1e100 -1e100 -1e100 -1e100 -1e100 -1e100 -1e100 -1e100 -1e100 -1e100 -1e100 -1e100 -1e100 -1e100 -1e100 -1e100 -1e100 -1e100 -1e100 -1e100 -1e100 -1e100 -1e100 -1e100 -1e100 -1e100 -1e100 -1e100 -1e100 -1e100 -1e100 -1e100 -1e100 -1e100 -1e100 -1e100 -1e100 -1e100 -1e100 -1e100 -1e100 -1e100 -1e100 -1e100 -1e100 -1e100 -1e100 -1e100 -1e100 -1e100 -1e100 -1e100 -1e100 -1e100 -1e100 -1e100 -1e100 -1e100 -1e100 -1e100 -1e100 -1e100 -1e100 -1e100 -1e100 -1e100 -1e100 -1e100 -1e100 -1e100 -1e100 -1e100 -1e100 -1e100 9.6456708908081054688 9.7399835586547851562 9.8325433731079101562 9.9228487014770507812 10.010544776916503906 10.095419883728027344 10.17748260498046875 10.256769180297851562 10.330653190612792969 10.397005081176757812 10.45452880859375 10.502704620361328125 10.541559219360351562 10.571419715881347656 10.5927276611328125 10.605955123901367188 10.611585617065429688 10.610116958618164062 10.602052688598632812 10.587880134582519531 10.568022727966308594 10.542780876159667969 10.51226806640625 10.476338386535644531 10.434538841247558594 10.386143684387207031 10.330339431762695312 10.266569137573242188 10.194912910461425781 10.116225242614746094 10.031795501708984375 9.9434814453125 9.8649463653564453125 9.7916851043701171875 9.7234277725219726562 9.66051483154296875 9.6028871536254882812 9.549839019775390625 9.5000934600830078125 9.4519338607788085938 9.40328216552734375 9.3517580032348632812 9.2947845458984375 9.2297534942626953125 9.1542539596557617188 9.0662927627563476562 8.9644680023193359375 8.8480710983276367188 8.7170972824096679688 8.5722017288208007812 8.4145917892456054688 -1e100 -1e100 -1e100 -1e100 -1e100 -1e100 -1e100 -1e100 -1e100 -1e100 -1e100 -1e100 -1e100 -1e100 -1e100 -1e100 -1e100 -1e100 -1e100 -1e100 -1e100 -1e100 -1e100 -1e100 -1e100
 -1e100 -1e100 -1e100 -1e100 -1e100 -1e100 -1e100 -1e100 -1e100 -1e100 -1e100 -1e100 -1e100 -1e100 -1e100 -1e100 -1e100 -1e100 -1e100 -1e100 -1e100 -1e100 -1e100 -1e100 -1e100 -1e100 -1e100 -1e100 -1e100 -1e100 -1e100 -1e100 -1e100 -1e100 -1e100 -1e100 -1e100 -1e100 -1e100 -1e100 -1e100 -1e100 -1e100 -1e100 -1e100 -1e100 -1e100 -1e100 -1e100 -1e100 -1e100 -1e100 -1e100 -1e100 -1e100 -1e100 -1e100 -1e100 -1e100 -1e100 -1e100 -1e100 -1e100 -1e100 -1e100 -1e100 -1e100 -1e100 -1e100 -1e100 -1e100 -1e100 -1e100 -1e100 -1e100 9.6616001129150390625 9.761798858642578125 9.8604917526245117188 9.9568128585815429688 10.050204277038574219 10.140351295471191406 10.227087020874023438 10.310253143310546875 10.38932037353515625 10.462611198425292969 10.528508186340332031 10.585961341857910156 10.634531021118164062 10.674227714538574219 10.705310821533203125 10.728151321411132812 10.743163108825683594 10.750787734985351562 10.751485824584960938 10.745725631713867188 10.733956336975097656 10.716567039489746094 10.693827629089355469 10.6658172607421875 10.632351875305175781 10.592937469482421875 10.546822547912597656 10.493214607238769531 10.431664466857910156 10.362473487854003906 10.286849021911621094 10.206379890441894531 10.119421005249023438 10.039602279663085938 9.9657802581787109375 9.8975477218627929688 9.8349637985229492188 9.777805328369140625 9.725307464599609375 9.6761503219604492188 9.6285181045532226562 9.5801630020141601562 9.5284948348999023438 9.4707355499267578125 9.4041280746459960938 9.3261747360229492188 9.2348651885986328125 9.1288366317749023438 9.007457733154296875 8.8708353042602539062 8.719757080078125 8.5555868148803710938 8.3800859451293945312 -1e100 -1e100 -1e100 -1e100 -1e100 -1e100 -1e100 -1e100 -1e100 -1e100 -1e100 -1e100 -1e100 -1e100 -1e100 -1e100 -1e100 -1e100 -1e100 -1e100 -1e100 -1e100 -1e100 -1e100
 -1e100 -1e100 -1e100 -1e100 -1e100 -1e100 -1e100 -1e100 -1e100 -1e100 -1e100 -1e100 -1e100 -1e100 -1e100 -1e100 -1e100 -1e100 -1e100 -1e100 -1e100 -1e100 -1e100 -1e100 -1e100 -1e100 -1e100 -1e100 -1e100 -1e100 -1e100 -1e100 -1e100 -1e100 -1e100 -1e100 -1e100 -1e100 -1e100 -1e100 -1e100 -1e100 -1e100 -1e100 -1e100 -1e100 -1e100 -1e100 -1e100 -1e100 -1e100 -1e100 -1e100 -1e100 -1e100 -1e100 -1e100 -1e100 -1e100 -1e100 -1e100 -1e100 -1e100 -1e100 -1e100 -1e100 -1e100 -1e100 -1e100 -1e100 -1e100 -1e100 -1e100 -1e100 9.6675119400024414062 9.7728862762451171875 9.8776330947875976562 9.9803466796875 10.080028533935546875 10.176089286804199219 10.268245697021484375 10.356335639953613281 10.440114021301269531 10.5189666748046875 10.591741561889648438 10.657291412353515625 10.714837074279785156 10.76403045654296875 10.804856300354003906 10.837498664855957031 10.862242698669433594 10.879426956176757812 10.88942718505859375 10.89264678955078125 10.889500617980957031 10.880392074584960938 10.865666389465332031 10.845561027526855469 10.820123672485351562 10.789142608642578125 10.752106666564941406 10.708269119262695312 10.656887054443359375 10.597588539123535156 10.530720710754394531 10.457422256469726562 10.379116058349609375 10.297041893005371094 10.218358039855957031 10.144796371459960938 10.076869964599609375 10.014708518981933594 9.9580125808715820312 9.9059581756591796875 9.8571624755859375 9.8096914291381835938 9.7611293792724609375 9.708705902099609375 9.6494884490966796875 9.580623626708984375 9.49958038330078125 9.4043722152709960938 9.293701171875 9.1670274734497070312 9.0245647430419921875 8.8672266006469726562 8.6965131759643554688 8.5143270492553710938 8.3227291107177734375 -1e100 -1e100 -1e100 -1e100 -1e100 -1e100 -1e100 -1e100 -1e100 -1e100 -1e100 -1e100 -1e100 -1e100 -1e100 -1e100 -1e100 -1e100 -1e100 -1e100 -1e100 -1e100 -1e100
 -1e100 -1e100 -1e100 -1e100 -1e100 -1e100 -1e100 -1e100 -1e100 -1e100 -1e100 -1e100 -1e100 -1e100 -1e100 -1e100 -1e100 -1e100 -1e100 -1e100 -1e100 -1e100 -1e100 -1e100 -1e100 -1e100 -1e100 -1e100 -1e100 -1e100 -1e100 -1e100 -1e100 -1e100 -1e100 -1e100 -1e100 -1e100 -1e100 -1e100 -1e100 -1e100 -1e100 -1e100 -1e100 -1e100 -1e100 -1e100 -1e100 -1e100 -1e100 -1e100 -1e100 -1e100 -1e100 -1e100 -1e100 -1e100 -1e100 -1e100 -1e100 -1e100 -1e100 -1e100 -1e100 -1e100 -1e100 -1e100 -1e100 -1e100 -1e100 -1e100 -1e100 -1e100 9.7740345001220703125 9.8838024139404296875 9.9926290512084960938 10.098865509033203125 10.2014007568359375 10.299641609191894531 10.393340110778808594 10.482372283935546875 10.5665130615234375 10.645244598388671875 10.717774391174316406 10.783319473266601562 10.841325759887695312 10.8915252685546875 10.933876991271972656 10.968484878540039062 10.995541572570800781 11.015295982360839844 11.028044700622558594 11.034116744995117188 11.033864021301269531 11.027632713317871094 11.015725135803222656 10.998340606689453125 10.975500106811523438 10.946973800659179688 10.912255287170410156 10.870639801025390625 10.821463584899902344 10.764446258544921875 10.699986457824707031 10.629185676574707031 10.553721427917480469 10.475778579711914062 10.399545669555664062 10.327382087707519531 10.2603912353515625 10.198922157287597656 10.142734527587890625 10.090996742248535156 10.042262077331542969 9.99448394775390625 9.945102691650390625 9.8912134170532226562 9.8297939300537109375 9.7579565048217773438 9.6731977462768554688 9.5735931396484375 9.4579334259033203125 9.325771331787109375 9.1774168014526367188 9.0138864517211914062 8.8367919921875 8.6481485366821289062 8.4501132965087890625 8.2446956634521484375 -1e100 -1e100 -1e100 -1e100 -1e100 -1e100 -1e100 -1e100 -1e100 -1e100 -1e100 -1e100 -1e100 -1e100 -1e100 -1e100 -1e100 -1e100 -1e100 -1e100 -1e100 -1e100
 -1e100 -1e100 -1e100 -1e100 -1e100 -1e100 -1e100 -1e100 -1e100 -1e100 -1e100 -1e100 -1e100 -1e100 -1e100 -1e100 -1e100 -1e100 -1e100 -1e100 -1e100 -1e100 -1e100 -1e100 -1e100 -1e100 -1e100 -1e100 -1e100 -1e100 -1e100 -1e100 -1e100 -1e100 -1e100 -1e100 -1e100 -1e100 -1e100 -1e100 -1e100 -1e100 -1e100 -1e100 -1e100 -1e100 -1e100 -1e100 -1e100 -1e100 -1e100 -1e100 -1e100 -1e100 -1e100 -1e100 -1e100 -1e100 -1e100 -1e100 -1e100 -1e100 -1e100 -1e100 -1e100 -1e100 -1e100 -1e100 -1e100 -1e100 -1e100 -1e100 -1e100 9.7679643630981445312 9.880588531494140625 9.9941968917846679688 10.106520652770996094 10.21566009521484375 10.320470809936523438 10.420390129089355469 10.515232086181640625 10.604947090148925781 10.689391136169433594 10.768205642700195312 10.840870857238769531 10.906867027282714844 10.96581268310546875 11.017489433288574219 11.061823844909667969 11.09883880615234375 11.128628730773925781 11.151346206665039062 11.167195320129394531 11.176426887512207031 11.1793212890625 11.176166534423828125 11.167215347290039062 11.152631759643554688 11.132413864135742188 11.106328964233398438 11.073899269104003906 11.034495353698730469 10.987565994262695312 10.932943344116210938 10.871088027954101562 10.8031463623046875 10.730875015258789062 10.656588554382324219 10.583271980285644531 10.51316070556640625 10.447556495666503906 10.386983871459960938 10.33129119873046875 10.279656410217285156 10.2305755615234375 10.181904792785644531 10.1309814453125 10.074833869934082031 10.0104217529296875 9.9348974227905273438 9.845836639404296875 9.74141693115234375 9.6205282211303710938 9.4828090667724609375 9.328643798828125 9.1591215133666992188 8.975933074951171875 8.781177520751953125 8.5770711898803710938 8.3656454086303710938 -1e100 -1e100 -1e100 -1e100 -1e100 -1e100 -1e100 -1e100 -1e100 -1e100 -1e100 -1e100 -1e100 -1e100 -1e100 -1e100 -1e100 -1e100 -1e100 -1e100 -1e100 -1e100
 -1e100 -1e100 -1e100 -1e100 -1e100 -1e100 -1e100 -1e100 -1e100 -1e100 -1e100 -1e100 -1e100 -1e100 -1e100 -1e100 -1e100 -1e100 -1e100 -1e100 -1e100 -1e100 -1e100 -1e100 -1e100 -1e100 -1e100 -1e100 -1e100 -1e100 -1e100 -1e100 -1e100 -1e100 -1e100 -1e100 -1e100 -1e100 -1e100 -1e100 -1e100 -1e100 -1e100 -1e100 -1e100 -1e100 -1e100 -1e100 -1e100 -1e100 -1e100 -1e100 -1e100 -1e100 -1e100 -1e100 -1e100 -1e100 -1e100 -1e100 -1e100 -1e100 -1e100 -1e100 -1e100 -1e100 -1e100 -1e100 -1e100 -1e100 -1e100 -1e100 9.7583112716674804688 9.8719854354858398438 9.987548828125 10.104376792907714844 10.219367027282714844 10.330620765686035156 10.437064170837402344 10.538187980651855469 10.633875846862792969 10.724158287048339844 10.808995246887207031 10.888190269470214844 10.961430549621582031 11.02838897705078125 11.088795661926269531 11.142459869384765625 11.189258575439453125 11.229128837585449219 11.262065887451171875 11.288119316101074219 11.307401657104492188 11.320080757141113281 11.326364517211914062 11.326481819152832031 11.320639610290527344 11.308966636657714844 11.291445732116699219 11.267856597900390625 11.237773895263671875 11.200665473937988281 11.156110763549804688 11.104059219360351562 11.045034408569335938 10.980194091796875 10.911264419555664062 10.840425491333007812 10.770082473754882812 10.702225685119628906 10.6381683349609375 10.57851409912109375 10.523159027099609375 10.471273422241210938 10.421299934387207031 10.37102508544921875 10.317744255065917969 10.258488655090332031 10.190279960632324219 10.110376358032226562 10.016484260559082031 9.9069108963012695312 9.7806491851806640625 9.6374053955078125 9.4776058197021484375 9.3023834228515625 9.1134805679321289062 8.9130458831787109375 8.7033214569091796875 8.4863128662109375 8.2635631561279296875 -1e100 -1e100 -1e100 -1e100 -1e100 -1e100 -1e100 -1e100 -1e100 -1e100 -1e100 -1e100 -1e100 -1e100 -1e100 -1e100 -1e100 -1e100 -1e100 -1e100 -1e100
 -1e100 -1e100 -1e100 -1e100 -1e100 -1e100 -1e100 -1e100 -1e100 -1e100 -1e100 -1e100 -1e100 -1e100 -1e100 -1e100 -1e100 -1e100 -1e100 -1e100 -1e100 -1e100 -1e100 -1e100 -1e100 -1e100 -1e100 -1e100 -1e100 -1e100 -1e100 -1e100 -1e100 -1e100 -1e100 -1e100 -1e100 -1e100 -1e100 -1e100 -1e100 -1e100 -1e100 -1e100 -1e100 -1e100 -1e100 -1e100 -1e100 -1e100 -1e100 -1e100 -1e100 -1e100 -1e100 -1e100 -1e100 -1e100 -1e100 -1e100 -1e100 -1e100 -1e100 -1e100 -1e100 -1e100 -1e100 -1e100 -1e100 -1e100 -1e100 -1e100 9.8614101409912109375 9.97858428955078125 10.096695899963378906 10.214964866638183594 10.331257820129394531 10.443684577941894531 10.551117897033691406 10.653051376342773438 10.749402046203613281 10.84026336669921875 10.925690650939941406 11.005626678466796875 11.079919815063476562 11.148370742797851562 11.210778236389160156 11.26694488525390625 11.316689491271972656 11.359856605529785156 11.396337509155273438 11.426085472106933594 11.449117660522460938 11.465521812438964844 11.475439071655273438 11.479040145874023438 11.476488113403320312 11.467884063720703125 11.453205108642578125 11.432255744934082031 11.404679298400878906 11.370052337646484375 11.328076362609863281 11.278803825378417969 11.222800254821777344 11.161191940307617188 11.095608711242675781 11.028029441833496094 10.960515022277832031 10.894839286804199219 10.832244873046875 10.773329734802246094 10.717980384826660156 10.665330886840820312 10.613776206970214844 10.561079025268554688 10.504555702209472656 10.441316604614257812 10.368515968322753906 10.28357696533203125 10.184380531311035156 10.069378852844238281 9.937656402587890625 9.7889661788940429688 9.6237516403198242188 9.4431629180908203125 9.2489748001098632812 9.0433588027954101562 8.8285379409790039062 8.6064386367797851562 8.3784780502319335938 -1e100 -1e100 -1e100 -1e100 -1e100 -1e100 -1e100 -1e100 -1e100 -1e100 -1e100 -1e100 -1e100 -1e100 -1e100 -1e100 -1e100 -1e100 -1e100 -1e100 -1e100
 -1e100 -1e100 -1e100 -1e100 -1e100 -1e100 -1e100 -1e100 -1e100 -1e100 -1e100 -1e100 -1e100 -1e100 -1e100 -1e100 -1e100 -1e100 -1e100 -1e100 -1e100 -1e100 -1e100 -1e100 -1e100 -1e100 -1e100 -1e100 -1e100 -1e100 -1e100 -1e100 -1e100 -1e100 -1e100 -1e100 -1e100 -1e100 -1e100 -1e100 -1e100 -1e100 -1e100 -1e100 -1e100 -1e100 -1e100 -1e100 -1e100 -1e100 -1e100 -1e100 -1e100 -1e100 -1e100 -1e100 -1e100 -1e100 -1e100 -1e100 -1e100 -1e100 -1e100 -1e100 -1e100 -1e100 -1e100 -1e100 -1e100 -1e100 -1e100 9.8460845947265625 9.9652242660522460938 10.085099220275878906 10.205157279968261719 10.324517250061035156 10.441487312316894531 10.554495811462402344 10.662487030029296875 10.764987945556640625 10.861948013305664062 10.9535064697265625 11.039804458618164062 11.1208953857421875 11.196742057800292969 11.267228126525878906 11.33217620849609375 11.391359329223632812 11.444520950317382812 11.491413116455078125 11.531824111938476562 11.565609931945800781 11.592700958251953125 11.613109588623046875 11.626914024353027344 11.634235382080078125 11.635197639465332031 11.629880905151367188 11.618262290954589844 11.600184440612792969 11.575359344482421875 11.543467521667480469 11.504316329956054688 11.45803070068359375 11.405183792114257812 11.346844673156738281 11.284517288208007812 11.219982147216796875 11.155061721801757812 11.091340065002441406 11.029948234558105469 10.971414566040039062 10.915568351745605469 10.861491203308105469 10.80755615234375 10.751546859741210938 10.690865516662597656 10.622770309448242188 10.544608116149902344 10.454016685485839844 10.349077224731445312 10.228391647338867188 10.091128349304199219 9.937061309814453125 9.7666387557983398438 9.581020355224609375 9.3819971084594726562 9.1717357635498046875 8.9523906707763671875 8.7257452011108398438 8.493007659912109375 8.2548923492431640625 -1e100 -1e100 -1e100 -1e100 -1e100 -1e100 -1e100 -1e100 -1e100 -1e100 -1e100 -1e100 -1e100 -1e100 -1e100 -1e100 -1e100 -1e100 -1e100 -1e100
 -1e100 -1e100 -1e100 -1e100 -1e100 -1e100 -1e100 -1e100 -1e100 -1e100 -1e100 -1e100 -1e100 -1e100 -1e100 -1e100 -1e100 -1e100 -1e100 -1e100 -1e100 -1e100 -1e100 -1e100 -1e100 -1e100 -1e100 -1e100 -1e100 -1e100 -1e100 -1e100 -1e100 -1e100 -1e100 -1e100 -1e100 -1e100 -1e100 -1e100 -1e100 -1e100 -1e100 -1e100 -1e100 -1e100 -1e100 -1e100 -1e100 -1e100 -1e100 -1e100 -1e100 -1e100 -1e100 -1e100 -1e100 -1e100 -1e100 -1e100 -1e100 -1e100 -1e100 -1e100 -1e100 -1e100 -1e100 -1e100 -1e100 -1e100 9.8253507614135742188 9.946758270263671875 10.068592071533203125 10.190496444702148438 10.311923027038574219 10.431965827941894531 10.549285888671875 10.662571907043457031 10.770911216735839844 10.873905181884765625 10.971547126770019531 11.064023971557617188 11.151544570922851562 11.234249114990234375 11.312174797058105469 11.385245323181152344 11.453274726867675781 11.515979766845703125 11.573024749755859375 11.624059677124023438 11.668778419494628906 11.706941604614257812 11.7384033203125 11.763106346130371094 11.781075477600097656 11.792387008666992188 11.797135353088378906 11.795383453369140625 11.787114143371582031 11.772206306457519531 11.750439643859863281 11.721577644348144531 11.68550872802734375 11.642396926879882812 11.592803955078125 11.537722587585449219 11.478524208068847656 11.416813850402832031 11.354211807250976562 11.292124748229980469 11.23154449462890625 11.172891616821289062 11.115911483764648438 11.059641838073730469 11.002460479736328125 10.942226409912109375 10.876482963562011719 10.8026885986328125 10.718431472778320312 10.621600151062011719 10.51049041748046875 10.383852005004882812 10.240925788879394531 10.081506729125976562 9.90604400634765625 9.7157039642333984375 9.5122890472412109375 9.29793548583984375 9.0746612548828125 8.8440065383911132812 8.60686492919921875 8.36373138427734375 -1e100 -1e100 -1e100 -1e100 -1e100 -1e100 -1e100 -1e100 -1e100 -1e100 -1e100 -1e100 -1e100 -1e100 -1e100 -1e100 -1e100 -1e100 -1e100 -1e100
 -1e100 -1e100 -1e100 -1e100 -1e100 -1e100 -1e100 -1e100 -1e100 -1e100 -1e100 -1e100 -1e100 -1e100 -1e100 -1e100 -1e100 -1e100 -1e100 -1e100 -1e100 -1e100 -1e100 -1e100 -1e100 -1e100 -1e100 -1e100 -1e100 -1e100 -1e100 -1e100 -1e100 -1e100 -1e100 -1e100 -1e100 -1e100 -1e100 -1e100 -1e100 -1e100 -1e100 -1e100 -1e100 -1e100 -1e100 -1e100 -1e100 -1e100 -1e100 -1e100 -1e100 -1e100 -1e100 -1e100 -1e100 -1e100 -1e100 -1e100 -1e100 -1e100 -1e100 -1e100 -1e100 -1e100 -1e100 -1e100 -1e100 -1e100 9.9221506118774414062 10.046522140502929688 10.170479774475097656 10.293813705444335938 10.416083335876464844 10.536497116088867188 10.653956413269042969 10.767382621765136719 10.876027107238769531 10.979581832885742188 11.078094482421875 11.1717987060546875 11.260961532592773438 11.345782279968261719 11.426337242126464844 11.502551078796386719 11.574200630187988281 11.640933990478515625 11.702322006225585938 11.757920265197753906 11.807325363159179688 11.850214958190917969 11.886372566223144531 11.915682792663574219 11.9381256103515625 11.953741073608398438 11.962598800659179688 11.964746475219726562 11.960176467895507812 11.948794364929199219 11.930433273315429688 11.904921531677246094 11.872199058532714844 11.832448005676269531 11.786197662353515625 11.734357833862304688 11.67816925048828125 11.619066238403320312 11.558483123779296875 11.497649192810058594 11.437397956848144531 11.378026962280273438 11.319200515747070312 11.259930610656738281 11.198636054992675781 11.133291244506835938 11.061628341674804688 10.981348037719726562 10.890314102172851562 10.786681175231933594 10.668967247009277344 10.536072731018066406 10.387312889099121094 10.222507476806640625 10.042113304138183594 9.8473081588745117188 9.6399068832397460938 9.4219980239868164062 9.1953268051147460938 8.9610452651977539062 8.71966552734375 8.4715213775634765625 8.2171754837036132812 -1e100 -1e100 -1e100 -1e100 -1e100 -1e100 -1e100 -1e100 -1e100 -1e100 -1e100 -1e100 -1e100 -1e100 -1e100 -1e100 -1e100 -1e100 -1e100
 -1e100 -1e100 -1e100 -1e100 -1e100 -1e100 -1e100 -1e100 -1e100 -1e100 -1e100 -1e100 -1e100 -1e100 -1e100 -1e100 -1e100 -1e100 -1e100 -1e100 -1e100 -1e100 -1e100 -1e100 -1e100 -1e100 -1e100 -1e100 -1e100 -1e100 -1e100 -1e100 -1e100 -1e100 -1e100 -1e100 -1e100 -1e100 -1e100 -1e100 -1e100 -1e100 -1e100 -1e100 -1e100 -1e100 -1e100 -1e100 -1e100 -1e100 -1e100 -1e100 -1e100 -1e100 -1e100 -1e100 -1e100 -1e100 -1e100 -1e100 -1e100 -1e100 -1e100 -1e100 -1e100 -1e100 -1e100 -1e100 -1e100 9.88916015625 10.017455101013183594 10.144352912902832031 10.269938468933105469 10.394199371337890625 10.516880989074707031 10.63738250732421875 10.754831314086914062 10.868360519409179688 10.977376937866210938 11.081666946411132812 11.181332588195800781 11.276654243469238281 11.367940902709960938 11.45542144775390625 11.53917694091796875 11.619104385375976562 11.694920539855957031 11.766190528869628906 11.83238983154296875 11.892979621887207031 11.947465896606445312 11.995453834533691406 12.036662101745605469 12.070929527282714844 12.098196983337402344 12.118477821350097656 12.131819725036621094 12.138260841369628906 12.137793540954589844 12.130342483520507812 12.11577606201171875 12.093962669372558594 12.064871788024902344 12.028684616088867188 11.9858856201171875 11.937293052673339844 11.884011268615722656 11.827306747436523438 11.768428802490234375 11.708425521850585938 11.647975921630859375 11.587254524230957031 11.525860786437988281 11.462805747985839844 11.396584510803222656 11.325323104858398438 11.246972084045410156 11.159503936767578125 11.061072349548339844 10.950109481811523438 10.825357437133789062 10.685871124267578125 10.531057357788085938 10.360774040222167969 10.175490379333496094 9.9763889312744140625 9.765308380126953125 9.5442705154418945312 9.3144655227661132812 9.0765886306762695312 8.8308324813842773438 8.5774927139282226562 8.3173093795776367188 -1e100 -1e100 -1e100 -1e100 -1e100 -1e100 -1e100 -1e100 -1e100 -1e100 -1e100 -1e100 -1e100 -1e100 -1e100 -1e100 -1e100 -1e100 -1e100
 -1e100 -1e100 -1e100 -1e100 -1e100 -1e100 -1e100 -1e100 -1e100 -1e100 -1e100 -1e100 -1e100 -1e100 -1e100 -1e100 -1e100 -1e100 -1e100 -1e100 -1e100 -1e100 -1e100 -1e100 -1e100 -1e100 -1e100 -1e100 -1e100 -1e100 -1e100 -1e100 -1e100 -1e100 -1e100 -1e100 -1e100 -1e100 -1e100 -1e100 -1e100 -1e100 -1e100 -1e100 -1e100 -1e100 -1e100 -1e100 -1e100 -1e100 -1e100 -1e100 -1e100 -1e100 -1e100 -1e100 -1e100 -1e100 -1e100 -1e100 -1e100 -1e100 -1e100 -1e100 -1e100 -1e100 -1e100 -1e100 9.8447790145874023438 9.97878265380859375 10.110287666320800781 10.239320755004882812 10.366102218627929688 10.490851402282714844 10.613569259643554688 10.733907699584960938 10.85123443603515625 10.964885711669921875 11.07440948486328125 11.17967987060546875 11.280854225158691406 11.378247261047363281 11.472189903259277344 11.562910079956054688 11.650461196899414062 11.734689712524414062 11.8152313232421875 11.891561508178710938 11.963059425354003906 12.029092788696289062 12.089087486267089844 12.142580986022949219 12.189238548278808594 12.228859901428222656 12.261355400085449219 12.286717414855957031 12.304975509643554688 12.316156387329101562 12.320248603820800781 12.317181587219238281 12.306839942932128906 12.289113044738769531 12.26397705078125 12.231594085693359375 12.192388534545898438 12.147077560424804688 12.096624374389648438 12.042122840881347656 11.984640121459960938 11.925048828125 11.863878250122070312 11.801201820373535156 11.736573219299316406 11.669032096862792969 11.597176551818847656 11.519310951232910156 11.433626174926757812 11.338375091552734375 11.232007026672363281 11.113229751586914062 10.981012344360351562 10.8345794677734375 10.6734466552734375 10.497532844543457031 10.307313919067382812 10.103956222534179688 9.889247894287109375 9.6651926040649414062 9.4320240020751953125 9.190155029296875 8.9395961761474609375 8.6807413101196289062 8.4145765304565429688 8.1425018310546875 -1e100 -1e100 -1e100 -1e100 -1e100 -1e100 -1e100 -1e100 -1e100 -1e100 -1e100 -1e100 -1e100 -1e100 -1e100 -1e100 -1e100 -1e100
 -1e100 -1e100 -1e100 -1e100 -1e100 -1e100 -1e100 -1e100 -1e100 -1e100 -1e100 -1e100 -1e100 -1e100 -1e100 -1e100 -1e100 -1e100 -1e100 -1e100 -1e100 -1e100 -1e100 -1e100 -1e100 -1e100 -1e100 -1e100 -1e100 -1e100 -1e100 -1e100 -1e100 -1e100 -1e100 -1e100 -1e100 -1e100 -1e100 -1e100 -1e100 -1e100 -1e100 -1e100 -1e100 -1e100 -1e100 -1e100 -1e100 -1e100 -1e100 -1e100 -1e100 -1e100 -1e100 -1e100 -1e100 -1e100 -1e100 -1e100 -1e100 -1e100 -1e100 -1e100 -1e100 -1e100 -1e100 9.78627777099609375 9.9274530410766601562 10.0654296875 10.199810028076171875 10.330600738525390625 10.458164215087890625 10.582988739013671875 10.705393791198730469 10.825334548950195312 10.94244384765625 11.056255340576171875 11.166454315185546875 11.272997856140136719 11.376089096069335938 11.476060867309570312 11.573231697082519531 11.667801856994628906 11.759770393371582031 11.848907470703125 11.934759140014648438 12.016701698303222656 12.094017982482910156 12.165988922119140625 12.231965065002441406 12.291423797607421875 12.343985557556152344 12.389416694641113281 12.42760467529296875 12.458522796630859375 12.482186317443847656 12.498608589172363281 12.507765769958496094 12.509584426879882812 12.503946304321289062 12.490740776062011719 12.469928741455078125 12.4416351318359375 12.406209945678710938 12.364256858825683594 12.31658935546875 12.264129638671875 12.207767486572265625 12.148211479187011719 12.085860252380371094 12.020703315734863281 11.952277183532714844 11.879673004150390625 11.801616668701171875 11.71660614013671875 11.623080253601074219 11.519571304321289062 11.404817581176757812 11.277791976928710938 11.1376953125 10.983933448791503906 10.816155433654785156 10.634365081787109375 10.439069747924804688 10.231324195861816406 10.012581825256347656 9.7850742340087890625 9.5477771759033203125 9.3011646270751953125 9.0451860427856445312 8.7804536819458007812 8.5082101821899414062 8.2300481796264648438 -1e100 -1e100 -1e100 -1e100 -1e100 -1e100 -1e100 -1e100 -1e100 -1e100 -1e100 -1e100 -1e100 -1e100 -1e100 -1e100 -1e100 -1e100
 -1e100 -1e100 -1e100 -1e100 -1e100 -1e100 -1e100 -1e100 -1e100 -1e100 -1e100 -1e100 -1e100 -1e100 -1e100 -1e100 -1e100 -1e100 -1e100 -1e100 -1e100 -1e100 -1e100 -1e100 -1e100 -1e100 -1e100 -1e100 -1e100 -1e100 -1e100 -1e100 -1e100 -1e100 -1e100 -1e100 -1e100 -1e100 -1e100 -1e100 -1e100 -1e100 -1e100 -1e100 -1e100 -1e100 -1e100 -1e100 -1e100 -1e100 -1e100 -1e100 -1e100 -1e100 -1e100 -1e100 -1e100 -1e100 -1e100 -1e100 -1e100 -1e100 -1e100 -1e100 -1e100 -1e100 -1e100 9.8611850738525390625 10.006897926330566406 10.14847564697265625 10.285345077514648438 10.417467117309570312 10.545357704162597656 10.669819831848144531 10.791546821594238281 10.910845756530761719 11.027628898620605469 11.141638755798339844 11.252696037292480469 11.360836029052734375 11.466289520263671875 11.569380760192871094 11.670391082763671875 11.769455909729003906 11.866495132446289062 11.961184501647949219 12.052968025207519531 12.141118049621582031 12.224823951721191406 12.303278923034667969 12.375769615173339844 12.441716194152832031 12.500703811645507812 12.55246734619140625 12.596877098083496094 12.633890151977539062 12.663507461547851562 12.685729026794433594 12.700513839721679688 12.707769393920898438 12.707365036010742188 12.699166297912597656 12.683103561401367188 12.65924072265625 12.627837181091308594 12.589372634887695312 12.544504165649414062 12.493986129760742188 12.438539505004882812 12.378724098205566406 12.31482696533203125 12.246779441833496094 12.174124717712402344 12.096029281616210938 12.01136016845703125 11.91881561279296875 11.817078590393066406 11.704951286315917969 11.581441879272460938 11.445778846740722656 11.297382354736328125 11.1358489990234375 10.9609832763671875 10.772913932800292969 10.572213172912597656 10.359862327575683594 10.136941909790039062 9.904033660888671875 9.6615266799926757812 9.4091548919677734375 9.1470899581909179688 8.8761682510375976562 8.59783172607421875 8.3137760162353515625 8.0255746841430664062 -1e100 -1e100 -1e100 -1e100 -1e100 -1e100 -1e100 -1e100 -1e100 -1e100 -1e100 -1e100 -1e100 -1e100 -1e100 -1e100 -1e100
 -1e100 -1e100 -1e100 -1e100 -1e100 -1e100 -1e100 -1e100 -1e100 -1e100 -1e100 -1e100 -1e100 -1e100 -1e100 -1e100 -1e100 -1e100 -1e100 -1e100 -1e100 -1e100 -1e100 -1e100 -1e100 -1e100 -1e100 -1e100 -1e100 -1e100 -1e100 -1e100 -1e100 -1e100 -1e100 -1e100 -1e100 -1e100 -1e100 -1e100 -1e100 -1e100 -1e100 -1e100 -1e100 -1e100 -1e100 -1e100 -1e100 -1e100 -1e100 -1e100 -1e100 -1e100 -1e100 -1e100 -1e100 -1e100 -1e100 -1e100 -1e100 -1e100 -1e100 -1e100 -1e100 -1e100 9.7794036865234375 9.9330997467041015625 10.082863807678222656 10.227560043334960938 10.366388320922851562 10.499260902404785156 10.626894950866699219 10.750470161437988281 10.871100425720214844 10.989470481872558594 11.105793952941894531 11.220030784606933594 11.3321380615234375 11.442218780517578125 11.550512313842773438 11.6573028564453125 11.762799263000488281 11.867046356201171875 11.96985626220703125 12.070790290832519531 12.169180870056152344 12.264192581176757812 12.354917526245117188 12.440471649169921875 12.520076751708984375 12.593106269836425781 12.659110069274902344 12.717802047729492188 12.769032478332519531 12.812747955322265625 12.848934173583984375 12.877573966979980469 12.8986053466796875 12.911910057067871094 12.917326927185058594 12.914683341979980469 12.903855323791503906 12.884827613830566406 12.857755661010742188 12.822978973388671875 12.781001091003417969 12.732408523559570312 12.677765846252441406 12.617501258850097656 12.551812171936035156 12.480595588684082031 12.403421401977539062 12.319548606872558594 12.227995872497558594 12.127658843994140625 12.017455101013183594 11.896435737609863281 11.763856887817382812 11.619177818298339844 11.462027549743652344 11.292184829711914062 11.10961151123046875 10.914544105529785156 10.707544326782226562 10.489361763000488281 10.26068115234375 10.02187347412109375 9.7729816436767578125 9.5139827728271484375 9.2452907562255859375 8.967975616455078125 8.6836042404174804688 8.3938770294189453125 8.10033416748046875 -1e100 -1e100 -1e100 -1e100 -1e100 -1e100 -1e100 -1e100 -1e100 -1e100 -1e100 -1e100 -1e100 -1e100 -1e100 -1e100 -1e100
 -1e100 -1e100 -1e100 -1e100 -1e100 -1e100 -1e100 -1e100 -1e100 -1e100 -1e100 -1e100 -1e100 -1e100 -1e100 -1e100 -1e100 -1e100 -1e100 -1e100 -1e100 -1e100 -1e100 -1e100 -1e100 -1e100 -1e100 -1e100 -1e100 -1e100 -1e100 -1e100 -1e100 -1e100 -1e100 -1e100 -1e100 -1e100 -1e100 -1e100 -1e100 -1e100 -1e100 -1e100 -1e100 -1e100 -1e100 -1e100 -1e100 -1e100 -1e100 -1e100 -1e100 -1e100 -1e100 -1e100 -1e100 -1e100 -1e100 -1e100 -1e100 -1e100 -1e100 -1e100 -1e100 -1e100 9.8443355560302734375 10.002194404602050781 10.155415534973144531 10.302517890930175781 10.442481040954589844 10.57524871826171875 10.701840400695800781 10.823866844177246094 10.942896842956542969 11.060008049011230469 11.175721168518066406 11.290216445922851562 11.403586387634277344 11.515985488891601562 11.627637863159179688 11.738755226135253906 11.849440574645996094 11.959610939025878906 12.068948745727539062 12.176883697509765625 12.282620429992675781 12.385212898254394531 12.483656883239746094 12.576993942260742188 12.664386749267578125 12.745166778564453125 12.818854331970214844 12.885142326354980469 12.943867683410644531 12.994963645935058594 13.038403511047363281 13.074149131774902344 13.102113723754882812 13.122145652770996094 13.134039878845214844 13.137567520141601562 13.132531166076660156 13.118819236755371094 13.096464157104492188 13.065662384033203125 13.026755332946777344 12.98017120361328125 12.926327705383300781 12.865538597106933594 12.797933578491210938 12.723395347595214844 12.641539573669433594 12.551727294921875 12.453129768371582031 12.344836235046386719 12.225979804992675781 12.0958404541015625 11.953893661499023438 11.799803733825683594 11.633389472961425781 11.45459747314453125 11.263531684875488281 11.060513496398925781 10.846058845520019531 10.620725631713867188 10.384930610656738281 10.138848304748535156 9.8825235366821289062 9.6161518096923828125 9.3404216766357421875 9.056583404541015625 8.7662353515625 8.4710216522216796875 8.172405242919921875 7.8715581893920898438 -1e100 -1e100 -1e100 -1e100 -1e100 -1e100 -1e100 -1e100 -1e100 -1e100 -1e100 -1e100 -1e100 -1e100 -1e100 -1e100
 -1e100 -1e100 -1e100 -1e100 -1e100 -1e100 -1e100 -1e100 -1e100 -1e100 -1e100 -1e100 -1e100 -1e100 -1e100 -1e100 -1e100 -1e100 -1e100 -1e100 -1e100 -1e100 -1e100 -1e100 -1e100 -1e100 -1e100 -1e100 -1e100 -1e100 -1e100 -1e100 -1e100 -1e100 -1e100 -1e100 -1e100 -1e100 -1e100 -1e100 -1e100 -1e100 -1e100 -1e100 -1e100 -1e100 -1e100 -1e100 -1e100 -1e100 -1e100 -1e100 -1e100 -1e100 -1e100 -1e100 -1e100 -1e100 -1e100 -1e100 -1e100 -1e100 -1e100 -1e100 -1e100 9.7421560287475585938 9.90734100341796875 10.068743705749511719 10.224579811096191406 10.372980117797851562 10.512837409973144531 10.644326210021972656 10.768869400024414062 10.888564109802246094 11.005438804626464844 11.120955467224121094 11.235933303833007812 11.350763320922851562 11.465662956237792969 11.580823898315429688 11.696422576904296875 11.812563896179199219 11.929209709167480469 12.046117782592773438 12.162811279296875 12.278569221496582031 12.392458915710449219 12.503418922424316406 12.6103515625 12.712224960327148438 12.808149337768554688 12.897419929504394531 12.979529380798339844 13.054155349731445312 13.121121406555175781 13.18035125732421875 13.23180389404296875 13.275420188903808594 13.311081886291503906 13.338595390319824219 13.357698440551757812 13.368091583251953125 13.36948394775390625 13.361651420593261719 13.34449005126953125 13.318040847778320312 13.282486915588378906 13.23809814453125 13.185158729553222656 13.1238861083984375 13.054355621337890625 12.976453781127929688 12.88985443115234375 12.794026374816894531 12.688292503356933594 12.571925163269042969 12.444258689880371094 12.304773330688476562 12.153139114379882812 11.989202499389648438 11.812948226928710938 11.62447357177734375 11.424012184143066406 11.211946487426757812 10.988743782043457031 10.75482940673828125 10.51049041748046875 10.255880355834960938 9.9911699295043945312 9.7168064117431640625 9.4337024688720703125 9.1431989669799804688 8.8468608856201171875 8.54624176025390625 8.24271392822265625 7.9373908042907714844 -1e100 -1e100 -1e100 -1e100 -1e100 -1e100 -1e100 -1e100 -1e100 -1e100 -1e100 -1e100 -1e100 -1e100 -1e100 -1e100
 -1e100 -1e100 -1e100 -1e100 -1e100 -1e100 -1e100 -1e100 -1e100 -1e100 -1e100 -1e100 -1e100 -1e100 -1e100 -1e100 -1e100 -1e100 -1e100 -1e100 -1e100 -1e100 -1e100 -1e100 -1e100 -1e100 -1e100 -1e100 -1e100 -1e100 -1e100 -1e100 -1e100 -1e100 -1e100 -1e100 -1e100 -1e100 -1e100 -1e100 -1e100 -1e100 -1e100 -1e100 -1e100 -1e100 -1e100 -1e100 -1e100 -1e100 -1e100 -1e100 -1e100 -1e100 -1e100 -1e100 -1e100 -1e100 -1e100 -1e100 -1e100 -1e100 -1e100 -1e100 -1e100 9.8003063201904296875 9.968349456787109375 10.132457733154296875 10.28960418701171875 10.437709808349609375 10.575865745544433594 10.704672813415527344 10.826060295104980469 10.942629814147949219 11.05684661865234375 11.170519828796386719 11.284739494323730469 11.400090217590332031 11.516900062561035156 11.635370254516601562 11.755601882934570312 11.877556800842285156 12.001016616821289062 12.125551223754882812 12.250498771667480469 12.374968528747558594 12.497882843017578125 12.618059158325195312 12.734309196472167969 12.845534324645996094 12.950796127319335938 13.049359321594238281 13.140695571899414062 13.224469184875488281 13.300496101379394531 13.368687629699707031 13.428990364074707031 13.481320381164550781 13.525524139404296875 13.561356544494628906 13.5884857177734375 13.606523513793945312 13.615071296691894531 13.613773345947265625 13.602377891540527344 13.580761909484863281 13.548946380615234375 13.507048606872558594 13.455228805541992188 13.393616676330566406 13.322251319885253906 13.241033554077148438 13.149701118469238281 13.047834396362304688 12.934903144836425781 12.810353279113769531 12.673703193664550781 12.524615287780761719 12.3629302978515625 12.188653945922851562 12.001918792724609375 11.802961349487304688 11.592127799987792969 11.369851112365722656 11.1365814208984375 10.892708778381347656 10.638532638549804688 10.374311447143554688 10.100419998168945312 9.8175325393676757812 9.5267086029052734375 9.2293148040771484375 8.9268522262573242188 8.6207790374755859375 8.3123807907104492188 8.0027027130126953125 7.6925282478332519531 -1e100 -1e100 -1e100 -1e100 -1e100 -1e100 -1e100 -1e100 -1e100 -1e100 -1e100 -1e100 -1e100 -1e100 -1e100
 -1e100 -1e100 -1e100 -1e100 -1e100 -1e100 -1e100 -1e100 -1e100 -1e100 -1e100 -1e100 -1e100 -1e100 -1e100 -1e100 -1e100 -1e100 -1e100 -1e100 -1e100 -1e100 -1e100 -1e100 -1e100 -1e100 -1e100 -1e100 -1e100 -1e100 -1e100 -1e100 -1e100 -1e100 -1e100 -1e100 -1e100 -1e100 -1e100 -1e100 -1e100 -1e100 -1e100 -1e100 -1e100 -1e100 -1e100 -1e100 -1e100 -1e100 -1e100 -1e100 -1e100 -1e100 -1e100 -1e100 -1e100 -1e100 -1e100 -1e100 -1e100 -1e100 -1e100 -1e100 9.6781473159790039062 9.8572902679443359375 10.026539802551269531 10.192050933837890625 10.348536491394042969 10.494302749633789062 10.628979682922363281 10.753696441650390625 10.870926856994628906 10.983754158020019531 11.095010757446289062 11.206792831420898438 11.320421218872070312 11.436655044555664062 11.555909156799316406 11.678373336791992188 11.804039955139160156 11.9326934814453125 12.063902854919433594 12.197020530700683594 12.331175804138183594 12.465294837951660156 12.598148345947265625 12.728433609008789062 12.854874610900878906 12.97631072998046875 13.091765403747558594 13.200475692749023438 13.301898956298828125 13.39569091796875 13.481660842895507812 13.559714317321777344 13.629780769348144531 13.691750526428222656 13.745427131652832031 13.790502548217773438 13.826564788818359375 13.853120803833007812 13.869647026062011719 13.875640869140625 13.870685577392578125 13.854490280151367188 13.826906204223632812 13.787901878356933594 13.737519264221191406 13.675809860229492188 13.602784156799316406 13.518364906311035156 13.422356605529785156 13.314452171325683594 13.194265365600585938 13.061408042907714844 12.915566444396972656 12.756569862365722656 12.584413528442382812 12.399245262145996094 12.201334953308105469 11.991046905517578125 11.768834114074707031 11.535197257995605469 11.290631294250488281 11.03559112548828125 10.770491600036621094 10.495768547058105469 10.212012290954589844 9.920078277587890625 9.621120452880859375 9.3165035247802734375 9.0076627731323242188 8.6959657669067382812 8.382617950439453125 8.06859588623046875 7.754627227783203125 -1e100 -1e100 -1e100 -1e100 -1e100 -1e100 -1e100 -1e100 -1e100 -1e100 -1e100 -1e100 -1e100 -1e100 -1e100
 -1e100 -1e100 -1e100 -1e100 -1e100 -1e100 -1e100 -1e100 -1e100 -1e100 -1e100 -1e100 -1e100 -1e100 -1e100 -1e100 -1e100 -1e100 -1e100 -1e100 -1e100 -1e100 -1e100 -1e100 -1e100 -1e100 -1e100 -1e100 -1e100 -1e100 -1e100 -1e100 -1e100 -1e100 -1e100 -1e100 -1e100 -1e100 -1e100 -1e100 -1e100 -1e100 -1e100 -1e100 -1e100 -1e100 -1e100 -1e100 -1e100 -1e100 -1e100 -1e100 -1e100 -1e100 -1e100 -1e100 -1e100 -1e100 -1e100 -1e100 -1e100 -1e100 -1e100 -1e100 9.7253942489624023438 9.911571502685546875 10.08417510986328125 10.245771408081054688 10.398156166076660156 10.539305686950683594 10.668890953063964844 10.788425445556640625 10.90087127685546875 11.00969696044921875 11.118010520935058594 11.228130340576171875 11.341573715209960938 11.459250450134277344 11.581646919250488281 11.708919525146484375 11.840921401977539062 11.977230072021484375 12.117175102233886719 12.259863853454589844 12.404203414916992188 12.548926353454589844 12.692646980285644531 12.833948135375976562 12.971468925476074219 13.103998184204101562 13.230524063110351562 13.350267410278320312 13.462677001953125 13.567404747009277344 13.664258956909179688 13.753136634826660156 13.833951950073242188 13.906565666198730469 13.970729827880859375 14.026065826416015625 14.072064399719238281 14.108114242553710938 14.133544921875 14.147694587707519531 14.149968147277832031 14.139891624450683594 14.117142677307128906 14.081541061401367188 14.033010482788085938 13.971532821655273438 13.897092819213867188 13.809637069702148438 13.709041595458984375 13.595110893249511719 13.467600822448730469 13.326281547546386719 13.170999526977539062 13.001737594604492188 12.818633079528808594 12.62197113037109375 12.412151336669921875 12.189670562744140625 11.955097198486328125 11.709036827087402344 11.452097892761230469 11.184870719909667969 10.907939910888671875 10.621946334838867188 10.327678680419921875 10.026143074035644531 9.718563079833984375 9.4062976837158203125 9.090724945068359375 8.7731389999389648438 8.4546661376953125 8.1362161636352539062 7.8184494972229003906 7.5017638206481933594 -1e100 -1e100 -1e100 -1e100 -1e100 -1e100 -1e100 -1e100 -1e100 -1e100 -1e100 -1e100 -1e100 -1e100
 -1e100 -1e100 -1e100 -1e100 -1e100 -1e100 -1e100 -1e100 -1e100 -1e100 -1e100 -1e100 -1e100 -1e100 -1e100 -1e100 -1e100 -1e100 -1e100 -1e100 -1e100 -1e100 -1e100 -1e100 -1e100 -1e100 -1e100 -1e100 -1e100 -1e100 -1e100 -1e100 -1e100 -1e100 -1e100 -1e100 -1e100 -1e100 -1e100 -1e100 -1e100 -1e100 -1e100 -1e100 -1e100 -1e100 -1e100 -1e100 -1e100 -1e100 -1e100 -1e100 -1e100 -1e100 -1e100 -1e100 -1e100 -1e100 -1e100 -1e100 -1e100 -1e100 -1e100 9.5637454986572265625 9.7599506378173828125 9.947620391845703125 10.122176170349121094 10.283627510070800781 10.432522773742675781 10.56856536865234375 10.692419052124023438 10.806391716003417969 10.913987159729003906 11.018993377685546875 11.124720573425292969 11.233666419982910156 11.34752655029296875 11.467359542846679688 11.593708992004394531 11.726674079895019531 11.865949630737304688 12.0108795166015625 12.160531997680664062 12.313755989074707031 12.4692230224609375 12.625470161437988281 12.780956268310546875 12.93415069580078125 13.083621978759765625 13.22811126708984375 13.366583824157714844 13.49825286865234375 13.622564315795898438 13.73917388916015625 13.847891807556152344 13.948609352111816406 14.041224479675292969 14.125559806823730469 14.201313018798828125 14.268018722534179688 14.325058937072753906 14.371684074401855469 14.407063484191894531 14.43035125732421875 14.44075775146484375 14.437615394592285156 14.420419692993164062 14.388833999633789062 14.3426666259765625 14.281827926635742188 14.206279754638671875 14.115996360778808594 14.010927200317382812 13.890988349914550781 13.756076812744140625 13.606115341186523438 13.441104888916015625 13.261176109313964844 13.066606521606445312 12.857813835144042969 12.635339736938476562 12.399820327758789062 12.151968002319335938 11.892533302307128906 11.622282981872558594 11.341985702514648438 11.052422523498535156 10.754439353942871094 10.449013710021972656 10.137286186218261719 9.8205423355102539062 9.5001401901245117188 9.1774168014526367188 8.853603363037109375 8.5297565460205078125 8.206714630126953125 7.8850674629211425781 7.56514739990234375 -1e100 -1e100 -1e100 -1e100 -1e100 -1e100 -1e100 -1e100 -1e100 -1e100 -1e100 -1e100 -1e100 -1e100
 -1e100 -1e100 -1e100 -1e100 -1e100 -1e100 -1e100 -1e100 -1e100 -1e100 -1e100 -1e100 -1e100 -1e100 -1e100 -1e100 -1e100 -1e100 -1e100 -1e100 -1e100 -1e100 -1e100 -1e100 -1e100 -1e100 -1e100 -1e100 -1e100 -1e100 -1e100 -1e100 -1e100 -1e100 -1e100 -1e100 -1e100 -1e100 -1e100 -1e100 -1e100 -1e100 -1e100 -1e100 -1e100 -1e100 -1e100 -1e100 -1e100 -1e100 -1e100 -1e100 -1e100 -1e100 -1e100 -1e100 -1e100 -1e100 -1e100 -1e100 -1e100 -1e100 9.3824462890625 9.5851593017578125 9.7823009490966796875 9.9699306488037109375 10.14438629150390625 10.304219245910644531 10.449277877807617188 10.580018997192382812 10.698154449462890625 10.806809425354003906 10.909967422485351562 11.011662483215332031 11.115372657775878906 11.223765373229980469 11.338726997375488281 11.461462020874023438 11.592570304870605469 11.73207855224609375 11.879499435424804688 12.033931732177734375 12.194166183471679688 12.358784675598144531 12.526219367980957031 12.694809913635253906 12.862868309020996094 13.028758049011230469 13.190980911254882812 13.348245620727539062 13.499502182006835938 13.643963813781738281 13.781084060668945312 13.910529136657714844 14.03211212158203125 14.145723342895507812 14.251240730285644531 14.348446846008300781 14.436970710754394531 14.516253471374511719 14.58554840087890625 14.643949508666992188 14.690443038940429688 14.723978042602539062 14.743551254272460938 14.748282432556152344 14.737471580505371094 14.710621833801269531 14.667418479919433594 14.607701301574707031 14.531411170959472656 14.438549995422363281 14.329143524169921875 14.203223228454589844 14.060824394226074219 13.902020454406738281 13.72696685791015625 13.535939216613769531 13.329359054565429688 13.107789993286132812 12.871922492980957031 12.622556686401367188 12.360571861267089844 12.086895942687988281 11.802485466003417969 11.50830841064453125 11.205358505249023438 10.894687652587890625 10.577451705932617188 10.254918098449707031 9.928436279296875 9.5993757247924804688 9.2690448760986328125 8.93862152099609375 8.609096527099609375 8.2812376022338867188 7.9555630683898925781 7.6323342323303222656 7.3115606307983398438 -1e100 -1e100 -1e100 -1e100 -1e100 -1e100 -1e100 -1e100 -1e100 -1e100 -1e100 -1e100 -1e100
 -1e100 -1e100 -1e100 -1e100 -1e100 -1e100 -1e100 -1e100 -1e100 -1e100 -1e100 -1e100 -1e100 -1e100 -1e100 -1e100 -1e100 -1e100 -1e100 -1e100 -1e100 -1e100 -1e100 -1e100 -1e100 -1e100 -1e100 -1e100 -1e100 -1e100 -1e100 -1e100 -1e100 -1e100 -1e100 -1e100 -1e100 -1e100 -1e100 -1e100 -1e100 -1e100 -1e100 -1e100 -1e100 -1e100 -1e100 -1e100 -1e100 -1e100 -1e100 -1e100 -1e100 -1e100 -1e100 -1e100 -1e100 -1e100 -1e100 -1e100 -1e100 -1e100 9.3951702117919921875 9.5973901748657226562 9.7935886383056640625 9.9796056747436523438 10.151921272277832031 10.308564186096191406 10.449107170104980469 10.574543952941894531 10.687363624572753906 10.791284561157226562 10.890625 10.989603042602539062 11.091859817504882812 11.20026397705078125 11.316915512084960938 11.443179130554199219 11.579701423645019531 11.726428985595703125 11.88268280029296875 12.047300338745117188 12.218791961669921875 12.395470619201660156 12.575531959533691406 12.757121086120605469 12.938405990600585938 13.117656707763671875 13.2933197021484375 13.464076042175292969 13.628876686096191406 13.786940574645996094 13.937738418579101562 14.080950736999511719 14.216404914855957031 14.343987464904785156 14.46355438232421875 14.574843406677246094 14.67740631103515625 14.770573616027832031 14.853451728820800781 14.924955368041992188 14.983860969543457031 15.028889656066894531 15.058795928955078125 15.072466850280761719 15.068994522094726562 15.047704696655273438 15.008158683776855469 14.950119972229003906 14.873510360717773438 14.778363227844238281 14.664785385131835938 14.53292083740234375 14.382947921752929688 14.215091705322265625 14.029661178588867188 13.827086448669433594 13.607938766479492188 13.372941017150878906 13.122957229614257812 12.858966827392578125 12.582040786743164062 12.293309211730957031 11.993936538696289062 11.685109138488769531 11.368040084838867188 11.043990135192871094 10.71428680419921875 10.380323410034179688 10.043519973754882812 9.7052640914916992188 9.3668489456176757812 9.0294065475463867188 8.693866729736328125 8.3609247207641601562 8.0310239791870117188 7.7043542861938476562 7.3808536529541015625 -1e100 -1e100 -1e100 -1e100 -1e100 -1e100 -1e100 -1e100 -1e100 -1e100 -1e100 -1e100 -1e100
 -1e100 -1e100 -1e100 -1e100 -1e100 -1e100 -1e100 -1e100 -1e100 -1e100 -1e100 -1e100 -1e100 -1e100 -1e100 -1e100 -1e100 -1e100 -1e100 -1e100 -1e100 -1e100 -1e100 -1e100 -1e100 -1e100 -1e100 -1e100 -1e100 -1e100 -1e100 -1e100 -1e100 -1e100 -1e100 -1e100 -1e100 -1e100 -1e100 -1e100 -1e100 -1e100 -1e100 -1e100 -1e100 -1e100 -1e100 -1e100 -1e100 -1e100 -1e100 -1e100 -1e100 -1e100 -1e100 -1e100 -1e100 -1e100 -1e100 -1e100 -1e100 9.2021532058715820312 9.4032526016235351562 9.6027116775512695312 9.796051025390625 9.9788503646850585938 10.147490501403808594 10.299836158752441406 10.435511589050292969 10.555906295776367188 10.663976669311523438 10.7637786865234375 10.859832763671875 10.956517219543457031 11.057666778564453125 11.166400909423828125 11.285066604614257812 11.415205001831054688 11.557506561279296875 11.711828231811523438 11.877293586730957031 12.052479743957519531 12.235616683959960938 12.424748420715332031 12.617837905883789062 12.812846183776855469 13.007805824279785156 13.200898170471191406 13.390524864196777344 13.575353622436523438 13.75434112548828125 13.926724433898925781 14.092000961303710938 14.249876022338867188 14.400190353393554688 14.542830467224121094 14.677631378173828125 14.804276466369628906 14.922229766845703125 15.030692100524902344 15.128603935241699219 15.214671134948730469 15.2874298095703125 15.345339775085449219 15.3868865966796875 15.410699844360351562 15.415637969970703125 15.400841712951660156 15.365735054016113281 15.310007095336914062 15.23355865478515625 15.136462211608886719 15.018903732299804688 14.881150245666503906 14.723522186279296875 14.546401023864746094 14.350254058837890625 14.135672569274902344 13.903395652770996094 13.654324531555175781 13.3895111083984375 13.110137939453125 12.817487716674804688 12.512908935546875 12.197795867919921875 11.873564720153808594 11.541655540466308594 11.203536033630371094 10.860709190368652344 10.514693260192871094 10.166983604431152344 9.8189983367919921875 9.4720201492309570312 9.1271419525146484375 8.7852325439453125 8.4469156265258789062 8.112552642822265625 7.7822551727294921875 7.455890655517578125 7.1330895423889160156 -1e100 -1e100 -1e100 -1e100 -1e100 -1e100 -1e100 -1e100 -1e100 -1e100 -1e100 -1e100
 -1e100 -1e100 -1e100 -1e100 -1e100 -1e100 -1e100 -1e100 -1e100 -1e100 -1e100 -1e100 -1e100 -1e100 -1e100 -1e100 -1e100 -1e100 -1e100 -1e100 -1e100 -1e100 -1e100 -1e100 -1e100 -1e100 -1e100 -1e100 -1e100 -1e100 -1e100 -1e100 -1e100 -1e100 -1e100 -1e100 -1e100 -1e100 -1e100 -1e100 -1e100 -1e100 -1e100 -1e100 -1e100 -1e100 -1e100 -1e100 -1e100 -1e100 -1e100 -1e100 -1e100 -1e100 -1e100 -1e100 -1e100 -1e100 -1e100 -1e100 -1e100 9.2146902084350585938 9.41036224365234375 9.6048936843872070312 9.793598175048828125 9.9718227386474609375 10.13581085205078125 10.283382415771484375 10.414257049560546875 10.530030250549316406 10.633862495422363281 10.729960441589355469 10.822969436645507812 10.917443275451660156 11.017475128173828125 11.126489639282226562 11.247117042541503906 11.381082534790039062 11.5291290283203125 11.691020965576171875 11.865686416625976562 12.051445960998535156 12.246254920959472656 12.447897911071777344 12.654110908508300781 12.862676620483398438 13.071499824523925781 13.278685569763183594 13.482598304748535156 13.681902885437011719 13.875571250915527344 14.062871932983398438 14.243337631225585938 14.416703224182128906 14.582834243774414062 14.741618156433105469 14.892864227294921875 15.036194801330566406 15.170972824096679688 15.296250343322753906 15.410770416259765625 15.512998580932617188 15.601197242736816406 15.673525810241699219 15.728166580200195312 15.763458251953125 15.778003692626953125 15.770739555358886719 15.740947723388671875 15.688237190246582031 15.612492561340332031 15.513825416564941406 15.392512321472167969 15.248944282531738281 15.083591461181640625 14.89699554443359375 14.689793586730957031 14.462748527526855469 14.216783523559570312 13.952997207641601562 13.672649383544921875 13.377144813537597656 13.067996025085449219 12.746791839599609375 12.41516876220703125 12.074786186218261719 11.72731781005859375 11.374442100524902344 11.017836570739746094 10.659151077270507812 10.299962997436523438 9.9417266845703125 9.5857191085815429688 9.2329969406127929688 8.884365081787109375 8.5403642654418945312 8.2012701034545898438 7.8671059608459472656 7.5376629829406738281 7.2125062942504882812 -1e100 -1e100 -1e100 -1e100 -1e100 -1e100 -1e100 -1e100 -1e100 -1e100 -1e100 -1e100
 -1e100 -1e100 -1e100 -1e100 -1e100 -1e100 -1e100 -1e100 -1e100 -1e100 -1e100 -1e100 -1e100 -1e100 -1e100 -1e100 -1e100 -1e100 -1e100 -1e100 -1e100 -1e100 -1e100 -1e100 -1e100 -1e100 -1e100 -1e100 -1e100 -1e100 -1e100 -1e100 -1e100 -1e100 -1e100 -1e100 -1e100 -1e100 -1e100 -1e100 -1e100 -1e100 -1e100 -1e100 -1e100 -1e100 -1e100 -1e100 -1e100 -1e100 -1e100 -1e100 -1e100 -1e100 -1e100 -1e100 -1e100 -1e100 -1e100 -1e100 9.0485067367553710938 9.2330188751220703125 9.4210214614868164062 9.6087551116943359375 9.79141998291015625 9.9641637802124023438 10.123071670532226562 10.265873908996582031 10.392266273498535156 10.503843307495117188 10.603772163391113281 10.696288108825683594 10.7861480712890625 10.8781280517578125 10.97664642333984375 11.08548736572265625 11.207597732543945312 11.344904899597167969 11.498210906982421875 11.667200088500976562 11.850617408752441406 12.046536445617675781 12.252649307250976562 12.466488838195800781 12.685574531555175781 12.907518386840820312 13.130106925964355469 13.351374626159667969 13.569663047790527344 13.783639907836914062 13.992306709289550781 14.194973945617675781 14.391221046447753906 14.5808258056640625 14.76367950439453125 14.939676284790039062 15.108595848083496094 15.269992828369140625 15.423109054565429688 15.566823959350585938 15.699651718139648438 15.819780349731445312 15.925151824951171875 16.013584136962890625 16.082916259765625 16.131160736083984375 16.156635284423828125 16.158052444458007812 16.13454437255859375 16.08563232421875 16.01119232177734375 15.911382675170898438 15.786574363708496094 15.637292861938476562 15.464162826538085938 15.267896652221679688 15.04930877685546875 14.809350967407226562 14.549146652221679688 14.270007133483886719 13.973424911499023438 13.661043167114257812 13.334626197814941406 12.996019363403320312 12.64711761474609375 12.289835929870605469 11.926088333129882812 11.557769775390625 11.186738967895507812 10.814780235290527344 10.443561553955078125 10.074576377868652344 9.7090997695922851562 9.3481454849243164062 8.9924468994140625 8.64244842529296875 8.298320770263671875 7.9599895477294921875 7.6271643638610839844 7.2993502616882324219 6.9758334159851074219 -1e100 -1e100 -1e100 -1e100 -1e100 -1e100 -1e100 -1e100 -1e100 -1e100 -1e100
 -1e100 -1e100 -1e100 -1e100 -1e100 -1e100 -1e100 -1e100 -1e100 -1e100 -1e100 -1e100 -1e100 -1e100 -1e100 -1e100 -1e100 -1e100 -1e100 -1e100 -1e100 -1e100 -1e100 -1e100 -1e100 -1e100 -1e100 -1e100 -1e100 -1e100 -1e100 -1e100 -1e100 -1e100 -1e100 -1e100 -1e100 -1e100 -1e100 -1e100 -1e100 -1e100 -1e100 -1e100 -1e100 -1e100 -1e100 -1e100 -1e100 -1e100 -1e100 -1e100 -1e100 -1e100 -1e100 -1e100 -1e100 -1e100 -1e100 -1e100 9.0874738693237304688 9.2612762451171875 9.4397296905517578125 9.6192531585693359375 9.7949743270874023438 9.9618358612060546875 10.115685462951660156 10.254040718078613281 10.376395225524902344 10.484156608581542969 10.580349922180175781 10.669179916381835938 10.755524635314941406 10.844440460205078125 10.94072723388671875 11.048579216003417969 11.171289443969726562 11.311018943786621094 11.468651771545410156 11.643817901611328125 11.835097312927246094 12.04033660888671875 12.256978988647460938 12.482318878173828125 12.7136688232421875 12.948477745056152344 13.184422492980957031 13.419478416442871094 13.65196990966796875 13.880584716796875 14.104366302490234375 14.322679519653320312 14.53516387939453125 14.741650581359863281 14.942067146301269531 15.136313438415527344 15.324139595031738281 15.505021095275878906 15.678059577941894531 15.841932296752929688 15.994886398315429688 16.134786605834960938 16.259210586547851562 16.365583419799804688 16.451353073120117188 16.51416015625 16.55200958251953125 16.5633697509765625 16.547204971313476562 16.502956390380859375 16.430486679077148438 16.330011367797851562 16.202007293701171875 16.04714202880859375 15.866208076477050781 15.66009521484375 15.429808616638183594 15.176500320434570312 14.901514053344726562 14.60639190673828125 14.292876243591308594 13.962873458862304688 13.618416786193847656 13.261628150939941406 12.894677162170410156 12.519744873046875 12.138998031616210938 11.75455474853515625 11.36846160888671875 10.982645988464355469 10.598867416381835938 10.21866607666015625 9.8433103561401367188 9.4737653732299804688 9.1106729507446289062 8.7543592453002929688 8.4048633575439453125 8.0619945526123046875 7.7253751754760742188 7.3944673538208007812 7.068546295166015625 -1e100 -1e100 -1e100 -1e100 -1e100 -1e100 -1e100 -1e100 -1e100 -1e100 -1e100
 -1e100 -1e100 -1e100 -1e100 -1e100 -1e100 -1e100 -1e100 -1e100 -1e100 -1e100 -1e100 -1e100 -1e100 -1e100 -1e100 -1e100 -1e100 -1e100 -1e100 -1e100 -1e100 -1e100 -1e100 -1e100 -1e100 -1e100 -1e100 -1e100 -1e100 -1e100 -1e100 -1e100 -1e100 -1e100 -1e100 -1e100 -1e100 -1e100 -1e100 -1e100 -1e100 -1e100 -1e100 -1e100 -1e100 -1e100 -1e100 -1e100 -1e100 -1e100 -1e100 -1e100 -1e100 -1e100 -1e100 -1e100 -1e100 -1e100 8.9875850677490234375 9.1413717269897460938 9.3025054931640625 9.469974517822265625 9.6404170989990234375 9.8088560104370117188 9.96993255615234375 10.119141578674316406 10.253628730773925781 10.372514724731445312 10.47686767578125 10.569464683532714844 10.654438018798828125 10.736802101135253906 10.821932792663574219 10.915059089660644531 11.020825386047363281 11.142918586730957031 11.283774375915527344 11.444402694702148438 11.624416351318359375 11.822260856628417969 12.035581588745117188 12.261592864990234375 12.497364044189453125 12.74001312255859375 12.986836433410644531 13.235408782958984375 13.483658790588378906 13.729907035827636719 13.972873687744140625 14.211660385131835938 14.445705413818359375 14.67472076416015625 14.898607254028320312 15.117334365844726562 15.330816268920898438 15.538769721984863281 15.740575790405273438 15.935176849365234375 16.121013641357421875 16.296024322509765625 16.45770263671875 16.603200912475585938 16.729501724243164062 16.833599090576171875 16.912723541259765625 16.964525222778320312 16.987201690673828125 16.979541778564453125 16.940900802612304688 16.8711395263671875 16.770532608032226562 16.639680862426757812 16.479402542114257812 16.290666580200195312 16.074556350708007812 15.832277297973632812 15.5652008056640625 15.274900436401367188 14.963173866271972656 14.632030487060546875 14.283660888671875 13.920392990112304688 13.544640541076660156 13.158864974975585938 12.765530586242675781 12.367064476013183594 11.9658203125 11.564037322998046875 11.16379547119140625 10.766954421997070312 10.375098228454589844 9.9894866943359375 9.6110210418701171875 9.24022674560546875 8.8772745132446289062 8.5220384597778320312 8.174182891845703125 7.8332457542419433594 7.4986777305603027344 7.1698012351989746094 6.8457121849060058594 -1e100 -1e100 -1e100 -1e100 -1e100 -1e100 -1e100 -1e100 -1e100 -1e100
 -1e100 -1e100 -1e100 -1e100 -1e100 -1e100 -1e100 -1e100 -1e100 -1e100 -1e100 -1e100 -1e100 -1e100 -1e100 -1e100 -1e100 -1e100 -1e100 -1e100 -1e100 -1e100 -1e100 -1e100 -1e100 -1e100 -1e100 -1e100 -1e100 -1e100 -1e100 -1e100 -1e100 -1e100 -1e100 -1e100 -1e100 -1e100 -1e100 -1e100 -1e100 -1e100 -1e100 -1e100 -1e100 -1e100 -1e100 -1e100 -1e100 -1e100 -1e100 -1e100 -1e100 -1e100 -1e100 -1e100 -1e100 -1e100 -1e100 9.0733127593994140625 9.211116790771484375 9.357975006103515625 9.5135622024536132812 9.6746778488159179688 9.836090087890625 9.9919919967651367188 10.137372016906738281 10.268862724304199219 10.385073661804199219 10.486600875854492188 10.57588958740234375 10.656951904296875 10.734933853149414062 10.815547943115234375 10.904490470886230469 11.00690460205078125 11.126927375793457031 11.267329216003417969 11.429305076599121094 11.612497329711914062 11.8152618408203125 12.035073280334472656 12.268941879272460938 12.513731002807617188 12.766373634338378906 13.024027824401855469 13.284177780151367188 13.544717788696289062 13.803982734680175781 14.060744285583496094 14.314180374145507812 14.563822746276855469 14.809477806091308594 15.051126480102539062 15.288798332214355469 15.522426605224609375 15.751689910888671875 15.975866317749023438 16.1937103271484375 16.403394699096679688 16.60250091552734375 16.788089752197265625 16.956836700439453125 17.10520172119140625 17.229677200317382812 17.32701873779296875 17.3944854736328125 17.429975509643554688 17.432088851928710938 17.400094985961914062 17.33385467529296875 17.233722686767578125 17.100423812866210938 16.934949874877929688 16.73845672607421875 16.512233734130859375 16.257699966430664062 15.976454734802246094 15.670324325561523438 15.341378211975097656 14.991917610168457031 14.624439239501953125 14.241583824157714844 13.846082687377929688 13.440704345703125 13.028210639953613281 12.611301422119140625 12.192576408386230469 11.774481773376464844 11.3592529296875 10.948858261108398438 10.544928550720214844 10.148710250854492188 9.7610187530517578125 9.382228851318359375 9.0123081207275390625 8.6509180068969726562 8.2975530624389648438 7.9516863822937011719 7.6128139495849609375 7.2803835868835449219 6.9536190032958984375 -1e100 -1e100 -1e100 -1e100 -1e100 -1e100 -1e100 -1e100 -1e100 -1e100
 -1e100 -1e100 -1e100 -1e100 -1e100 -1e100 -1e100 -1e100 -1e100 -1e100 -1e100 -1e100 -1e100 -1e100 -1e100 -1e100 -1e100 -1e100 -1e100 -1e100 -1e100 -1e100 -1e100 -1e100 -1e100 -1e100 -1e100 -1e100 -1e100 -1e100 -1e100 -1e100 -1e100 -1e100 -1e100 -1e100 -1e100 -1e100 -1e100 -1e100 -1e100 -1e100 -1e100 -1e100 -1e100 -1e100 -1e100 -1e100 -1e100 -1e100 -1e100 -1e100 -1e100 -1e100 -1e100 -1e100 -1e100 -1e100 9.0637454986572265625 9.1758432388305664062 9.2956666946411132812 9.4271535873413085938 9.5706243515014648438 9.72283935546875 9.878086090087890625 10.029925346374511719 10.172710418701171875 10.302448272705078125 10.417119026184082031 10.516732215881347656 10.603299140930175781 10.6806488037109375 10.754030227661132812 10.829503059387207031 10.913258552551269531 11.010994911193847656 11.127369880676269531 11.265560150146484375 11.427015304565429688 11.611469268798828125 11.817234992980957031 12.041657447814941406 12.281567573547363281 12.533643722534179688 12.794652938842773438 13.061626434326171875 13.33197784423828125 13.603585243225097656 13.874817848205566406 14.144522666931152344 14.41197967529296875 14.676836967468261719 14.93901824951171875 15.198609352111816406 15.455715179443359375 15.710293769836425781 15.9619903564453125 16.209966659545898438 16.45276641845703125 16.688249588012695312 16.913593292236328125 17.125364303588867188 17.31967926025390625 17.492414474487304688 17.639478683471679688 17.757099151611328125 17.842092514038085938 17.892030715942382812 17.905307769775390625 17.881105422973632812 17.819295883178710938 17.7203216552734375 17.585052490234375 17.414661407470703125 17.210508346557617188 16.97409820556640625 16.707078933715820312 16.41129302978515625 16.088836669921875 15.742067337036132812 15.37360382080078125 14.986271858215332031 14.583049774169921875 14.167002677917480469 13.741230964660644531 13.308803558349609375 12.872712135314941406 12.435811996459960938 12.000763893127441406 11.569975852966308594 11.145529747009277344 10.729109764099121094 10.321939468383789062 9.9247293472290039062 9.5376567840576171875 9.1604299545288085938 8.79244232177734375 8.433013916015625 8.0815944671630859375 7.7378077507019042969 7.4012999534606933594 7.0714559555053710938 6.7471423149108886719 -1e100 -1e100 -1e100 -1e100 -1e100 -1e100 -1e100 -1e100 -1e100
 -1e100 -1e100 -1e100 -1e100 -1e100 -1e100 -1e100 -1e100 -1e100 -1e100 -1e100 -1e100 -1e100 -1e100 -1e100 -1e100 -1e100 -1e100 -1e100 -1e100 -1e100 -1e100 -1e100 -1e100 -1e100 -1e100 -1e100 -1e100 -1e100 -1e100 -1e100 -1e100 -1e100 -1e100 -1e100 -1e100 -1e100 -1e100 -1e100 -1e100 -1e100 -1e100 -1e100 -1e100 -1e100 -1e100 -1e100 -1e100 -1e100 -1e100 -1e100 -1e100 -1e100 -1e100 -1e100 -1e100 -1e100 9.1121301651000976562 9.2017049789428710938 9.2922725677490234375 9.3927173614501953125 9.5084829330444335938 9.6403408050537109375 9.7847232818603515625 9.9351978302001953125 10.084549903869628906 10.226412773132324219 10.356080055236816406 10.470781326293945312 10.569808006286621094 10.654611587524414062 10.728761672973632812 10.797570228576660156 10.867444992065429688 10.945112228393554688 11.036885261535644531 11.148011207580566406 11.28215789794921875 11.44110107421875 11.62473297119140625 11.831378936767578125 12.058294296264648438 12.302165031433105469 12.559505462646484375 12.826938629150390625 13.101390838623046875 13.380228042602539062 13.66133880615234375 13.943154335021972656 14.2246246337890625 14.505163192749023438 14.784566879272460938 15.062905311584472656 15.340396881103515625 15.617241859436035156 15.893442153930664062 16.168609619140625 16.44178009033203125 16.711263656616210938 16.974567413330078125 17.228397369384765625 17.468759536743164062 17.691133499145507812 17.890720367431640625 18.06276702880859375 18.202907562255859375 18.307458877563476562 18.373632431030273438 18.39960479736328125 18.38446807861328125 18.328111648559570312 18.2310791015625 18.094402313232421875 17.9194488525390625 17.707798004150390625 17.461181640625 17.181486129760742188 16.870819091796875 16.531553268432617188 16.166368484497070312 15.778215408325195312 15.37027740478515625 14.945891380310058594 14.508481979370117188 14.061492919921875 13.608325004577636719 13.152270317077636719 12.696455001831054688 12.243771553039550781 11.796808242797851562 11.357774734497070312 10.928414344787597656 10.509926795959472656 10.102892875671386719 9.7072496414184570312 9.3223819732666015625 8.9473743438720703125 8.5813798904418945312 8.2239007949829101562 7.8747663497924804688 7.5338535308837890625 7.20067596435546875 6.8740415573120117188 -1e100 -1e100 -1e100 -1e100 -1e100 -1e100 -1e100 -1e100 -1e100
 -1e100 -1e100 -1e100 -1e100 -1e100 -1e100 -1e100 -1e100 -1e100 -1e100 -1e100 -1e100 -1e100 -1e100 -1e100 -1e100 -1e100 -1e100 -1e100 -1e100 -1e100 -1e100 -1e100 -1e100 -1e100 -1e100 -1e100 -1e100 -1e100 -1e100 -1e100 -1e100 -1e100 -1e100 -1e100 -1e100 -1e100 -1e100 -1e100 -1e100 -1e100 -1e100 -1e100 -1e100 -1e100 -1e100 -1e100 -1e100 -1e100 -1e100 -1e100 -1e100 -1e100 -1e100 -1e100 -1e100 -1e100 9.2852926254272460938 9.3517045974731445312 9.419513702392578125 9.50029754638671875 9.6009197235107421875 9.7223491668701171875 9.8604364395141601562 10.007905006408691406 10.15673065185546875 10.299778938293457031 10.431520462036132812 10.548275947570800781 10.648440361022949219 10.732775688171386719 10.804506301879882812 10.868983268737792969 10.932971954345703125 11.003777503967285156 11.088382720947265625 11.192700386047363281 11.320960044860839844 11.475338935852050781 11.655954360961914062 11.861197471618652344 12.088274955749511719 12.333764076232910156 12.59404754638671875 12.865630149841308594 13.145364761352539062 13.430600166320800781 13.719269752502441406 14.009901046752929688 14.301586151123046875 14.593909263610839844 14.886852264404296875 15.180673599243164062 15.475755691528320312 15.772426605224609375 16.070751190185546875 16.370319366455078125 16.670030593872070312 16.96793365478515625 17.261140823364257812 17.545824050903320312 17.817340850830078125 18.070440292358398438 18.299558639526367188 18.4991912841796875 18.664293289184570312 18.790628433227539062 18.875011444091796875 18.915378570556640625 18.910730361938476562 18.860986709594726562 18.766801834106445312 18.62938690185546875 18.4503173828125 18.231403350830078125 17.974618911743164062 17.682104110717773438 17.356237411499023438 16.99970245361328125 16.615505218505859375 16.206966400146484375 15.777644157409667969 15.33126068115234375 14.871622085571289062 14.402538299560546875 13.927756309509277344 13.450886726379394531 12.975341796875 12.504258155822753906 12.040421485900878906 11.586180686950683594 11.143354415893554688 10.713122367858886719 10.295923233032226562 9.8914194107055664062 9.4986257553100585938 9.11627197265625 8.7433576583862304688 8.379543304443359375 8.02489471435546875 7.6794819831848144531 7.3428320884704589844 7.0135517120361328125 6.6893749237060546875 -1e100 -1e100 -1e100 -1e100 -1e100 -1e100 -1e100 -1e100
 -1e100 -1e100 -1e100 -1e100 -1e100 -1e100 -1e100 -1e100 -1e100 -1e100 -1e100 -1e100 -1e100 -1e100 -1e100 -1e100 -1e100 -1e100 -1e100 -1e100 -1e100 -1e100 -1e100 -1e100 -1e100 -1e100 -1e100 -1e100 -1e100 -1e100 -1e100 -1e100 -1e100 -1e100 -1e100 -1e100 -1e100 -1e100 -1e100 -1e100 -1e100 -1e100 -1e100 -1e100 -1e100 -1e100 -1e100 -1e100 -1e100 -1e100 -1e100 -1e100 -1e100 -1e100 -1e100 -1e100 9.4068651199340820312 9.46671295166015625 9.5106153488159179688 9.5566310882568359375 9.6190767288208007812 9.706081390380859375 9.818691253662109375 9.9521951675415039062 10.098602294921875 10.249155044555664062 10.395882606506347656 10.5322418212890625 10.653400421142578125 10.756654739379882812 10.841954231262207031 10.91213226318359375 10.972584724426269531 11.030467033386230469 11.093697547912597656 11.169981002807617188 11.265954017639160156 11.386473655700683594 11.534181594848632812 11.70947265625 11.910851478576660156 12.135525703430175781 12.379996299743652344 12.640554428100585938 12.913628578186035156 13.196033477783203125 13.485146522521972656 13.778983116149902344 14.076216697692871094 14.376125335693359375 14.678510665893554688 14.983591079711914062 15.291857719421386719 15.603906631469726562 15.92022705078125 16.240976333618164062 16.565732955932617188 16.893260955810546875 17.221323013305664062 17.546581268310546875 17.864603042602539062 18.17000579833984375 18.45670318603515625 18.718257904052734375 18.948312759399414062 19.141056060791015625 19.291629791259765625 19.396409988403320312 19.453069686889648438 19.46051788330078125 19.418706893920898438 19.328418731689453125 19.191053390502929688 19.00841522216796875 18.78255462646484375 18.515699386596679688 18.210260391235351562 17.86890411376953125 17.494634628295898438 17.090818405151367188 16.661161422729492188 16.209627151489257812 15.740350723266601562 15.257538795471191406 14.765392303466796875 14.268022537231445312 13.769378662109375 13.273172378540039062 12.782800674438476562 12.30126190185546875 11.831065177917480469 11.374116897583007812 10.931595802307128906 10.503818511962890625 10.090177536010742188 9.689281463623046875 9.2994289398193359375 8.919414520263671875 8.5492191314697265625 8.1891164779663085938 7.8392496109008789062 7.4989724159240722656 7.1665310859680175781 6.839305877685546875 -1e100 -1e100 -1e100 -1e100 -1e100 -1e100 -1e100 -1e100
 -1e100 -1e100 -1e100 -1e100 -1e100 -1e100 -1e100 -1e100 -1e100 -1e100 -1e100 -1e100 -1e100 -1e100 -1e100 -1e100 -1e100 -1e100 -1e100 -1e100 -1e100 -1e100 -1e100 -1e100 -1e100 -1e100 -1e100 -1e100 -1e100 -1e100 -1e100 -1e100 -1e100 -1e100 -1e100 -1e100 -1e100 -1e100 -1e100 -1e100 -1e100 -1e100 -1e100 -1e100 -1e100 -1e100 -1e100 -1e100 -1e100 -1e100 -1e100 -1e100 -1e100 -1e100 -1e100 -1e100 9.605792999267578125 9.6526098251342773438 9.678924560546875 9.7072935104370117188 9.7546834945678710938 9.8304414749145507812 9.9359979629516601562 10.06659698486328125 10.213945388793945312 10.3686676025390625 10.521793365478515625 10.66544342041015625 10.793330192565917969 10.901464462280273438 10.988919258117675781 11.058165550231933594 11.114690780639648438 11.16608428955078125 11.220910072326660156 11.287632942199707031 11.373650550842285156 11.484486579895019531 11.623284339904785156 11.790753364562988281 11.985555648803710938 12.204935073852539062 12.445369720458984375 12.70310211181640625 12.974531173706054688 13.256490707397460938 13.546431541442871094 13.842512130737304688 14.1436004638671875 14.449219703674316406 14.759447097778320312 15.074796676635742188 15.396050453186035156 15.72406768798828125 16.059549331665039062 16.402780532836914062 16.753345489501953125 17.109876632690429688 17.469821929931640625 17.82933807373046875 18.183309555053710938 18.525510787963867188 18.848905563354492188 19.146060943603515625 19.409654617309570312 19.633001327514648438 19.810546875 19.938167572021484375 20.013256072998046875 20.034616470336914062 20.0022430419921875 19.917057037353515625 19.780660629272460938 19.595098495483398438 19.362682342529296875 19.085908889770507812 18.767467498779296875 18.41033172607421875 18.017848968505859375 17.593763351440429688 17.142194747924804688 16.66754150390625 16.174375534057617188 15.667332649230957031 15.151026725769042969 14.629957199096679688 14.108429908752441406 13.59047698974609375 13.079769134521484375 12.579529762268066406 12.092439651489257812 11.62052154541015625 11.164990425109863281 10.726104736328125 10.303052902221679688 9.8940372467041015625 9.4967193603515625 9.1094074249267578125 8.732868194580078125 8.3674345016479492188 8.0131235122680664062 7.6688776016235351562 7.3324689865112304688 7.0009875297546386719 -1e100 -1e100 -1e100 -1e100 -1e100 -1e100 -1e100 -1e100
 -1e100 -1e100 -1e100 -1e100 -1e100 -1e100 -1e100 -1e100 -1e100 -1e100 -1e100 -1e100 -1e100 -1e100 -1e100 -1e100 -1e100 -1e100 -1e100 -1e100 -1e100 -1e100 -1e100 -1e100 -1e100 -1e100 -1e100 -1e100 -1e100 -1e100 -1e100 -1e100 -1e100 -1e100 -1e100 -1e100 -1e100 -1e100 -1e100 -1e100 -1e100 -1e100 -1e100 -1e100 -1e100 -1e100 -1e100 -1e100 -1e100 -1e100 -1e100 -1e100 -1e100 -1e100 -1e100 9.6983270645141601562 9.79589080810546875 9.8428087234497070312 9.8618793487548828125 9.8809080123901367188 9.9190654754638671875 9.9871034622192382812 10.08774566650390625 10.217221260070800781 10.367572784423828125 10.528905868530273438 10.690959930419921875 10.844132423400878906 10.980404853820800781 11.094414710998535156 11.184417724609375 11.252623558044433594 11.304701805114746094 11.348718643188476562 11.393912315368652344 11.449515342712402344 11.523691177368164062 11.622632026672363281 11.749987602233886719 11.90679931640625 12.091909408569335938 12.302643775939941406 12.535506248474121094 12.786747932434082031 13.052797317504882812 13.330568313598632812 13.61765289306640625 13.912412643432617188 14.213980674743652344 14.522187232971191406 14.837457656860351562 15.160666465759277344 15.492956161499023438 15.835512161254882812 16.189300537109375 16.554775238037109375 16.9315643310546875 17.3181610107421875 17.711679458618164062 18.107717514038085938 18.500385284423828125 18.882505416870117188 19.245962142944335938 19.582195281982421875 19.882772445678710938 20.140026092529296875 20.347599029541015625 20.500810623168945312 20.596735000610351562 20.634061813354492188 20.612829208374023438 20.53411102294921875 20.39972686767578125 20.211980819702148438 19.973463058471679688 19.68695068359375 19.355434417724609375 18.982210159301757812 18.570980072021484375 18.1259002685546875 17.651531219482421875 17.152730941772460938 16.634540557861328125 16.102054595947265625 15.560327529907226562 15.014273643493652344 14.468579292297363281 13.927610397338867188 13.39532470703125 12.875178337097167969 12.37003326416015625 11.882043838500976562 11.412522315979003906 10.961774826049804688 10.5289459228515625 10.111891746520996094 9.707302093505859375 9.3120718002319335938 8.9291200637817382812 8.5583791732788085938 8.19940185546875 7.8505406379699707031 7.5090970993041992188 7.1720175743103027344 -1e100 -1e100 -1e100 -1e100 -1e100 -1e100 -1e100 -1e100
 -1e100 -1e100 -1e100 -1e100 -1e100 -1e100 -1e100 -1e100 -1e100 -1e100 -1e100 -1e100 -1e100 -1e100 -1e100 -1e100 -1e100 -1e100 -1e100 -1e100 -1e100 -1e100 -1e100 -1e100 -1e100 -1e100 -1e100 -1e100 -1e100 -1e100 -1e100 -1e100 -1e100 -1e100 -1e100 -1e100 -1e100 -1e100 -1e100 -1e100 -1e100 -1e100 -1e100 -1e100 -1e100 -1e100 -1e100 -1e100 -1e100 -1e100 -1e100 -1e100 -1e100 -1e100 -1e100 9.8369607925415039062 9.9723491668701171875 10.039319038391113281 10.068518638610839844 10.092655181884765625 10.131505012512207031 10.197735786437988281 10.296865463256835938 10.427577018737792969 10.583043098449707031 10.75293731689453125 10.925442695617675781 11.088964462280273438 11.233661651611328125 11.352904319763183594 11.444325447082519531 11.510046005249023438 11.556017875671386719 11.59082794189453125 11.624381065368652344 11.666653633117675781 11.726533889770507812 11.810835838317871094 11.923682212829589844 12.066431999206542969 12.238130569458007812 12.436222076416015625 12.657285690307617188 12.897648811340332031 13.153841018676757812 13.422925949096679688 13.702712059020996094 13.991841316223144531 14.289782524108886719 14.596754074096679688 14.913602828979492188 15.241643905639648438 15.582452774047851562 15.937613487243652344 16.308422088623046875 16.695556640625 17.098720550537109375 17.516292572021484375 17.945024490356445312 18.379899978637695312 18.814165115356445312 19.239568710327148438 19.646776199340820312 20.02593231201171875 20.367343902587890625 20.662204742431640625 20.903247833251953125 21.08515167236328125 21.204626083374023438 21.26023101806640625 21.252046585083007812 21.181316375732421875 21.050096511840820312 20.860975265502929688 20.616840362548828125 20.320774078369140625 19.976078033447265625 19.586389541625976562 19.155794143676757812 18.688879013061523438 18.190673828125 17.666536331176757812 17.122007369995117188 16.562677383422851562 15.99407196044921875 15.421549797058105469 14.850203514099121094 14.28475189208984375 13.729443550109863281 13.18796539306640625 12.663354873657226562 12.157902717590332031 11.673054695129394531 11.209282875061035156 10.765887260437011719 10.340646743774414062 9.9292593002319335938 9.524753570556640625 9.1352529525756835938 8.7589044570922851562 8.3946895599365234375 8.0402851104736328125 7.6926407814025878906 7.3487310409545898438 -1e100 -1e100 -1e100 -1e100 -1e100 -1e100 -1e100 -1e100
 -1e100 -1e100 -1e100 -1e100 -1e100 -1e100 -1e100 -1e100 -1e100 -1e100 -1e100 -1e100 -1e100 -1e100 -1e100 -1e100 -1e100 -1e100 -1e100 -1e100 -1e100 -1e100 -1e100 -1e100 -1e100 -1e100 -1e100 -1e100 -1e100 -1e100 -1e100 -1e100 -1e100 -1e100 -1e100 -1e100 -1e100 -1e100 -1e100 -1e100 -1e100 -1e100 -1e100 -1e100 -1e100 -1e100 -1e100 -1e100 -1e100 -1e100 -1e100 -1e100 -1e100 -1e100 9.582550048828125 9.9025020599365234375 10.135301589965820312 10.242589950561523438 10.310954093933105469 10.364715576171875 10.421209335327148438 10.495835304260253906 10.59920501708984375 10.734377861022949219 10.896633148193359375 11.075507164001464844 11.257665634155273438 11.429616928100585938 11.579962730407714844 11.701149940490722656 11.790494918823242188 11.850236892700195312 11.886699676513671875 11.908999443054199219 11.927663803100585938 11.953329086303710938 11.995510101318359375 12.061551094055175781 12.155971527099609375 12.280417442321777344 12.434133529663085938 12.614717483520507812 12.818881034851074219 13.043091773986816406 13.284058570861816406 13.539076805114746094 13.806254386901855469 14.084592819213867188 14.373982429504394531 14.675108909606933594 14.98932647705078125 15.318472862243652344 15.664637565612792969 16.02988433837890625 16.415918350219726562 16.823711395263671875 17.2530975341796875 17.702356338500976562 18.167875289916992188 18.6439666748046875 19.12291717529296875 19.59526824951171875 20.050302505493164062 20.4766845703125 20.863262176513671875 21.199916839599609375 21.47832489013671875 21.69242095947265625 21.838489532470703125 21.914941787719726562 21.921905517578125 21.860807418823242188 21.733978271484375 21.544317245483398438 21.295040130615234375 20.989553451538085938 20.631496429443359375 20.224859237670898438 19.774137496948242188 19.2843780517578125 18.761117935180664062 18.2102508544921875 17.63785552978515625 17.050058364868164062 16.452899932861328125 15.852216720581054688 15.253534317016601562 14.661938667297363281 14.081971168518066406 13.517538070678710938 12.97182464599609375 12.447237014770507812 11.945333480834960938 11.466744422912597656 11.010984420776367188 10.576089859008789062 10.157705307006835938 9.7453088760375976562 9.3477840423583984375 8.9649076461791992188 8.594532012939453125 8.2335376739501953125 7.878658294677734375 7.5270223617553710938 7.1763358116149902344 -1e100 -1e100 -1e100 -1e100 -1e100 -1e100 -1e100
 -1e100 -1e100 -1e100 -1e100 -1e100 -1e100 -1e100 -1e100 -1e100 -1e100 -1e100 -1e100 -1e100 -1e100 -1e100 -1e100 -1e100 -1e100 -1e100 -1e100 -1e100 -1e100 -1e100 -1e100 -1e100 -1e100 -1e100 -1e100 -1e100 -1e100 -1e100 -1e100 -1e100 -1e100 -1e100 -1e100 -1e100 -1e100 -1e100 -1e100 -1e100 -1e100 -1e100 -1e100 -1e100 -1e100 -1e100 -1e100 -1e100 -1e100 -1e100 -1e100 -1e100 8.9855098724365234375 9.4259176254272460938 9.841541290283203125 10.188786506652832031 10.433506965637207031 10.607489585876464844 10.733399391174316406 10.833561897277832031 10.931705474853515625 11.047374725341796875 11.190328598022460938 11.35924530029296875 11.544287681579589844 11.731241226196289062 11.905399322509765625 12.054484367370605469 12.170584678649902344 12.251082420349121094 12.298525810241699219 12.319664955139160156 12.324093818664550781 12.32285308837890625 12.327092170715332031 12.346793174743652344 12.389682769775390625 12.460574150085449219 12.561335563659667969 12.691399574279785156 12.848536491394042969 13.029642105102539062 13.231392860412597656 13.450753211975097656 13.685337066650390625 13.933633804321289062 14.195092201232910156 14.470104217529296875 14.759913444519042969 15.066463470458984375 15.392201423645019531 15.739824295043945312 16.111970901489257812 16.5108489990234375 16.937816619873046875 17.39290618896484375 17.8743438720703125 18.37815093994140625 18.897924423217773438 19.424892425537109375 19.9482421875 20.455667495727539062 20.934133529663085938 21.370794296264648438 21.753997802734375 22.074178695678710938 22.324396133422851562 22.5004425048828125 22.600549697875976562 22.624906539916992188 22.575160980224609375 22.45395660400390625 22.26454925537109375 22.010524749755859375 21.695646286010742188 21.323902130126953125 20.899669647216796875 20.4278717041015625 19.914049148559570312 19.364286422729492188 18.785055160522460938 18.1830291748046875 17.564910888671875 16.937305450439453125 16.306568145751953125 15.678680419921875 15.059109687805175781 14.452689170837402344 13.863524436950683594 13.294922828674316406 12.749350547790527344 12.228398323059082031 11.732691764831542969 11.261660575866699219 10.813111305236816406 10.382613182067871094 9.9643468856811523438 9.560760498046875 9.171573638916015625 8.794376373291015625 8.4259357452392578125 8.0631103515625 7.7032709121704101562 7.3443460464477539062 -1e100 -1e100 -1e100 -1e100 -1e100 -1e100 -1e100
 -1e100 -1e100 -1e100 -1e100 -1e100 -1e100 -1e100 -1e100 -1e100 -1e100 -1e100 -1e100 -1e100 -1e100 -1e100 -1e100 -1e100 -1e100 -1e100 -1e100 -1e100 -1e100 -1e100 -1e100 -1e100 -1e100 -1e100 -1e100 -1e100 -1e100 -1e100 -1e100 -1e100 -1e100 -1e100 -1e100 -1e100 -1e100 -1e100 -1e100 -1e100 -1e100 -1e100 -1e100 -1e100 -1e100 -1e100 -1e100 -1e100 -1e100 -1e100 -1e100 -1e100 8.6423425674438476562 9.2077159881591796875 9.7683458328247070312 10.281277656555175781 10.704981803894042969 11.030961990356445312 11.2674713134765625 11.438350677490234375 11.576670646667480469 11.712757110595703125 11.8647613525390625 12.036212921142578125 12.219281196594238281 12.400273323059082031 12.564577102661132812 12.700089454650878906 12.799271583557128906 12.859982490539550781 12.885230064392089844 12.882164955139160156 12.860727310180664062 12.832277297973632812 12.808255195617675781 12.798893928527832031 12.812111854553222656 12.852869033813476562 12.923168182373046875 13.022593498229980469 13.149097442626953125 13.29979705810546875 13.471639633178710938 13.661919593811035156 13.868646621704101562 14.090773582458496094 14.328275680541992188 14.582133293151855469 14.854224205017089844 15.147169113159179688 15.464121818542480469 15.808487892150878906 16.183595657348632812 16.592275619506835938 17.036386489868164062 17.516262054443359375 18.030141830444335938 18.573701858520507812 19.13977813720703125 19.71843719482421875 20.297327041625976562 20.862331390380859375 21.39842987060546875 21.890790939331054688 22.325948715209960938 22.69286346435546875 22.983570098876953125 23.193277359008789062 23.320024490356445312 23.3640899658203125 23.327390670776367188 23.21295166015625 23.024456024169921875 22.76590728759765625 22.441471099853515625 22.055515289306640625 21.61281585693359375 21.118755340576171875 20.579401016235351562 20.001432418823242188 19.391954421997070312 18.7582855224609375 18.107770919799804688 17.447622299194335938 16.784759521484375 16.125644683837890625 15.476137161254882812 14.841360092163085938 14.225604057312011719 13.632271766662597656 13.063852310180664062 12.52190399169921875 12.006983757019042969 11.518443107604980469 11.054121971130371094 10.61043548583984375 10.183604240417480469 9.7727155685424804688 9.3761339187622070312 8.9910945892333984375 8.61443328857421875 8.2432146072387695312 7.8749895095825195312 7.507781982421875 -1e100 -1e100 -1e100 -1e100 -1e100 -1e100 -1e100
 -1e100 -1e100 -1e100 -1e100 -1e100 -1e100 -1e100 -1e100 -1e100 -1e100 -1e100 -1e100 -1e100 -1e100 -1e100 -1e100 -1e100 -1e100 -1e100 -1e100 -1e100 -1e100 -1e100 -1e100 -1e100 -1e100 -1e100 -1e100 -1e100 -1e100 -1e100 -1e100 -1e100 -1e100 -1e100 -1e100 -1e100 -1e100 -1e100 -1e100 -1e100 -1e100 -1e100 -1e100 -1e100 -1e100 -1e100 -1e100 -1e100 -1e100 -1e100 -1e100 7.5902409553527832031 8.2810010910034179688 9.02341461181640625 9.7865724563598632812 10.519071578979492188 11.163268089294433594 11.680446624755859375 12.061336517333984375 12.328007698059082031 12.521539688110351562 12.683216094970703125 12.840706825256347656 13.004124641418457031 13.169759750366210938 13.326577186584472656 13.461888313293457031 13.565120697021484375 13.629945755004882812 13.655085563659667969 13.644083023071289062 13.604359626770019531 13.545966148376464844 13.480295181274414062 13.418788909912109375 13.371656417846679688 13.346769332885742188 13.349056243896484375 13.3805389404296875 13.440890312194824219 13.528233528137207031 13.63993072509765625 13.773242950439453125 13.925853729248046875 14.096236228942871094 14.283876419067382812 14.489348411560058594 14.714290618896484375 14.96129608154296875 15.233751296997070312 15.535613059997558594 15.871124267578125 16.24443817138671875 16.659166336059570312 17.117818832397460938 17.621166229248046875 18.16756439208984375 18.752376556396484375 19.367647171020507812 20.002145767211914062 20.641778945922851562 21.270322799682617188 21.870433807373046875 22.424917221069335938 22.918146133422851562 23.337327957153320312 23.673282623291015625 23.920557022094726562 24.076993942260742188 24.143007278442382812 24.120878219604492188 24.014108657836914062 23.826910018920898438 23.563785552978515625 23.229345321655273438 22.828371047973632812 22.366062164306640625 21.848279953002929688 21.281658172607421875 20.67352294921875 20.031667709350585938 19.364126205444335938 18.678943634033203125 17.9839935302734375 17.28679656982421875 16.594326019287109375 15.912839889526367188 15.247745513916015625 14.603508949279785156 13.983607292175292969 13.390533447265625 12.825791358947753906 12.289859771728515625 11.782068252563476562 11.300509452819824219 10.842227935791015625 10.404003143310546875 9.9833316802978515625 9.5774755477905273438 9.1833009719848632812 8.7976503372192382812 8.4176740646362304688 8.0409440994262695312 7.6654314994812011719 -1e100 -1e100 -1e100 -1e100 -1e100 -1e100 -1e100
 -1e100 -1e100 -1e100 -1e100 -1e100 -1e100 -1e100 -1e100 -1e100 -1e100 -1e100 -1e100 -1e100 -1e100 -1e100 -1e100 -1e100 -1e100 -1e100 -1e100 -1e100 -1e100 -1e100 -1e100 -1e100 -1e100 -1e100 -1e100 -1e100 -1e100 -1e100 -1e100 -1e100 -1e100 -1e100 -1e100 -1e100 -1e100 -1e100 -1e100 -1e100 -1e100 -1e100 -1e100 -1e100 -1e100 -1e100 -1e100 -1e100 -1e100 -1e100 -1e100 7.1397814750671386719 8.0240116119384765625 8.9979829788208007812 10.018261909484863281 11.020826339721679688 11.927515983581542969 12.672475814819335938 13.228011131286621094 13.611737251281738281 13.870779991149902344 14.057008743286132812 14.208745956420898438 14.344965934753417969 14.468875885009765625 14.574809074401855469 14.654217720031738281 14.6996002197265625 14.706688880920410156 14.675383567810058594 14.609704017639160156 14.517081260681152344 14.407328605651855469 14.291510581970214844 14.180722236633300781 14.084820747375488281 14.011358261108398438 13.965017318725585938 13.94769287109375 13.959065437316894531 13.997391700744628906 14.060271263122558594 14.145304679870605469 14.250600814819335938 14.375143051147460938 14.519001960754394531 14.683406829833984375 14.870715141296386719 15.0843048095703125 15.328417778015136719 15.607937812805175781 15.928087234497070312 16.294023513793945312 16.710330963134765625 17.1803741455078125 17.705545425415039062 18.28444671630859375 18.912181854248046875 19.579959869384765625 20.275106430053710938 20.9815216064453125 21.680517196655273438 22.351980209350585938 22.975893020629882812 23.534036636352539062 24.011537551879882812 24.397798538208007812 24.686624526977539062 24.875680923461914062 24.9656219482421875 24.95922088623046875 24.860614776611328125 24.674671173095703125 24.406505584716796875 24.061235427856445312 23.644092559814453125 23.160711288452148438 22.617464065551757812 22.021581649780273438 21.38108062744140625 20.7045135498046875 20.000692367553710938 19.2784271240234375 18.546312332153320312 17.812501907348632812 17.084497451782226562 16.368961334228515625 15.671580314636230469 14.996977806091308594 14.348696708679199219 13.729218482971191406 13.139987945556640625 12.581415176391601562 12.052843093872070312 11.552548408508300781 11.077885627746582031 10.625689506530761719 10.19272613525390625 9.775630950927734375 9.3709869384765625 8.9755373001098632812 8.586345672607421875 8.2008457183837890625 7.8168482780456542969 -1e100 -1e100 -1e100 -1e100 -1e100 -1e100 -1e100
 -1e100 -1e100 -1e100 -1e100 -1e100 -1e100 -1e100 -1e100 -1e100 -1e100 -1e100 -1e100 -1e100 -1e100 -1e100 -1e100 -1e100 -1e100 -1e100 -1e100 -1e100 -1e100 -1e100 -1e100 -1e100 -1e100 -1e100 -1e100 -1e100 -1e100 -1e100 -1e100 -1e100 -1e100 -1e100 -1e100 -1e100 -1e100 -1e100 -1e100 -1e100 -1e100 -1e100 -1e100 -1e100 -1e100 -1e100 -1e100 -1e100 -1e100 -1e100 5.9244680404663085938 6.8866128921508789062 8.0208196640014648438 9.2796039581298828125 10.607099533081054688 11.925698280334472656 13.134515762329101562 14.140222549438476562 14.895021438598632812 15.409642219543457031 15.735617637634277344 15.935383796691894531 16.059617996215820312 16.139017105102539062 16.18701934814453125 16.206411361694335938 16.195201873779296875 16.150501251220703125 16.070844650268554688 15.957428932189941406 15.814502716064453125 15.649106979370117188 15.470388412475585938 15.288661956787109375 15.114274024963378906 14.956371307373046875 14.821882247924804688 14.715007781982421875 14.637349128723144531 14.588484764099121094 14.566735267639160156 14.56990814208984375 14.595932960510253906 14.643353462219238281 14.711684226989746094 14.801608085632324219 14.915044784545898438 15.055115699768066406 15.226055145263671875 15.433057785034179688 15.682070732116699219 15.9794769287109375 16.331661224365234375 16.744432449340820312 17.222263336181640625 17.76739501953125 18.378839492797851562 19.051513671875 19.775726318359375 20.537176132202148438 21.3174285888671875 22.094865798950195312 22.846063613891601562 23.547611236572265625 24.178195953369140625 24.720478057861328125 25.162229537963867188 25.496456146240234375 25.720720291137695312 25.836072921752929688 25.845981597900390625 25.755422592163085938 25.57010650634765625 25.295885086059570312 24.938480377197265625 24.503602981567382812 23.997350692749023438 23.426607131958007812 22.799236297607421875 22.123989105224609375 21.410234451293945312 20.667627334594726562 19.905809402465820312 19.1341400146484375 18.361438751220703125 17.595746994018554688 16.844127655029296875 16.11252593994140625 15.405711174011230469 14.727280616760253906 14.079693794250488281 13.464335441589355469 12.881549835205078125 12.330676078796386719 11.810064315795898438 11.317168235778808594 10.848787307739257812 10.40139007568359375 9.9713048934936523438 9.5548982620239257812 9.148731231689453125 8.7496595382690429688 8.3548803329467773438 7.9619989395141601562 -1e100 -1e100 -1e100 -1e100 -1e100 -1e100 -1e100
 -1e100 -1e100 -1e100 -1e100 -1e100 -1e100 -1e100 -1e100 -1e100 -1e100 -1e100 -1e100 -1e100 -1e100 -1e100 -1e100 -1e100 -1e100 -1e100 -1e100 -1e100 -1e100 -1e100 -1e100 -1e100 -1e100 -1e100 -1e100 -1e100 -1e100 -1e100 -1e100 -1e100 -1e100 -1e100 -1e100 -1e100 -1e100 -1e100 -1e100 -1e100 -1e100 -1e100 -1e100 -1e100 -1e100 -1e100 -1e100 -1e100 -1e100 -1e100 5.7619271278381347656 6.9783830642700195312 8.4227199554443359375 10.023959159851074219 11.711938858032226562 13.393102645874023438 14.941524505615234375 16.23464202880859375 17.202962875366210938 17.84912872314453125 18.2289276123046875 18.416662216186523438 18.477910995483398438 18.458490371704101562 18.385694503784179688 18.273969650268554688 18.130178451538085938 17.957326889038085938 17.757139205932617188 17.531904220581054688 17.28563690185546875 17.024473190307617188 16.756395339965820312 16.490509033203125 16.235986709594726562 16.000888824462890625 15.79119873046875 15.610394477844238281 15.459596633911132812 15.33814239501953125 15.244317054748535156 15.176070213317871094 15.131616592407226562 15.109913825988769531 15.110997200012207031 15.136163711547851562 15.1880340576171875 15.270529747009277344 15.388804435729980469 15.549118995666503906 15.758646965026855469 16.025157928466796875 16.356546401977539062 16.760149002075195312 17.241865158081054688 17.805049896240234375 18.449316024780273438 19.169460296630859375 19.954824447631835938 20.789226531982421875 21.65148162841796875 22.516477584838867188 23.356817245483398438 24.145030975341796875 24.856119155883789062 25.4698638916015625 25.972187042236328125 26.35528564453125 26.616765975952148438 26.758304595947265625 26.784336090087890625 26.700931549072265625 26.51486968994140625 26.232913970947265625 25.861492156982421875 25.40685272216796875 24.875568389892578125 24.275041580200195312 23.613775253295898438 22.9012908935546875 22.147825241088867188 21.363931655883789062 20.560136795043945312 19.746599197387695312 18.932826995849609375 18.127397537231445312 17.337757110595703125 16.570095062255859375 15.829308509826660156 15.119027137756347656 14.441686630249023438 13.79860687255859375 13.190069198608398438 12.615368843078613281 12.072852134704589844 11.559991836547851562 11.073577880859375 10.609972953796386719 10.165350914001464844 9.7358980178833007812 9.3179569244384765625 8.9081239700317382812 8.5033369064331054688 8.1009883880615234375 -1e100 -1e100 -1e100 -1e100 -1e100 -1e100 -1e100
 -1e100 -1e100 -1e100 -1e100 -1e100 -1e100 -1e100 -1e100 -1e100 -1e100 -1e100 -1e100 -1e100 -1e100 -1e100 -1e100 -1e100 -1e100 -1e100 -1e100 -1e100 -1e100 -1e100 -1e100 -1e100 -1e100 -1e100 -1e100 -1e100 -1e100 -1e100 -1e100 -1e100 -1e100 -1e100 -1e100 -1e100 -1e100 -1e100 -1e100 -1e100 -1e100 -1e100 -1e100 -1e100 -1e100 -1e100 -1e100 -1e100 -1e100 4.8729443550109863281 6.0069756507873535156 7.5376467704772949219 9.3685674667358398438 11.390752792358398438 13.508418083190917969 15.606551170349121094 17.5306549072265625 19.127559661865234375 20.306539535522460938 21.064050674438476562 21.463047027587890625 21.593044281005859375 21.53820037841796875 21.363386154174804688 21.11347198486328125 20.817457199096679688 20.492811203002929688 20.1490478515625 19.790849685668945312 19.420988082885742188 19.042577743530273438 18.6602325439453125 18.280237197875976562 17.910009384155273438 17.557111740112304688 17.228132247924804688 16.927799224853515625 16.658609390258789062 16.420999526977539062 16.213899612426757812 16.035432815551757812 15.88358306884765625 15.756776809692382812 15.654329299926757812 15.576753616333007812 15.525930404663085938 15.505174636840820312 15.519231796264648438 15.57424163818359375 15.677659988403320312 15.838089942932128906 16.064968109130859375 16.368030548095703125 16.756519317626953125 17.238109588623046875 17.817577362060546875 18.495336532592773438 19.266130447387695312 20.118213653564453125 21.033216476440429688 21.986696243286132812 22.949380874633789062 23.889131546020507812 24.773647308349609375 25.57360076904296875 26.265439987182617188 26.833057403564453125 27.267902374267578125 27.567846298217773438 27.735498428344726562 27.776578903198242188 27.69855499267578125 27.509532928466796875 27.217405319213867188 26.8294525146484375 26.352533340454101562 25.793704986572265625 25.160886764526367188 24.46321868896484375 23.711002349853515625 22.915369033813476562 22.087816238403320312 21.239782333374023438 20.38225555419921875 19.525424957275390625 18.6783905029296875 17.848964691162109375 17.043554306030273438 16.267162322998046875 15.523441314697265625 14.814793586730957031 14.142473220825195312 13.506687164306640625 12.906668663024902344 12.340729713439941406 11.806344985961914062 11.300312042236328125 10.818957328796386719 10.358366012573242188 9.9145660400390625 9.483684539794921875 9.062068939208984375 8.6464128494262695312 8.2339115142822265625 -1e100 -1e100 -1e100 -1e100 -1e100 -1e100 -1e100
 -1e100 -1e100 -1e100 -1e100 -1e100 -1e100 -1e100 -1e100 -1e100 -1e100 -1e100 -1e100 -1e100 -1e100 -1e100 -1e100 -1e100 -1e100 -1e100 -1e100 -1e100 -1e100 -1e100 -1e100 -1e100 -1e100 -1e100 -1e100 -1e100 -1e100 -1e100 -1e100 -1e100 -1e100 -1e100 -1e100 -1e100 -1e100 -1e100 -1e100 -1e100 -1e100 -1e100 -1e100 -1e100 -1e100 -1e100 -1e100 -1e100 -1e100 5.4029955863952636719 6.7434134483337402344 8.6772594451904296875 11.014804840087890625 13.573797225952148438 16.211462020874023438 18.787755966186523438 21.1166534423828125 23.014923095703125 24.3749847412109375 25.193742752075195312 25.548009872436523438 25.548357009887695312 25.302652359008789062 24.899286270141601562 24.404102325439453125 23.862665176391601562 23.303663253784179688 22.74262237548828125 22.186220169067382812 21.636716842651367188 21.095468521118164062 20.564886093139648438 20.048990249633789062 19.553005218505859375 19.0824432373046875 18.642042160034179688 18.234960556030273438 17.862443923950195312 17.524023056030273438 17.218029022216796875 16.94225311279296875 16.694589614868164062 16.473562240600585938 16.278751373291015625 16.111074447631835938 15.9729461669921875 15.868345260620117188 15.802854537963867188 15.7836761474609375 15.819616317749023438 15.920961380004882812 16.099142074584960938 16.366125106811523438 16.733461380004882812 17.210992813110351562 17.805238723754882812 18.517610549926757812 19.342840194702148438 20.267932891845703125 21.2719573974609375 22.326635360717773438 23.397792816162109375 24.447704315185546875 25.43840789794921875 26.335535049438476562 27.111768722534179688 27.748838424682617188 28.237577438354492188 28.576416015625 28.769252777099609375 28.82343292236328125 28.748134613037109375 28.553098678588867188 28.247608184814453125 27.83998870849609375 27.337808609008789062 26.748638153076171875 26.08089447021484375 25.344318389892578125 24.549983978271484375 23.709920883178710938 22.836584091186523438 21.942338943481445312 21.038995742797851562 20.137407302856445312 19.24716949462890625 18.376428604125976562 17.531787872314453125 16.7183380126953125 15.939741134643554688 15.19835662841796875 14.495373725891113281 13.830921173095703125 13.204166412353515625 12.613383293151855469 12.0560455322265625 11.528959274291992188 11.028441429138183594 10.550509452819824219 10.091064453125 9.6460466384887695312 9.21158599853515625 8.7841625213623046875 8.360782623291015625 -1e100 -1e100 -1e100 -1e100 -1e100 -1e100 -1e100
 -1e100 -1e100 -1e100 -1e100 -1e100 -1e100 -1e100 -1e100 -1e100 -1e100 -1e100 -1e100 -1e100 -1e100 -1e100 -1e100 -1e100 -1e100 -1e100 -1e100 -1e100 -1e100 -1e100 -1e100 -1e100 -1e100 -1e100 -1e100 -1e100 -1e100 -1e100 -1e100 -1e100 -1e100 -1e100 -1e100 -1e100 -1e100 -1e100 -1e100 -1e100 -1e100 -1e100 -1e100 -1e100 -1e100 -1e100 -1e100 -1e100 5.4484243392944335938 6.5376448631286621094 8.0754022598266601562 10.590897560119628906 13.623898506164550781 16.853759765625 20.1045074462890625 23.20890045166015625 25.947328567504882812 28.110467910766601562 29.583225250244140625 30.373971939086914062 30.583454132080078125 30.351568222045898438 29.816404342651367188 29.094419479370117188 28.274835586547851562 27.420194625854492188 26.569318771362304688 25.7420654296875 24.945459365844726562 24.179927825927734375 23.444093704223632812 22.737417221069335938 22.06103515625 21.417459487915039062 20.809694290161132812 20.240243911743164062 19.710361480712890625 19.219768524169921875 18.766836166381835938 18.349077224731445312 17.963769912719726562 17.60854339599609375 17.281888961791992188 16.983530044555664062 16.714687347412109375 16.478227615356445312 16.27875518798828125 16.122699737548828125 16.01842498779296875 15.976274490356445312 16.008504867553710938 16.128911972045898438 16.352106094360351562 16.69237518310546875 17.162115097045898438 17.769891738891601562 18.518304824829101562 19.40206146240234375 20.406721115112304688 21.508386611938476562 22.674356460571289062 23.8647918701171875 25.035512924194335938 26.142015457153320312 27.144186019897460938 28.010522842407226562 28.720516204833984375 29.264570236206054688 29.642011642456054688 29.85837554931640625 29.922967910766601562 29.847015380859375 29.6422271728515625 29.319589614868164062 28.888711929321289062 28.358001708984375 27.735569000244140625 27.030284881591796875 26.25244903564453125 25.413858413696289062 24.527423858642578125 23.606550216674804688 22.664514541625976562 21.71392059326171875 20.7662506103515625 19.831556320190429688 18.918279647827148438 18.03319549560546875 17.181459426879882812 16.366739273071289062 15.591348648071289062 14.856409072875976562 14.16197967529296875 13.507165908813476562 12.890211105346679688 12.30858612060546875 11.759111404418945312 11.238101005554199219 10.741527557373046875 10.265191078186035156 9.8048830032348632812 9.3565511703491210938 8.9164819717407226562 8.4814958572387695312 8.0491094589233398438 -1e100 -1e100 -1e100 -1e100 -1e100 -1e100
 -1e100 -1e100 -1e100 -1e100 -1e100 -1e100 -1e100 -1e100 -1e100 -1e100 -1e100 -1e100 -1e100 -1e100 -1e100 -1e100 -1e100 -1e100 -1e100 -1e100 -1e100 -1e100 -1e100 -1e100 -1e100 -1e100 -1e100 -1e100 -1e100 -1e100 -1e100 -1e100 -1e100 -1e100 -1e100 -1e100 -1e100 -1e100 -1e100 -1e100 -1e100 -1e100 -1e100 -1e100 -1e100 -1e100 -1e100 -1e100 -1e100 7.0502533912658691406 8.5148754119873046875 10.2935791015625 13.699337959289550781 17.598802566528320312 21.605596542358398438 25.530849456787109375 29.17220306396484375 32.275604248046875 34.61513519287109375 36.0820770263671875 36.71035003662109375 36.636814117431640625 36.040363311767578125 35.09609222412109375 33.952106475830078125 32.721508026123046875 31.48199462890625 30.279779434204101562 29.136388778686523438 28.057086944580078125 27.038984298706054688 26.076910018920898438 25.166568756103515625 24.30556488037109375 23.493143081665039062 22.729328155517578125 22.01398468017578125 21.34612274169921875 20.723634719848632812 20.143465042114257812 19.60207366943359375 19.096012115478515625 18.622467041015625 18.179731369018554688 17.767528533935546875 17.38726043701171875 17.042148590087890625 16.73737335205078125 16.4802398681640625 16.280374526977539062 16.149888992309570312 16.1033172607421875 16.157196044921875 16.32918548583984375 16.63671112060546875 17.09508514404296875 17.715192794799804688 18.500940322875976562 19.446971893310546875 20.537199020385742188 21.744396209716796875 23.030910491943359375 24.35053253173828125 25.651790618896484375 26.882793426513671875 27.9969940185546875 28.958318710327148438 29.7439727783203125 30.344125747680664062 30.759309768676757812 30.997037887573242188 31.068904876708984375 30.988531112670898438 30.769960403442382812 30.426233291625976562 29.968488693237304688 29.406093597412109375 28.7476959228515625 28.002557754516601562 27.181468963623046875 26.296907424926757812 25.362630844116210938 24.39296722412109375 23.402067184448242188 22.403280258178710938 21.408666610717773438 20.428682327270507812 19.472026824951171875 18.545610427856445312 17.654645919799804688 16.802793502807617188 15.992325782775878906 15.224302291870117188 14.498721122741699219 13.814640998840332031 13.170285224914550781 12.563131332397460938 11.990020751953125 11.447275161743164062 10.930842399597167969 10.43645477294921875 9.9597864151000976562 9.4966287612915039062 9.0430889129638671875 8.5957927703857421875 8.1520528793334960938 -1e100 -1e100 -1e100 -1e100 -1e100 -1e100
 -1e100 -1e100 -1e100 -1e100 -1e100 -1e100 -1e100 -1e100 -1e100 -1e100 -1e100 -1e100 -1e100 -1e100 -1e100 -1e100 -1e100 -1e100 -1e100 -1e100 -1e100 -1e100 -1e100 -1e100 -1e100 -1e100 -1e100 -1e100 -1e100 -1e100 -1e100 -1e100 -1e100 -1e100 -1e100 -1e100 -1e100 -1e100 -1e100 -1e100 -1e100 -1e100 -1e100 -1e100 -1e100 -1e100 -1e100 -1e100 -1e100 9.2390775680541992188 11.799887657165527344 14.342645645141601562 18.610197067260742188 23.38283538818359375 28.208112716674804688 32.813312530517578125 36.934574127197265625 40.28985595703125 42.65395355224609375 43.942913055419921875 44.2320404052734375 43.706661224365234375 42.59356689453125 41.1099853515625 39.436679840087890625 37.70827484130859375 36.013759613037109375 34.402801513671875 32.895435333251953125 31.492990493774414062 30.187763214111328125 28.969743728637695312 27.830089569091796875 26.762226104736328125 25.761568069458007812 24.824687957763671875 23.948406219482421875 23.129148483276367188 22.362672805786132812 21.644222259521484375 20.968961715698242188 20.332502365112304688 19.731401443481445312 19.16357421875 18.628587722778320312 18.127887725830078125 17.664949417114257812 17.245479583740234375 16.877691268920898438 16.572614669799804688 16.344348907470703125 16.210004806518554688 16.18920135498046875 16.303014755249023438 16.572347640991210938 17.015718460083007812 17.646511077880859375 18.470005035400390625 19.480730056762695312 20.660800933837890625 21.979425430297851562 23.393617630004882812 24.85024261474609375 26.289819717407226562 27.652313232421875 28.8841094970703125 29.944187164306640625 30.807376861572265625 31.463785171508789062 31.915433883666992188 32.1721343994140625 32.248126983642578125 32.1597900390625 31.923883438110351562 31.555803298950195312 31.068387985229492188 30.47197723388671875 29.775693893432617188 28.989122390747070312 28.123485565185546875 27.191915512084960938 26.2089996337890625 25.18994903564453125 24.149749755859375 23.1024322509765625 22.06056976318359375 21.034971237182617188 20.034543991088867188 19.066312789916992188 18.135524749755859375 17.245830535888671875 16.399465560913085938 15.597440719604492188 14.8397064208984375 14.125294685363769531 13.452425003051757812 12.818597793579101562 12.220685958862304688 11.655040740966796875 11.117613792419433594 10.604099273681640625 10.110088348388671875 9.6312408447265625 9.1634845733642578125 8.70323944091796875 8.2475938796997070312 -1e100 -1e100 -1e100 -1e100 -1e100 -1e100
 -1e100 -1e100 -1e100 -1e100 -1e100 -1e100 -1e100 -1e100 -1e100 -1e100 -1e100 -1e100 -1e100 -1e100 -1e100 -1e100 -1e100 -1e100 -1e100 -1e100 -1e100 -1e100 -1e100 -1e100 -1e100 -1e100 -1e100 -1e100 -1e100 -1e100 -1e100 -1e100 -1e100 -1e100 -1e100 -1e100 -1e100 -1e100 -1e100 -1e100 -1e100 -1e100 -1e100 -1e100 -1e100 -1e100 -1e100 -1e100 -1e100 11.351301193237304688 15.276823043823242188 19.753751754760742188 25.23487091064453125 31.1017913818359375 36.842090606689453125 42.10152435302734375 46.5821990966796875 50.009784698486328125 52.1904144287109375 53.0885467529296875 52.837310791015625 51.681064605712890625 49.900264739990234375 47.755279541015625 45.456439971923828125 43.15476226806640625 40.94525146484375 38.8767547607421875 36.96486663818359375 35.205043792724609375 33.583526611328125 32.084590911865234375 30.694204330444335938 29.401048660278320312 28.196226119995117188 27.072431564331054688 26.023096084594726562 25.041746139526367188 24.121725082397460938 23.256334304809570312 22.439218521118164062 21.66485595703125 20.928987503051757812 20.228973388671875 19.564073562622070312 18.93563079833984375 18.347276687622070312 17.80521392822265625 17.318603515625 16.9000091552734375 16.565717697143554688 16.335668563842773438 16.232839584350585938 16.281988143920898438 16.507732391357421875 16.9319610595703125 17.570646286010742188 18.430431365966796875 19.505712509155273438 20.77677154541015625 22.209197998046875 23.7545318603515625 25.35240936279296875 26.934854507446289062 28.4330902099609375 29.785846710205078125 30.946752548217773438 31.888143539428710938 32.600208282470703125 33.08675384521484375 33.360256195068359375 33.43796539306640625 33.339397430419921875 33.084308624267578125 32.69057464599609375 32.17266082763671875 31.54170989990234375 30.807172775268554688 29.978900909423828125 29.068561553955078125 28.08997344970703125 27.058561325073242188 25.990413665771484375 24.901287078857421875 23.80583953857421875 22.717100143432617188 21.646167755126953125 20.602121353149414062 19.592069625854492188 18.62128448486328125 17.693407058715820312 16.810638427734375 15.973957061767578125 15.183286666870117188 14.437647819519042969 13.735278129577636719 13.073719978332519531 12.449902534484863281 11.860234260559082031 11.30071258544921875 10.767045974731445312 10.254785537719726562 9.7594861984252929688 9.2769021987915039062 8.80322265625 8.3352756500244140625 -1e100 -1e100 -1e100 -1e100 -1e100 -1e100
 -1e100 -1e100 -1e100 -1e100 -1e100 -1e100 -1e100 -1e100 -1e100 -1e100 -1e100 -1e100 -1e100 -1e100 -1e100 -1e100 -1e100 -1e100 -1e100 -1e100 -1e100 -1e100 -1e100 -1e100 -1e100 -1e100 -1e100 -1e100 -1e100 -1e100 -1e100 -1e100 -1e100 -1e100 -1e100 -1e100 -1e100 -1e100 -1e100 -1e100 -1e100 -1e100 -1e100 -1e100 -1e100 -1e100 -1e100 -1e100 -1e100 13.164286613464355469 19.010492324829101562 25.79457855224609375 33.202465057373046875 40.579681396484375 47.3732452392578125 53.230548858642578125 57.90287017822265625 61.182941436767578125 62.947650909423828125 63.23554229736328125 62.252727508544921875 60.309474945068359375 57.74022674560546875 54.843700408935546875 51.85271453857421875 48.927700042724609375 46.164154052734375 43.606441497802734375 41.26348876953125 39.123615264892578125 37.166271209716796875 35.36959075927734375 33.713993072509765625 32.18309783935546875 30.7633819580078125 29.443401336669921875 28.21295928955078125 27.062467575073242188 25.982656478881835938 24.964702606201171875 24.000568389892578125 23.083433151245117188 22.208063125610351562 21.371118545532226562 20.571393966674804688 19.8100128173828125 19.090677261352539062 18.420055389404296875 17.80829620361328125 17.269605636596679688 16.82259368896484375 16.490200042724609375 16.298919677734375 16.2773284912109375 16.453844070434570312 16.853748321533203125 17.49555206298828125 18.387228012084960938 19.523038864135742188 20.881557464599609375 22.424959182739257812 24.09951019287109375 25.837677001953125 27.562816619873046875 29.197000503540039062 30.670787811279296875 31.93201446533203125 32.950412750244140625 33.716571807861328125 34.236515045166015625 34.525745391845703125 34.6048431396484375 34.49662017822265625 34.223842620849609375 33.80661773681640625 33.26061248779296875 32.597393035888671875 31.826562881469726562 30.958253860473632812 30.00469207763671875 28.98049163818359375 27.901987075805664062 26.78614044189453125 25.649457931518554688 24.507177352905273438 23.37271881103515625 22.25743865966796875 21.17055511474609375 20.119237899780273438 19.1087799072265625 18.142810821533203125 17.2235107421875 16.351835250854492188 15.527697563171386719 14.750124931335449219 14.017389297485351562 13.327097892761230469 12.676266670227050781 12.061415672302246094 11.478655815124511719 10.923792839050292969 10.392423629760742188 9.8800487518310546875 9.3822536468505859375 8.8949537277221679688 8.4146375656127929688 -1e100 -1e100 -1e100 -1e100 -1e100 -1e100
 -1e100 -1e100 -1e100 -1e100 -1e100 -1e100 -1e100 -1e100 -1e100 -1e100 -1e100 -1e100 -1e100 -1e100 -1e100 -1e100 -1e100 -1e100 -1e100 -1e100 -1e100 -1e100 -1e100 -1e100 -1e100 -1e100 -1e100 -1e100 -1e100 -1e100 -1e100 -1e100 -1e100 -1e100 -1e100 -1e100 -1e100 -1e100 -1e100 -1e100 -1e100 -1e100 -1e100 -1e100 -1e100 -1e100 -1e100 -1e100 -1e100 14.481535911560058594 22.805269241333007812 32.3775482177734375 42.2397613525390625 51.4172210693359375 59.30042266845703125 65.63605499267578125 70.3082733154296875 73.22809600830078125 74.37386322021484375 73.8781280517578125 72.02996063232421875 69.206390380859375 65.789520263671875 62.10687255859375 58.40436553955078125 54.844707489013671875 51.51947021484375 48.466197967529296875 45.68614959716796875 43.16021728515625 40.8611907958984375 38.761257171630859375 36.835422515869140625 35.06227874755859375 33.42368316650390625 31.904035568237304688 30.489467620849609375 29.16721343994140625 27.92531585693359375 26.752744674682617188 25.639699935913085938 24.577962875366210938 23.561212539672851562 22.585296630859375 21.648427963256835938 20.75140380859375 19.897932052612304688 19.095117568969726562 18.354122161865234375 17.690826416015625 17.126234054565429688 16.6863250732421875 16.401128768920898438 16.302999496459960938 16.424068450927734375 16.792856216430664062 17.430257797241210938 18.345470428466796875 19.532688140869140625 20.969068527221679688 22.6139068603515625 24.40880584716796875 26.279550552368164062 28.141008377075195312 29.9059295654296875 31.496250152587890625 32.853580474853515625 33.945163726806640625 34.762897491455078125 35.315723419189453125 35.622371673583984375 35.706531524658203125 35.593898773193359375 35.30979156494140625 34.875850677490234375 34.30821990966796875 33.618408203125 32.8160552978515625 31.911714553833007812 30.918390274047851562 29.851690292358398438 28.728975296020507812 27.568124771118164062 26.386392593383789062 25.199560165405273438 24.02142333984375 22.863557815551757812 21.735307693481445312 20.643901824951171875 19.5946502685546875 18.591176986694335938 17.635650634765625 16.729009628295898438 15.871158599853515625 15.061140060424804688 14.297271728515625 13.577240943908691406 12.898201942443847656 12.256855010986328125 11.649547576904296875 11.072336196899414062 10.521008491516113281 9.991115570068359375 9.4780836105346679688 8.9774646759033203125 8.4852647781372070312 -1e100 -1e100 -1e100 -1e100 -1e100 -1e100
 -1e100 -1e100 -1e100 -1e100 -1e100 -1e100 -1e100 -1e100 -1e100 -1e100 -1e100 -1e100 -1e100 -1e100 -1e100 -1e100 -1e100 -1e100 -1e100 -1e100 -1e100 -1e100 -1e100 -1e100 -1e100 -1e100 -1e100 -1e100 -1e100 -1e100 -1e100 -1e100 -1e100 -1e100 -1e100 -1e100 -1e100 -1e100 -1e100 -1e100 -1e100 -1e100 -1e100 -1e100 -1e100 -1e100 -1e100 -1e100 6.69213104248046875 15.230765342712402344 26.534914016723632812 39.30950164794921875 51.89960479736328125 62.899982452392578125 71.73108673095703125 78.362640380859375 82.8637542724609375 85.27783203125 85.6927032470703125 84.34174346923828125 81.59743499755859375 77.896759033203125 73.658203125 69.22643280029296875 64.8514556884765625 60.692962646484375 56.83623504638671875 53.311481475830078125 50.112789154052734375 47.214664459228515625 44.584331512451171875 42.188983917236328125 39.998920440673828125 37.98821258544921875 36.1344757080078125 34.418239593505859375 32.82216644287109375 31.330440521240234375 29.928501129150390625 28.603170394897460938 27.3428955078125 26.138044357299804688 24.981166839599609375 23.867221832275390625 22.793766021728515625 21.761203765869140625 20.773183822631835938 19.837213516235351562 18.9654388427734375 18.175390243530273438 17.490407943725585938 16.939409255981445312 16.555795669555664062 16.375484466552734375 16.434045791625976562 16.762948989868164062 17.385194778442382812 18.311056137084960938 19.534780502319335938 21.032636642456054688 22.761899948120117188 24.660539627075195312 26.64850616455078125 28.6327056884765625 30.516666412353515625 32.213413238525390625 33.65798187255859375 34.815639495849609375 35.681972503662109375 36.26988983154296875 36.60050201416015625 36.699146270751953125 36.593204498291015625 36.30960845947265625 35.870517730712890625 35.291690826416015625 34.58420562744140625 33.757793426513671875 32.823703765869140625 31.796045303344726562 30.691667556762695312 29.529104232788085938 28.32723236083984375 27.104078292846679688 25.875972747802734375 24.65706634521484375 23.45915985107421875 22.291723251342773438 21.16204833984375 20.075473785400390625 19.035625457763671875 18.04465484619140625 17.103479385375976562 16.211986541748046875 15.369215011596679688 14.573521614074707031 13.822690010070800781 13.114054679870605469 12.444617271423339844 11.81114959716796875 11.210204124450683594 10.638017654418945312 10.090367317199707031 9.5625457763671875 9.0496044158935546875 8.5468111038208007812 -1e100 -1e100 -1e100 -1e100 -1e100 -1e100
 -1e100 -1e100 -1e100 -1e100 -1e100 -1e100 -1e100 -1e100 -1e100 -1e100 -1e100 -1e100 -1e100 -1e100 -1e100 -1e100 -1e100 -1e100 -1e100 -1e100 -1e100 -1e100 -1e100 -1e100 -1e100 -1e100 -1e100 -1e100 -1e100 -1e100 -1e100 -1e100 -1e100 -1e100 -1e100 -1e100 -1e100 -1e100 -1e100 -1e100 -1e100 -1e100 -1e100 -1e100 -1e100 -1e100 -1e100 -1e100 4.5056290626525878906 15.453879356384277344 30.019603729248046875 46.15512847900390625 61.47061920166015625 74.0370635986328125 83.51628875732421875 90.24720001220703125 94.47504425048828125 96.34957122802734375 96.0524444580078125 93.9081878662109375 90.3615570068359375 85.89580535888671875 80.9521026611328125 75.8814697265625 70.93178558349609375 66.2572784423828125 61.936981201171875 57.995182037353515625 54.420925140380859375 51.184581756591796875 48.24985504150390625 45.58060455322265625 43.14363861083984375 40.90947723388671875 38.85227203369140625 36.949275970458984375 35.180118560791015625 33.5262603759765625 31.970804214477539062 30.498605728149414062 29.096485137939453125 27.753465652465820312 26.460994720458984375 25.213130950927734375 24.006740570068359375 22.841777801513671875 21.721788406372070312 20.654623031616210938 19.653326034545898438 18.7369537353515625 17.93099212646484375 17.267034530639648438 16.781515121459960938 16.513532638549804688 16.501697540283203125 16.780029296875 17.373308181762695312 18.292741775512695312 19.5328521728515625 21.0697021484375 22.859674453735351562 24.838289260864257812 26.920703887939453125 29.00665283203125 30.991025924682617188 32.77822113037109375 34.29647064208984375 35.509613037109375 36.422405242919921875 37.052005767822265625 37.418903350830078125 37.547252655029296875 37.46453094482421875 37.197902679443359375 36.76882171630859375 36.191974639892578125 35.477909088134765625 34.636737823486328125 33.68080902099609375 32.625701904296875 31.48976898193359375 30.292888641357421875 29.055021286010742188 27.795007705688476562 26.529735565185546875 25.273733139038085938 24.039031982421875 22.835247039794921875 21.669752120971679688 20.54792022705078125 19.47338104248046875 18.448268890380859375 17.47344970703125 16.548749923706054688 15.673170089721679688 14.845061302185058594 14.062292098999023438 13.322424888610839844 12.622910499572753906 11.961214065551757812 11.3347625732421875 10.740636825561523438 10.175131797790527344 9.6334857940673828125 9.110057830810546875 8.59900665283203125 -1e100 -1e100 -1e100 -1e100 -1e100 -1e100
 -1e100 -1e100 -1e100 -1e100 -1e100 -1e100 -1e100 -1e100 -1e100 -1e100 -1e100 -1e100 -1e100 -1e100 -1e100 -1e100 -1e100 -1e100 -1e100 -1e100 -1e100 -1e100 -1e100 -1e100 -1e100 -1e100 -1e100 -1e100 -1e100 -1e100 -1e100 -1e100 -1e100 -1e100 -1e100 -1e100 -1e100 -1e100 -1e100 -1e100 -1e100 -1e100 -1e100 -1e100 -1e100 -1e100 -1e100 -1e100 1.9247162342071533203 15.218168258666992188 32.9496307373046875 52.2505950927734375 70.10367584228515625 83.7876129150390625 93.534454345703125 100.20435333251953125 104.15499114990234375 105.576446533203125 104.7150421142578125 101.96395111083984375 97.81969451904296875 92.79360198974609375 87.33585357666015625 81.79595947265625 76.4167022705078125 71.34708404541015625 66.66201019287109375 62.3829345703125 58.49716949462890625 54.974124908447265625 51.776653289794921875 48.867343902587890625 46.2111663818359375 43.77642822265625 41.53488922119140625 39.461353302001953125 37.533069610595703125 35.7292938232421875 34.0312042236328125 32.422000885009765625 30.887098312377929688 29.41432952880859375 27.994131088256835938 26.6197052001953125 25.287221908569335938 23.996175765991210938 22.749948501586914062 21.556646347045898438 20.430063247680664062 19.3905487060546875 18.465410232543945312 17.688482284545898438 17.098760604858398438 16.738046646118164062 16.647554397583007812 16.8635101318359375 17.41225433349609375 18.305902481079101562 19.539491653442382812 21.089504241943359375 22.912357330322265625 24.94207763671875 27.08989715576171875 29.249486923217773438 31.308809280395507812 33.165557861328125 34.741573333740234375 35.99676513671875 36.955867767333984375 37.637725830078125 38.05733489990234375 38.233989715576171875 38.19382476806640625 37.96253204345703125 37.559661865234375 36.99849700927734375 36.289318084716796875 35.443080902099609375 34.47369384765625 33.398555755615234375 32.237766265869140625 31.012683868408203125 29.744434356689453125 28.45269012451171875 27.154924392700195312 25.866044998168945312 24.598346710205078125 23.361608505249023438 22.163301467895507812 21.008855819702148438 19.901903152465820312 18.844526290893554688 17.837495803833007812 16.880512237548828125 15.972445487976074219 15.1115570068359375 14.295741081237792969 13.522808074951171875 12.790811538696289062 12.098256111145019531 11.4439544677734375 10.826413154602050781 10.242922782897949219 9.688838958740234375 9.1576280593872070312 8.6418352127075195312 -1e100 -1e100 -1e100 -1e100 -1e100 -1e100
 -1e100 -1e100 -1e100 -1e100 -1e100 -1e100 -1e100 -1e100 -1e100 -1e100 -1e100 -1e100 -1e100 -1e100 -1e100 -1e100 -1e100 -1e100 -1e100 -1e100 -1e100 -1e100 -1e100 -1e100 -1e100 -1e100 -1e100 -1e100 -1e100 -1e100 -1e100 -1e100 -1e100 -1e100 -1e100 -1e100 -1e100 -1e100 -1e100 -1e100 -1e100 -1e100 -1e100 -1e100 -1e100 -1e100 -1e100 -1e100 -0.25740107893943786621 14.973102569580078125 35.176883697509765625 56.82299041748046875 76.85555267333984375 91.0785369873046875 100.7696380615234375 107.38306427001953125 111.19254302978515625 112.365478515625 111.1888580322265625 108.1037445068359375 103.637298583984375 98.31153106689453125 92.57468414306640625 86.76992034912109375 81.1343994140625 75.8139495849609375 70.88275146484375 66.363311767578125 62.245121002197265625 58.50006866455078125 55.0929718017578125 51.98737335205078125 49.148265838623046875 46.54327392578125 44.14299774169921875 41.9207916259765625 39.852329254150390625 37.915325164794921875 36.08954620361328125 34.35694122314453125 32.70183563232421875 31.111093521118164062 29.5742950439453125 28.08386993408203125 26.635347366333007812 25.22774505615234375 23.864236831665039062 22.553058624267578125 21.308534622192382812 20.151975631713867188 19.112035751342773438 18.224248886108398438 17.529607772827148438 17.072156906127929688 16.895427703857421875 17.037813186645507812 17.527379989624023438 18.377302169799804688 19.58309173583984375 21.121454238891601562 22.948961257934570312 24.99837493896484375 27.177518844604492188 29.375789642333984375 31.477813720703125 33.380115509033203125 35.00150299072265625 36.28240966796875 37.290187835693359375 38.037410736083984375 38.524852752685546875 38.76706695556640625 38.787136077880859375 38.60741424560546875 38.24466705322265625 37.7107696533203125 37.0161895751953125 36.173267364501953125 35.197906494140625 34.109600067138671875 32.930355072021484375 31.683092117309570312 30.390110015869140625 29.071910858154296875 27.746540069580078125 26.429304122924804688 25.132768630981445312 23.8668975830078125 22.63928985595703125 21.45543670654296875 20.318965911865234375 19.231878280639648438 18.194776535034179688 17.207132339477539062 16.267551422119140625 15.374057769775390625 14.524426460266113281 13.716662406921386719 12.949542999267578125 12.222978591918945312 11.537800788879394531 10.894746780395507812 10.2928314208984375 9.7278852462768554688 9.192272186279296875 8.67630767822265625 -1e100 -1e100 -1e100 -1e100 -1e100 -1e100
 -1e100 -1e100 -1e100 -1e100 -1e100 -1e100 -1e100 -1e100 -1e100 -1e100 -1e100 -1e100 -1e100 -1e100 -1e100 -1e100 -1e100 -1e100 -1e100 -1e100 -1e100 -1e100 -1e100 -1e100 -1e100 -1e100 -1e100 -1e100 -1e100 -1e100 -1e100 -1e100 -1e100 -1e100 -1e100 -1e100 -1e100 -1e100 -1e100 -1e100 -1e100 -1e100 -1e100 -1e100 -1e100 -1e100 -1e100 -1e100 1.2112276554107666016 16.671068191528320312 37.14881134033203125 58.9859619140625 79.191558837890625 93.800689697265625 104.21224212646484375 111.2571563720703125 115.2552490234375 116.473388671875 115.28034210205078125 112.16483306884765625 107.671051025390625 102.31888580322265625 96.546905517578125 90.68914794921875 84.97780609130859375 79.55821990966796875 74.50739288330078125 69.85272979736328125 65.58954620361328125 61.6953125 58.1393280029296875 54.88823699951171875 51.908855438232421875 49.169673919677734375 46.641429901123046875 44.297088623046875 42.111629486083984375 40.061962127685546875 38.127025604248046875 36.28800201416015625 34.528491973876953125 32.83467864990234375 31.195478439331054688 29.602687835693359375 28.05126953125 26.539793014526367188 25.071168899536132812 23.653604507446289062 22.301675796508789062 21.037212371826171875 19.889652252197265625 18.895593643188476562 18.09747314453125 17.541238784790039062 17.272867202758789062 17.333539962768554688 17.753864288330078125 18.548343658447265625 19.711771011352539062 21.218854904174804688 23.02521514892578125 25.061906814575195312 27.234432220458984375 29.430620193481445312 31.536005020141601562 33.45420074462890625 35.114559173583984375 36.405956268310546875 37.472072601318359375 38.29297637939453125 38.85784149169921875 39.176975250244140625 39.268756866455078125 39.150829315185546875 38.836700439453125 38.337116241455078125 37.66324615478515625 36.829265594482421875 35.853359222412109375 34.75727081298828125 33.564952850341796875 32.300838470458984375 30.988330841064453125 29.64870452880859375 28.300537109375 26.959514617919921875 25.638477325439453125 24.34759521484375 23.0946197509765625 21.88512420654296875 20.722728729248046875 19.609308242797851562 18.545225143432617188 17.529600143432617188 16.560604095458984375 15.635789871215820312 14.752575874328613281 13.908977508544921875 13.104493141174316406 12.340733528137207031 11.6212158203125 10.949893951416015625 10.328550338745117188 9.7541027069091796875 9.21758270263671875 8.7063503265380859375 8.2076520919799804688 -1e100 -1e100 -1e100 -1e100 -1e100
 -1e100 -1e100 -1e100 -1e100 -1e100 -1e100 -1e100 -1e100 -1e100 -1e100 -1e100 -1e100 -1e100 -1e100 -1e100 -1e100 -1e100 -1e100 -1e100 -1e100 -1e100 -1e100 -1e100 -1e100 -1e100 -1e100 -1e100 -1e100 -1e100 -1e100 -1e100 -1e100 -1e100 -1e100 -1e100 -1e100 -1e100 -1e100 -1e100 -1e100 -1e100 -1e100 -1e100 -1e100 -1e100 -1e100 -1e100 -1e100 5.2475833892822265625 20.061384201049804688 39.079486846923828125 59.459880828857421875 78.4399871826171875 93.446990966796875 104.567626953125 112.15560150146484375 116.52728271484375 118.02315521240234375 117.07596588134765625 114.20288848876953125 109.9482269287109375 104.8177490234375 99.23378753662109375 93.5191192626953125 87.9015960693359375 82.52819061279296875 77.48155975341796875 72.7969818115234375 68.47827911376953125 64.51082611083984375 60.87042236328125 57.528583526611328125 54.45556640625 51.622142791748046875 49.000400543212890625 46.56396484375 44.288013458251953125 42.149379730224609375 40.1268157958984375 38.201236724853515625 36.355930328369140625 34.5767059326171875 32.852054595947265625 31.17333221435546875 29.535036087036132812 27.935337066650390625 26.376827239990234375 24.867511749267578125 23.421875 22.061763763427734375 20.816762924194335938 19.723873138427734375 18.826459884643554688 18.172334671020507812 17.810625076293945312 17.786787033081054688 18.13555908203125 18.872798919677734375 19.989198684692382812 21.451305389404296875 23.212657928466796875 25.204061508178710938 27.331914901733398438 29.485113143920898438 31.550457000732421875 33.433597564697265625 35.071010589599609375 36.425533294677734375 37.570911407470703125 38.467960357666015625 39.111236572265625 39.50902557373046875 39.674449920654296875 39.619853973388671875 39.355487823486328125 38.891330718994140625 38.239643096923828125 37.4166717529296875 36.442981719970703125 35.342517852783203125 34.1410369873046875 32.8643341064453125 31.536746978759765625 30.18019866943359375 28.813716888427734375 27.453327178955078125 26.112140655517578125 24.800556182861328125 23.526510238647460938 22.295694351196289062 21.111736297607421875 19.97637176513671875 18.88967132568359375 17.850297927856445312 16.85581207275390625 15.903028488159179688 14.988675117492675781 14.110438346862792969 13.2682952880859375 12.465548515319824219 11.708802223205566406 11.006134033203125 10.3634185791015625 9.7797784805297851562 9.2446880340576171875 8.7415990829467773438 8.2545537948608398438 -1e100 -1e100 -1e100 -1e100 -1e100
 -1e100 -1e100 -1e100 -1e100 -1e100 -1e100 -1e100 -1e100 -1e100 -1e100 -1e100 -1e100 -1e100 -1e100 -1e100 -1e100 -1e100 -1e100 -1e100 -1e100 -1e100 -1e100 -1e100 -1e100 -1e100 -1e100 -1e100 -1e100 -1e100 -1e100 -1e100 -1e100 -1e100 -1e100 -1e100 -1e100 -1e100 -1e100 -1e100 -1e100 -1e100 -1e100 -1e100 -1e100 -1e100 -1e100 -1e100 -0.25975489616394042969 9.3057107925415039062 23.303752899169921875 40.629169464111328125 59.190639495849609375 76.75139617919921875 91.47171783447265625 102.80379486083984375 110.74059295654296875 115.48736572265625 117.37897491455078125 116.856475830078125 114.430084228515625 110.62224578857421875 105.91185760498046875 100.6986236572265625 95.291595458984375 89.914154052734375 84.71588897705078125 79.78656768798828125 75.1708831787109375 70.88268280029296875 66.9166107177734375 63.25629425048828125 59.87943267822265625 56.7610015869140625 53.87522125244140625 51.196598052978515625 48.700359344482421875 46.362689971923828125 44.1610870361328125 42.07470703125 40.084705352783203125 38.174465179443359375 36.329769134521484375 34.538959503173828125 32.7931365966796875 31.08649444580078125 29.416860580444335938 27.786466598510742188 26.202920913696289062 24.680253982543945312 23.239793777465820312 21.910610198974609375 20.729448318481445312 19.740194320678710938 18.992765426635742188 18.540630340576171875 18.435577392578125 18.718446731567382812 19.4061431884765625 20.478845596313476562 21.88236236572265625 23.574541091918945312 25.491514205932617188 27.544635772705078125 29.627096176147460938 31.6322784423828125 33.4761199951171875 35.1077423095703125 36.50555419921875 37.689212799072265625 38.6389007568359375 39.346004486083984375 39.811931610107421875 40.04222869873046875 40.043323516845703125 39.82234954833984375 39.388774871826171875 38.756103515625 37.94268035888671875 36.97127532958984375 35.867801666259765625 34.65952301025390625 33.373287200927734375 32.03414154052734375 30.664476394653320312 29.283662796020507812 27.9080047607421875 26.550882339477539062 25.222959518432617188 23.932420730590820312 22.685136795043945312 21.48480224609375 20.333066940307617188 19.229738235473632812 18.1730194091796875 17.15976715087890625 16.1858673095703125 15.247025489807128906 14.340122222900390625 13.464947700500488281 12.625729560852050781 11.831495285034179688 11.094532966613769531 10.426309585571289062 9.8305606842041015625 9.2955265045166015625 8.7994337081909179688 8.3251895904541015625 -1e100 -1e100 -1e100 -1e100 -1e100
 -1e100 -1e100 -1e100 -1e100 -1e100 -1e100 -1e100 -1e100 -1e100 -1e100 -1e100 -1e100 -1e100 -1e100 -1e100 -1e100 -1e100 -1e100 -1e100 -1e100 -1e100 -1e100 -1e100 -1e100 -1e100 -1e100 -1e100 -1e100 -1e100 -1e100 -1e100 -1e100 -1e100 -1e100 -1e100 -1e100 -1e100 -1e100 -1e100 -1e100 -1e100 -1e100 -1e100 -1e100 -1e100 -1e100 -1e100 3.1284360885620117188 12.735678672790527344 25.865125656127929688 41.626781463623046875 58.435276031494140625 74.54168701171875 88.51078033447265625 99.61914825439453125 107.64916229248046875 112.68536376953125 115.00197601318359375 114.9991455078125 113.14649200439453125 109.924102783203125 105.77260589599609375 101.06331634521484375 96.089019775390625 91.06758880615234375 86.15085601806640625 81.43563079833984375 76.97617340087890625 72.79662322998046875 68.90135955810546875 65.2824554443359375 61.924579620361328125 58.80829620361328125 55.91214752197265625 53.213886260986328125 50.691104888916015625 48.321727752685546875 46.08452606201171875 43.959625244140625 41.928905487060546875 39.9762420654296875 38.087718963623046875 36.25180816650390625 34.459598541259765625 32.70513916015625 30.985992431640625 29.303989410400390625 27.66616058349609375 26.085735321044921875 24.583002090454101562 23.185886383056640625 21.93027496337890625 20.8603057861328125 20.028299331665039062 19.493091583251953125 19.31421661376953125 19.539735794067382812 20.186822891235351562 21.219058990478515625 22.541433334350585938 24.1427764892578125 25.967041015625 27.92815399169921875 29.9237823486328125 31.856081008911132812 33.6511993408203125 35.2642822265625 36.67395782470703125 37.876483917236328125 38.85857391357421875 39.610107421875 40.125885009765625 40.404186248779296875 40.446086883544921875 40.256103515625 39.843463897705078125 39.22292327880859375 38.414691925048828125 37.443408966064453125 36.336513519287109375 35.122348785400390625 33.828460693359375 32.480297088623046875 31.10051727294921875 29.708705902099609375 28.321399688720703125 26.952251434326171875 25.612255096435546875 24.309932708740234375 23.051456451416015625 21.840726852416992188 20.679471969604492188 19.567440032958984375 18.50258636474609375 17.481233596801757812 16.498430252075195312 15.548758506774902344 14.627740859985351562 13.73365020751953125 12.869204521179199219 12.042805671691894531 11.268757820129394531 10.565056800842285156 9.94545745849609375 9.40125274658203125 8.903629302978515625 -1e100 -1e100 -1e100 -1e100 -1e100 -1e100
 -1e100 -1e100 -1e100 -1e100 -1e100 -1e100 -1e100 -1e100 -1e100 -1e100 -1e100 -1e100 -1e100 -1e100 -1e100 -1e100 -1e100 -1e100 -1e100 -1e100 -1e100 -1e100 -1e100 -1e100 -1e100 -1e100 -1e100 -1e100 -1e100 -1e100 -1e100 -1e100 -1e100 -1e100 -1e100 -1e100 -1e100 -1e100 -1e100 -1e100 -1e100 -1e100 -1e100 -1e100 -1e100 -1e100 -1e100 6.004062652587890625 15.386467933654785156 27.626150131225585938 41.962314605712890625 57.1529083251953125 71.82941436767578125 84.83838653564453125 95.46575927734375 103.40151214599609375 108.6334075927734375 111.35660552978515625 111.90410614013671875 110.68379974365234375 108.1199798583984375 104.60747528076171875 100.4853515625 96.02791595458984375 91.44585418701171875 86.89168548583984375 82.4679107666015625 78.237335205078125 74.23366546630859375 70.4706573486328125 66.94882965087890625 63.66008758544921875 60.59099578857421875 57.724956512451171875 55.0435333251953125 52.527271270751953125 50.1563720703125 47.911426544189453125 45.77399444580078125 43.72708892822265625 41.7554473876953125 39.84578704833984375 37.986980438232421875 36.170330047607421875 34.38991546630859375 32.64312744140625 30.931390762329101562 29.261003494262695312 27.64409637451171875 26.099483489990234375 24.65343475341796875 23.340562820434570312 22.205051422119140625 21.301654815673828125 20.6943206787109375 20.44902801513671875 20.617967605590820312 21.2162017822265625 22.199659347534179688 23.409585952758789062 24.91826629638671875 26.650102615356445312 28.514522552490234375 30.415185928344726562 32.26457977294921875 33.997570037841796875 35.5728302001953125 36.967159271240234375 38.1679534912109375 39.161739349365234375 39.93549346923828125 40.4784088134765625 40.783031463623046875 40.846401214599609375 40.671245574951171875 40.266849517822265625 39.649127960205078125 38.83979034423828125 37.8648529052734375 36.752735137939453125 35.532379150390625 34.23160552978515625 32.875972747802734375 31.488187789916992188 30.0879364013671875 28.69194793701171875 27.314188003540039062 25.966060638427734375 24.6565704345703125 23.392370223999023438 22.177814483642578125 21.015066146850585938 19.904272079467773438 18.843692779541015625 17.829782485961914062 16.857433319091796875 15.920534133911132812 15.012777328491210938 14.128504753112792969 13.263939857482910156 12.4199066162109375 11.606153488159179688 10.844625473022460938 10.167888641357421875 9.5864992141723632812 9.0816707611083984375 -1e100 -1e100 -1e100 -1e100 -1e100 -1e100
 -1e100 -1e100 -1e100 -1e100 -1e100 -1e100 -1e100 -1e100 -1e100 -1e100 -1e100 -1e100 -1e100 -1e100 -1e100 -1e100 -1e100 -1e100 -1e100 -1e100 -1e100 -1e100 -1e100 -1e100 -1e100 -1e100 -1e100 -1e100 -1e100 -1e100 -1e100 -1e100 -1e100 -1e100 -1e100 -1e100 -1e100 -1e100 -1e100 -1e100 -1e100 -1e100 -1e100 -1e100 -1e100 -1e100 -1e100 8.2354488372802734375 17.22847747802734375 28.56197357177734375 41.579837799072265625 55.29311370849609375 68.6230316162109375 80.6339263916015625 90.67940521240234375 98.4194793701171875 103.77435302734375 106.8639678955078125 107.94760894775390625 107.36412811279296875 105.47698211669921875 102.6326141357421875 99.1362762451171875 95.24225616455078125 91.1519317626953125 87.016204833984375 82.9411163330078125 78.99613189697265625 75.2231292724609375 71.64427947998046875 68.2679595947265625 65.09311676025390625 62.112346649169921875 59.314121246337890625 56.684116363525390625 54.206172943115234375 51.86319732666015625 49.637969970703125 47.513881683349609375 45.475406646728515625 43.5084686279296875 41.6006927490234375 39.74161529541015625 37.92296600341796875 36.13903045654296875 34.38714599609375 32.668331146240234375 30.988079071044921875 29.357217788696289062 27.792804718017578125 26.319194793701171875 24.969564437866210938 23.788049697875976562 22.831274032592773438 22.166271209716796875 21.860288619995117188 21.959320068359375 22.462261199951171875 23.3101348876953125 24.455654144287109375 25.908567428588867188 27.557523727416992188 29.323122024536132812 31.121387481689453125 32.876880645751953125 34.532501220703125 36.050319671630859375 37.406566619873046875 38.5845489501953125 39.56789398193359375 40.339862823486328125 40.885189056396484375 41.19244384765625 41.25612640380859375 41.07807159423828125 40.667934417724609375 40.042606353759765625 39.22484588623046875 38.24146270751953125 37.12131500244140625 35.893436431884765625 34.585521697998046875 33.222949981689453125 31.8282928466796875 30.421239852905273438 29.018697738647460938 27.634996414184570312 26.282072067260742188 24.969570159912109375 23.704875946044921875 22.493177413940429688 21.337612152099609375 20.239490509033203125 19.198400497436523438 18.21225738525390625 17.277353286743164062 16.388132095336914062 15.53617095947265625 14.708356857299804688 13.8865814208984375 13.052995681762695312 12.201900482177734375 11.348475456237792969 10.520602226257324219 9.8410205841064453125 9.3801507949829101562 -1e100 -1e100 -1e100 -1e100 -1e100 -1e100
 -1e100 -1e100 -1e100 -1e100 -1e100 -1e100 -1e100 -1e100 -1e100 -1e100 -1e100 -1e100 -1e100 -1e100 -1e100 -1e100 -1e100 -1e100 -1e100 -1e100 -1e100 -1e100 -1e100 -1e100 -1e100 -1e100 -1e100 -1e100 -1e100 -1e100 -1e100 -1e100 -1e100 -1e100 -1e100 -1e100 -1e100 -1e100 -1e100 -1e100 -1e100 -1e100 -1e100 -1e100 -1e100 -1e100 -1e100 9.7836179733276367188 18.28601837158203125 28.71857452392578125 40.523956298828125 52.91109466552734375 65.02248382568359375 76.091827392578125 85.54803466796875 93.0501861572265625 98.4746551513671875 101.87889862060546875 103.454010009765625 103.47235870361328125 102.23848724365234375 100.05190277099609375 97.18448638916015625 93.86937713623046875 90.29650115966796875 86.6125335693359375 82.92452239990234375 79.3063507080078125 75.80622100830078125 72.45331573486328125 69.26294708251953125 66.2404937744140625 63.384342193603515625 60.687923431396484375 58.141078948974609375 55.73114776611328125 53.443950653076171875 51.264743804931640625 49.178997039794921875 47.1729278564453125 45.23388671875 43.350635528564453125 41.513599395751953125 39.7151336669921875 37.94989013671875 36.2152557373046875 34.511920928955078125 32.8445587158203125 31.222625732421875 29.661371231079101562 28.183263778686523438 26.820188522338867188 25.616136550903320312 24.6286163330078125 23.925058364868164062 23.569774627685546875 23.602106094360351562 24.018459320068359375 24.776479721069335938 25.841554641723632812 27.1840972900390625 28.720508575439453125 30.368358612060546875 32.049560546875 33.696868896484375 35.2593536376953125 36.70194244384765625 38.0002899169921875 39.134449005126953125 40.084499359130859375 40.8301849365234375 41.353057861328125 41.639354705810546875 41.682399749755859375 41.483936309814453125 41.0541534423828125 40.410678863525390625 39.576847076416015625 38.579700469970703125 37.447994232177734375 36.21038818359375 34.89411163330078125 33.524097442626953125 32.122638702392578125 30.709360122680664062 29.301347732543945312 27.913351058959960938 26.55794525146484375 25.245594024658203125 23.984699249267578125 22.781721115112304688 21.64147186279296875 20.567422866821289062 19.561929702758789062 18.626382827758789062 17.760942459106445312 16.962774276733398438 16.221544265747070312 15.512661933898925781 14.7936553955078125 14.014532089233398438 13.149310111999511719 12.230241775512695312 11.327596664428710938 10.556827545166015625 9.9684886932373046875 -1e100 -1e100 -1e100 -1e100 -1e100 -1e100
 -1e100 -1e100 -1e100 -1e100 -1e100 -1e100 -1e100 -1e100 -1e100 -1e100 -1e100 -1e100 -1e100 -1e100 -1e100 -1e100 -1e100 -1e100 -1e100 -1e100 -1e100 -1e100 -1e100 -1e100 -1e100 -1e100 -1e100 -1e100 -1e100 -1e100 -1e100 -1e100 -1e100 -1e100 -1e100 -1e100 -1e100 -1e100 -1e100 -1e100 -1e100 -1e100 -1e100 -1e100 -1e100 -1e100 -1e100 10.676556587219238281 18.643598556518554688 28.218229293823242188 38.93421173095703125 50.15706634521484375 61.1975860595703125 71.41968536376953125 80.32036590576171875 87.57054901123046875 93.0203704833984375 96.679656982421875 98.68224334716796875 99.24210357666015625 98.6109161376953125 97.04511260986328125 94.78460693359375 92.04071044921875 88.99001312255859375 85.77249908447265625 82.493682861328125 79.22956085205078125 76.03266143798828125 72.937591552734375 69.965423583984375 67.12718963623046875 64.4265289306640625 61.86151885986328125 59.426067352294921875 57.110996246337890625 54.9051513671875 52.7964019775390625 50.772457122802734375 48.821453094482421875 46.932342529296875 45.095211029052734375 43.301517486572265625 41.54441070556640625 39.8190460205078125 38.122989654541015625 36.45668792724609375 34.82405853271484375 33.23328399658203125 31.69795989990234375 30.238948822021484375 28.887067794799804688 27.685871124267578125 26.69219207763671875 25.970533370971679688 25.57889556884765625 25.55065155029296875 25.88472747802734375 26.551486968994140625 27.5162353515625 28.735071182250976562 30.137607574462890625 31.648357391357421875 33.19605255126953125 34.7201995849609375 36.174518585205078125 37.525478363037109375 38.747303009033203125 39.8168792724609375 40.710968017578125 41.40657806396484375 41.883380889892578125 42.1266937255859375 42.129741668701171875 41.894702911376953125 41.432353973388671875 40.76074981689453125 39.903331756591796875 38.886871337890625 37.739532470703125 36.489231109619140625 35.16241455078125 33.783397674560546875 32.374073028564453125 30.953945159912109375 29.540269851684570312 28.14825439453125 26.791172027587890625 25.48043060302734375 24.22566986083984375 23.03504180908203125 21.915693283081054688 20.874277114868164062 19.917522430419921875 19.052633285522460938 18.286584854125976562 17.62216949462890625 17.048490524291992188 16.52643585205078125 15.977740287780761719 15.297182083129882812 14.414957046508789062 13.398003578186035156 12.375756263732910156 11.472157478332519531 10.736143112182617188 -1e100 -1e100 -1e100 -1e100 -1e100 -1e100
 -1e100 -1e100 -1e100 -1e100 -1e100 -1e100 -1e100 -1e100 -1e100 -1e100 -1e100 -1e100 -1e100 -1e100 -1e100 -1e100 -1e100 -1e100 -1e100 -1e100 -1e100 -1e100 -1e100 -1e100 -1e100 -1e100 -1e100 -1e100 -1e100 -1e100 -1e100 -1e100 -1e100 -1e100 -1e100 -1e100 -1e100 -1e100 -1e100 -1e100 -1e100 -1e100 -1e100 -1e100 -1e100 -1e100 5.1251001358032226562 10.993155479431152344 18.430950164794921875 27.227464675903320312 36.993289947509765625 47.21429443359375 57.32935333251953125 66.803253173828125 75.19193267822265625 82.18457794189453125 87.6182708740234375 91.46916961669921875 93.82617950439453125 94.8549652099609375 94.7618408203125 93.76476287841796875 92.0735321044921875 89.877471923828125 87.3383636474609375 84.58748626708984375 81.7266082763671875 78.8316802978515625 75.957672119140625 73.1430206298828125 70.413330078125 67.78437042236328125 65.26434326171875 62.85556793212890625 60.55572509765625 58.3590087890625 56.25725555419921875 54.24097442626953125 52.30019378662109375 50.425045013427734375 48.606182098388671875 46.83510589599609375 45.104434967041015625 43.40821075439453125 41.742198944091796875 40.104244232177734375 38.49466705322265625 36.91677093505859375 35.37766265869140625 33.889583587646484375 32.47210693359375 31.15503692626953125 29.980800628662109375 29.003597259521484375 28.2822113037109375 27.866689682006835938 27.785299301147460938 28.039712905883789062 28.608272552490234375 29.456707000732421875 30.538339614868164062 31.791654586791992188 33.150089263916015625 34.55027008056640625 35.937900543212890625 37.27013397216796875 38.513751983642578125 39.640987396240234375 40.62577056884765625 41.44222259521484375 42.0656280517578125 42.474994659423828125 42.65578460693359375 42.60184478759765625 42.316036224365234375 41.80963897705078125 41.100803375244140625 40.212642669677734375 39.171222686767578125 38.003734588623046875 36.737030029296875 35.396587371826171875 34.00592803955078125 32.5864715576171875 31.157537460327148438 29.736520767211914062 28.339044570922851562 26.979051589965820312 25.668882369995117188 24.419483184814453125 23.240903854370117188 22.142993927001953125 21.136308670043945312 20.23316192626953125 19.448423385620117188 18.79833984375 18.294309616088867188 17.928133010864257812 17.64847564697265625 17.3356781005859375 16.798915863037109375 15.866895675659179688 14.688715934753417969 13.483992576599121094 12.402837753295898438 11.495758056640625 -1e100 -1e100 -1e100 -1e100 -1e100 -1e100
 -1e100 -1e100 -1e100 -1e100 -1e100 -1e100 -1e100 -1e100 -1e100 -1e100 -1e100 -1e100 -1e100 -1e100 -1e100 -1e100 -1e100 -1e100 -1e100 -1e100 -1e100 -1e100 -1e100 -1e100 -1e100 -1e100 -1e100 -1e100 -1e100 -1e100 -1e100 -1e100 -1e100 -1e100 -1e100 -1e100 -1e100 -1e100 -1e100 -1e100 -1e100 -1e100 -1e100 -1e100 -1e100 -1e100 5.2770895957946777344 10.843241691589355469 17.799072265625 25.922327041625976562 34.878025054931640625 44.247333526611328125 53.566974639892578125 62.381378173828125 70.29805755615234375 77.02843475341796875 82.40665435791015625 86.38720703125 89.0255279541015625 90.44873046875 90.8249969482421875 90.33831787109375 89.1704864501953125 87.48914337158203125 85.44043731689453125 83.145477294921875 80.70055389404296875 78.1797943115234375 75.63892364501953125 73.1187744140625 70.6483154296875 68.24707794189453125 65.9271240234375 63.69445037841796875 61.550174713134765625 59.49163055419921875 57.513519287109375 55.60892486572265625 53.770160675048828125 51.989360809326171875 50.25890350341796875 48.571735382080078125 46.921672821044921875 45.30368804931640625 43.714229583740234375 42.1514892578125 40.615772247314453125 39.109958648681640625 37.640331268310546875 36.21808624267578125 34.861644744873046875 33.5995025634765625 32.471874237060546875 31.528581619262695312 30.821170806884765625 30.391605377197265625 30.263729095458984375 30.440717697143554688 30.9059600830078125 31.627950668334960938 32.5630340576171875 33.657623291015625 34.854053497314453125 36.096797943115234375 37.33712005615234375 38.5347137451171875 39.656078338623046875 40.671466827392578125 41.55243682861328125 42.2713775634765625 42.802921295166015625 43.126377105712890625 43.228069305419921875 43.10282135009765625 42.7542266845703125 42.193851470947265625 41.43962860107421875 40.51396942138671875 39.4418792724609375 38.249294281005859375 36.961788177490234375 35.603710174560546875 34.19771575927734375 32.764644622802734375 31.323568344116210938 29.891918182373046875 28.485601425170898438 27.119054794311523438 25.805349349975585938 24.556558609008789062 23.384441375732421875 22.301425933837890625 21.321962356567382812 20.46413421630859375 19.750759124755859375 19.20780181884765625 18.856534957885742188 18.695919036865234375 18.67301177978515625 18.640132904052734375 18.302957534790039062 17.249240875244140625 15.828255653381347656 14.387524604797363281 13.105738639831542969 12.030426979064941406 -1e100 -1e100 -1e100 -1e100 -1e100 -1e100
 -1e100 -1e100 -1e100 -1e100 -1e100 -1e100 -1e100 -1e100 -1e100 -1e100 -1e100 -1e100 -1e100 -1e100 -1e100 -1e100 -1e100 -1e100 -1e100 -1e100 -1e100 -1e100 -1e100 -1e100 -1e100 -1e100 -1e100 -1e100 -1e100 -1e100 -1e100 -1e100 -1e100 -1e100 -1e100 -1e100 -1e100 -1e100 -1e100 -1e100 -1e100 -1e100 -1e100 -1e100 -1e100 -1e100 5.1160864830017089844 10.378286361694335938 16.920629501342773438 24.468530654907226562 32.737384796142578125 41.382671356201171875 50.0155029296875 58.244098663330078125 65.721954345703125 72.18536376953125 77.47309112548828125 81.52753448486328125 84.38022613525390625 86.12795257568359375 86.90706634521484375 86.87177276611328125 86.17809295654296875 84.97281646728515625 83.38622283935546875 81.52843475341796875 79.48905181884765625 77.3390350341796875 75.1334991455078125 72.9144439697265625 70.7130889892578125 68.55185699462890625 66.44589996337890625 64.40435028076171875 62.431316375732421875 60.5269927978515625 58.68872833251953125 56.91204833984375 55.191436767578125 53.52095794677734375 51.894649505615234375 50.3068695068359375 48.752605438232421875 47.227756500244140625 45.72943878173828125 44.25624847412109375 42.8085784912109375 41.389057159423828125 40.003398895263671875 38.661922454833984375 37.38181304931640625 36.1896209716796875 35.122196197509765625 34.223773956298828125 33.538379669189453125 33.101024627685546875 32.932018280029296875 33.0348968505859375 33.39629364013671875 33.988800048828125 34.774261474609375 35.706821441650390625 36.737071990966796875 37.816646575927734375 38.901660919189453125 39.953853607177734375 40.9394683837890625 41.827297210693359375 42.587436676025390625 43.19158935546875 43.6146697998046875 43.83698272705078125 43.846080780029296875 43.637851715087890625 43.21651458740234375 42.593669891357421875 41.7867431640625 40.81714630126953125 39.708568572998046875 38.485507965087890625 37.172138214111328125 35.79158782958984375 34.36557769775390625 32.914295196533203125 31.456449508666992188 30.0093536376953125 28.588960647583007812 27.209871292114257812 25.88550567626953125 24.628572463989257812 23.451929092407226562 22.36983489990234375 21.3997039794921875 20.564085006713867188 19.891740798950195312 19.41542816162109375 19.1632232666015625 19.140748977661132812 19.30272674560546875 19.507427215576171875 19.417942047119140625 18.137018203735351562 16.437351226806640625 14.779700279235839844 13.343268394470214844 12.161038398742675781 -1e100 -1e100 -1e100 -1e100 -1e100 -1e100
 -1e100 -1e100 -1e100 -1e100 -1e100 -1e100 -1e100 -1e100 -1e100 -1e100 -1e100 -1e100 -1e100 -1e100 -1e100 -1e100 -1e100 -1e100 -1e100 -1e100 -1e100 -1e100 -1e100 -1e100 -1e100 -1e100 -1e100 -1e100 -1e100 -1e100 -1e100 -1e100 -1e100 -1e100 -1e100 -1e100 -1e100 -1e100 -1e100 -1e100 -1e100 -1e100 -1e100 -1e100 -1e100 -1e100 4.8634977340698242188 9.8419094085693359375 15.982940673828125 23.015298843383789062 30.690458297729492188 38.71152496337890625 46.743083953857421875 54.444488525390625 61.51039886474609375 67.70330810546875 72.87181854248046875 76.953216552734375 79.96240997314453125 81.97238922119140625 83.09296417236328125 83.45230865478515625 83.18311309814453125 82.4124908447265625 81.2552032470703125 79.81011199951171875 78.159423828125 76.36998748779296875 74.49530029296875 72.57750701904296875 70.64913177490234375 68.734619140625 66.851531982421875 65.01154327392578125 63.221343994140625 61.48361968994140625 59.798114776611328125 58.162567138671875 56.57347869873046875 55.026683807373046875 53.517772674560546875 52.042407989501953125 50.596660614013671875 49.1772918701171875 47.782039642333984375 46.409912109375 45.06145477294921875 43.739208221435546875 42.44847869873046875 41.19875335693359375 40.00571441650390625 38.89328765869140625 37.89405059814453125 37.046176910400390625 36.386913299560546875 35.945774078369140625 35.74011993408203125 35.77318572998046875 36.03403472900390625 36.49973297119140625 37.13812255859375 37.910511016845703125 38.77483367919921875 39.68898773193359375 40.613311767578125 41.511474609375 42.349910736083984375 43.09682464599609375 43.721927642822265625 44.197216033935546875 44.49861907958984375 44.60781097412109375 44.51371002197265625 44.21320343017578125 43.710941314697265625 43.01833343505859375 42.15203094482421875 41.132251739501953125 39.981220245361328125 38.721904754638671875 37.3770294189453125 35.96848297119140625 34.516994476318359375 33.0420379638671875 31.56183624267578125 30.093370437622070312 28.652326583862304688 27.253068923950195312 25.908832550048828125 24.63227081298828125 23.436395645141601562 22.336042404174804688 21.3498382568359375 20.502241134643554688 19.824140548706054688 19.349588394165039062 19.105550765991210938 19.091989517211914062 19.249971389770507812 19.41136932373046875 19.211797714233398438 17.933055877685546875 16.156095504760742188 14.428319931030273438 12.978117942810058594 -1e100 -1e100 -1e100 -1e100 -1e100 -1e100 -1e100
 -1e100 -1e100 -1e100 -1e100 -1e100 -1e100 -1e100 -1e100 -1e100 -1e100 -1e100 -1e100 -1e100 -1e100 -1e100 -1e100 -1e100 -1e100 -1e100 -1e100 -1e100 -1e100 -1e100 -1e100 -1e100 -1e100 -1e100 -1e100 -1e100 -1e100 -1e100 -1e100 -1e100 -1e100 -1e100 -1e100 -1e100 -1e100 -1e100 -1e100 -1e100 -1e100 -1e100 -1e100 -1e100 -1e100 4.4926118850708007812 9.3142061233520507812 15.091410636901855469 21.666477203369140625 28.822244644165039062 36.295680999755859375 43.79150390625 51.011478424072265625 57.687549591064453125 63.608612060546875 68.63611602783203125 72.7068328857421875 75.824188232421875 78.04244232177734375 79.44919586181640625 80.15010833740234375 80.25695037841796875 79.87866973876953125 79.11528778076171875 78.0545501708984375 76.7710113525390625 75.3268585205078125 73.77321624755859375 72.15154266357421875 70.494903564453125 68.829010009765625 67.173187255859375 65.54109954833984375 63.941558837890625 62.37940216064453125 60.856449127197265625 59.372394561767578125 57.925525665283203125 56.513263702392578125 55.132568359375 53.780269622802734375 52.45339202880859375 51.1494293212890625 49.866687774658203125 48.604534149169921875 47.363712310791015625 46.146739959716796875 44.958599090576171875 43.80789947509765625 42.708553314208984375 41.68138885498046875 40.75431060791015625 39.95961761474609375 39.3287353515625 38.886692047119140625 38.6483306884765625 38.6165771484375 38.78264617919921875 39.1277313232421875 39.625152587890625 40.24250030517578125 40.944011688232421875 41.692966461181640625 42.453487396240234375 43.191314697265625 43.87374114990234375 44.469387054443359375 44.94857025146484375 45.2843780517578125 45.4542083740234375 45.441310882568359375 45.2359466552734375 44.83585357666015625 44.245906829833984375 43.4771270751953125 42.545223236083984375 41.46910858154296875 40.269504547119140625 38.96783447265625 37.585407257080078125 36.14288330078125 34.659999847412109375 33.155460357666015625 31.646877288818359375 30.150691986083984375 28.682018280029296875 27.254587173461914062 25.880926132202148438 24.5728912353515625 23.342611312866210938 22.204023361206054688 21.17488861083984375 20.278644561767578125 19.544584274291992188 19.0037689208984375 18.677196502685546875 18.552919387817382812 18.548282623291015625 18.462993621826171875 17.960315704345703125 16.701204299926757812 14.995729446411132812 13.321626663208007812 12.048128128051757812 -1e100 -1e100 -1e100 -1e100 -1e100 -1e100 -1e100
 -1e100 -1e100 -1e100 -1e100 -1e100 -1e100 -1e100 -1e100 -1e100 -1e100 -1e100 -1e100 -1e100 -1e100 -1e100 -1e100 -1e100 -1e100 -1e100 -1e100 -1e100 -1e100 -1e100 -1e100 -1e100 -1e100 -1e100 -1e100 -1e100 -1e100 -1e100 -1e100 -1e100 -1e100 -1e100 -1e100 -1e100 -1e100 -1e100 -1e100 -1e100 -1e100 -1e100 -1e100 -1e100 -1e100 4.1555871963500976562 8.8207798004150390625 14.303434371948242188 20.487003326416015625 27.187685012817382812 34.173130035400390625 41.183368682861328125 47.958026885986328125 54.263397216796875 59.91400146484375 64.785308837890625 68.81618499755859375 72.0020904541015625 74.38238525390625 76.02618408203125 77.0197601318359375 77.45638275146484375 77.42852020263671875 77.022491455078125 76.3154296875 75.37432098388671875 74.25638580322265625 73.00989532470703125 71.6750335693359375 70.28470611572265625 68.86528778076171875 67.437286376953125 66.01586151123046875 64.61151885986328125 63.2308502197265625 61.877429962158203125 60.55260467529296875 59.256195068359375 57.98697662353515625 56.74308013916015625 55.522327423095703125 54.32251739501953125 53.1417694091796875 51.97882843017578125 50.833362579345703125 49.7062835693359375 48.600078582763671875 47.51938629150390625 46.471874237060546875 45.469547271728515625 44.529994964599609375 43.676548004150390625 42.93613433837890625 42.33510589599609375 41.894680023193359375 41.627597808837890625 41.536655426025390625 41.61493682861328125 41.84714508056640625 42.21126556396484375 42.68021392822265625 43.223545074462890625 43.809169769287109375 44.404727935791015625 44.978321075439453125 45.498798370361328125 45.9360809326171875 46.261871337890625 46.45088958740234375 46.482273101806640625 46.340900421142578125 46.018276214599609375 45.5128326416015625 44.829502105712890625 43.97876739501953125 42.975330352783203125 41.83678436279296875 40.5823822021484375 39.232097625732421875 37.805881500244140625 36.323246002197265625 34.802959442138671875 33.262943267822265625 31.720117568969726562 30.190219879150390625 28.68758392333984375 27.225034713745117188 25.813999176025390625 24.4649505615234375 23.188264846801757812 21.995668411254882812 20.902143478393554688 19.927762985229492188 19.098041534423828125 18.440128326416015625 17.970922470092773438 17.671609878540039062 17.44727325439453125 17.095869064331054688 16.349920272827148438 15.026523590087890625 13.309300422668457031 11.672582626342773438 10.753953933715820312 -1e100 -1e100 -1e100 -1e100 -1e100 -1e100 -1e100
 -1e100 -1e100 -1e100 -1e100 -1e100 -1e100 -1e100 -1e100 -1e100 -1e100 -1e100 -1e100 -1e100 -1e100 -1e100 -1e100 -1e100 -1e100 -1e100 -1e100 -1e100 -1e100 -1e100 -1e100 -1e100 -1e100 -1e100 -1e100 -1e100 -1e100 -1e100 -1e100 -1e100 -1e100 -1e100 -1e100 -1e100 -1e100 -1e100 -1e100 -1e100 -1e100 -1e100 -1e100 -1e100 -1e100 3.956455230712890625 8.4632253646850585938 13.687954902648925781 19.527698516845703125 25.821031570434570312 32.362995147705078125 38.926403045654296875 45.2855377197265625 51.2381591796875 56.62268829345703125 61.32837677001953125 65.29741668701171875 68.51964569091796875 71.0225677490234375 72.85999298095703125 74.10162353515625 74.82450103759765625 75.1063995361328125 75.021148681640625 74.6360015869140625 74.01068115234375 73.19738006591796875 72.24121856689453125 71.18065643310546875 70.0479583740234375 68.8696441650390625 67.66689300537109375 66.4559326171875 65.2485198974609375 64.05263519287109375 62.873249053955078125 61.71307373046875 60.573169708251953125 59.45342254638671875 58.3529205322265625 57.270267486572265625 56.203884124755859375 55.152355194091796875 54.114742279052734375 53.09091949462890625 52.0818634033203125 51.0899658203125 50.119426727294921875 49.176921844482421875 48.272556304931640625 47.420886993408203125 46.64105224609375 45.95520782470703125 45.38525390625 44.949039459228515625 44.657482147216796875 44.513263702392578125 44.511013031005859375 44.63834381103515625 44.87714385986328125 45.204753875732421875 45.59522247314453125 46.02054595947265625 46.451751708984375 46.859592437744140625 47.21506500244140625 47.490001678466796875 47.658039093017578125 47.695835113525390625 47.584407806396484375 47.3102264404296875 46.865940093994140625 46.250518798828125 45.46884918212890625 44.53081512451171875 43.450130462646484375 42.243133544921875 40.92772674560546875 39.522552490234375 38.046352386474609375 36.517574310302734375 34.954113006591796875 33.3731231689453125 31.790803909301757812 30.222141265869140625 28.680624008178710938 27.178070068359375 25.724660873413085938 24.329196929931640625 22.999782562255859375 21.745031356811523438 20.575872421264648438 19.507642745971679688 18.561351776123046875 17.761383056640625 17.124170303344726562 16.63095855712890625 16.190448760986328125 15.626413345336914062 14.729304313659667969 13.368011474609375 11.626763343811035156 9.8842687606811523438 9.219757080078125 -1e100 -1e100 -1e100 -1e100 -1e100 -1e100 -1e100
 -1e100 -1e100 -1e100 -1e100 -1e100 -1e100 -1e100 -1e100 -1e100 -1e100 -1e100 -1e100 -1e100 -1e100 -1e100 -1e100 -1e100 -1e100 -1e100 -1e100 -1e100 -1e100 -1e100 -1e100 -1e100 -1e100 -1e100 -1e100 -1e100 -1e100 -1e100 -1e100 -1e100 -1e100 -1e100 -1e100 -1e100 -1e100 -1e100 -1e100 -1e100 -1e100 -1e100 -1e100 -1e100 0.30048036575317382812 3.9609370231628417969 8.3085355758666992188 13.293469429016113281 18.817728042602539062 24.736011505126953125 30.867933273315429688 37.016262054443359375 42.98651123046875 48.604583740234375 53.73033905029296875 58.265727996826171875 62.15666961669921875 65.38910675048828125 67.9811553955078125 69.97396087646484375 71.4232025146484375 72.391876220703125 72.944793701171875 73.14459991455078125 73.0495452880859375 72.712493896484375 72.18076324462890625 71.4961700439453125 70.69516754150390625 69.80901336669921875 68.8639678955078125 67.88146209716796875 66.87836456298828125 65.86731719970703125 64.85730743408203125 63.85437774658203125 62.862270355224609375 61.883007049560546875 60.917339324951171875 59.96508026123046875 59.025432586669921875 58.09726715087890625 57.179473876953125 56.27130889892578125 55.372714996337890625 54.48461151123046875 53.6091461181640625 52.7499847412109375 51.912784576416015625 51.105899810791015625 50.341175079345703125 49.6341094970703125 49.0027008056640625 48.464893341064453125 48.035472869873046875 47.723644256591796875 47.531890869140625 47.4560546875 47.486164093017578125 47.6073150634765625 47.800579071044921875 48.043872833251953125 48.312892913818359375 48.58197021484375 48.824726104736328125 49.01467132568359375 49.12595367431640625 49.134426116943359375 49.018871307373046875 48.76219940185546875 48.352420806884765625 47.78321075439453125 47.05399322509765625 46.169559478759765625 45.13922882080078125 43.975799560546875 42.694484710693359375 41.31200408935546875 39.845829010009765625 38.3136444091796875 36.7329864501953125 35.12096405029296875 33.494029998779296875 31.867723464965820312 30.256320953369140625 28.672542572021484375 27.12731170654296875 25.629644393920898438 24.186717987060546875 22.80426788330078125 21.487522125244140625 20.242933273315429688 19.080759048461914062 18.01769256591796875 17.076299667358398438 16.2746429443359375 15.601075172424316406 14.985591888427734375 14.296980857849121094 13.384974479675292969 12.163421630859375 10.714878082275390625 9.3879718780517578125 8.7339315414428710938 -1e100 -1e100 -1e100 -1e100 -1e100 -1e100 -1e100
 -1e100 -1e100 -1e100 -1e100 -1e100 -1e100 -1e100 -1e100 -1e100 -1e100 -1e100 -1e100 -1e100 -1e100 -1e100 -1e100 -1e100 -1e100 -1e100 -1e100 -1e100 -1e100 -1e100 -1e100 -1e100 -1e100 -1e100 -1e100 -1e100 -1e100 -1e100 -1e100 -1e100 -1e100 -1e100 -1e100 -1e100 -1e100 -1e100 -1e100 -1e100 -1e100 -1e100 -1e100 -1e100 0.62403714656829833984 4.1915631294250488281 8.379486083984375 13.133487701416015625 18.359781265258789062 23.927167892456054688 29.677259445190429688 35.439449310302734375 41.046703338623046875 46.34943389892578125 51.22620391845703125 55.59029388427734375 59.391452789306640625 62.613010406494140625 65.2657318115234375 67.3804168701171875 69.0009002685546875 70.1781768798828125 70.96575927734375 71.41644287109375 71.580352783203125 71.50406646728515625 71.230224609375 70.79735565185546875 70.23975372314453125 69.58742523193359375 68.86602020263671875 68.096923828125 67.29724884033203125 66.48016357421875 65.65532684326171875 64.829498291015625 64.00716400146484375 63.1910400390625 62.382480621337890625 61.58182525634765625 60.78867340087890625 60.00218963623046875 59.221435546875 58.445713043212890625 57.674892425537109375 56.9096832275390625 56.15184783935546875 55.40442657470703125 54.67205047607421875 53.961498260498046875 53.282276153564453125 52.64676666259765625 52.06937408447265625 51.56451416015625 51.144168853759765625 50.815891265869140625 50.58184051513671875 50.438800811767578125 50.3787384033203125 50.3894500732421875 50.4551849365234375 50.5572662353515625 50.67481231689453125 50.785369873046875 50.865509033203125 50.8914337158203125 50.839809417724609375 50.68885040283203125 50.41950225830078125 50.016559600830078125 49.469478607177734375 48.772891998291015625 47.9266510009765625 46.93546295166015625 45.80816650390625 44.556766510009765625 43.195529937744140625 41.7401580810546875 40.2071380615234375 38.613269805908203125 36.975315093994140625 35.309703826904296875 33.632293701171875 31.958044052124023438 30.300668716430664062 28.672304153442382812 27.083204269409179688 25.541505813598632812 24.053079605102539062 22.621631622314453125 21.249385833740234375 19.938825607299804688 18.69585418701171875 17.533548355102539062 16.472993850708007812 15.534872055053710938 14.719738960266113281 13.986904144287109375 13.250493049621582031 12.407773017883300781 11.400180816650390625 10.294564247131347656 9.3114938735961914062 8.70992279052734375 -1e100 -1e100 -1e100 -1e100 -1e100 -1e100 -1e100
 -1e100 -1e100 -1e100 -1e100 -1e100 -1e100 -1e100 -1e100 -1e100 -1e100 -1e100 -1e100 -1e100 -1e100 -1e100 -1e100 -1e100 -1e100 -1e100 -1e100 -1e100 -1e100 -1e100 -1e100 -1e100 -1e100 -1e100 -1e100 -1e100 -1e100 -1e100 -1e100 -1e100 -1e100 -1e100 -1e100 -1e100 -1e100 -1e100 -1e100 -1e100 -1e100 -1e100 -1e100 -1e100 1.1584180593490600586 4.6310610771179199219 8.660549163818359375 13.191599845886230469 18.135953903198242188 23.375553131103515625 28.771518707275390625 34.17647552490234375 39.447071075439453125 44.454776763916015625 49.094287872314453125 53.288921356201171875 56.99227142333984375 60.18611907958984375 62.875537872314453125 65.08290863037109375 66.84222412109375 68.19426727294921875 69.182861328125 69.8521881103515625 70.24520111083984375 70.40277099609375 70.363189697265625 70.16180419921875 69.83069610595703125 69.39844512939453125 68.889892578125 68.32602691650390625 67.72393035888671875 67.09694671630859375 66.4550933837890625 65.8055572509765625 65.15326690673828125 64.50136566162109375 63.851604461669921875 63.204620361328125 62.560253143310546875 61.917804718017578125 61.276371002197265625 60.63516998291015625 59.993869781494140625 59.352817535400390625 58.713260650634765625 58.077518463134765625 57.449222564697265625 56.833713531494140625 56.23847198486328125 55.67321014404296875 55.149204254150390625 54.677768707275390625 54.268337249755859375 53.926883697509765625 53.6551513671875 53.450603485107421875 53.30680084228515625 53.21381378173828125 53.158660888671875 53.12572479248046875 53.09728240966796875 53.053966522216796875 52.975269317626953125 52.840137481689453125 52.62781524658203125 52.31890869140625 51.896514892578125 51.34723663330078125 50.661922454833984375 49.83612060546875 48.8701171875 47.76861572265625 46.540065765380859375 45.195850372314453125 43.74944305419921875 42.2157135009765625 40.610347747802734375 38.949405670166015625 37.248996734619140625 35.524990081787109375 33.792743682861328125 32.0667572021484375 30.360342025756835938 28.685272216796875 27.051433563232421875 25.466466903686523438 23.9354248046875 22.460649490356445312 21.04229736328125 19.680181503295898438 18.377277374267578125 17.144079208374023438 16.000322341918945312 14.969143867492675781 14.062651634216308594 13.2645263671875 12.523383140563964844 11.770192146301269531 10.96083831787109375 10.126115798950195312 9.3840808868408203125 8.8573474884033203125 -1e100 -1e100 -1e100 -1e100 -1e100 -1e100 -1e100
 -1e100 -1e100 -1e100 -1e100 -1e100 -1e100 -1e100 -1e100 -1e100 -1e100 -1e100 -1e100 -1e100 -1e100 -1e100 -1e100 -1e100 -1e100 -1e100 -1e100 -1e100 -1e100 -1e100 -1e100 -1e100 -1e100 -1e100 -1e100 -1e100 -1e100 -1e100 -1e100 -1e100 -1e100 -1e100 -1e100 -1e100 -1e100 -1e100 -1e100 -1e100 -1e100 -1e100 -1e100 -1e100 1.8562073707580566406 5.236461639404296875 9.1143360137939453125 13.435556411743164062 18.118036270141601562 23.055807113647460938 28.127168655395507812 33.20485687255859375 38.165843963623046875 42.899677276611328125 47.315074920654296875 51.344341278076171875 54.944927215576171875 58.097896575927734375 60.8040008544921875 63.0788421630859375 64.94828033447265625 66.44454193115234375 67.60321807861328125 68.46112823486328125 69.05495452880859375 69.42049407958984375 69.5920562744140625 69.60198974609375 69.48020172119140625 69.25374603271484375 68.9464569091796875 68.57871246337890625 68.16727447509765625 67.72539520263671875 67.2631378173828125 66.78784942626953125 66.30464935302734375 65.8168792724609375 65.32643890380859375 64.83411407470703125 64.3397979736328125 63.842800140380859375 63.342128753662109375 62.836803436279296875 62.32614898681640625 61.810039520263671875 61.289093017578125 60.764835357666015625 60.2398834228515625 59.718250274658203125 59.20560455322265625 58.709331512451171875 58.238006591796875 57.80020904541015625 57.40309906005859375 57.051197052001953125 56.745777130126953125 56.48479461669921875 56.2631072998046875 56.07274627685546875 55.903163909912109375 55.741504669189453125 55.572956085205078125 55.38106536865234375 55.148159027099609375 54.855884552001953125 54.4860382080078125 54.021572113037109375 53.44766998291015625 52.75267791748046875 51.9287872314453125 50.9724578857421875 49.884449005126953125 48.66954803466796875 47.33594512939453125 45.89453887939453125 44.358180999755859375 42.741069793701171875 41.058231353759765625 39.325122833251953125 37.55730438232421875 35.77017974853515625 33.978679656982421875 32.19696807861328125 30.438104629516601562 28.713705062866210938 27.03357696533203125 25.405267715454101562 23.833581924438476562 22.320339202880859375 20.864871978759765625 19.465917587280273438 18.125169754028320312 16.851575851440429688 15.663338661193847656 14.584184646606445312 13.632401466369628906 12.806451797485351562 12.077810287475585938 11.400043487548828125 10.735936164855957031 10.089066505432128906 9.5104522705078125 9.0541839599609375 -1e100 -1e100 -1e100 -1e100 -1e100 -1e100 -1e100
 -1e100 -1e100 -1e100 -1e100 -1e100 -1e100 -1e100 -1e100 -1e100 -1e100 -1e100 -1e100 -1e100 -1e100 -1e100 -1e100 -1e100 -1e100 -1e100 -1e100 -1e100 -1e100 -1e100 -1e100 -1e100 -1e100 -1e100 -1e100 -1e100 -1e100 -1e100 -1e100 -1e100 -1e100 -1e100 -1e100 -1e100 -1e100 -1e100 -1e100 -1e100 -1e100 -1e100 -1e100 -1e100 2.6596105098724365234 5.9571323394775390625 9.6981515884399414062 13.829896926879882812 18.2761993408203125 22.941938400268554688 27.7204437255859375 32.501865386962890625 37.180755615234375 41.662387847900390625 45.867847442626953125 49.73763275146484375 53.233058929443359375 56.33510589599609375 59.041301727294921875 61.3618621826171875 63.31601715087890625 64.92894744873046875 66.22940826416015625 67.24798583984375 68.01601409912109375 68.5648345947265625 68.92520904541015625 69.12670135498046875 69.19712066650390625 69.16194915771484375 69.04388427734375 68.86248016357421875 68.63397216796875 68.3712615966796875 68.084228515625 67.78012847900390625 67.4640350341796875 67.1392669677734375 66.80771636962890625 66.4701080322265625 66.12625885009765625 65.775360107421875 65.41620635986328125 65.04750823974609375 64.66815185546875 64.277435302734375 63.87525177001953125 63.46225738525390625 63.04004669189453125 62.611328125 62.180126190185546875 61.751758575439453125 61.332427978515625 60.928356170654296875 60.544696807861328125 60.18465423583984375 59.84902191162109375 59.536121368408203125 59.2418975830078125 58.96007537841796875 58.6822662353515625 58.39810943603515625 58.095462799072265625 57.76061248779296875 57.378582000732421875 56.93363189697265625 56.4100189208984375 55.79296875 55.069660186767578125 54.23011016845703125 53.267822265625 52.180179595947265625 50.968471527099609375 49.6376495361328125 48.195774078369140625 46.653377532958984375 45.0228424072265625 43.3178253173828125 41.552822113037109375 39.74277496337890625 37.902790069580078125 36.047855377197265625 34.192569732666015625 32.350830078125 30.535564422607421875 28.758405685424804688 27.029325485229492188 25.35613250732421875 23.743938446044921875 22.194896697998046875 20.708709716796875 19.284454345703125 17.92383575439453125 16.634870529174804688 15.43373870849609375 14.3422393798828125 13.379461288452148438 12.550763130187988281 11.841221809387207031 11.219205856323242188 10.652249336242675781 10.126976966857910156 9.6548748016357421875 -1e100 -1e100 -1e100 -1e100 -1e100 -1e100 -1e100 -1e100
 -1e100 -1e100 -1e100 -1e100 -1e100 -1e100 -1e100 -1e100 -1e100 -1e100 -1e100 -1e100 -1e100 -1e100 -1e100 -1e100 -1e100 -1e100 -1e100 -1e100 -1e100 -1e100 -1e100 -1e100 -1e100 -1e100 -1e100 -1e100 -1e100 -1e100 -1e100 -1e100 -1e100 -1e100 -1e100 -1e100 -1e100 -1e100 -1e100 -1e100 -1e100 -1e100 -1e100 -1e100 -1e100 3.5157623291015625 6.7477874755859375 10.37429046630859375 14.343508720397949219 18.584346771240234375 23.011112213134765625 27.530210494995117188 32.046970367431640625 36.47138214111328125 40.722652435302734375 44.733001708984375 48.450519561767578125 51.840358734130859375 54.883899688720703125 57.57634735107421875 59.923709869384765625 61.939952850341796875 63.644603729248046875 65.06085205078125 66.21417236328125 67.13141632080078125 67.84009552001953125 68.36785125732421875 68.7417144775390625 68.98748016357421875 69.12905120849609375 69.1878814697265625 69.18257904052734375 69.1286468505859375 69.0384368896484375 68.9214324951171875 68.78459930419921875 68.6327667236328125 68.4690399169921875 68.2951202392578125 68.11153411865234375 67.917877197265625 67.7130889892578125 67.4956512451171875 67.263885498046875 67.0161285400390625 66.75101470947265625 66.46762847900390625 66.16571807861328125 65.8457794189453125 65.50925445556640625 65.15860748291015625 64.79729461669921875 64.42943572998046875 64.05918121337890625 63.68994903564453125 63.323780059814453125 62.961017608642578125 62.600254058837890625 62.2383575439453125 61.87054443359375 61.490352630615234375 61.08968353271484375 60.65885162353515625 60.186702728271484375 59.660816192626953125 59.06793212890625 58.394672393798828125 57.62841033935546875 56.75823211669921875 55.775760650634765625 54.67578887939453125 53.45662689208984375 52.120143890380859375 50.6715240478515625 49.118804931640625 47.472278594970703125 45.74396514892578125 43.947093963623046875 42.09571075439453125 40.20433807373046875 38.287685394287109375 36.360385894775390625 34.4367523193359375 32.530498504638671875 30.6544952392578125 28.820512771606445312 27.038860321044921875 25.31789398193359375 23.663499832153320312 22.078853607177734375 20.564908981323242188 19.121988296508789062 17.752460479736328125 16.463640213012695312 15.269269943237304688 14.187678337097167969 13.235722541809082031 12.420710563659667969 11.734740257263183594 11.154982566833496094 10.652195930480957031 10.203232765197753906 9.7971086502075195312 -1e100 -1e100 -1e100 -1e100 -1e100 -1e100 -1e100 -1e100
 -1e100 -1e100 -1e100 -1e100 -1e100 -1e100 -1e100 -1e100 -1e100 -1e100 -1e100 -1e100 -1e100 -1e100 -1e100 -1e100 -1e100 -1e100 -1e100 -1e100 -1e100 -1e100 -1e100 -1e100 -1e100 -1e100 -1e100 -1e100 -1e100 -1e100 -1e100 -1e100 -1e100 -1e100 -1e100 -1e100 -1e100 -1e100 -1e100 -1e100 -1e100 -1e100 -1e100 -1e100 1.5785558223724365234 4.3845615386962890625 7.5744476318359375 11.114587783813476562 14.953153610229492188 19.022886276245117188 23.2459716796875 27.540082931518554688 31.823881149291992188 36.0211181640625 40.06362152099609375 43.89385223388671875 47.467014312744140625 50.752063751220703125 53.73117828369140625 56.397998809814453125 58.755390167236328125 60.8132781982421875 62.586811065673828125 64.094818115234375 65.35869598388671875 66.40163421630859375 67.24796295166015625 67.92258453369140625 68.4502410888671875 68.854827880859375 69.1586761474609375 69.3819427490234375 69.54216766357421875 69.653961181640625 69.72899627685546875 69.7761688232421875 69.801971435546875 69.81082916259765625 69.80548858642578125 69.78728485107421875 69.75640869140625 69.7121124267578125 69.6529693603515625 69.57704925537109375 69.4821624755859375 69.3660430908203125 69.22658538818359375 69.0619964599609375 68.8710174560546875 68.65305328369140625 68.408233642578125 68.13753509521484375 67.84270477294921875 67.5260009765625 67.1897735595703125 66.83592987060546875 66.4654693603515625 66.078338623046875 65.67334747314453125 65.2481689453125 64.799346923828125 64.3221588134765625 63.8105926513671875 63.257232666015625 62.653316497802734375 61.98883056640625 61.252880096435546875 60.434307098388671875 59.522525787353515625 58.508426666259765625 57.385166168212890625 56.148784637451171875 54.7985076904296875 53.33683013916015625 51.769237518310546875 50.10381317138671875 48.350711822509765625 46.521678924560546875 44.629608154296875 42.688182830810546875 40.71155548095703125 38.71410369873046875 36.710174560546875 34.713832855224609375 32.7386627197265625 30.797552108764648438 28.902482986450195312 27.064205169677734375 25.291805267333984375 23.59224700927734375 21.970163345336914062 20.428220748901367188 18.968343734741210938 17.593738555908203125 16.311084747314453125 15.131664276123046875 14.070064544677734375 13.139842033386230469 12.347623825073242188 11.688269615173339844 11.143288612365722656 10.684854507446289062 10.283818244934082031 9.9163818359375 -1e100 -1e100 -1e100 -1e100 -1e100 -1e100 -1e100 -1e100
 -1e100 -1e100 -1e100 -1e100 -1e100 -1e100 -1e100 -1e100 -1e100 -1e100 -1e100 -1e100 -1e100 -1e100 -1e100 -1e100 -1e100 -1e100 -1e100 -1e100 -1e100 -1e100 -1e100 -1e100 -1e100 -1e100 -1e100 -1e100 -1e100 -1e100 -1e100 -1e100 -1e100 -1e100 -1e100 -1e100 -1e100 -1e100 -1e100 -1e100 -1e100 -1e100 -1e100 -1e100 2.4145858287811279297 5.2410297393798828125 8.41632843017578125 11.902135848999023438 15.645128250122070312 19.580364227294921875 23.636240005493164062 27.739980697631835938 31.822008132934570312 35.81853485107421875 39.673038482666015625 43.33757781982421875 46.774150848388671875 49.95554351806640625 52.865085601806640625 55.49555206298828125 57.84761810302734375 59.92829132080078125 61.74948883056640625 63.32680511474609375 64.67853546142578125 65.82495880126953125 66.78780364990234375 67.58962249755859375 68.25311279296875 68.80037689208984375 69.2521820068359375 69.62737274169921875 69.94231414794921875 70.21065521240234375 70.44321441650390625 70.6481781005859375 70.83142852783203125 70.99684906005859375 71.14666748046875 71.28174591064453125 71.40179443359375 71.505615234375 71.59130096435546875 71.65639495849609375 71.69812774658203125 71.713531494140625 71.69968414306640625 71.65387725830078125 71.57378387451171875 71.4576416015625 71.304290771484375 71.11324310302734375 70.8846282958984375 70.6190338134765625 70.31722259521484375 69.97974395751953125 69.60671234130859375 69.19770050048828125 68.75170135498046875 68.26714324951171875 67.74176788330078125 67.1724853515625 66.55517578125 65.88459014892578125 65.15419769287109375 64.35628509521484375 63.482158660888671875 62.522777557373046875 61.469463348388671875 60.31479644775390625 59.05338287353515625 57.68243408203125 56.202098846435546875 54.61548614501953125 52.928440093994140625 51.14916229248046875 49.287738800048828125 47.35572052001953125 45.365734100341796875 43.33116912841796875 41.2658843994140625 39.183986663818359375 37.099578857421875 35.0265655517578125 32.97845458984375 30.968202590942382812 29.008043289184570312 27.10921478271484375 25.281614303588867188 23.533411026000976562 21.870830535888671875 20.298337936401367188 18.819446563720703125 17.438152313232421875 16.160556793212890625 14.995789527893066406 13.955117225646972656 13.048818588256835938 12.281743049621582031 11.649060249328613281 11.133695602416992188 10.707671165466308594 10.337450981140136719 9.9913787841796875 -1e100 -1e100 -1e100 -1e100 -1e100 -1e100 -1e100 -1e100
 -1e100 -1e100 -1e100 -1e100 -1e100 -1e100 -1e100 -1e100 -1e100 -1e100 -1e100 -1e100 -1e100 -1e100 -1e100 -1e100 -1e100 -1e100 -1e100 -1e100 -1e100 -1e100 -1e100 -1e100 -1e100 -1e100 -1e100 -1e100 -1e100 -1e100 -1e100 -1e100 -1e100 -1e100 -1e100 -1e100 -1e100 -1e100 -1e100 -1e100 -1e100 -1e100 -1e100 -1e100 3.2049221992492675781 6.0761675834655761719 9.2669677734375 12.732611656188964844 16.41666412353515625 20.254825592041015625 24.179964065551757812 28.127191543579101562 32.037296295166015625 35.857929229736328125 39.54351806640625 43.0552978515625 46.3619232177734375 49.44011688232421875 52.274776458740234375 54.8584747314453125 57.190570831298828125 59.276172637939453125 61.125034332275390625 62.750492095947265625 64.16860198974609375 65.39745330810546875 66.45667266845703125 67.36682891845703125 68.14878082275390625 68.8229522705078125 69.40862274169921875 69.92325592041015625 70.38202667236328125 70.79749298095703125 71.17954254150390625 71.53554534912109375 71.8706512451171875 72.1880645751953125 72.489410400390625 72.774932861328125 73.04378509521484375 73.294189453125 73.5236358642578125 73.72907257080078125 73.90703582763671875 74.0537872314453125 74.16552734375 74.23854827880859375 74.26943206787109375 74.2551727294921875 74.19330596923828125 74.08190155029296875 73.9195556640625 73.705322265625 73.43848419189453125 73.118408203125 72.74440765380859375 72.31572723388671875 71.83156585693359375 71.29103851318359375 70.6930389404296875 70.0359954833984375 69.31763458251953125 68.53472137451171875 67.68288421630859375 66.75655364990234375 65.74916839599609375 64.65363311767578125 63.463054656982421875 62.17157745361328125 60.7751312255859375 59.27204132080078125 57.663318634033203125 55.952701568603515625 54.1464080810546875 52.252803802490234375 50.2819671630859375 48.245330810546875 46.155323028564453125 44.025104522705078125 41.86830902099609375 39.698841094970703125 37.530635833740234375 35.37751007080078125 33.252971649169921875 31.170101165771484375 29.141414642333984375 27.178646087646484375 25.292486190795898438 23.492269515991210938 21.785717010498046875 20.178924560546875 18.6768035888671875 17.284021377563476562 16.00621795654296875 14.850772857666015625 13.826222419738769531 12.939965248107910156 12.194771766662597656 11.584946632385253906 11.093358039855957031 10.691224098205566406 10.341554641723632812 10.006777763366699219 -1e100 -1e100 -1e100 -1e100 -1e100 -1e100 -1e100 -1e100
 -1e100 -1e100 -1e100 -1e100 -1e100 -1e100 -1e100 -1e100 -1e100 -1e100 -1e100 -1e100 -1e100 -1e100 -1e100 -1e100 -1e100 -1e100 -1e100 -1e100 -1e100 -1e100 -1e100 -1e100 -1e100 -1e100 -1e100 -1e100 -1e100 -1e100 -1e100 -1e100 -1e100 -1e100 -1e100 -1e100 -1e100 -1e100 -1e100 -1e100 -1e100 -1e100 -1e100 -1e100 3.9566650390625 6.8987431526184082031 10.136104583740234375 13.616038322448730469 17.277433395385742188 21.054986953735351562 24.884288787841796875 28.706735610961914062 32.472232818603515625 36.139026641845703125 39.671993255615234375 43.04134368896484375 46.222400665283203125 49.19609832763671875 51.949390411376953125 54.475353240966796875 56.77288055419921875 58.846096038818359375 60.70349884033203125 62.35701751708984375 63.821186065673828125 65.11249542236328125 66.2489013671875 67.24932861328125 68.13300323486328125 68.9188079833984375 69.62454986572265625 70.26633453369140625 70.85807037353515625 71.41118621826171875 71.9345550537109375 72.43463134765625 72.91573333740234375 73.38031768798828125 73.82927703857421875 74.26218414306640625 74.67749786376953125 75.0727691650390625 75.4448089599609375 75.7898406982421875 76.1036376953125 76.38159942626953125 76.618988037109375 76.81102752685546875 76.95314788818359375 77.04108428955078125 77.07100677490234375 77.03955841064453125 76.94384765625 76.78145599365234375 76.55033111572265625 76.2487335205078125 75.87526702880859375 75.42889404296875 74.90901947021484375 74.315460205078125 73.64821624755859375 72.90723419189453125 72.092010498046875 71.2012786865234375 70.23271942138671875 69.18285369873046875 68.04709625244140625 66.82019805908203125 65.4969024658203125 64.07275390625 62.5448760986328125 60.9126129150390625 59.17777252197265625 57.344692230224609375 55.419979095458984375 53.41219329833984375 51.3314666748046875 49.1891632080078125 46.997589111328125 44.769748687744140625 42.51912689208984375 40.259494781494140625 38.004718780517578125 35.768604278564453125 33.5647430419921875 31.406412124633789062 29.306428909301757812 27.277019500732421875 25.3296051025390625 23.474523544311523438 21.72075653076171875 20.075754165649414062 18.545574188232421875 17.1354522705078125 15.850679397583007812 14.697224617004394531 13.681357383728027344 12.807950973510742188 12.077645301818847656 11.48343658447265625 11.007758140563964844 10.621666908264160156 10.286795616149902344 9.9593019485473632812 -1e100 -1e100 -1e100 -1e100 -1e100 -1e100 -1e100 -1e100
 -1e100 -1e100 -1e100 -1e100 -1e100 -1e100 -1e100 -1e100 -1e100 -1e100 -1e100 -1e100 -1e100 -1e100 -1e100 -1e100 -1e100 -1e100 -1e100 -1e100 -1e100 -1e100 -1e100 -1e100 -1e100 -1e100 -1e100 -1e100 -1e100 -1e100 -1e100 -1e100 -1e100 -1e100 -1e100 -1e100 -1e100 -1e100 -1e100 -1e100 -1e100 -1e100 -1e100 -1e100 4.6984639167785644531 7.7376508712768554688 11.051492691040039062 14.578009605407714844 18.250223159790039062 22.000371932983398438 25.765123367309570312 29.4906463623046875 33.13482666015625 36.6657562255859375 40.058376312255859375 43.291778564453125 46.348171234130859375 49.213153839111328125 51.8764190673828125 54.33233642578125 56.580181121826171875 58.623897552490234375 60.471454620361328125 62.133998870849609375 63.62506866455078125 64.9600067138671875 66.155487060546875 67.22904205322265625 68.1985015869140625 69.081298828125 69.893829345703125 70.65082550048828125 71.3649139404296875 72.0463409423828125 72.702880859375 73.34003448486328125 73.96121978759765625 74.56804656982421875 75.1606292724609375 75.7377471923828125 76.29711151123046875 76.8354949951171875 77.34893798828125 77.83286285400390625 78.28216552734375 78.69133758544921875 79.05460357666015625 79.36606597900390625 79.61994171142578125 79.81064605712890625 79.93297576904296875 79.9821014404296875 79.9536895751953125 79.8438873291015625 79.64936065673828125 79.3673553466796875 78.99581146240234375 78.53345489501953125 77.979949951171875 77.3358154296875 76.60221099853515625 75.78057861328125 74.87220001220703125 73.87774658203125 72.79692840576171875 71.62823486328125 70.36899566650390625 69.0156402587890625 67.5644073486328125 66.0120697021484375 64.35681915283203125 62.59885406494140625 60.740718841552734375 58.78728485107421875 56.74554443359375 54.62427520751953125 52.43370819091796875 50.185207366943359375 47.891025543212890625 45.56409454345703125 43.21782684326171875 40.865947723388671875 38.52234649658203125 36.200908660888671875 33.91539764404296875 31.67934417724609375 29.505929946899414062 27.407863616943359375 25.397205352783203125 23.4851226806640625 21.681583404541015625 19.995098114013671875 18.432630538940429688 16.9998779296875 15.701841354370117188 14.543277740478515625 13.528462409973144531 12.65991973876953125 11.936091423034667969 11.34836578369140625 10.878600120544433594 10.498989105224609375 10.174633026123046875 9.8542985916137695312 -1e100 -1e100 -1e100 -1e100 -1e100 -1e100 -1e100 -1e100
 -1e100 -1e100 -1e100 -1e100 -1e100 -1e100 -1e100 -1e100 -1e100 -1e100 -1e100 -1e100 -1e100 -1e100 -1e100 -1e100 -1e100 -1e100 -1e100 -1e100 -1e100 -1e100 -1e100 -1e100 -1e100 -1e100 -1e100 -1e100 -1e100 -1e100 -1e100 -1e100 -1e100 -1e100 -1e100 -1e100 -1e100 -1e100 -1e100 -1e100 -1e100 -1e100 -1e100 2.6423969268798828125 5.4817018508911132812 8.6420164108276367188 12.058108329772949219 15.65825653076171875 19.369045257568359375 23.11913299560546875 26.84478759765625 30.495569229125976562 34.0362396240234375 37.44396209716796875 40.70331573486328125 43.802242279052734375 46.7302398681640625 49.478321075439453125 52.039852142333984375 54.4114532470703125 56.5936126708984375 58.59075927734375 60.410797119140625 62.064449310302734375 63.564579010009765625 64.92566680908203125 66.16338348388671875 67.29412841796875 68.33448028564453125 69.30054473876953125 70.20734405517578125 71.06824493408203125 71.8945770263671875 72.69533538818359375 73.477203369140625 74.2446441650390625 75.0001220703125 75.7443695068359375 76.47663116455078125 77.19486236572265625 77.8959197998046875 78.57574462890625 79.22951507568359375 79.85176849365234375 80.43643951416015625 80.977020263671875 81.4666290283203125 81.898193359375 82.26462554931640625 82.558990478515625 82.7746429443359375 82.90529632568359375 82.94512939453125 82.88887786865234375 82.73198699951171875 82.4707183837890625 82.1023712158203125 81.62551116943359375 81.04007720947265625 80.3473663330078125 79.54975128173828125 78.650238037109375 77.6519317626953125 76.557464599609375 75.36853790283203125 74.0855865478515625 72.70771026611328125 71.23293304443359375 69.6587677001953125 67.9830780029296875 66.2049102783203125 64.32520294189453125 62.3470916748046875 60.275928497314453125 58.119049072265625 55.885478973388671875 53.585575103759765625 51.230785369873046875 48.8333892822265625 46.40633392333984375 43.963047027587890625 41.517314910888671875 39.083118438720703125 36.674518585205078125 34.305530548095703125 31.990026473999023438 29.741596221923828125 27.573442459106445312 25.49820709228515625 23.527730941772460938 21.672750473022460938 19.94257354736328125 18.344854354858398438 16.885623931884765625 15.569576263427734375 14.40035247802734375 13.380379676818847656 12.509923934936523438 11.785145759582519531 11.195459365844726562 10.721204757690429688 10.333603858947753906 9.9974842071533203125 9.6800670623779296875 -1e100 -1e100 -1e100 -1e100 -1e100 -1e100 -1e100 -1e100
 -1e100 -1e100 -1e100 -1e100 -1e100 -1e100 -1e100 -1e100 -1e100 -1e100 -1e100 -1e100 -1e100 -1e100 -1e100 -1e100 -1e100 -1e100 -1e100 -1e100 -1e100 -1e100 -1e100 -1e100 -1e100 -1e100 -1e100 -1e100 -1e100 -1e100 -1e100 -1e100 -1e100 -1e100 -1e100 -1e100 -1e100 -1e100 -1e100 -1e100 -1e100 -1e100 -1e100 3.3911654949188232422 6.375949859619140625 9.6755838394165039062 13.211993217468261719 16.904401779174804688 20.673162460327148438 24.442510604858398438 28.146986007690429688 31.738229751586914062 35.186737060546875 38.47779083251953125 41.6049957275390625 44.56513214111328125 47.355617523193359375 49.974010467529296875 52.418598175048828125 54.689373016357421875 56.788837432861328125 58.7223358154296875 60.49793243408203125 62.126010894775390625 63.618854522705078125 64.99022674560546875 66.254974365234375 67.4285125732421875 68.52629852294921875 69.5631866455078125 70.5528564453125 71.50732421875 72.4365692138671875 73.34836578369140625 74.2482452392578125 75.139617919921875 76.0239715576171875 76.90111541748046875 77.7693939208984375 78.6258544921875 79.46646881103515625 80.286285400390625 81.07952880859375 81.8397674560546875 82.55992889404296875 83.232391357421875 83.84911346435546875 84.4017486572265625 84.88187408447265625 85.28112030029296875 85.59136199951171875 85.80478668212890625 85.91408538818359375 85.91259765625 85.7945098876953125 85.5551300048828125 85.19116973876953125 84.701019287109375 84.08498382568359375 83.34521484375 82.4853973388671875 81.51023101806640625 80.4247283935546875 79.23355865478515625 77.9404144287109375 76.547637939453125 75.055999755859375 73.46494293212890625 71.7731170654296875 69.97924041748046875 68.0830230712890625 66.08594512939453125 63.9916229248046875 61.805789947509765625 59.5360870361328125 57.1917724609375 54.78340911865234375 52.3225860595703125 49.821727752685546875 47.29388427734375 44.752613067626953125 42.211833953857421875 39.685710906982421875 37.18856048583984375 34.734737396240234375 32.338504791259765625 30.013929367065429688 27.774732589721679688 25.6341094970703125 23.60448455810546875 21.697208404541015625 19.922191619873046875 18.287584304809570312 16.79959869384765625 15.462566375732421875 14.279057502746582031 13.249791145324707031 12.3729400634765625 11.642577171325683594 11.046481132507324219 10.564389228820800781 10.168498992919921875 9.82586669921875 -1e100 -1e100 -1e100 -1e100 -1e100 -1e100 -1e100 -1e100 -1e100
 -1e100 -1e100 -1e100 -1e100 -1e100 -1e100 -1e100 -1e100 -1e100 -1e100 -1e100 -1e100 -1e100 -1e100 -1e100 -1e100 -1e100 -1e100 -1e100 -1e100 -1e100 -1e100 -1e100 -1e100 -1e100 -1e100 -1e100 -1e100 -1e100 -1e100 -1e100 -1e100 -1e100 -1e100 -1e100 -1e100 -1e100 -1e100 -1e100 -1e100 -1e100 -1e100 -1e100 4.3141622543334960938 7.45597076416015625 10.903548240661621094 14.567744255065917969 18.360782623291015625 22.1973114013671875 25.996250152587890625 29.689214706420898438 33.22875213623046875 36.589855194091796875 39.764698028564453125 42.755039215087890625 45.56640625 48.20502471923828125 50.67647552490234375 52.9855499267578125 55.136859893798828125 57.1356658935546875 58.988498687744140625 60.703525543212890625 62.290676116943359375 63.76157379150390625 65.1292572021484375 66.40778350830078125 67.611663818359375 68.755279541015625 69.85224151611328125 70.91490936279296875 71.95391845703125 72.9779205322265625 73.99344635009765625 75.00487518310546875 76.0145416259765625 77.02297210693359375 78.0290069580078125 79.0300750732421875 80.02230072021484375 81.00070953369140625 81.95938873291015625 82.89157867431640625 83.78980255126953125 84.6458740234375 85.451019287109375 86.1959381103515625 86.8709564208984375 87.46623992919921875 87.97193145751953125 88.3783416748046875 88.676116943359375 88.8563995361328125 88.91109466552734375 88.8331298828125 88.6168365478515625 88.25830841064453125 87.75583648681640625 87.11011505126953125 86.32427978515625 85.40349578857421875 84.3543243408203125 83.18387603759765625 81.89894866943359375 80.50530242919921875 79.0070953369140625 77.40666961669921875 75.70470428466796875 73.9007720947265625 71.99420166015625 69.9851531982421875 67.87546539306640625 65.6690521240234375 63.371944427490234375 60.99202728271484375 58.538814544677734375 56.023113250732421875 53.456783294677734375 50.852481842041015625 48.2234954833984375 45.583599090576171875 42.946933746337890625 40.32794189453125 37.7412567138671875 35.20162200927734375 32.72376251220703125 30.322265625 28.011402130126953125 25.80492401123046875 23.715799331665039062 21.75589752197265625 19.935596466064453125 18.263378143310546875 16.745492935180664062 15.385835647583007812 14.185960769653320312 13.145036697387695312 12.259355545043945312 11.521105766296386719 10.916615486145019531 10.425213813781738281 10.019952774047851562 9.6707019805908203125 -1e100 -1e100 -1e100 -1e100 -1e100 -1e100 -1e100 -1e100 -1e100
 -1e100 -1e100 -1e100 -1e100 -1e100 -1e100 -1e100 -1e100 -1e100 -1e100 -1e100 -1e100 -1e100 -1e100 -1e100 -1e100 -1e100 -1e100 -1e100 -1e100 -1e100 -1e100 -1e100 -1e100 -1e100 -1e100 -1e100 -1e100 -1e100 -1e100 -1e100 -1e100 -1e100 -1e100 -1e100 -1e100 -1e100 -1e100 -1e100 -1e100 -1e100 -1e100 -1e100 5.4814710617065429688 8.7815380096435546875 12.374335289001464844 16.16321563720703125 20.055692672729492188 23.960597991943359375 27.790704727172851562 31.473911285400390625 34.96279144287109375 38.235607147216796875 41.289859771728515625 44.134136199951171875 46.782459259033203125 49.250835418701171875 51.554653167724609375 53.707057952880859375 55.718658447265625 57.598175048828125 59.353466033935546875 60.992649078369140625 62.524932861328125 63.96106719970703125 65.313232421875 66.59459686279296875 67.818695068359375 68.99878692626953125 70.1472015380859375 71.2749176025390625 72.3911895751953125 73.50331878662109375 74.61660003662109375 75.73426055908203125 76.85760498046875 77.9861602783203125 79.1178436279296875 80.24913787841796875 81.37522125244140625 82.49016571044921875 83.58704376220703125 84.658050537109375 85.694610595703125 86.68738555908203125 87.6263580322265625 88.5009002685546875 89.29994964599609375 90.01218414306640625 90.6262054443359375 91.130706787109375 91.5147247314453125 91.76779937744140625 91.880340576171875 91.8439788818359375 91.65200042724609375 91.2998809814453125 90.7857666015625 90.1108551025390625 89.2793731689453125 88.2982177734375 87.17609405517578125 85.92247772216796875 84.5465087890625 83.05603790283203125 81.45697021484375 79.75301361083984375 77.9458465576171875 76.0356903076171875 74.02225494384765625 71.9058837890625 69.68857574462890625 67.37441253662109375 64.9695892333984375 62.48221588134765625 59.9220733642578125 57.300312042236328125 54.629150390625 51.92162322998046875 49.1913604736328125 46.452449798583984375 43.7193603515625 41.006855010986328125 38.329959869384765625 35.703845977783203125 33.143741607666015625 30.664781570434570312 28.281805038452148438 26.009136199951171875 23.860273361206054688 21.84755706787109375 19.981740951538085938 18.271509170532226562 16.7230377197265625 15.339751243591308594 14.1222686767578125 13.068387031555175781 12.172717094421386719 11.425690650939941406 10.812243461608886719 10.311239242553710938 9.8966493606567382812 9.5401477813720703125 -1e100 -1e100 -1e100 -1e100 -1e100 -1e100 -1e100 -1e100 -1e100
 -1e100 -1e100 -1e100 -1e100 -1e100 -1e100 -1e100 -1e100 -1e100 -1e100 -1e100 -1e100 -1e100 -1e100 -1e100 -1e100 -1e100 -1e100 -1e100 -1e100 -1e100 -1e100 -1e100 -1e100 -1e100 -1e100 -1e100 -1e100 -1e100 -1e100 -1e100 -1e100 -1e100 -1e100 -1e100 -1e100 -1e100 -1e100 -1e100 -1e100 -1e100 -1e100 3.8646080493927001953 6.9284157752990722656 10.37786865234375 14.104626655578613281 18.00777435302734375 21.991056442260742188 25.956953048706054688 29.81207275390625 33.480560302734375 36.914638519287109375 40.094608306884765625 43.021266937255859375 45.708133697509765625 48.177066802978515625 50.454853057861328125 52.56862640380859375 54.541912078857421875 56.392841339111328125 58.13433837890625 59.77573394775390625 61.324878692626953125 62.789989471435546875 64.1806488037109375 65.507904052734375 66.78382110595703125 68.020751953125 69.2306365966796875 70.42440032958984375 71.61156463623046875 72.79993438720703125 73.9954681396484375 75.20220184326171875 76.4222564697265625 77.65593719482421875 78.90179443359375 80.15683746337890625 81.4166107177734375 82.67537689208984375 83.9261932373046875 85.16112518310546875 86.3712921142578125 87.546966552734375 88.67758941650390625 89.75185394287109375 90.75775909423828125 91.6827850341796875 92.5140838623046875 93.23862457275390625 93.8434600830078125 94.31592559814453125 94.64391326904296875 94.816253662109375 94.8231658935546875 94.656829833984375 94.31201171875 93.7866973876953125 93.08261871337890625 92.20529937744140625 91.16367340087890625 89.96904754638671875 88.633697509765625 87.1693878173828125 85.58606719970703125 83.89118194580078125 82.08945465087890625 80.1832427978515625 78.17311859130859375 76.05886077880859375 73.84081268310546875 71.52093505859375 69.10333251953125 66.59430694580078125 64.002166748046875 61.3370361328125 58.610492706298828125 55.835247039794921875 53.02481842041015625 50.19329071044921875 47.355167388916015625 44.525302886962890625 41.718868255615234375 38.951305389404296875 36.238246917724609375 33.595439910888671875 31.038572311401367188 28.583066940307617188 26.243814468383789062 24.034839630126953125 21.96892547607421875 20.057147979736328125 18.308330535888671875 16.728525161743164062 15.320707321166992188 14.084695816040039062 13.017118453979492188 12.11109161376953125 11.35540771484375 10.733639717102050781 10.224040985107421875 9.800907135009765625 9.4369573593139648438 -1e100 -1e100 -1e100 -1e100 -1e100 -1e100 -1e100 -1e100 -1e100
 -1e100 -1e100 -1e100 -1e100 -1e100 -1e100 -1e100 -1e100 -1e100 -1e100 -1e100 -1e100 -1e100 -1e100 -1e100 -1e100 -1e100 -1e100 -1e100 -1e100 -1e100 -1e100 -1e100 -1e100 -1e100 -1e100 -1e100 -1e100 -1e100 -1e100 -1e100 -1e100 -1e100 -1e100 -1e100 -1e100 -1e100 -1e100 -1e100 -1e100 -1e100 -1e100 5.4433965682983398438 8.6435680389404296875 12.229109764099121094 16.074777603149414062 20.077482223510742188 24.136812210083007812 28.1494140625 32.017299652099609375 35.661449432373046875 39.033710479736328125 42.115039825439453125 44.906711578369140625 47.424602508544921875 49.6976776123046875 51.764537811279296875 53.666072845458984375 55.438312530517578125 57.10842132568359375 58.69431304931640625 60.206943511962890625 61.653751373291015625 63.04167938232421875 64.37882232666015625 65.67476654052734375 66.94008636474609375 68.18563079833984375 69.4217376708984375 70.65772247314453125 71.9014739990234375 73.159271240234375 74.43570709228515625 75.73358917236328125 77.0539703369140625 78.39615631103515625 79.75782012939453125 81.13506317138671875 82.522552490234375 83.91361236572265625 85.30033111572265625 86.67374420166015625 88.02387237548828125 89.33980560302734375 90.60974884033203125 91.82105255126953125 92.96031951904296875 94.01352691650390625 94.9662322998046875 95.80377197265625 96.5114898681640625 97.074951171875 97.48030853271484375 97.71471405029296875 97.766876220703125 97.627685546875 97.29107666015625 96.754791259765625 96.0211029052734375 95.097076416015625 93.99413299560546875 92.7268524169921875 91.31103515625 89.761444091796875 88.09002685546875 86.3052520751953125 84.4123382568359375 82.41382598876953125 80.31029510498046875 78.10137176513671875 75.7871551513671875 73.369476318359375 70.8524017333984375 68.24231719970703125 65.5478057861328125 62.779399871826171875 59.94922637939453125 57.070590972900390625 54.15760040283203125 51.224880218505859375 48.287433624267578125 45.360576629638671875 42.4599151611328125 39.60134124755859375 36.800975799560546875 34.075061798095703125 31.43984222412109375 28.911302566528320312 26.504886627197265625 24.235136032104492188 22.115270614624023438 20.156671524047851562 18.368295669555664062 16.756116867065429688 15.322781562805175781 14.067486763000488281 12.985906600952148438 12.069840431213378906 11.306523323059082031 10.678072929382324219 10.161773681640625 9.7316341400146484375 9.3608531951904296875 -1e100 -1e100 -1e100 -1e100 -1e100 -1e100 -1e100 -1e100 -1e100
 -1e100 -1e100 -1e100 -1e100 -1e100 -1e100 -1e100 -1e100 -1e100 -1e100 -1e100 -1e100 -1e100 -1e100 -1e100 -1e100 -1e100 -1e100 -1e100 -1e100 -1e100 -1e100 -1e100 -1e100 -1e100 -1e100 -1e100 -1e100 -1e100 -1e100 -1e100 -1e100 -1e100 -1e100 -1e100 -1e100 -1e100 -1e100 -1e100 -1e100 -1e100 -1e100 7.2697224617004394531 10.585019111633300781 14.2904205322265625 18.23480224609375 22.316478729248046875 26.430532455444335938 30.469524383544921875 34.3344879150390625 37.94303131103515625 41.24617767333984375 44.223114013671875 46.871807098388671875 49.2085418701171875 51.269519805908203125 53.106487274169921875 54.775981903076171875 56.328311920166015625 57.800891876220703125 59.21712493896484375 60.589664459228515625 61.925426483154296875 63.229869842529296875 64.509307861328125 65.77144622802734375 67.0249481201171875 68.27870941162109375 69.54113006591796875 70.8195953369140625 72.120208740234375 73.4476165771484375 74.8050079345703125 76.1939849853515625 77.6145782470703125 79.06517791748046875 80.54259490966796875 82.0421295166015625 83.557586669921875 85.0814056396484375 86.604736328125 88.117584228515625 89.60887908935546875 91.0665435791015625 92.47751617431640625 93.82779693603515625 95.10257720947265625 96.28631591796875 97.36297607421875 98.31623077392578125 99.129638671875 99.7869873046875 100.2725677490234375 100.571746826171875 100.6715087890625 100.56130218505859375 100.23397064208984375 99.68682861328125 98.92267608642578125 97.95034027099609375 96.784393310546875 95.4437103271484375 93.9487152099609375 92.31777191162109375 90.56441497802734375 88.69716644287109375 86.720794677734375 84.63745880126953125 82.44733428955078125 80.14965057373046875 77.7442474365234375 75.232818603515625 72.6194610595703125 69.91075897216796875 67.1156768798828125 64.24527740478515625 61.312320709228515625 58.33080291748046875 55.31549072265625 52.281627655029296875 49.2447662353515625 46.220722198486328125 43.2255859375 40.27570343017578125 37.38767242431640625 34.5782318115234375 31.864139556884765625 29.261915206909179688 26.787527084350585938 24.45601654052734375 22.281038284301757812 20.27431488037109375 18.445009231567382812 16.799154281616210938 15.339260101318359375 14.06414031982421875 12.968721389770507812 12.043614387512207031 11.274485588073730469 10.641768455505371094 10.121317863464355469 9.6863107681274414062 9.3099470138549804688 -1e100 -1e100 -1e100 -1e100 -1e100 -1e100 -1e100 -1e100 -1e100
 -1e100 -1e100 -1e100 -1e100 -1e100 -1e100 -1e100 -1e100 -1e100 -1e100 -1e100 -1e100 -1e100 -1e100 -1e100 -1e100 -1e100 -1e100 -1e100 -1e100 -1e100 -1e100 -1e100 -1e100 -1e100 -1e100 -1e100 -1e100 -1e100 -1e100 -1e100 -1e100 -1e100 -1e100 -1e100 -1e100 -1e100 -1e100 -1e100 -1e100 -1e100 6.41617584228515625 9.3561449050903320312 12.741908073425292969 16.501712799072265625 20.505468368530273438 24.638101577758789062 28.780193328857421875 32.821079254150390625 36.6688690185546875 40.232517242431640625 43.459316253662109375 46.322811126708984375 48.815547943115234375 50.955371856689453125 52.78745269775390625 54.378246307373046875 55.80120086669921875 57.12165069580078125 58.38741302490234375 59.62718963623046875 60.8551177978515625 62.07747650146484375 63.298114776611328125 64.52130126953125 65.752471923828125 66.9979400634765625 68.264190673828125 69.55728912353515625 70.882415771484375 72.24365997314453125 73.64398193359375 75.08513641357421875 76.5675811767578125 78.0903778076171875 79.65108489990234375 81.24575042724609375 82.86890411376953125 84.51360321044921875 86.17144775390625 87.83269500732421875 89.48636627197265625 91.12033843994140625 92.72138214111328125 94.27518463134765625 95.76644134521484375 97.1789093017578125 98.49558258056640625 99.6988372802734375 100.77065277099609375 101.692840576171875 102.447296142578125 103.01641082763671875 103.38356781005859375 103.53387451171875 103.4550018310546875 103.138397216796875 102.58066558837890625 101.78499603271484375 100.7621612548828125 99.530609130859375 98.114990234375 96.54217529296875 94.83521270751953125 93.00827789306640625 91.06815338134765625 89.01770782470703125 86.857818603515625 84.58788299560546875 82.2066802978515625 79.713958740234375 77.111541748046875 74.403839111328125 71.59786224365234375 68.70311737060546875 65.7313232421875 62.695953369140625 59.611724853515625 56.49411773681640625 53.3590240478515625 50.2225799560546875 47.101123809814453125 44.01123046875 40.969715118408203125 37.993625640869140625 35.1001739501953125 32.30658721923828125 29.629873275756835938 27.08648681640625 24.691946029663085938 22.460357666015625 20.403848648071289062 18.531934738159179688 16.850912094116210938 15.363425254821777344 14.0681610107421875 12.959497451782226562 12.026930809020996094 11.254446983337402344 10.620454788208007812 10.098880767822265625 9.661529541015625 9.2811212539672851562 -1e100 -1e100 -1e100 -1e100 -1e100 -1e100 -1e100 -1e100 -1e100
 -1e100 -1e100 -1e100 -1e100 -1e100 -1e100 -1e100 -1e100 -1e100 -1e100 -1e100 -1e100 -1e100 -1e100 -1e100 -1e100 -1e100 -1e100 -1e100 -1e100 -1e100 -1e100 -1e100 -1e100 -1e100 -1e100 -1e100 -1e100 -1e100 -1e100 -1e100 -1e100 -1e100 -1e100 -1e100 -1e100 -1e100 -1e100 -1e100 -1e100 -1e100 8.3849925994873046875 11.433657646179199219 14.89398193359375 18.7034149169921875 22.75618743896484375 26.9234161376953125 31.06970977783203125 35.086833953857421875 38.91223907470703125 42.42290496826171875 45.558650970458984375 48.28733062744140625 50.600299835205078125 52.5216217041015625 54.108211517333984375 55.442394256591796875 56.61429595947265625 57.7030487060546875 58.76523590087890625 59.83361053466796875 60.9232025146484375 62.039508819580078125 63.184726715087890625 64.36090850830078125 65.5709381103515625 66.81836700439453125 68.106903076171875 69.43993377685546875 70.82018280029296875 72.2496185302734375 73.72945404052734375 75.26006317138671875 76.84082794189453125 78.46993255615234375 80.1442108154296875 81.8590545654296875 83.6083526611328125 85.38446807861328125 87.17826080322265625 88.97917938232421875 90.7753448486328125 92.553619384765625 94.29967498779296875 95.99803924560546875 97.6321258544921875 99.18434906005859375 100.63625335693359375 101.96868896484375 103.16199493408203125 104.19620513916015625 105.05133056640625 105.70774078369140625 106.14672088623046875 106.3512115478515625 106.30682373046875 106.0032196044921875 105.43589019775390625 104.6080780029296875 103.5323944091796875 102.23175048828125 100.7383575439453125 99.088775634765625 97.31316375732421875 95.424224853515625 93.42376708984375 91.31049346923828125 89.0828704833984375 86.7392730712890625 84.27838897705078125 81.7004241943359375 79.00794219970703125 76.206146240234375 73.3028106689453125 70.3081817626953125 67.23470306396484375 64.09661102294921875 60.909374237060546875 57.689174652099609375 54.45255279541015625 51.216213226318359375 47.997020721435546875 44.8120269775390625 41.678493499755859375 38.61389923095703125 35.6358795166015625 32.762081146240234375 30.009943008422851562 27.396356582641601562 24.937292098999023438 22.64733123779296875 20.539106369018554688 18.622661590576171875 16.904825210571289062 15.388673782348632812 14.073060989379882812 12.952024459838867188 12.013983726501464844 11.241061210632324219 10.609230995178222656 10.089905738830566406 9.6529207229614257812 9.2700405120849609375 -1e100 -1e100 -1e100 -1e100 -1e100 -1e100 -1e100 -1e100 -1e100
 -1e100 -1e100 -1e100 -1e100 -1e100 -1e100 -1e100 -1e100 -1e100 -1e100 -1e100 -1e100 -1e100 -1e100 -1e100 -1e100 -1e100 -1e100 -1e100 -1e100 -1e100 -1e100 -1e100 -1e100 -1e100 -1e100 -1e100 -1e100 -1e100 -1e100 -1e100 -1e100 -1e100 -1e100 -1e100 -1e100 -1e100 -1e100 -1e100 -1e100 -1e100 10.215301513671875 13.344547271728515625 16.868577957153320312 20.732913970947265625 24.83560943603515625 29.03433990478515625 33.172405242919921875 37.139263153076171875 40.948284149169921875 44.3814697265625 47.388469696044921875 49.940826416015625 52.039005279541015625 53.718143463134765625 55.048892974853515625 56.1288604736328125 57.0620574951171875 57.9374847412109375 58.81697845458984375 59.735157012939453125 60.707080841064453125 61.737361907958984375 62.82660675048828125 63.974639892578125 65.1816253662109375 66.44812774658203125 67.77484130859375 69.16226959228515625 70.61057281494140625 72.11957550048828125 73.6887969970703125 75.31734466552734375 77.0036468505859375 78.745147705078125 80.53807830810546875 82.3773193359375 84.25623321533203125 86.16663360595703125 88.09876251220703125 90.04134368896484375 91.981689453125 93.9057769775390625 95.79827880859375 97.6426239013671875 99.42105865478515625 101.11475372314453125 102.7039031982421875 104.16791534423828125 105.48554229736328125 106.63509368896484375 107.5946807861328125 108.34259033203125 108.85788726806640625 109.12111663818359375 109.11553955078125 108.82869720458984375 108.2545318603515625 107.39571380615234375 106.26599884033203125 104.8924102783203125 103.31636810302734375 101.58953857421875 99.7555694580078125 97.8204803466796875 95.77533721923828125 93.61156463623046875 91.32436370849609375 88.911468505859375 86.3723907470703125 83.708831787109375 80.9249725341796875 78.02741241455078125 75.02504730224609375 71.92903900146484375 68.75262451171875 65.5107879638671875 62.219715118408203125 58.8962554931640625 55.55754852294921875 52.220844268798828125 48.9034881591796875 45.62297821044921875 42.396991729736328125 39.243396759033203125 36.180202484130859375 33.225414276123046875 30.396831512451171875 27.711721420288085938 25.1864776611328125 22.836183547973632812 20.674085617065429688 18.71096038818359375 16.9544525146484375 15.408412933349609375 14.072205543518066406 12.939768791198730469 11.998499870300292969 11.228427886962890625 10.602568626403808594 10.0891265869140625 9.6552858352661132812 -1e100 -1e100 -1e100 -1e100 -1e100 -1e100 -1e100 -1e100 -1e100 -1e100
 -1e100 -1e100 -1e100 -1e100 -1e100 -1e100 -1e100 -1e100 -1e100 -1e100 -1e100 -1e100 -1e100 -1e100 -1e100 -1e100 -1e100 -1e100 -1e100 -1e100 -1e100 -1e100 -1e100 -1e100 -1e100 -1e100 -1e100 -1e100 -1e100 -1e100 -1e100 -1e100 -1e100 -1e100 -1e100 -1e100 -1e100 -1e100 -1e100 -1e100 -1e100 11.778679847717285156 14.954210281372070312 18.518781661987304688 22.424634933471679688 26.57254791259765625 30.813074111938476562 34.966930389404296875 38.86829376220703125 42.639453887939453125 45.916538238525390625 48.723804473876953125 51.043872833251953125 52.893123626708984375 54.31781005859375 55.401004791259765625 56.251918792724609375 56.98265838623046875 57.685993194580078125 58.42443084716796875 59.23198699951171875 60.123012542724609375 61.10128021240234375 62.166015625 63.314968109130859375 64.5456085205078125 65.8555145263671875 67.2423095703125 68.7036285400390625 70.23712158203125 71.84059906005859375 73.51206207275390625 75.2495269775390625 77.05062103271484375 78.9122467041015625 80.8302154541015625 82.799041748046875 84.81172943115234375 86.85968780517578125 88.93267059326171875 91.0188446044921875 93.10485076904296875 95.17588043212890625 97.21575927734375 99.20696258544921875 101.130706787109375 102.96703338623046875 104.6949462890625 106.29250335693359375 107.73699951171875 109.00506591796875 110.07295989990234375 110.9168701171875 111.5135345458984375 111.84104156494140625 111.88018035888671875 111.6162261962890625 111.04126739501953125 110.1566314697265625 108.97557830810546875 107.52709197998046875 105.86141204833984375 104.0530242919921875 102.17598724365234375 100.214996337890625 98.14154052734375 95.9375762939453125 93.59575653076171875 91.11444091796875 88.49539947509765625 85.7430877685546875 82.86425018310546875 79.867431640625 76.7629547119140625 73.562957763671875 70.281494140625 66.93426513671875 63.538105010986328125 60.110439300537109375 56.66892242431640625 53.2312774658203125 49.815280914306640625 46.4388275146484375 43.119964599609375 39.876895904541015625 36.727931976318359375 33.691379547119140625 30.785306930541992188 28.027288436889648438 25.43410491943359375 23.0213623046875 20.803028106689453125 18.79082489013671875 16.993516921997070312 15.416134834289550781 14.058956146240234375 12.916144371032714844 11.97414398193359375 11.210589408874511719 10.594878196716308594 10.091142654418945312 9.6631441116333007812 -1e100 -1e100 -1e100 -1e100 -1e100 -1e100 -1e100 -1e100 -1e100 -1e100
 -1e100 -1e100 -1e100 -1e100 -1e100 -1e100 -1e100 -1e100 -1e100 -1e100 -1e100 -1e100 -1e100 -1e100 -1e100 -1e100 -1e100 -1e100 -1e100 -1e100 -1e100 -1e100 -1e100 -1e100 -1e100 -1e100 -1e100 -1e100 -1e100 -1e100 -1e100 -1e100 -1e100 -1e100 -1e100 -1e100 -1e100 -1e100 -1e100 -1e100 10.188418388366699219 12.97527313232421875 16.146524429321289062 19.701719284057617188 23.602010726928710938 27.758684158325195312 32.041301727294921875 36.305057525634765625 40.3816375732421875 43.75107574462890625 46.730472564697265625 49.254489898681640625 51.306705474853515625 52.90113067626953125 54.09026336669921875 54.9658660888671875 55.642787933349609375 56.2339630126953125 56.829410552978515625 57.48805999755859375 58.241535186767578125 59.10317230224609375 60.07616424560546875 61.15871429443359375 62.346775054931640625 63.6353607177734375 65.01922607421875 66.493133544921875 68.05204010009765625 69.69132232666015625 71.40704345703125 73.195953369140625 75.05519866943359375 76.98187255859375 78.9725189208984375 81.0227508544921875 83.12689971923828125 85.277801513671875 87.46662139892578125 89.68280792236328125 91.91412353515625 94.14670562744140625 96.36515045166015625 98.55258941650390625 100.69071197509765625 102.7598876953125 104.7392120361328125 106.60662841796875 108.3390350341796875 109.91236114501953125 111.3016815185546875 112.4814453125 113.4257965087890625 114.10919189453125 114.50737762451171875 114.598846435546875 114.36688995361328125 113.80184173583984375 112.903228759765625 111.68210601806640625 110.165252685546875 108.40544891357421875 106.50379180908203125 104.60730743408203125 102.64028167724609375 100.54803466796875 98.30638885498046875 95.90811920166015625 93.35401153564453125 90.64942169189453125 87.80258941650390625 84.823394775390625 81.722625732421875 78.51206207275390625 75.2048492431640625 71.8158111572265625 68.36127471923828125 64.8586273193359375 61.32575225830078125 57.780719757080078125 54.24163055419921875 50.726619720458984375 47.2539215087890625 43.841888427734375 40.508998870849609375 37.27381134033203125 34.154827117919921875 31.170305252075195312 28.338041305541992188 25.67514801025390625 23.1977691650390625 20.920696258544921875 18.856805801391601562 17.016340255737304688 15.405961990356445312 14.027382850646972656 12.875380516052246094 11.935507774353027344 11.182580947875976562 10.581505775451660156 10.091284751892089844 9.6714344024658203125 -1e100 -1e100 -1e100 -1e100 -1e100 -1e100 -1e100 -1e100 -1e100 -1e100
 -1e100 -1e100 -1e100 -1e100 -1e100 -1e100 -1e100 -1e100 -1e100 -1e100 -1e100 -1e100 -1e100 -1e100 -1e100 -1e100 -1e100 -1e100 -1e100 -1e100 -1e100 -1e100 -1e100 -1e100 -1e100 -1e100 -1e100 -1e100 -1e100 -1e100 -1e100 -1e100 -1e100 -1e100 -1e100 -1e100 -1e100 -1e100 -1e100 -1e100 11.002346992492675781 13.735415458679199219 16.830186843872070312 20.293428421020507812 24.094141006469726562 28.150239944458007812 32.329410552978515625 36.456447601318359375 40.3100738525390625 43.589885711669921875 46.357700347900390625 48.643344879150390625 50.462718963623046875 51.846500396728515625 52.859943389892578125 53.601917266845703125 54.1872711181640625 54.72309112548828125 55.291530609130859375 55.945343017578125 56.713054656982421875 57.607147216796875 58.630611419677734375 59.781002044677734375 61.0528106689453125 62.438938140869140625 63.93166351318359375 65.52321624755859375 67.20623016357421875 68.97420501708984375 70.82178497314453125 72.7447967529296875 74.73981475830078125 76.80365753173828125 78.932769775390625 81.12276458740234375 83.3680267333984375 85.66139984130859375 87.9940032958984375 90.3551788330078125 92.73246002197265625 95.1116943359375 97.47705841064453125 99.8112030029296875 102.09523773193359375 104.308868408203125 106.430450439453125 108.43706512451171875 110.30458831787109375 112.00774383544921875 113.5201568603515625 114.8145599365234375 115.8631744384765625 116.63838958740234375 117.113922119140625 117.26654815673828125 117.078216552734375 116.5382843017578125 115.64534759521484375 114.4089202880859375 112.85184478759765625 111.0167999267578125 109.0049285888671875 107.11508941650390625 105.14188385009765625 103.020660400390625 100.72967529296875 98.26378631591796875 95.62677764892578125 92.827911376953125 89.87928009033203125 86.79376220703125 83.5841827392578125 80.26361083984375 76.84612274169921875 73.34720611572265625 69.7837371826171875 66.1735076904296875 62.5347442626953125 58.88581085205078125 55.245090484619140625 51.631011962890625 48.06208038330078125 44.556896209716796875 41.134159088134765625 37.812591552734375 34.610797882080078125 31.54712677001953125 28.639501571655273438 25.905303955078125 23.36121368408203125 21.0229339599609375 18.904726028442382812 17.018693923950195312 15.373686790466308594 13.973439216613769531 12.813767433166503906 11.879323959350585938 11.141509056091308594 10.559612274169921875 10.086286544799804688 9.6760396957397460938 -1e100 -1e100 -1e100 -1e100 -1e100 -1e100 -1e100 -1e100 -1e100 -1e100
 -1e100 -1e100 -1e100 -1e100 -1e100 -1e100 -1e100 -1e100 -1e100 -1e100 -1e100 -1e100 -1e100 -1e100 -1e100 -1e100 -1e100 -1e100 -1e100 -1e100 -1e100 -1e100 -1e100 -1e100 -1e100 -1e100 -1e100 -1e100 -1e100 -1e100 -1e100 -1e100 -1e100 -1e100 -1e100 -1e100 -1e100 -1e100 -1e100 -1e100 11.420235633850097656 14.02587890625 16.9559326171875 20.223026275634765625 23.804933547973632812 27.628520965576171875 31.56158447265625 35.41764068603515625 38.984569549560546875 42.062591552734375 44.63787078857421875 46.73528289794921875 48.3842926025390625 49.632663726806640625 50.557525634765625 51.260608673095703125 51.850833892822265625 52.42430877685546875 53.052494049072265625 53.781108856201171875 54.63571929931640625 55.628269195556640625 56.761810302734375 58.033473968505859375 59.4365692138671875 60.96221923828125 62.600612640380859375 64.34185028076171875 66.17667388916015625 68.09710693359375 70.0968017578125 72.1709747314453125 74.3159637451171875 76.52857208251953125 78.80542755126953125 81.142364501953125 83.534027099609375 85.9734649658203125 88.4519805908203125 90.95897674560546875 93.48199462890625 96.00677490234375 98.5173187255859375 100.9959869384765625 103.42356109619140625 105.77928924560546875 108.04099273681640625 110.18508148193359375 112.1865692138671875 114.0190887451171875 115.65493011474609375 117.06524658203125 118.22051239013671875 119.09139251708984375 119.650115966796875 119.8724212646484375 119.739776611328125 119.2416229248046875 118.3776092529296875 117.16058349609375 115.6212005615234375 113.81081390380859375 111.7581787109375 109.79638671875 107.75626373291015625 105.56763458251953125 103.20139312744140625 100.64939117431640625 97.91611480712890625 95.0134429931640625 91.95623016357421875 88.7594451904296875 85.437347412109375 82.0040130615234375 78.4742431640625 74.86414337158203125 71.19100189208984375 67.47290802001953125 63.728305816650390625 59.975749969482421875 56.23383331298828125 52.521205902099609375 48.856601715087890625 45.25882720947265625 41.746746063232421875 38.33916473388671875 35.05471038818359375 31.911703109741210938 28.928098678588867188 26.121473312377929688 23.509023666381835938 21.107448577880859375 18.932611465454101562 16.9989013671875 15.317942619323730469 13.896115303039550781 12.7306671142578125 11.80523681640625 11.0870361328125 10.528459548950195312 10.074483871459960938 9.6739702224731445312 -1e100 -1e100 -1e100 -1e100 -1e100 -1e100 -1e100 -1e100 -1e100 -1e100
 -1e100 -1e100 -1e100 -1e100 -1e100 -1e100 -1e100 -1e100 -1e100 -1e100 -1e100 -1e100 -1e100 -1e100 -1e100 -1e100 -1e100 -1e100 -1e100 -1e100 -1e100 -1e100 -1e100 -1e100 -1e100 -1e100 -1e100 -1e100 -1e100 -1e100 -1e100 -1e100 -1e100 -1e100 -1e100 -1e100 -1e100 -1e100 -1e100 9.2913160324096679688 11.453710556030273438 13.856797218322753906 16.531694412231445312 19.49578857421875 22.737041473388671875 26.195329666137695312 29.748491287231445312 33.2227783203125 36.43813323974609375 39.254596710205078125 41.6308135986328125 43.57321929931640625 45.1129150390625 46.305896759033203125 47.233272552490234375 47.992359161376953125 48.6802978515625 49.379047393798828125 50.148403167724609375 51.027248382568359375 52.03849029541015625 53.19359588623046875 54.4955902099609375 55.94112396240234375 57.52240753173828125 59.229015350341796875 61.049358367919921875 62.97179412841796875 64.98560333251953125 67.08172607421875 69.253173828125 71.494903564453125 73.803314208984375 76.1754913330078125 78.60845947265625 81.09854888916015625 83.640838623046875 86.22882080078125 88.8541259765625 91.50646209716796875 94.1735687255859375 96.84131622314453125 99.493743896484375 102.11318206787109375 104.6802825927734375 107.17407989501953125 109.5720367431640625 111.85005950927734375 113.98244476318359375 115.94183349609375 117.69927978515625 119.2244873046875 120.48641204833984375 121.45440673828125 122.0998077392578125 122.3979644775390625 122.3304443359375 121.8870697021484375 121.06839752197265625 119.88932037353515625 118.3837738037109375 116.60265350341796875 114.61093902587890625 112.571319580078125 110.4359283447265625 108.1515045166015625 105.687042236328125 103.03220367431640625 100.19161224365234375 97.17836761474609375 94.00859832763671875 90.69824981689453125 87.26230621337890625 83.7155303955078125 80.07335662841796875 76.35239410400390625 72.57027435302734375 68.745269775390625 64.89595794677734375 61.041011810302734375 57.199192047119140625 53.38934326171875 49.630401611328125 45.941364288330078125 42.34120941162109375 38.848766326904296875 35.482593536376953125 32.260894775390625 29.201549530029296875 26.322244644165039062 23.640653610229492188 21.174510955810546875 18.941484451293945312 16.958648681640625 15.240950584411621094 13.797970771789550781 12.628695487976074219 11.715596199035644531 11.020967483520507812 10.489045143127441406 10.055640220642089844 9.6632862091064453125 -1e100 -1e100 -1e100 -1e100 -1e100 -1e100 -1e100 -1e100 -1e100 -1e100
 -1e100 -1e100 -1e100 -1e100 -1e100 -1e100 -1e100 -1e100 -1e100 -1e100 -1e100 -1e100 -1e100 -1e100 -1e100 -1e100 -1e100 -1e100 -1e100 -1e100 -1e100 -1e100 -1e100 -1e100 -1e100 -1e100 -1e100 -1e100 -1e100 -1e100 -1e100 -1e100 -1e100 -1e100 -1e100 -1e100 -1e100 -1e100 -1e100 9.1897268295288085938 11.147667884826660156 13.283046722412109375 15.625622749328613281 18.1964569091796875 20.994098663330078125 23.9756317138671875 27.042741775512695312 30.0549774169921875 32.870609283447265625 35.38274383544921875 37.5431060791015625 39.347553253173828125 40.823879241943359375 42.02674102783203125 43.031795501708984375 43.924407958984375 44.785579681396484375 45.681529998779296875 46.660404205322265625 47.7545318603515625 48.98403167724609375 50.359405517578125 51.883087158203125 53.550868988037109375 55.353725433349609375 57.279727935791015625 59.315692901611328125 61.448543548583984375 63.66641998291015625 65.95954132080078125 68.32059478759765625 70.7445831298828125 73.22823333740234375 75.76917266845703125 78.3650665283203125 81.0129241943359375 83.70848846435546875 86.4458465576171875 89.217193603515625 92.0126953125 94.820526123046875 97.62688446044921875 100.416107177734375 103.1707000732421875 105.87140655517578125 108.4972381591796875 111.02550506591796875 113.431732177734375 115.6895904541015625 117.77080535888671875 119.6452484130859375 121.2812957763671875 122.64665985107421875 123.70978546142578125 124.44164276123046875 124.817779541015625 124.8202056884765625 124.439239501953125 123.67608642578125 122.5469818115234375 121.08676910400390625 119.34801483154296875 117.39502716064453125 115.309722900390625 113.0883941650390625 110.70269012451171875 108.130767822265625 105.36574554443359375 102.41382598876953125 99.2887725830078125 96.00691986083984375 92.58431243896484375 89.0362548828125 85.378021240234375 81.62561798095703125 77.79611968994140625 73.907440185546875 69.97796630859375 66.02635955810546875 62.0713958740234375 58.13201141357421875 54.227252960205078125 50.37628173828125 46.5982666015625 42.912288665771484375 39.337154388427734375 35.891292572021484375 32.5926971435546875 29.459077835083007812 26.508134841918945312 23.7579345703125 21.227235794067382812 18.935634613037109375 16.903163909912109375 15.14849853515625 13.68479156494140625 12.512993812561035156 11.61440277099609375 10.946096420288085938 10.443228721618652344 10.030538558959960938 9.6425733566284179688 -1e100 -1e100 -1e100 -1e100 -1e100 -1e100 -1e100 -1e100 -1e100 -1e100
 -1e100 -1e100 -1e100 -1e100 -1e100 -1e100 -1e100 -1e100 -1e100 -1e100 -1e100 -1e100 -1e100 -1e100 -1e100 -1e100 -1e100 -1e100 -1e100 -1e100 -1e100 -1e100 -1e100 -1e100 -1e100 -1e100 -1e100 -1e100 -1e100 -1e100 -1e100 -1e100 -1e100 -1e100 -1e100 -1e100 -1e100 -1e100 -1e100 8.8618078231811523438 10.573770523071289062 12.39348602294921875 14.348985671997070312 16.464565277099609375 18.749578475952148438 21.1817474365234375 23.695087432861328125 26.189847946166992188 28.562234878540039062 30.73152923583984375 32.654754638671875 34.324413299560546875 35.762821197509765625 37.016513824462890625 38.148395538330078125 39.226650238037109375 40.313648223876953125 41.45931243896484375 42.700237274169921875 44.061855316162109375 45.560657501220703125 47.20513916015625 48.9962310791015625 50.92823028564453125 52.990497589111328125 55.169475555419921875 57.450466156005859375 59.8191375732421875 62.26276397705078125 64.7711029052734375 67.3367767333984375 69.95507049560546875 72.62329864501953125 75.33983612060546875 78.1032257080078125 80.91131591796875 83.76068115234375 86.64620208740234375 89.5607757568359375 92.4952392578125 95.438385009765625 98.376983642578125 101.29583740234375 104.1778564453125 107.00408172607421875 109.753692626953125 112.403961181640625 114.93015289306640625 117.30535125732421875 119.50040435791015625 121.4840545654296875 123.22347259521484375 124.68535614013671875 125.837615966796875 126.65132904052734375 127.1026763916015625 127.17447662353515625 126.85768890380859375 126.15399932861328125 125.08013153076171875 123.6704254150390625 121.97286224365234375 120.04097747802734375 117.9231109619140625 115.62899017333984375 113.148773193359375 110.472930908203125 107.6010589599609375 104.5419769287109375 101.30997467041015625 97.92110443115234375 94.3912506103515625 90.73590850830078125 86.97089385986328125 83.112823486328125 79.17917633056640625 75.1881103515625 71.15811920166015625 67.1079559326171875 63.05655670166015625 59.02306365966796875 55.02679443359375 51.087162017822265625 47.223552703857421875 43.45513916015625 39.80069732666015625 36.278476715087890625 32.906208038330078125 29.701328277587890625 26.681436538696289062 23.864864349365234375 21.271295547485351562 18.922229766845703125 16.840730667114257812 15.049304008483886719 13.56476593017578125 12.390142440795898438 11.505873680114746094 10.864415168762207031 10.392031669616699219 9.9999294281005859375 9.6093320846557617188 -1e100 -1e100 -1e100 -1e100 -1e100 -1e100 -1e100 -1e100 -1e100 -1e100
 -1e100 -1e100 -1e100 -1e100 -1e100 -1e100 -1e100 -1e100 -1e100 -1e100 -1e100 -1e100 -1e100 -1e100 -1e100 -1e100 -1e100 -1e100 -1e100 -1e100 -1e100 -1e100 -1e100 -1e100 -1e100 -1e100 -1e100 -1e100 -1e100 -1e100 -1e100 -1e100 -1e100 -1e100 -1e100 -1e100 -1e100 -1e100 6.9536037445068359375 8.3798112869262695312 9.8185214996337890625 11.29187774658203125 12.827014923095703125 14.452006340026855469 16.187334060668945312 18.032421112060546875 19.955137252807617188 21.8969268798828125 23.7921905517578125 25.587388992309570312 27.251695632934570312 28.778955459594726562 30.185781478881835938 31.507253646850585938 32.789791107177734375 34.08197021484375 35.42659759521484375 36.857120513916015625 38.398052215576171875 40.06689453125 41.8751373291015625 43.82793426513671875 45.923595428466796875 48.1541290283203125 50.506801605224609375 52.966182708740234375 55.516040802001953125 58.14093017578125 60.8274383544921875 63.5650634765625 66.34656524658203125 69.16773223876953125 72.0266265869140625 74.9225921630859375 77.85516357421875 80.82323455810546875 83.8243560791015625 86.8543243408203125 89.90691375732421875 92.97379302978515625 96.0445556640625 99.10671234130859375 102.14575958251953125 105.14517974853515625 108.08649444580078125 110.94918060302734375 113.710601806640625 116.3458099365234375 118.82735443115234375 121.1252288818359375 123.20708465576171875 125.03900146484375 126.58689117431640625 127.81845855712890625 128.70526123046875 129.2244720458984375 129.36004638671875 129.1038665771484375 128.458160400390625 127.43914794921875 126.0778350830078125 124.4151153564453125 122.49365234375 120.3480224609375 117.99308013916015625 115.43123626708984375 112.6636199951171875 109.6961822509765625 106.5403900146484375 103.21100616455078125 99.72385406494140625 96.09474945068359375 92.33960723876953125 88.4748687744140625 84.51775360107421875 80.4861602783203125 76.39844512939453125 72.2732696533203125 68.1295318603515625 63.98642730712890625 59.86339569091796875 55.780101776123046875 51.75629425048828125 47.811614990234375 43.96537017822265625 40.2363128662109375 36.642498016357421875 33.201343536376953125 29.929952621459960938 26.845684051513671875 23.96695709228515625 21.314172744750976562 18.910526275634765625 16.781881332397460938 14.954279899597167969 13.447850227355957031 12.267480850219726562 11.393177032470703125 10.774477958679199219 10.331473350524902344 9.9611225128173828125 9.5560398101806640625 -1e100 -1e100 -1e100 -1e100 -1e100 -1e100 -1e100 -1e100 -1e100 -1e100
 -1e100 -1e100 -1e100 -1e100 -1e100 -1e100 -1e100 -1e100 -1e100 -1e100 -1e100 -1e100 -1e100 -1e100 -1e100 -1e100 -1e100 -1e100 -1e100 -1e100 -1e100 -1e100 -1e100 -1e100 -1e100 -1e100 -1e100 -1e100 -1e100 -1e100 -1e100 -1e100 -1e100 -1e100 -1e100 -1e100 -1e100 -1e100 6.6115317344665527344 7.8223667144775390625 8.9730396270751953125 10.082818031311035156 11.179515838623046875 12.296465873718261719 13.466088294982910156 14.709330558776855469 16.026519775390625 17.39835357666015625 18.796701431274414062 20.196382522583007812 21.582599639892578125 22.9539642333984375 24.322660446166992188 25.712017059326171875 27.15131378173828125 28.669195175170898438 30.288829803466796875 32.026702880859375 33.894207000732421875 35.89943695068359375 38.04732513427734375 40.33826446533203125 42.766880035400390625 45.322086334228515625 47.9885406494140625 50.748699188232421875 53.58477020263671875 56.480281829833984375 59.42130279541015625 62.39723968505859375 65.40116119384765625 68.4294891357421875 71.4812164306640625 74.5567474365234375 77.65679931640625 80.781402587890625 83.9292144775390625 87.0970458984375 90.27970123291015625 93.469818115234375 96.6579437255859375 99.8325042724609375 102.97983551025390625 106.0841827392578125 109.12767791748046875 112.09021759033203125 114.9493408203125 117.679931640625 120.25405120849609375 122.6408538818359375 124.80699920654296875 126.717620849609375 128.3380889892578125 129.6361541748046875 130.58416748046875 131.1605224609375 131.350555419921875 131.14727783203125 130.5533599853515625 129.5833740234375 128.26361083984375 126.62792205810546875 124.71121978759765625 122.54221343994140625 120.13873291015625 117.51110076904296875 114.66802978515625 111.62032318115234375 108.38155364990234375 104.96697998046875 101.39249420166015625 97.67421722412109375 93.82868194580078125 89.87305450439453125 85.82512664794921875 81.70317840576171875 77.52581024169921875 73.31189727783203125 69.08063507080078125 64.85157012939453125 60.64458465576171875 56.479793548583984375 52.377361297607421875 48.35726165771484375 44.4389801025390625 40.641284942626953125 36.9820556640625 33.478397369384765625 30.14701080322265625 27.004892349243164062 24.070329666137695312 21.364141464233398438 18.910818099975585938 16.738468170166015625 14.875903129577636719 13.345592498779296875 12.153344154357910156 11.278378486633300781 10.668706893920898438 10.244048118591308594 9.8958730697631835938 -1e100 -1e100 -1e100 -1e100 -1e100 -1e100 -1e100 -1e100 -1e100 -1e100 -1e100
 -1e100 -1e100 -1e100 -1e100 -1e100 -1e100 -1e100 -1e100 -1e100 -1e100 -1e100 -1e100 -1e100 -1e100 -1e100 -1e100 -1e100 -1e100 -1e100 -1e100 -1e100 -1e100 -1e100 -1e100 -1e100 -1e100 -1e100 -1e100 -1e100 -1e100 -1e100 -1e100 -1e100 -1e100 -1e100 -1e100 -1e100 -1e100 6.2738394737243652344 7.2695441246032714844 8.1283473968505859375 8.8677082061767578125 9.5179491043090820312 10.119757652282714844 10.719052314758300781 11.358428955078125 12.068839073181152344 12.867295265197753906 13.760987281799316406 14.753010749816894531 15.846610069274902344 17.047801971435546875 18.366609573364257812 19.816247940063476562 21.409978866577148438 23.1572113037109375 25.061468124389648438 27.121511459350585938 29.334255218505859375 31.696805953979492188 34.206035614013671875 36.85639190673828125 39.637859344482421875 42.5355987548828125 45.531230926513671875 48.60491943359375 51.737339019775390625 54.9111328125 58.112026214599609375 61.329509735107421875 64.55709075927734375 67.791961669921875 71.03412628173828125 74.2852020263671875 77.54712677001953125 80.8211822509765625 84.10720062255859375 87.40312957763671875 90.7048797607421875 94.00618743896484375 97.29868316650390625 100.57183837890625 103.81298065185546875 107.0072479248046875 110.1374969482421875 113.1841583251953125 116.1249847412109375 118.93479156494140625 121.58516693115234375 124.04454803466796875 126.27872467041015625 128.252105712890625 129.92974853515625 131.27978515625 132.275421142578125 132.89642333984375 133.1294708251953125 132.968719482421875 132.4169158935546875 131.486602783203125 130.199676513671875 128.5844879150390625 126.67070770263671875 124.484222412109375 122.0447540283203125 119.36742401123046875 116.46572113037109375 113.35366058349609375 110.04632568359375 106.55957794189453125 102.9097137451171875 99.1134796142578125 95.1881561279296875 91.15158843994140625 87.0220947265625 82.81829833984375 78.559112548828125 74.2637481689453125 69.95183563232421875 65.6434173583984375 61.35894775390625 57.11910247802734375 52.94455718994140625 48.85569000244140625 44.8722381591796875 41.013034820556640625 37.29584503173828125 33.73748779296875 30.354244232177734375 27.16263580322265625 24.180599212646484375 21.429012298583984375 18.933095932006835938 16.722360610961914062 14.827179908752441406 13.270837783813476562 12.058359146118164062 11.166294097900390625 10.538495063781738281 10.088967323303222656 9.7246961593627929688 -1e100 -1e100 -1e100 -1e100 -1e100 -1e100 -1e100 -1e100 -1e100 -1e100 -1e100
 -1e100 -1e100 -1e100 -1e100 -1e100 -1e100 -1e100 -1e100 -1e100 -1e100 -1e100 -1e100 -1e100 -1e100 -1e100 -1e100 -1e100 -1e100 -1e100 -1e100 -1e100 -1e100 -1e100 -1e100 -1e100 -1e100 -1e100 -1e100 -1e100 -1e100 -1e100 -1e100 -1e100 -1e100 -1e100 -1e100 -1e100 -1e100 6.0073699951171875 6.7999243736267089844 7.3738307952880859375 7.7454037666320800781 7.9491100311279296875 8.0352735519409179688 8.0654611587524414062 8.1047954559326171875 8.2136096954345703125 8.442440032958984375 8.8312091827392578125 9.4102869033813476562 10.201846122741699219 11.221460342407226562 12.479528427124023438 13.9814453125 15.726156234741210938 17.704629898071289062 19.900547027587890625 22.293901443481445312 24.865650177001953125 27.60041046142578125 30.485754013061523438 33.509220123291015625 36.655498504638671875 39.90550994873046875 43.2375946044921875 46.62961578369140625 50.06085968017578125 53.513332366943359375 56.972644805908203125 60.428554534912109375 63.875148773193359375 67.31049346923828125 70.7357025146484375 74.15362548828125 77.567535400390625 80.9799652099609375 84.39199066162109375 87.802764892578125 91.209381103515625 94.6067657470703125 97.98773956298828125 101.34293365478515625 104.66078948974609375 107.92742919921875 111.12654876708984375 114.239166259765625 117.24337005615234375 120.11392974853515625 122.82210540771484375 125.33574676513671875 127.6199951171875 129.6388397216796875 131.357330322265625 132.744110107421875 133.7733917236328125 134.4260711669921875 134.6900482177734375 134.5603790283203125 134.03973388671875 133.1389617919921875 131.8767547607421875 130.27740478515625 128.366851806640625 126.16924285888671875 123.70519256591796875 120.992401123046875 118.04709625244140625 114.88520050048828125 111.52288055419921875 107.9766845703125 104.2635650634765625 100.40097808837890625 96.40692138671875 92.29982757568359375 88.0984344482421875 83.82175445556640625 79.4890594482421875 75.12006378173828125 70.734954833984375 66.35443878173828125 61.99965667724609375 57.69194793701171875 53.452587127685546875 49.30242156982421875 45.261516571044921875 41.348842620849609375 37.582134246826171875 33.97798919677734375 30.552289962768554688 27.32102203369140625 24.301580429077148438 21.514513015747070312 18.985107421875 16.743215560913085938 14.81932830810546875 13.235924720764160156 11.995953559875488281 11.072989463806152344 10.407938003540039062 9.915130615234375 9.5028104782104492188 -1e100 -1e100 -1e100 -1e100 -1e100 -1e100 -1e100 -1e100 -1e100 -1e100 -1e100
 -1e100 -1e100 -1e100 -1e100 -1e100 -1e100 -1e100 -1e100 -1e100 -1e100 -1e100 -1e100 -1e100 -1e100 -1e100 -1e100 -1e100 -1e100 -1e100 -1e100 -1e100 -1e100 -1e100 -1e100 -1e100 -1e100 -1e100 -1e100 -1e100 -1e100 -1e100 -1e100 -1e100 -1e100 -1e100 -1e100 -1e100 4.9641051292419433594 5.8747587203979492188 6.48909759521484375 6.7969608306884765625 6.8135356903076171875 6.578586578369140625 6.1542143821716308594 5.6200666427612304688 5.0653429031372070312 4.5794610977172851562 4.2445950508117675781 4.1312832832336425781 4.2960968017578125 4.7806005477905273438 5.6116137504577636719 6.8021817207336425781 8.3520460128784179688 10.247333526611328125 12.461040496826171875 14.956408500671386719 17.693347930908203125 20.635280609130859375 23.75293731689453125 27.0235748291015625 30.427196502685546875 33.9427947998046875 37.546894073486328125 41.214595794677734375 44.92168426513671875 48.64640045166015625 52.37046051025390625 56.079654693603515625 59.764209747314453125 63.41895294189453125 67.0429229736328125 70.638397216796875 74.20953369140625 77.76091766357421875 81.29637908935546875 84.81826019287109375 88.32695770263671875 91.8207855224609375 95.29595184326171875 98.74654388427734375 102.16445159912109375 105.539306640625 108.858306884765625 112.10605621337890625 115.26425933837890625 118.31139373779296875 121.222320556640625 123.96810150146484375 126.51622772216796875 128.831512451171875 130.877838134765625 132.620574951171875 134.0289764404296875 135.0781707763671875 135.75 136.03326416015625 135.92364501953125 135.4238128662109375 134.543548583984375 133.2993011474609375 131.7123565673828125 129.8059234619140625 127.60263824462890625 125.1232147216796875 122.38645172119140625 119.40990447998046875 116.2105865478515625 112.80545806884765625 109.21173095703125 105.4470367431640625 101.5294647216796875 97.47756195068359375 93.31020355224609375 89.0465240478515625 84.7059173583984375 80.30817413330078125 75.87360382080078125 71.42311859130859375 66.97821044921875 62.560791015625 58.192958831787109375 53.896640777587890625 49.69321441650390625 45.60312652587890625 41.64557647705078125 37.83835601806640625 34.197948455810546875 30.739894866943359375 27.479633331298828125 24.43386077880859375 21.622425079345703125 19.069952011108398438 16.805471420288085938 14.858067512512207031 13.247953414916992188 11.975243568420410156 11.011175155639648438 10.296985626220703125 9.751743316650390625 9.291461944580078125 -1e100 -1e100 -1e100 -1e100 -1e100 -1e100 -1e100 -1e100 -1e100 -1e100 -1e100
 -1e100 -1e100 -1e100 -1e100 -1e100 -1e100 -1e100 -1e100 -1e100 -1e100 -1e100 -1e100 -1e100 -1e100 -1e100 -1e100 -1e100 -1e100 -1e100 -1e100 -1e100 -1e100 -1e100 -1e100 -1e100 -1e100 -1e100 -1e100 -1e100 -1e100 -1e100 -1e100 -1e100 -1e100 -1e100 -1e100 -1e100 5.0756397247314453125 5.9340138435363769531 6.4101438522338867188 6.4846067428588867188 6.1706371307373046875 5.5138516426086425781 4.589969635009765625 3.4992194175720214844 2.3569395542144775391 1.2823617458343505859 0.3886941075325012207 -0.22395621240139007568 -0.47334122657775878906 -0.29804974794387817383 0.34135070443153381348 1.4623894691467285156 3.0608587265014648438 5.111053466796875 7.5679144859313964844 10.373138427734375 13.464830398559570312 16.787111282348632812 20.295429229736328125 23.9558868408203125 27.740583419799804688 31.62284088134765625 35.575054168701171875 39.569530487060546875 43.58050537109375 47.58568572998046875 51.566913604736328125 55.5104522705078125 59.40723419189453125 63.2529754638671875 67.047821044921875 70.79529571533203125 74.500885009765625 78.17049407958984375 81.80925750732421875 85.4207611083984375 89.00666046142578125 92.5665740966796875 96.09801483154296875 99.5964202880859375 103.05500030517578125 106.46463775634765625 109.81369781494140625 113.087738037109375 116.26921844482421875 119.33707427978515625 122.26639556884765625 125.02826690673828125 127.5901031494140625 129.916748046875 131.9723358154296875 133.722747802734375 135.13800048828125 136.1939239501953125 136.873077392578125 137.164886474609375 137.0654754638671875 136.57757568359375 135.710296630859375 134.4785003662109375 132.9012298583984375 130.9995574951171875 128.794647216796875 126.30673980712890625 123.55478668212890625 120.55686187744140625 117.33051300048828125 113.89325714111328125 110.2628326416015625 106.4573516845703125 102.49536895751953125 98.3957977294921875 94.17784881591796875 89.8610076904296875 85.46514892578125 81.01067352294921875 76.51862335205078125 72.0107421875 67.5093841552734375 63.03731536865234375 58.617431640625 54.272335052490234375 50.023960113525390625 45.893177032470703125 41.899486541748046875 38.060840606689453125 34.39369964599609375 30.913362503051757812 27.634735107421875 24.573717117309570312 21.749111175537109375 19.184156417846679688 16.905895233154296875 14.940610885620117188 13.30516815185546875 11.996729850769042969 10.985574722290039062 10.215387344360351562 9.6123600006103515625 9.1027498245239257812 -1e100 -1e100 -1e100 -1e100 -1e100 -1e100 -1e100 -1e100 -1e100 -1e100 -1e100
 -1e100 -1e100 -1e100 -1e100 -1e100 -1e100 -1e100 -1e100 -1e100 -1e100 -1e100 -1e100 -1e100 -1e100 -1e100 -1e100 -1e100 -1e100 -1e100 -1e100 -1e100 -1e100 -1e100 -1e100 -1e100 -1e100 -1e100 -1e100 -1e100 -1e100 -1e100 -1e100 -1e100 -1e100 -1e100 -1e100 -1e100 5.3708148002624511719 6.2404460906982421875 6.6361341476440429688 6.5258898735046386719 5.9191803932189941406 4.8673701286315917969 3.4612975120544433594 1.8243010044097900391 0.10049531608819961548 -1.5592416524887084961 -3.0098557472229003906 -4.121417999267578125 -4.7857403755187988281 -4.9208779335021972656 -4.4735722541809082031 -3.4203290939331054688 -1.7680482864379882812 0.44617241621017456055 3.1584954261779785156 6.2873210906982421875 9.746677398681640625 13.459239959716796875 17.36363983154296875 21.414064407348632812 25.574728012084960938 29.813844680786132812 34.100555419921875 38.405303955078125 42.7015838623046875 46.9671630859375 51.184383392333984375 55.34023284912109375 59.426540374755859375 63.440120697021484375 67.38237762451171875 71.25820159912109375 75.07444000244140625 78.83831024169921875 82.556243896484375 86.23308563232421875 89.87176513671875 93.4732208251953125 97.036346435546875 100.55796051025390625 104.03265380859375 107.4526214599609375 110.8074188232421875 114.0836029052734375 117.264434814453125 120.3294219970703125 123.2540283203125 126.00957489013671875 128.563751220703125 130.881744384765625 132.9282989501953125 134.6699676513671875 136.0775146484375 137.1273956298828125 137.8026885986328125 138.09320068359375 137.995361328125 137.5119171142578125 136.6514739990234375 135.427703857421875 133.857879638671875 131.96124267578125 129.7575531005859375 127.266143798828125 124.50568389892578125 121.49422454833984375 118.24950408935546875 114.789306640625 111.13165283203125 107.29494476318359375 103.29795074462890625 99.15981292724609375 94.90001678466796875 90.53844451904296875 86.09552001953125 81.5923309326171875 77.0507659912109375 72.49346160888671875 67.94368743896484375 63.4250946044921875 58.961345672607421875 54.57572174072265625 50.29070281982421875 46.127597808837890625 42.106250762939453125 38.244842529296875 34.559906005859375 31.066577911376953125 27.779277801513671875 24.713052749633789062 21.8853759765625 19.317441940307617188 17.033323287963867188 15.055484771728515625 13.3968353271484375 12.051897048950195312 10.991204261779785156 10.162856101989746094 9.5016727447509765625 8.943698883056640625 -1e100 -1e100 -1e100 -1e100 -1e100 -1e100 -1e100 -1e100 -1e100 -1e100 -1e100
 -1e100 -1e100 -1e100 -1e100 -1e100 -1e100 -1e100 -1e100 -1e100 -1e100 -1e100 -1e100 -1e100 -1e100 -1e100 -1e100 -1e100 -1e100 -1e100 -1e100 -1e100 -1e100 -1e100 -1e100 -1e100 -1e100 -1e100 -1e100 -1e100 -1e100 -1e100 -1e100 -1e100 -1e100 -1e100 -1e100 4.4443368911743164062 5.8856425285339355469 6.851001739501953125 7.2440695762634277344 7.0155262947082519531 6.1682019233703613281 4.758419036865234375 2.8933589458465576172 0.72228527069091796875 -1.57848358154296875 -3.8233838081359863281 -5.8333110809326171875 -7.4471216201782226562 -8.5297136306762695312 -8.97760009765625 -8.7224397659301757812 -7.7333598136901855469 -6.0189218521118164062 -3.6276471614837646484 -0.6435718536376953125 2.8258113861083984375 6.6674275398254394531 10.779877662658691406 15.083238601684570312 19.519195556640625 24.044569015502929688 28.623739242553710938 33.22417449951171875 37.81581878662109375 42.37238311767578125 46.872211456298828125 51.29839324951171875 55.63878631591796875 59.886318206787109375 64.03912353515625 68.10007476806640625 72.0755615234375 75.973876953125 79.8035888671875 83.5724029541015625 87.2864532470703125 90.94997406005859375 94.5652618408203125 98.13262176513671875 101.6503143310546875 105.11435699462890625 108.51828765869140625 111.85284423828125 115.10564422607421875 118.2607574462890625 121.29836273193359375 124.19443511962890625 126.9207916259765625 129.4456787109375 131.7349700927734375 133.7541961669921875 135.470794677734375 136.8562469482421875 137.887603759765625 138.54827880859375 138.8283538818359375 138.724395751953125 138.239044189453125 137.38043212890625 136.1611175537109375 134.59686279296875 132.70526123046875 130.5046844482421875 128.013427734375 125.249542236328125 122.23076629638671875 118.97472381591796875 115.49919891357421875 111.822265625 107.9623565673828125 103.93834686279296875 99.7695159912109375 95.4756011962890625 91.0769195556640625 86.5945281982421875 82.05028533935546875 77.46695709228515625 72.86811065673828125 68.2779388427734375 63.720920562744140625 59.22145843505859375 54.803440093994140625 50.4898529052734375 46.30242156982421875 42.261333465576171875 38.385040283203125 34.69019317626953125 31.191829681396484375 27.903959274291992188 24.840753555297851562 22.018140792846679688 19.454837799072265625 17.171331405639648438 15.185759544372558594 13.507045745849609375 12.12767791748046875 11.019629478454589844 10.136439323425292969 9.4212446212768554688 8.8180646896362304688 -1e100 -1e100 -1e100 -1e100 -1e100 -1e100 -1e100 -1e100 -1e100 -1e100 -1e100
 -1e100 -1e100 -1e100 -1e100 -1e100 -1e100 -1e100 -1e100 -1e100 -1e100 -1e100 -1e100 -1e100 -1e100 -1e100 -1e100 -1e100 -1e100 -1e100 -1e100 -1e100 -1e100 -1e100 -1e100 -1e100 -1e100 -1e100 -1e100 -1e100 -1e100 -1e100 -1e100 -1e100 -1e100 -1e100 -1e100 4.9468641281127929688 6.663028717041015625 7.830707550048828125 8.3193035125732421875 8.056140899658203125 7.0336589813232421875 5.3118038177490234375 3.0153419971466064453 0.32288759946823120117 -2.5525920391082763672 -5.3866343498229980469 -7.9629063606262207031 -10.086954116821289062 -11.595296859741210938 -12.361519813537597656 -12.30049896240234375 -11.372187614440917969 -9.585723876953125 -7.0015077590942382812 -3.7261757850646972656 0.10311592370271682739 4.3422675132751464844 8.8628025054931640625 13.564640045166015625 18.376768112182617188 23.249668121337890625 28.14582061767578125 33.033130645751953125 37.88268280029296875 42.6693115234375 47.3722991943359375 51.975566864013671875 56.46793365478515625 60.843597412109375 65.10227203369140625 69.248565673828125 73.29056549072265625 77.23809814453125 81.10117340087890625 84.8888092041015625 88.6084442138671875 92.26569366455078125 95.86426544189453125 99.40594482421875 102.890472412109375 106.31531524658203125 109.67535400390625 112.9625244140625 116.1654815673828125 119.2691650390625 122.25445556640625 125.097991943359375 127.77230072021484375 130.24639892578125 132.4871063232421875 134.460968017578125 136.1363525390625 137.48553466796875 138.4860992431640625 139.1217803955078125 139.3828125 139.2657470703125 138.7729339599609375 137.911834716796875 136.69390869140625 135.1334686279296875 133.246612548828125 131.05029296875 128.56170654296875 125.79811859130859375 122.77671051025390625 119.51479339599609375 116.02991485595703125 112.3399810791015625 108.4633636474609375 104.41890716552734375 100.22600555419921875 95.904693603515625 91.4757843017578125 86.96097564697265625 82.38297271728515625 77.765411376953125 73.132781982421875 68.51012420654296875 63.92267608642578125 59.395488739013671875 54.952968597412109375 50.618534088134765625 46.4142608642578125 42.36064910888671875 38.47638702392578125 34.77828216552734375 31.281320571899414062 27.999151229858398438 24.94510650634765625 22.133510589599609375 19.580423355102539062 17.302610397338867188 15.313959121704101562 13.619812965393066406 12.211287498474121094 11.062360763549804688 10.131802558898925781 9.3697042465209960938 8.7261877059936523438 -1e100 -1e100 -1e100 -1e100 -1e100 -1e100 -1e100 -1e100 -1e100 -1e100 -1e100
 -1e100 -1e100 -1e100 -1e100 -1e100 -1e100 -1e100 -1e100 -1e100 -1e100 -1e100 -1e100 -1e100 -1e100 -1e100 -1e100 -1e100 -1e100 -1e100 -1e100 -1e100 -1e100 -1e100 -1e100 -1e100 -1e100 -1e100 -1e100 -1e100 -1e100 -1e100 -1e100 -1e100 -1e100 -1e100 -1e100 5.6436095237731933594 7.7630438804626464844 9.2592334747314453125 9.9582157135009765625 9.757442474365234375 8.634906768798828125 6.6526103019714355469 3.9544184207916259766 0.75253164768218994141 -2.6979846954345703125 -6.1288747787475585938 -9.2830858230590820312 -11.930591583251953125 -13.877783775329589844 -14.973216056823730469 -15.112277030944824219 -14.243073463439941406 -12.373927116394042969 -9.5783185958862304688 -5.9894580841064453125 -1.7796889543533325195 2.8709511756896972656 7.8042607307434082031 12.899333953857421875 18.073091506958007812 23.271242141723632812 28.456514358520507812 33.599445343017578125 38.673816680908203125 43.656368255615234375 48.52751922607421875 53.27204132080078125 57.879802703857421875 62.346492767333984375 66.67369842529296875 70.8680419921875 74.93953704833984375 78.89972686767578125 82.76013946533203125 86.53121185302734375 90.22180938720703125 93.83898162841796875 97.387939453125 100.87203216552734375 104.29251861572265625 107.6483154296875 110.935638427734375 114.14762115478515625 117.27391815185546875 120.300323486328125 123.20849609375 125.97583770751953125 128.575714111328125 130.97808837890625 133.1509246826171875 135.0618743896484375 136.68035888671875 137.9794921875 138.9373931884765625 139.538116455078125 139.7719268798828125 139.6351318359375 139.1296234130859375 138.2619476318359375 137.0423736572265625 135.4838104248046875 133.6008453369140625 131.4090728759765625 128.924560546875 126.163604736328125 123.14275360107421875 119.87879180908203125 116.388885498046875 112.690673828125 108.80234527587890625 104.742706298828125 100.53128814697265625 96.18845367431640625 91.73554229736328125 87.1949462890625 82.5901641845703125 77.94571685791015625 73.2869110107421875 68.6395416259765625 64.02950286865234375 59.482372283935546875 55.0229644775390625 50.675014495849609375 46.460872650146484375 42.4012603759765625 38.51507568359375 34.819248199462890625 31.328746795654296875 28.056926727294921875 25.016359329223632812 22.219846725463867188 19.680925369262695312 17.412912368774414062 15.425919532775878906 13.722307205200195312 12.292277336120605469 11.111662864685058594 10.143507003784179688 9.3432207107543945312 8.6653661727905273438 -1e100 -1e100 -1e100 -1e100 -1e100 -1e100 -1e100 -1e100 -1e100 -1e100 -1e100
 -1e100 -1e100 -1e100 -1e100 -1e100 -1e100 -1e100 -1e100 -1e100 -1e100 -1e100 -1e100 -1e100 -1e100 -1e100 -1e100 -1e100 -1e100 -1e100 -1e100 -1e100 -1e100 -1e100 -1e100 -1e100 -1e100 -1e100 -1e100 -1e100 -1e100 -1e100 -1e100 -1e100 -1e100 -1e100 -1e100 6.6034770011901855469 9.2699594497680664062 11.232758522033691406 12.265765190124511719 12.230750083923339844 11.087315559387207031 8.897891998291015625 5.8273034095764160156 2.1262974739074707031 -1.9020005464553833008 -5.9406456947326660156 -9.6887493133544921875 -12.87871551513671875 -15.28460693359375 -16.72662353515625 -17.076330184936523438 -16.265928268432617188 -14.301334381103515625 -11.271605491638183594 -7.3431367874145507812 -2.7318639755249023438 2.3402135372161865234 7.6841945648193359375 13.160188674926757812 18.67527008056640625 24.172199249267578125 29.615604400634765625 34.980228424072265625 40.243640899658203125 45.385044097900390625 50.386196136474609375 55.23281097412109375 59.915973663330078125 64.4331512451171875 68.78814697265625 72.9899139404296875 77.0506439208984375 80.9837799072265625 84.8025360107421875 88.5189361572265625 92.14337921142578125 95.6845245361328125 99.149200439453125 102.5423583984375 105.8668365478515625 109.12300872802734375 112.3083953857421875 115.417266845703125 118.44023895263671875 121.36395263671875 124.17086029052734375 126.83917236328125 129.343170166015625 131.6539306640625 133.7405548095703125 135.5719451904296875 137.1186370849609375 138.354583740234375 139.258514404296875 139.814697265625 140.0133056640625 139.850250244140625 139.32666015625 138.44805908203125 137.2234039306640625 135.664154052734375 133.783447265625 131.595489501953125 129.11517333984375 126.35784912109375 123.3392486572265625 120.07555389404296875 116.583465576171875 112.88028717041015625 108.9840087890625 104.91341400146484375 100.6881866455078125 96.3290557861328125 91.85790252685546875 87.29781341552734375 82.6730499267578125 78.00888824462890625 73.3313751220703125 68.66693115234375 64.04198455810546875 59.482471466064453125 55.01351165771484375 50.659038543701171875 46.441562652587890625 42.38195037841796875 38.4992218017578125 34.810394287109375 31.330415725708007812 28.07242584228515625 25.048351287841796875 22.26967620849609375 19.747774124145507812 17.493043899536132812 15.512475013732910156 13.806036949157714844 12.3631744384765625 11.161060333251953125 10.165811538696289062 9.3365697860717773438 -1e100 -1e100 -1e100 -1e100 -1e100 -1e100 -1e100 -1e100 -1e100 -1e100 -1e100 -1e100
 -1e100 -1e100 -1e100 -1e100 -1e100 -1e100 -1e100 -1e100 -1e100 -1e100 -1e100 -1e100 -1e100 -1e100 -1e100 -1e100 -1e100 -1e100 -1e100 -1e100 -1e100 -1e100 -1e100 -1e100 -1e100 -1e100 -1e100 -1e100 -1e100 -1e100 -1e100 -1e100 -1e100 -1e100 -1e100 4.1372179985046386719 7.9268751144409179688 11.288084030151367188 13.856411933898925781 15.346536636352539062 15.579615592956542969 14.492945671081542969 12.147629737854003906 8.7315320968627929688 4.5392460823059082031 -0.072120539844036102295 -4.732685089111328125 -9.0953950881958007812 -12.853192329406738281 -15.744768142700195312 -17.556896209716796875 -18.130817413330078125 -17.377271652221679688 -15.298067092895507812 -12.002223014831542969 -7.6999764442443847656 -2.6641378402709960938 2.8328390121459960938 8.5740795135498046875 14.407627105712890625 20.235761642456054688 26.000402450561523438 31.668493270874023438 37.21909332275390625 42.633815765380859375 47.894611358642578125 52.984813690185546875 57.891338348388671875 62.606838226318359375 67.130950927734375 71.470062255859375 75.6357879638671875 79.64276123046875 83.50656890869140625 87.24230194091796875 90.86376190185546875 94.38311767578125 97.810760498046875 101.15529632568359375 104.42337799072265625 107.619415283203125 110.7452239990234375 113.799591064453125 116.7778472900390625 119.67151641845703125 122.468048095703125 125.15064239501953125 127.69834136962890625 130.086395263671875 132.286956787109375 134.2703704833984375 136.0067596435546875 137.4677734375 138.6282806396484375 139.4674835205078125 139.9698638916015625 140.125335693359375 139.9292449951171875 139.3817901611328125 138.4873046875 137.253387451171875 135.690032958984375 133.8089447021484375 131.622955322265625 129.145782470703125 126.391754150390625 123.37577056884765625 120.11336517333984375 116.62071990966796875 112.914794921875 109.013397216796875 104.93531036376953125 100.70040130615234375 96.32978057861328125 91.8458709716796875 87.2723846435546875 82.63426971435546875 77.95745849609375 73.268585205078125 68.594573974609375 63.96219635009765625 59.397663116455078125 54.926242828369140625 50.571964263916015625 46.357387542724609375 42.303417205810546875 38.429119110107421875 34.751522064208984375 31.285564422607421875 28.044202804565429688 25.038867950439453125 22.280019760131835938 19.777318954467773438 17.538883209228515625 15.569264411926269531 13.866520881652832031 12.419365882873535156 11.205701828002929688 10.193558692932128906 9.3444223403930664062 -1e100 -1e100 -1e100 -1e100 -1e100 -1e100 -1e100 -1e100 -1e100 -1e100 -1e100 -1e100
 -1e100 -1e100 -1e100 -1e100 -1e100 -1e100 -1e100 -1e100 -1e100 -1e100 -1e100 -1e100 -1e100 -1e100 -1e100 -1e100 -1e100 -1e100 -1e100 -1e100 -1e100 -1e100 -1e100 -1e100 -1e100 -1e100 -1e100 -1e100 -1e100 -1e100 -1e100 -1e100 -1e100 -1e100 -1e100 5.0922870635986328125 9.7278928756713867188 13.922628402709960938 17.227161407470703125 19.290929794311523438 19.889110565185546875 18.931674957275390625 16.4764404296875 12.736966133117675781 8.0572061538696289062 2.8536226749420166016 -2.4476714134216308594 -7.4515795707702636719 -11.809286117553710938 -15.219799041748046875 -17.429391860961914062 -18.240438461303710938 -17.535125732421875 -15.309026718139648438 -11.697213172912597656 -6.9693684577941894531 -1.4771817922592163086 4.4404263496398925781 10.54839324951171875 16.698999404907226562 22.799497604370117188 28.793354034423828125 34.64873504638671875 40.34716796875 45.8733367919921875 51.21167755126953125 56.347278594970703125 61.2686767578125 65.970611572265625 70.45539093017578125 74.732421875 78.81632232666015625 82.72442626953125 86.47467803955078125 90.0843048095703125 93.569122314453125 96.94327545166015625 100.21913909912109375 103.40720367431640625 106.51587677001953125 109.55118560791015625 112.516326904296875 115.41127777099609375 118.232330322265625 120.9718475341796875 123.61798858642578125 126.1546783447265625 128.561767578125 130.8153839111328125 132.8887939453125 134.753509521484375 136.380828857421875 137.7434844970703125 138.817108154296875 139.5814361572265625 140.020965576171875 140.1252899169921875 139.8890228271484375 139.3113250732421875 138.395294189453125 137.147125244140625 135.5753631591796875 133.6902618408203125 131.503387451171875 129.0272216796875 126.2750701904296875 123.2610321044921875 119.99994659423828125 116.50749969482421875 112.8003082275390625 108.89601898193359375 104.8134307861328125 100.5726470947265625 96.19512939453125 91.70379638671875 87.12291717529296875 82.477996826171875 77.795501708984375 73.1024932861328125 68.426239013671875 63.793743133544921875 59.2313385009765625 54.76433563232421875 50.416744232177734375 46.211078643798828125 42.168186187744140625 38.30706787109375 34.644710540771484375 31.19598388671875 27.973714828491210938 24.988985061645507812 22.251520156860351562 19.7697601318359375 17.550165176391601562 15.595489501953125 13.902325630187988281 12.458659172058105469 11.242566108703613281 10.222948074340820312 9.3624267578125 -1e100 -1e100 -1e100 -1e100 -1e100 -1e100 -1e100 -1e100 -1e100 -1e100 -1e100 -1e100
 -1e100 -1e100 -1e100 -1e100 -1e100 -1e100 -1e100 -1e100 -1e100 -1e100 -1e100 -1e100 -1e100 -1e100 -1e100 -1e100 -1e100 -1e100 -1e100 -1e100 -1e100 -1e100 -1e100 -1e100 -1e100 -1e100 -1e100 -1e100 -1e100 -1e100 -1e100 -1e100 -1e100 -1e100 -1e100 6.5040998458862304688 12.099940299987792969 17.250486373901367188 21.4121551513671875 24.161052703857421875 25.2162322998046875 24.452096939086914062 21.923274993896484375 17.874021530151367188 12.703748703002929688 6.8928170204162597656 0.92576396465301513672 -4.7523560523986816406 -9.74781036376953125 -13.714252471923828125 -16.348957061767578125 -17.405450820922851562 -16.728742599487304688 -14.30462646484375 -10.299811363220214844 -5.0629992485046386719 0.93899178504943847656 7.263797760009765625 13.683993339538574219 20.087856292724609375 26.403211593627929688 32.576984405517578125 38.576030731201171875 44.38059234619140625 49.975841522216796875 55.3475494384765625 60.482456207275390625 65.3712158203125 70.0113067626953125 74.40833282470703125 78.57520294189453125 82.52984619140625 86.29256439208984375 89.88390350341796875 93.32344818115234375 96.62929534912109375 99.81781768798828125 102.90357208251953125 105.89907073974609375 108.814544677734375 111.65760040283203125 114.43276214599609375 117.1410675048828125 119.779693603515625 122.3416900634765625 124.81585693359375 127.18677520751953125 129.4349822998046875 131.5374755859375 133.4684906005859375 135.200592041015625 136.7061614990234375 137.9588623046875 138.9350738525390625 139.6148834228515625 139.98272705078125 140.02777099609375 139.7438507080078125 139.1290435791015625 138.1851806640625 136.917083740234375 135.331878662109375 133.4384307861328125 131.246978759765625 128.7689056396484375 126.01651763916015625 123.00304412841796875 119.742706298828125 116.25067901611328125 112.5432891845703125 108.63803863525390625 104.55377197265625 100.31079864501953125 95.9309234619140625 91.43746185302734375 86.85514068603515625 82.20989227294921875 77.52855682373046875 72.83849334716796875 68.1671600341796875 63.54164886474609375 58.98830413818359375 54.532379150390625 50.197772979736328125 46.00685882568359375 41.980319976806640625 38.13700103759765625 34.493755340576171875 31.06534576416015625 27.864471435546875 24.901990890502929688 22.187177658081054688 19.727712631225585938 17.528995513916015625 15.592615127563476562 13.914139747619628906 12.480875015258789062 11.270572662353515625 10.252017021179199219 9.3878145217895507812 -1e100 -1e100 -1e100 -1e100 -1e100 -1e100 -1e100 -1e100 -1e100 -1e100 -1e100 -1e100
 -1e100 -1e100 -1e100 -1e100 -1e100 -1e100 -1e100 -1e100 -1e100 -1e100 -1e100 -1e100 -1e100 -1e100 -1e100 -1e100 -1e100 -1e100 -1e100 -1e100 -1e100 -1e100 -1e100 -1e100 -1e100 -1e100 -1e100 -1e100 -1e100 -1e100 -1e100 -1e100 -1e100 -1e100 2.0667798519134521484 8.4423036575317382812 15.081273078918457031 21.296205520629882812 26.435108184814453125 29.982295989990234375 31.580234527587890625 31.056726455688476562 28.471929550170898438 24.112215042114257812 18.439668655395507812 12.000523567199707031 5.3377776145935058594 -1.0513595342636108398 -6.7242527008056640625 -11.282995223999023438 -14.367177963256835938 -15.671296119689941406 -14.993692398071289062 -12.304177284240722656 -7.8023991584777832031 -1.9338905811309814453 4.6684446334838867188 11.368528366088867188 18.01593780517578125 24.586469650268554688 31.046834945678710938 37.345638275146484375 43.442363739013671875 49.310550689697265625 54.932155609130859375 60.292449951171875 65.37958526611328125 70.18697357177734375 74.71573638916015625 78.97554779052734375 82.98336029052734375 86.76078033447265625 90.33130645751953125 93.71831512451171875 96.9439697265625 100.02890777587890625 102.99199676513671875 105.8501434326171875 108.6180267333984375 111.30773162841796875 113.92839813232421875 116.48577880859375 118.98184967041015625 121.41451263427734375 123.77742767333984375 126.05989837646484375 128.247039794921875 130.32000732421875 132.2564849853515625 134.0315399169921875 135.61865234375 136.991119384765625 138.1234283447265625 138.99249267578125 139.5786590576171875 139.8662567138671875 139.8439483642578125 139.5047607421875 138.8457183837890625 137.867431640625 136.5733489990234375 134.9692230224609375 133.0626220703125 130.8625335693359375 128.3792266845703125 125.62404632568359375 122.6094512939453125 119.34900665283203125 115.857452392578125 112.15081787109375 108.24649810791015625 104.16339111328125 99.921966552734375 95.5442962646484375 91.05401611328125 86.47617340087890625 81.8369903564453125 77.16353607177734375 72.4833221435546875 67.8238525390625 63.21219635009765625 58.67461395263671875 54.236202239990234375 49.9206695556640625 45.750156402587890625 41.745090484619140625 37.92406463623046875 34.3036956787109375 30.89856719970703125 27.721246719360351562 24.782466888427734375 22.091304779052734375 19.655107498168945312 17.478809356689453125 15.563467979431152344 13.904127120971679688 12.487507820129394531 11.290529251098632812 10.280776023864746094 9.4195432662963867188 -1e100 -1e100 -1e100 -1e100 -1e100 -1e100 -1e100 -1e100 -1e100 -1e100 -1e100 -1e100
 -1e100 -1e100 -1e100 -1e100 -1e100 -1e100 -1e100 -1e100 -1e100 -1e100 -1e100 -1e100 -1e100 -1e100 -1e100 -1e100 -1e100 -1e100 -1e100 -1e100 -1e100 -1e100 -1e100 -1e100 -1e100 -1e100 -1e100 -1e100 -1e100 -1e100 -1e100 -1e100 -1e100 -1e100 3.6399023532867431641 10.911161422729492188 18.651760101318359375 26.039171218872070312 32.284313201904296875 36.74349212646484375 38.95114898681640625 38.677249908447265625 36.020740509033203125 31.331523895263671875 25.138776779174804688 18.0500030517578125 10.663807868957519531 3.5317537784576416016 -2.8512825965881347656 -8.0309362411499023438 -11.582246780395507812 -13.132571220397949219 -12.425350189208984375 -9.407352447509765625 -4.306884765625 2.3301804065704345703 9.6685276031494140625 16.6536407470703125 23.416652679443359375 30.085721969604492188 36.643360137939453125 43.030384063720703125 49.191898345947265625 55.090412139892578125 60.701755523681640625 66.0095977783203125 71.00399017333984375 75.68245697021484375 80.05117034912109375 84.12494659423828125 87.92551422119140625 91.47859954833984375 94.81119537353515625 97.94968414306640625 100.91905975341796875 103.742706298828125 106.4422149658203125 109.0370330810546875 111.5441131591796875 113.9774017333984375 116.34752655029296875 118.66132354736328125 120.921600341796875 123.1268463134765625 125.2711639404296875 127.34426116943359375 129.3316497802734375 131.21490478515625 132.9722900390625 134.579498291015625 136.0107574462890625 137.2400665283203125 138.2425689697265625 138.9956207275390625 139.4796905517578125 139.6789093017578125 139.58148193359375 139.1795806884765625 138.4692840576171875 137.4499664306640625 136.1237945556640625 134.4952545166015625 132.5706329345703125 130.357757568359375 127.86582183837890625 125.10529327392578125 122.087860107421875 118.826507568359375 115.3355560302734375 111.630767822265625 107.72942352294921875 103.65045166015625 99.41442108154296875 95.04360198974609375 90.56182098388671875 85.99432373046875 81.36750030517578125 76.70848846435546875 72.04480743408203125 67.40390777587890625 62.812732696533203125 58.297359466552734375 53.88265228271484375 49.59204864501953125 45.447376251220703125 41.46871185302734375 37.674285888671875 34.080394744873046875 30.701356887817382812 27.5495758056640625 24.63573455810546875 21.96893310546875 19.5565948486328125 17.403774261474609375 15.51168060302734375 13.875406265258789062 12.481252670288085938 11.304755210876464844 10.310931205749511719 9.4580364227294921875 -1e100 -1e100 -1e100 -1e100 -1e100 -1e100 -1e100 -1e100 -1e100 -1e100 -1e100 -1e100
 -1e100 -1e100 -1e100 -1e100 -1e100 -1e100 -1e100 -1e100 -1e100 -1e100 -1e100 -1e100 -1e100 -1e100 -1e100 -1e100 -1e100 -1e100 -1e100 -1e100 -1e100 -1e100 -1e100 -1e100 -1e100 -1e100 -1e100 -1e100 -1e100 -1e100 -1e100 -1e100 -1e100 -1e100 5.804962158203125 13.893129348754882812 22.8005523681640625 31.475461959838867188 38.934871673583984375 44.394763946533203125 47.2353668212890625 47.147563934326171875 44.358524322509765625 39.3036651611328125 32.573467254638671875 24.822881698608398438 16.702211380004882812 8.8163824081420898438 1.7121520042419433594 -4.0986032485961914062 -8.1238384246826171875 -9.9204998016357421875 -9.1745996475219726562 -5.8100347518920898438 -0.084541201591491699219 7.3721041679382324219 15.533336639404296875 22.660602569580078125 29.533697128295898438 36.327728271484375 43.00646209716796875 49.49303436279296875 55.7185211181640625 61.6351470947265625 67.21305084228515625 72.43578338623046875 77.297821044921875 81.80342864990234375 85.966033935546875 89.807220458984375 93.3544921875 96.6383514404296875 99.6896209716796875 102.53791046142578125 105.211212158203125 107.73584747314453125 110.136322021484375 112.4347991943359375 114.65053558349609375 116.7993621826171875 118.89330291748046875 120.9402008056640625 122.94351959228515625 124.90222930908203125 126.81073760986328125 128.65899658203125 130.4327239990234375 132.1138153076171875 133.68084716796875 135.1099853515625 136.3759918212890625 137.45343017578125 138.31787109375 138.946990966796875 139.3212890625 139.4247283935546875 139.2449493408203125 138.7734375 138.0052642822265625 136.938690185546875 135.57470703125 133.916534423828125 131.96929931640625 129.73974609375 127.2360687255859375 124.4678802490234375 121.44617462158203125 118.18338775634765625 114.693450927734375 110.99185943603515625 107.09578704833984375 103.02410888671875 98.7974700927734375 94.43820953369140625 89.97023773193359375 85.41888427734375 80.810546875 76.17232513427734375 71.5316314697265625 66.91574859619140625 62.351409912109375 57.864414215087890625 53.479339599609375 49.21926116943359375 45.105617523193359375 41.158046722412109375 37.39432525634765625 33.83031463623046875 30.479974746704101562 27.355518341064453125 24.467615127563476562 21.825578689575195312 19.4372711181640625 17.308446884155273438 15.441197395324707031 13.831345558166503906 12.465076446533203125 11.3160247802734375 10.344957351684570312 9.5045022964477539062 -1e100 -1e100 -1e100 -1e100 -1e100 -1e100 -1e100 -1e100 -1e100 -1e100 -1e100 -1e100
 -1e100 -1e100 -1e100 -1e100 -1e100 -1e100 -1e100 -1e100 -1e100 -1e100 -1e100 -1e100 -1e100 -1e100 -1e100 -1e100 -1e100 -1e100 -1e100 -1e100 -1e100 -1e100 -1e100 -1e100 -1e100 -1e100 -1e100 -1e100 -1e100 -1e100 -1e100 -1e100 -1e100 1.5526132583618164062 8.7167272567749023438 17.5344696044921875 27.668609619140625 37.630626678466796875 46.32244873046875 52.813816070556640625 56.26178741455078125 56.190704345703125 53.170093536376953125 47.7059326171875 40.43359375 32.030277252197265625 23.197925567626953125 14.587488174438476562 6.7900586128234863281 0.3694159388542175293 -4.1193919181823730469 -6.1663722991943359375 -5.4065251350402832031 -1.7571549415588378906 4.4677987098693847656 12.472747802734375 21.08031463623046875 28.634481430053710938 35.896396636962890625 42.997650146484375 49.911914825439453125 56.567058563232421875 62.893817901611328125 68.84079742431640625 74.3773193359375 79.49187469482421875 84.188201904296875 88.48138427734375 92.3951873779296875 95.96007537841796875 99.210784912109375 102.18340301513671875 104.9130401611328125 107.43273162841796875 109.77358245849609375 111.9649810791015625 114.03447723388671875 116.00699615478515625 117.9041595458984375 119.74364471435546875 121.53878021240234375 123.2983245849609375 125.02629852294921875 126.72198486328125 128.379974365234375 129.9902801513671875 131.5386962890625 133.007171630859375 134.3744964599609375 135.6170654296875 136.7099761962890625 137.6281585693359375 138.3475494384765625 138.845947265625 139.1038818359375 139.10504150390625 138.8366241455078125 138.2893829345703125 137.4574737548828125 136.3381500244140625 134.931243896484375 133.238861083984375 131.2650146484375 129.015411376953125 126.49737548828125 123.719696044921875 120.6927490234375 117.42842864990234375 113.9403076171875 110.243621826171875 106.355377197265625 102.2943878173828125 98.08124542236328125 93.73827362060546875 89.2893829345703125 84.75982666015625 80.1759033203125 75.56458282470703125 70.95305633544921875 66.36835479736328125 61.836902618408203125 57.384174346923828125 53.03436279296875 48.810131072998046875 44.7324371337890625 40.820400238037109375 37.091243743896484375 33.5602874755859375 30.241067886352539062 27.145526885986328125 24.284332275390625 21.6671295166015625 19.302524566650390625 17.197484970092773438 15.355696678161621094 13.774499893188476562 12.440552711486816406 11.325470924377441406 10.384024620056152344 9.5593128204345703125 -1e100 -1e100 -1e100 -1e100 -1e100 -1e100 -1e100 -1e100 -1e100 -1e100 -1e100 -1e100
 -1e100 -1e100 -1e100 -1e100 -1e100 -1e100 -1e100 -1e100 -1e100 -1e100 -1e100 -1e100 -1e100 -1e100 -1e100 -1e100 -1e100 -1e100 -1e100 -1e100 -1e100 -1e100 -1e100 -1e100 -1e100 -1e100 -1e100 -1e100 -1e100 -1e100 -1e100 -1e100 -1e100 5.2175898551940917969 13.055586814880371094 22.483455657958984375 33.492523193359375 44.458404541015625 54.232814788818359375 61.71295928955078125 65.76311492919921875 65.4199371337890625 62.080303192138671875 56.192089080810546875 48.3752593994140625 39.35779571533203125 29.885229110717773438 20.636264801025390625 12.229115486145019531 5.2649793624877929688 0.35016754269599914551 -1.9471019506454467773 -1.2197643518447875977 2.597904205322265625 9.0672006607055664062 17.260156631469726562 26.053789138793945312 34.377712249755859375 42.30413818359375 49.91503143310546875 57.2058258056640625 64.12514495849609375 70.61112213134765625 76.61441802978515625 82.11022186279296875 87.09894561767578125 91.599822998046875 95.643646240234375 99.26808929443359375 102.5150146484375 105.42803955078125 108.04991912841796875 110.42050933837890625 112.57649993896484375 114.55213165283203125 116.37990570068359375 118.09037017822265625 119.71120452880859375 121.26633453369140625 122.7751922607421875 124.25234222412109375 125.7073211669921875 127.1446075439453125 128.563690185546875 129.959136962890625 131.3209228515625 132.6346893310546875 133.8823089599609375 135.0425262451171875 136.0918121337890625 137.0054473876953125 137.7585906982421875 138.3273162841796875 138.6895599365234375 138.825775146484375 138.7194061279296875 138.357177734375 137.7291717529296875 136.8287200927734375 135.652069091796875 134.19805908203125 132.4676971435546875 130.4640045166015625 128.1917572021484375 125.65740966796875 122.86905670166015625 119.83644866943359375 116.57102203369140625 113.0859527587890625 109.39623260498046875 105.51865386962890625 101.47190093994140625 97.27643585205078125 92.95447540283203125 88.5298004150390625 84.02751922607421875 79.473724365234375 74.89513397216796875 70.3186492919921875 65.770965576171875 61.27813720703125 56.865238189697265625 52.5560150146484375 48.372646331787109375 44.335536956787109375 40.463207244873046875 36.772235870361328125 33.277324676513671875 29.991468429565429688 26.926275253295898438 24.0923614501953125 21.499731063842773438 19.15789794921875 17.075397491455078125 15.258061408996582031 13.70549774169921875 12.405753135681152344 11.32918548583984375 10.423993110656738281 9.619174957275390625 -1e100 -1e100 -1e100 -1e100 -1e100 -1e100 -1e100 -1e100 -1e100 -1e100 -1e100 -1e100
 -1e100 -1e100 -1e100 -1e100 -1e100 -1e100 -1e100 -1e100 -1e100 -1e100 -1e100 -1e100 -1e100 -1e100 -1e100 -1e100 -1e100 -1e100 -1e100 -1e100 -1e100 -1e100 -1e100 -1e100 -1e100 -1e100 -1e100 -1e100 -1e100 -1e100 -1e100 -1e100 -1e100 9.8724470138549804688 18.478132247924804688 28.619302749633789062 40.0196685791015625 51.58307647705078125 62.127368927001953125 70.4404754638671875 75.229644775390625 74.370941162109375 70.751129150390625 64.3917236328125 56.040630340576171875 46.49709320068359375 36.52303314208984375 26.794847488403320312 17.931880950927734375 10.549948692321777344 5.2874550819396972656 2.7609581947326660156 3.4283666610717773438 7.3599057197570800781 13.991923332214355469 22.348268508911132812 31.397890090942382812 40.328815460205078125 48.91512298583984375 57.10626983642578125 64.86211395263671875 72.12108612060546875 78.81517791748046875 84.8955841064453125 90.34787750244140625 95.19075775146484375 99.46490478515625 103.2215576171875 106.5157012939453125 109.403076171875 111.93798065185546875 114.1708984375 116.14704132080078125 117.90688323974609375 119.48781585693359375 120.92528533935546875 122.25266265869140625 123.50018310546875 124.693878173828125 125.854766845703125 126.998504638671875 128.135284423828125 129.2699127197265625 130.40191650390625 131.5257720947265625 132.6311492919921875 133.70343017578125 134.724212646484375 135.672027587890625 136.5233001708984375 137.253265380859375 137.8372039794921875 138.25128173828125 138.47344970703125 138.4840545654296875 138.266265869140625 137.8063812255859375 137.0938568115234375 136.121246337890625 134.8838653564453125 133.379608154296875 131.6085205078125 129.57269287109375 127.276031494140625 124.72422027587890625 121.92469024658203125 118.88663482666015625 115.62104034423828125 112.140716552734375 108.4603424072265625 104.59649658203125 100.56763458251953125 96.39403533935546875 92.09772491455078125 87.70226287841796875 83.23250579833984375 78.71425628662109375 74.17391204833984375 69.63800048828125 65.13282012939453125 60.68399810791015625 56.316135406494140625 52.05248260498046875 47.9146575927734375 43.922454833984375 40.093715667724609375 36.444316864013671875 32.988246917724609375 29.737882614135742188 26.704381942749023438 23.898197174072265625 21.329610824584960938 19.009029388427734375 16.946619033813476562 15.15050506591796875 13.622864723205566406 12.353821754455566406 11.314178466796875 10.449456214904785156 9.6697864532470703125 -1e100 -1e100 -1e100 -1e100 -1e100 -1e100 -1e100 -1e100 -1e100 -1e100 -1e100 -1e100
 -1e100 -1e100 -1e100 -1e100 -1e100 -1e100 -1e100 -1e100 -1e100 -1e100 -1e100 -1e100 -1e100 -1e100 -1e100 -1e100 -1e100 -1e100 -1e100 -1e100 -1e100 -1e100 -1e100 -1e100 -1e100 -1e100 -1e100 -1e100 -1e100 -1e100 -1e100 -1e100 8.0787591934204101562 15.334574699401855469 24.338291168212890625 34.847911834716796875 46.473766326904296875 58.308475494384765625 69.1679534912109375 77.745269775390625 82.77701568603515625 83.138031005859375 78.8053741455078125 71.84142303466796875 63.033710479736328125 53.152618408203125 42.913089752197265625 32.95453643798828125 23.871854782104492188 16.269927978515625 10.791729927062988281 8.0837430953979492188 8.6796140670776367188 12.743341445922851562 19.555562973022460938 28.0826416015625 37.38765716552734375 46.787517547607421875 55.94576263427734375 64.70306396484375 72.94925689697265625 80.57830047607421875 87.497833251953125 93.65436553955078125 99.04559326171875 103.7128143310546875 107.72264862060546875 111.1503448486328125 114.07085418701171875 116.5557403564453125 118.67151641845703125 120.4775238037109375 122.02495574951171875 123.35825347900390625 124.5178680419921875 125.541900634765625 126.4661407470703125 127.32297515869140625 128.1401519775390625 128.939971923828125 129.7389373779296875 130.5477447509765625 131.3713531494140625 132.2092132568359375 133.05548095703125 133.89947509765625 134.72607421875 135.516448974609375 136.248809814453125 136.8993377685546875 137.44317626953125 137.8555755615234375 138.1127166748046875 138.1925201416015625 138.0751953125 137.7436370849609375 137.1837310791015625 136.3843231201171875 135.33721923828125 134.036956787109375 132.4804840087890625 130.6670074462890625 128.5977325439453125 126.27579498291015625 123.7061767578125 120.89569854736328125 117.85303497314453125 114.588714599609375 111.11519622802734375 107.44684600830078125 103.59995269775390625 99.59270477294921875 95.44512939453125 91.17896270751953125 86.81748199462890625 82.38521575927734375 77.90761566162109375 73.41066741943359375 68.92047882080078125 64.46289825439453125 60.06305694580078125 55.745044708251953125 51.5315399169921875 47.4435577392578125 43.50022125244140625 39.718647003173828125 36.113948822021484375 32.699352264404296875 29.48651885986328125 26.486040115356445312 23.7080535888671875 21.162935256958007812 18.861789703369140625 16.81613922119140625 15.035960197448730469 13.52526092529296875 12.275379180908203125 11.258057594299316406 10.418278694152832031 9.6762838363647460938 -1e100 -1e100 -1e100 -1e100 -1e100 -1e100 -1e100 -1e100 -1e100 -1e100 -1e100 -1e100
 -1e100 -1e100 -1e100 -1e100 -1e100 -1e100 -1e100 -1e100 -1e100 -1e100 -1e100 -1e100 -1e100 -1e100 -1e100 -1e100 -1e100 -1e100 -1e100 -1e100 -1e100 -1e100 -1e100 -1e100 -1e100 -1e100 -1e100 -1e100 -1e100 -1e100 -1e100 -1e100 13.120181083679199219 20.773286819458007812 30.00150299072265625 40.647159576416015625 52.28966522216796875 64.09540557861328125 74.8789520263671875 83.2803955078125 88.07509613037109375 88.4737701416015625 84.56878662109375 77.69069671630859375 68.9035797119140625 59.0730743408203125 48.923480987548828125 39.07257080078125 30.08758544921875 22.544696807861328125 17.055957794189453125 14.251244544982910156 14.742135047912597656 19.016933441162109375 26.03473663330078125 34.712657928466796875 44.2206573486328125 53.972202301025390625 63.59893035888671875 72.8604583740234375 81.564208984375 89.54074859619140625 96.66121673583984375 102.86273956298828125 108.15506744384765625 112.60408782958984375 116.3046722412109375 119.35791015625 121.85977935791015625 123.898651123046875 125.5543975830078125 126.89632415771484375 127.98227691650390625 128.8610076904296875 129.57586669921875 130.16717529296875 130.6725616455078125 131.1259002685546875 131.5561065673828125 131.986297607421875 132.4335174560546875 132.908721923828125 133.416839599609375 133.9570465087890625 134.5230865478515625 135.103668212890625 135.683135986328125 136.2420654296875 136.758209228515625 137.2074127197265625 137.5646514892578125 137.8050689697265625 137.90478515625 137.841644287109375 137.5957183837890625 137.1496124267578125 136.488800048828125 135.6015777587890625 134.47906494140625 133.114990234375 131.50555419921875 129.64910888671875 127.54608917236328125 125.19892120361328125 122.6119537353515625 119.79144287109375 116.7455596923828125 113.48442840576171875 110.0201263427734375 106.366668701171875 102.54004669189453125 98.55812835693359375 94.44061279296875 90.2089080810546875 85.88592529296875 81.49579620361328125 77.063568115234375 72.61476898193359375 68.1750335693359375 63.76969146728515625 59.4233551025390625 55.159534454345703125 51.000301361083984375 46.966007232666015625 43.075077056884765625 39.3438720703125 35.786716461181640625 32.4160308837890625 29.242717742919921875 26.276681900024414062 23.52758026123046875 21.005681991577148438 18.7224884033203125 16.690412521362304688 14.920390129089355469 13.416700363159179688 12.169564247131347656 11.1476287841796875 10.291184425354003906 9.5201978683471679688 -1e100 -1e100 -1e100 -1e100 -1e100 -1e100 -1e100 -1e100 -1e100 -1e100 -1e100 -1e100
 -1e100 -1e100 -1e100 -1e100 -1e100 -1e100 -1e100 -1e100 -1e100 -1e100 -1e100 -1e100 -1e100 -1e100 -1e100 -1e100 -1e100 -1e100 -1e100 -1e100 -1e100 -1e100 -1e100 -1e100 -1e100 -1e100 -1e100 -1e100 -1e100 -1e100 -1e100 -1e100 17.9487457275390625 25.828912734985351562 35.12169647216796875 45.687389373779296875 57.112812042236328125 68.60530853271484375 79.00665283203125 86.98975372314453125 91.43592071533203125 91.81006622314453125 88.3099517822265625 81.88753509521484375 73.554595947265625 64.19327545166015625 54.52941131591796875 45.166835784912109375 36.650989532470703125 29.524564743041992188 24.341939926147460938 21.643146514892578125 21.9892120361328125 26.567108154296875 33.7615509033203125 42.48378753662109375 52.078571319580078125 62.049533843994140625 72.0195465087890625 81.68000030517578125 90.75496673583984375 99.00588226318359375 106.262481689453125 112.4497222900390625 117.58811187744140625 121.76779937744140625 125.1119384765625 127.74671173095703125 129.788116455078125 131.341033935546875 132.4994964599609375 133.34381103515625 133.9394378662109375 134.3397979736328125 134.591064453125 134.7353057861328125 134.811248779296875 134.8534698486328125 134.8913421630859375 134.9482879638671875 135.0414886474609375 135.181854248046875 135.37408447265625 135.6168975830078125 135.9034271240234375 136.2217254638671875 136.5554046630859375 136.8843994140625 137.1858978271484375 137.4353790283203125 137.6075439453125 137.6774139404296875 137.62103271484375 137.416107177734375 137.04254150390625 136.482696533203125 135.7216033935546875 134.747039794921875 133.5494842529296875 132.1219940185546875 130.4599761962890625 128.5610504150390625 126.42496490478515625 124.05348968505859375 121.45038604736328125 118.62137603759765625 115.57419586181640625 112.31854248046875 108.866119384765625 105.2305908203125 101.4275970458984375 97.47464752197265625 93.39107513427734375 89.19789886474609375 84.9176177978515625 80.57392120361328125 76.19138336181640625 71.7950439453125 67.410003662109375 63.06105804443359375 58.77222442626953125 54.566410064697265625 50.46503448486328125 46.487758636474609375 42.652286529541015625 38.974224090576171875 35.467105865478515625 32.14257049560546875 29.010711669921875 26.08069610595703125 23.361589431762695312 20.863368988037109375 18.597681045532226562 16.577352523803710938 14.813485145568847656 13.3095703125 12.053987503051757812 11.013126373291015625 10.131184577941894531 9.3397798538208007812 -1e100 -1e100 -1e100 -1e100 -1e100 -1e100 -1e100 -1e100 -1e100 -1e100 -1e100 -1e100
 -1e100 -1e100 -1e100 -1e100 -1e100 -1e100 -1e100 -1e100 -1e100 -1e100 -1e100 -1e100 -1e100 -1e100 -1e100 -1e100 -1e100 -1e100 -1e100 -1e100 -1e100 -1e100 -1e100 -1e100 -1e100 -1e100 -1e100 -1e100 -1e100 -1e100 -1e100 15.585435867309570312 22.324283599853515625 30.288106918334960938 39.492496490478515625 49.78925323486328125 60.77532958984375 71.70323944091796875 81.48883819580078125 88.91892242431640625 93.0377349853515625 93.46448516845703125 90.43634033203125 84.6995391845703125 77.148040771484375 68.613311767578125 59.79543304443359375 51.282466888427734375 43.60584259033203125 37.28771209716796875 32.852813720703125 30.811372756958007812 31.6690826416015625 36.2202301025390625 43.09014129638671875 51.561023712158203125 61.04695892333984375 71.06717681884765625 81.21999359130859375 91.1322174072265625 100.44855499267578125 108.8631591796875 116.164093017578125 122.26212310791015625 127.186004638671875 131.0479278564453125 133.996673583984375 136.179840087890625 137.7300262451171875 138.7674407958984375 139.4007415771484375 139.7225494384765625 139.8069000244140625 139.712493896484375 139.4883575439453125 139.177825927734375 138.820037841796875 138.4494781494140625 138.0952911376953125 137.780670166015625 137.522552490234375 137.331451416015625 137.2116241455078125 137.1611175537109375 137.17236328125 137.23260498046875 137.3246612548828125 137.4277801513671875 137.5185394287109375 137.5720062255859375 137.562652587890625 137.4652862548828125 137.255859375 136.9119720458984375 136.413330078125 135.74200439453125 134.8826751708984375 133.8226165771484375 132.5517120361328125 131.0623321533203125 129.3492279052734375 127.409332275390625 125.24176788330078125 122.847686767578125 120.23032379150390625 117.394927978515625 114.34879302978515625 111.101226806640625 107.66355133056640625 104.04906463623046875 100.2730255126953125 96.352569580078125 92.3066253662109375 88.15576934814453125 83.92205047607421875 79.62866973876953125 75.2996978759765625 70.9596405029296875 66.63303375244140625 62.34407806396484375 58.116184234619140625 53.971607208251953125 49.93108367919921875 46.013584136962890625 42.236072540283203125 38.613437652587890625 35.158466339111328125 31.882038116455078125 28.793497085571289062 25.901248931884765625 23.21372222900390625 20.740505218505859375 18.49317169189453125 16.4846038818359375 14.725581169128417969 13.218520164489746094 11.950567245483398438 10.889412879943847656 9.9852695465087890625 9.1793394088745117188 -1e100 -1e100 -1e100 -1e100 -1e100 -1e100 -1e100 -1e100 -1e100 -1e100 -1e100 -1e100
 -1e100 -1e100 -1e100 -1e100 -1e100 -1e100 -1e100 -1e100 -1e100 -1e100 -1e100 -1e100 -1e100 -1e100 -1e100 -1e100 -1e100 -1e100 -1e100 -1e100 -1e100 -1e100 -1e100 -1e100 -1e100 -1e100 -1e100 -1e100 -1e100 -1e100 -1e100 19.238988876342773438 26.09255218505859375 34.02700042724609375 43.021701812744140625 52.909481048583984375 63.297443389892578125 73.49666595458984375 82.54140472412109375 89.389251708984375 93.2533111572265625 93.8441619873046875 91.38907623291015625 86.5059814453125 79.96784210205078125 72.525390625 64.83393096923828125 57.45923614501953125 50.91654205322265625 45.70339202880859375 42.303966522216796875 41.160793304443359375 42.66082000732421875 47.049541473388671875 53.605442047119140625 61.751667022705078125 70.982025146484375 80.86911773681640625 91.01630401611328125 101.00531768798828125 110.41162872314453125 118.86733245849609375 126.1184539794921875 132.0573272705078125 136.7172088623046875 140.229583740234375 142.7641754150390625 144.4829254150390625 145.529815673828125 146.0388031005859375 146.134185791015625 145.9221343994140625 145.4863739013671875 144.89154052734375 144.18963623046875 143.425018310546875 142.63665771484375 141.8583831787109375 141.118560791015625 140.439666748046875 139.8380279541015625 139.3235321044921875 138.8996734619140625 138.56378173828125 138.307373046875 138.1168670654296875 137.9742279052734375 137.858001708984375 137.7441864013671875 137.607452392578125 137.4219970703125 137.1624908447265625 136.80474853515625 136.326263427734375 135.7065582275390625 134.927459716796875 133.9732666015625 132.830780029296875 131.489349365234375 129.94073486328125 128.1790313720703125 126.2006072998046875 124.003936767578125 121.58966827392578125 118.96053314208984375 116.121337890625 113.0789642333984375 109.84233856201171875 106.42240142822265625 102.83209228515625 99.08628082275390625 95.2016754150390625 91.19678497314453125 87.09172821044921875 82.90804290771484375 78.6684417724609375 74.39643096923828125 70.1159515380859375 65.85095977783203125 61.625019073486328125 57.460895538330078125 53.38016510009765625 49.4028778076171875 45.547290802001953125 41.82967376708984375 38.264217376708984375 34.86304473876953125 31.636365890502929688 28.592830657958984375 25.7401580810546875 23.086145401000976562 20.639926910400390625 18.412820816040039062 16.417453765869140625 14.664003372192382812 13.154030799865722656 11.874544143676757812 10.795498847961425781 9.8720464706420898438 9.0519390106201171875 -1e100 -1e100 -1e100 -1e100 -1e100 -1e100 -1e100 -1e100 -1e100 -1e100 -1e100 -1e100
 -1e100 -1e100 -1e100 -1e100 -1e100 -1e100 -1e100 -1e100 -1e100 -1e100 -1e100 -1e100 -1e100 -1e100 -1e100 -1e100 -1e100 -1e100 -1e100 -1e100 -1e100 -1e100 -1e100 -1e100 -1e100 -1e100 -1e100 -1e100 -1e100 -1e100 -1e100 22.29396820068359375 29.1751251220703125 36.995700836181640625 45.70229339599609375 55.108684539794921875 64.83525848388671875 74.26206207275390625 82.56185150146484375 88.87421417236328125 92.56584930419921875 93.41432952880859375 91.62294769287109375 87.70914459228515625 82.33209228515625 76.15459442138671875 69.77837371826171875 63.738742828369140625 58.5241241455078125 54.590755462646484375 52.357189178466796875 52.174457550048828125 54.27741241455078125 58.689548492431640625 64.99660491943359375 72.751708984375 81.56188201904296875 91.09902191162109375 101.0286407470703125 110.91536712646484375 120.2735443115234375 128.67376708984375 135.809356689453125 141.5434112548828125 145.91375732421875 149.0716705322265625 151.200225830078125 152.46533203125 153.017242431640625 153.0039825439453125 152.566619873046875 151.825897216796875 150.876007080078125 149.7879791259765625 148.61700439453125 147.4084320068359375 146.2008209228515625 145.0270233154296875 143.914276123046875 142.88409423828125 141.95184326171875 141.1265869140625 140.4109039306640625 139.8011932373046875 139.2880859375 138.8570709228515625 138.4893341064453125 138.1626739501953125 137.8526153564453125 137.533416748046875 137.1790924072265625 136.76416015625 136.2643585205078125 135.6570587158203125 134.921661376953125 134.0397186279296875 132.995208740234375 131.7744903564453125 130.3664093017578125 128.7621612548828125 126.95528411865234375 124.94153594970703125 122.7188873291015625 120.2874603271484375 117.6495361328125 114.8095245361328125 111.7739105224609375 108.5512542724609375 105.15213775634765625 101.5891265869140625 97.87667083740234375 94.03108978271484375 90.070404052734375 86.0142669677734375 81.88370513916015625 77.70087432861328125 73.4887237548828125 69.27059173583984375 65.0698089599609375 60.90930938720703125 56.811176300048828125 52.79628753662109375 48.883991241455078125 45.09185028076171875 41.435466766357421875 37.928401947021484375 34.5821990966796875 31.406497955322265625 28.40937042236328125 25.597940444946289062 22.979436874389648438 20.562488555908203125 18.357952117919921875 16.37787628173828125 14.631667137145996094 13.12035369873046875 11.831471443176269531 10.737137794494628906 9.7962093353271484375 8.961078643798828125 -1e100 -1e100 -1e100 -1e100 -1e100 -1e100 -1e100 -1e100 -1e100 -1e100 -1e100 -1e100
 -1e100 -1e100 -1e100 -1e100 -1e100 -1e100 -1e100 -1e100 -1e100 -1e100 -1e100 -1e100 -1e100 -1e100 -1e100 -1e100 -1e100 -1e100 -1e100 -1e100 -1e100 -1e100 -1e100 -1e100 -1e100 -1e100 -1e100 -1e100 -1e100 -1e100 18.69167327880859375 24.721893310546875 31.55997467041015625 39.2093048095703125 47.590648651123046875 56.504550933837890625 65.589324951171875 74.296875 81.93462371826171875 87.80934906005859375 91.42376708984375 92.61254119873046875 91.5528411865234375 88.67575836181640625 84.53874969482421875 79.720855712890625 74.7678680419921875 70.177215576171875 66.398406982421875 63.832492828369140625 62.820789337158203125 63.61385345458984375 66.3236846923828125 70.86759185791015625 76.93953704833984375 84.193023681640625 92.35808563232421875 101.27225494384765625 110.76296234130859375 120.4017486572265625 129.6326446533203125 137.9440460205078125 144.9443359375 150.4557342529296875 154.536407470703125 157.3598785400390625 159.1101531982421875 159.947723388671875 160.0284271240234375 159.51568603515625 158.5679168701171875 157.3202972412109375 155.8773345947265625 154.316558837890625 152.6965179443359375 151.063690185546875 149.4563140869140625 147.906219482421875 146.439453125 145.0763702392578125 143.831298828125 142.712249755859375 141.7207794189453125 140.8523101806640625 140.096527099609375 139.4380340576171875 138.8572235107421875 138.331298828125 137.8353118896484375 137.343231201171875 136.8289031982421875 136.2667694091796875 135.6325225830078125 134.9034881591796875 134.0589141845703125 133.080169677734375 131.9509124755859375 130.6571197509765625 129.1871795654296875 127.53176116943359375 125.683868408203125 123.63873291015625 121.3938140869140625 118.9487762451171875 116.30548095703125 113.46795654296875 110.44232940673828125 107.23680877685546875 103.8616180419921875 100.32894134521484375 96.6528472900390625 92.84920501708984375 88.9355926513671875 84.93112945556640625 80.8563385009765625 76.73281097412109375 72.58290863037109375 68.42934417724609375 64.29482269287109375 60.20159912109375 56.1710662841796875 52.2234039306640625 48.377262115478515625 44.6495208740234375 41.0551605224609375 37.60718536376953125 34.31662750244140625 31.192676544189453125 28.242948532104492188 25.474102020263671875 22.892866134643554688 20.507341384887695312 18.327714920043945312 16.365194320678710938 14.62834930419921875 13.117909431457519531 11.822152137756347656 10.715125083923339844 9.7588062286376953125 8.9092245101928710938 8.1245174407958984375 -1e100 -1e100 -1e100 -1e100 -1e100 -1e100 -1e100 -1e100 -1e100 -1e100 -1e100
 -1e100 -1e100 -1e100 -1e100 -1e100 -1e100 -1e100 -1e100 -1e100 -1e100 -1e100 -1e100 -1e100 -1e100 -1e100 -1e100 -1e100 -1e100 -1e100 -1e100 -1e100 -1e100 -1e100 -1e100 -1e100 -1e100 -1e100 -1e100 -1e100 -1e100 20.526376724243164062 26.551645278930664062 33.29616546630859375 40.742290496826171875 48.793277740478515625 57.244873046875 65.75882720947265625 73.85672760009765625 80.96616363525390625 86.536590576171875 90.18480682373046875 91.79236602783203125 91.512298583984375 89.70320892333984375 86.835845947265625 83.4144134521484375 79.9294281005859375 76.83393096923828125 74.52928924560546875 73.35414886474609375 73.5692291259765625 75.32802581787109375 78.63959503173828125 83.34520721435546875 89.1473846435546875 95.74214935302734375 102.972869873046875 110.92812347412109375 119.7921905517578125 129.1222686767578125 138.23175048828125 146.48095703125 153.355804443359375 158.6339111328125 162.4317474365234375 164.9437408447265625 166.3426361083984375 166.78082275390625 166.4216461181640625 165.4440460205078125 164.0220794677734375 162.3034820556640625 160.401763916015625 158.40045166015625 156.3615875244140625 154.3329620361328125 152.3527984619140625 150.4520721435546875 148.6558074951171875 146.9832305908203125 145.4474945068359375 144.055511474609375 142.8078155517578125 141.69879150390625 140.717193603515625 139.8467864990234375 139.0672760009765625 138.355316162109375 137.685577392578125 137.0318450927734375 136.36785888671875 135.6681060791015625 134.9082489013671875 134.0656280517578125 133.119415283203125 132.05084228515625 130.843292236328125 129.4824066162109375 127.956146240234375 126.25472259521484375 124.37062835693359375 122.29860687255859375 120.03563690185546875 117.58095550537109375 114.9360504150390625 112.10456085205078125 109.09230804443359375 105.9071502685546875 102.5589752197265625 99.05959320068359375 95.4226837158203125 91.663665771484375 87.79965972900390625 83.849273681640625 79.832489013671875 75.77033233642578125 71.68454742431640625 67.59725189208984375 63.530475616455078125 59.50579833984375 55.543926239013671875 51.66432952880859375 47.8849639892578125 44.222072601318359375 40.69004058837890625 37.3013763427734375 34.0666961669921875 30.994825363159179688 28.093051910400390625 25.367687225341796875 22.825075149536132812 20.472780227661132812 18.320217132568359375 16.377605438232421875 14.65268707275390625 13.146009445190429688 11.8466796875 10.730657577514648438 9.7626523971557617188 8.9013090133666992188 8.1062135696411132812 -1e100 -1e100 -1e100 -1e100 -1e100 -1e100 -1e100 -1e100 -1e100 -1e100 -1e100
 -1e100 -1e100 -1e100 -1e100 -1e100 -1e100 -1e100 -1e100 -1e100 -1e100 -1e100 -1e100 -1e100 -1e100 -1e100 -1e100 -1e100 -1e100 -1e100 -1e100 -1e100 -1e100 -1e100 -1e100 -1e100 -1e100 -1e100 -1e100 -1e100 -1e100 21.88053131103515625 27.858980178833007812 34.482364654541015625 41.71756744384765625 49.45806121826171875 57.503284454345703125 65.54380035400390625 73.16693115234375 79.90264129638671875 85.31583404541015625 89.11312103271484375 91.2118377685546875 91.74443817138671875 91.0107269287109375 89.40985870361328125 87.38039398193359375 85.3580780029296875 83.74620819091796875 82.89279937744140625 83.0729827880859375 84.47126007080078125 87.1559600830078125 91.05100250244140625 95.925201416015625 101.431915283203125 107.23854827880859375 113.250579833984375 119.8759918212890625 128.043548583984375 137.1118927001953125 146.105010986328125 154.2927398681640625 161.0352020263671875 166.0316925048828125 169.5282745361328125 171.7302093505859375 172.78955078125 172.851043701171875 172.0855560302734375 170.684814453125 168.8344573974609375 166.6911163330078125 164.375030517578125 161.974700927734375 159.5554656982421875 157.166748046875 154.8470458984375 152.626922607421875 150.530517578125 148.5760498046875 146.775604248046875 145.1349639892578125 143.6536407470703125 142.325042724609375 141.13702392578125 140.0725860595703125 139.110809326171875 138.2279052734375 137.3983001708984375 136.5956573486328125 135.7937469482421875 134.9671173095703125 134.0915679931640625 133.1444854736328125 132.10504150390625 130.954376220703125 129.6757049560546875 128.2543792724609375 126.6779632568359375 124.9362640380859375 123.02129364013671875 120.92733001708984375 118.650909423828125 116.190887451171875 113.54836273193359375 110.72666168212890625 107.73126983642578125 104.56974029541015625 101.25162506103515625 97.7883758544921875 94.193267822265625 90.48131561279296875 86.6691436767578125 82.77486419677734375 78.81790924072265625 74.81873321533203125 70.79848480224609375 66.7786407470703125 62.780590057373046875 58.825225830078125 54.93256378173828125 51.121379852294921875 47.408966064453125 43.810947418212890625 40.3411712646484375 37.01169586181640625 33.83278656005859375 30.812984466552734375 27.959356307983398438 25.2779998779296875 22.774980545043945312 20.457384109497070312 18.333868026733398438 16.413705825805664062 14.7039031982421875 13.204952239990234375 11.90685272216796875 10.787327766418457031 9.813228607177734375 8.9445972442626953125 8.140308380126953125 -1e100 -1e100 -1e100 -1e100 -1e100 -1e100 -1e100 -1e100 -1e100 -1e100 -1e100
 -1e100 -1e100 -1e100 -1e100 -1e100 -1e100 -1e100 -1e100 -1e100 -1e100 -1e100 -1e100 -1e100 -1e100 -1e100 -1e100 -1e100 -1e100 -1e100 -1e100 -1e100 -1e100 -1e100 -1e100 -1e100 -1e100 -1e100 -1e100 -1e100 17.503091812133789062 22.835784912109375 28.747159957885742188 35.244907379150390625 42.2845916748046875 49.7557525634765625 57.468021392822265625 65.144287109375 72.432220458984375 78.9467010498046875 84.34291839599609375 88.3951873779296875 91.0466461181640625 92.41241455078125 92.745025634765625 92.38416290283203125 91.70926666259765625 91.10094451904296875 90.90923309326171875 91.42711639404296875 92.87042236328125 95.36028289794921875 98.90209197998046875 103.360809326171875 108.44542694091796875 113.73429107666015625 118.8052825927734375 123.54241180419921875 128.5748443603515625 136.176971435546875 144.8835296630859375 153.5035247802734375 161.449462890625 167.9915313720703125 172.6039276123046875 175.7667388916015625 177.650665283203125 178.3751373291015625 178.0793304443359375 176.94171142578125 175.163116455078125 172.9355010986328125 170.419769287109375 167.739990234375 164.9883270263671875 162.2330169677734375 159.52520751953125 156.9040374755859375 154.3999481201171875 152.03656005859375 149.831207275390625 147.7950439453125 145.9328155517578125 144.2430572509765625 142.7182464599609375 141.34539794921875 140.1068572998046875 138.9811248779296875 137.9440765380859375 136.970001220703125 136.0325469970703125 135.1056365966796875 134.1639556884765625 133.18353271484375 132.14190673828125 131.0183563232421875 129.7940216064453125 128.4519805908203125 126.9773712158203125 125.35744476318359375 123.58160400390625 121.641448974609375 119.53081512451171875 117.24584197998046875 114.78498077392578125 112.149017333984375 109.34095001220703125 106.365966796875 103.23131561279296875 99.94622802734375 96.5218048095703125 92.970947265625 89.30823516845703125 85.54981231689453125 81.71331787109375 77.817626953125 73.88263702392578125 69.92889404296875 65.9772491455078125 62.048442840576171875 58.162700653076171875 54.339359283447265625 50.596538543701171875 46.950893402099609375 43.4174652099609375 40.009613037109375 36.73899078369140625 33.615558624267578125 30.64765167236328125 27.842193603515625 25.205190658569335938 22.7425384521484375 20.460964202880859375 18.368488311767578125 16.473638534545898438 14.782903671264648438 13.296844482421875 12.006219863891601562 10.889975547790527344 9.9163522720336914062 9.0461282730102539062 8.2333011627197265625 -1e100 -1e100 -1e100 -1e100 -1e100 -1e100 -1e100 -1e100 -1e100 -1e100 -1e100
 -1e100 -1e100 -1e100 -1e100 -1e100 -1e100 -1e100 -1e100 -1e100 -1e100 -1e100 -1e100 -1e100 -1e100 -1e100 -1e100 -1e100 -1e100 -1e100 -1e100 -1e100 -1e100 -1e100 -1e100 -1e100 -1e100 -1e100 -1e100 -1e100 18.187770843505859375 23.482425689697265625 29.325254440307617188 35.71271514892578125 42.591930389404296875 49.852039337158203125 57.316326141357421875 64.740386962890625 71.82570648193359375 78.25661468505859375 83.75786590576171875 88.15389251708984375 91.40549468994140625 93.6123504638671875 94.98749542236328125 95.8188323974609375 96.4301910400390625 97.1464691162109375 98.2627410888671875 100.018707275390625 102.58008575439453125 106.0248260498046875 110.32682037353515625 115.330657958984375 120.7206878662109375 126.0199127197265625 130.728607177734375 134.7852325439453125 139.1622467041015625 145.6087188720703125 153.118988037109375 160.6586456298828125 167.6170501708984375 173.794769287109375 178.1837921142578125 181.0819549560546875 182.6616973876953125 183.05657958984375 182.420684814453125 180.9443817138671875 178.833892822265625 176.2816314697265625 173.4479827880859375 170.457916259765625 167.4057159423828125 164.3618621826171875 161.379150390625 158.49755859375 155.7477874755859375 153.15313720703125 150.7303314208984375 148.4897003173828125 146.435089111328125 144.564117431640625 142.868408203125 141.334197998046875 139.9431610107421875 138.67340087890625 137.50048828125 136.398681640625 135.34173583984375 134.3037872314453125 133.2598419189453125 132.186187744140625 131.0606689453125 129.8627471923828125 128.57366943359375 127.17646026611328125 125.6561126708984375 123.99962615966796875 122.19606781005859375 120.2366485595703125 118.11481475830078125 115.82631683349609375 113.3692626953125 110.74410247802734375 107.9535675048828125 105.00252532958984375 101.89794921875 98.6487579345703125 95.265716552734375 91.7613372802734375 88.14978790283203125 84.4467620849609375 80.669403076171875 76.8360595703125 72.96607208251953125 69.07939910888671875 65.19629669189453125 61.336849212646484375 57.52065277099609375 53.76639556884765625 50.0915679931640625 46.512233734130859375 43.042911529541015625 39.69651031494140625 36.484317779541015625 33.416046142578125 30.499874114990234375 27.742666244506835938 25.150407791137695312 22.72893524169921875 20.484739303588867188 18.425416946411132812 16.559015274047851562 14.891766548156738281 13.424376487731933594 12.14798736572265625 11.041706085205078125 10.074116706848144531 9.2093744277954101562 8.3872213363647460938 -1e100 -1e100 -1e100 -1e100 -1e100 -1e100 -1e100 -1e100 -1e100 -1e100 -1e100
 -1e100 -1e100 -1e100 -1e100 -1e100 -1e100 -1e100 -1e100 -1e100 -1e100 -1e100 -1e100 -1e100 -1e100 -1e100 -1e100 -1e100 -1e100 -1e100 -1e100 -1e100 -1e100 -1e100 -1e100 -1e100 -1e100 -1e100 -1e100 -1e100 18.652156829833984375 23.905889511108398438 29.692113876342773438 35.99840545654296875 42.765361785888671875 49.883258819580078125 57.18944549560546875 64.46997833251953125 71.47286224365234375 77.9386444091796875 83.64559173583984375 88.45479583740234375 92.33792877197265625 95.37937164306640625 97.75666046142578125 99.709869384765625 101.50890350341796875 103.4227294921875 105.69211578369140625 108.50811004638671875 111.99874114990234375 116.22119903564453125 121.150482177734375 126.651092529296875 132.4287567138671875 137.9904327392578125 142.712860107421875 146.4747161865234375 150.4234161376953125 155.6262969970703125 161.723358154296875 168.039398193359375 173.989959716796875 179.2018280029296875 183.0738983154296875 185.5751800537109375 186.7880096435546875 186.8306121826171875 185.862396240234375 184.0776519775390625 181.6794891357421875 178.8537750244140625 175.7558135986328125 172.5085906982421875 169.20697021484375 165.9228363037109375 162.7104339599609375 159.6107025146484375 156.654754638671875 153.865875244140625 151.2603912353515625 148.8479461669921875 146.6316070556640625 144.6081390380859375 142.7683258056640625 141.09765625 139.57720947265625 138.184661865234375 136.8954315185546875 135.6837921142578125 134.52374267578125 133.3896942138671875 132.2570648193359375 131.1025848388671875 129.9044342041015625 128.64239501953125 127.29791259765625 125.85407257080078125 124.2957916259765625 122.60988616943359375 120.78516387939453125 118.8125 116.6849822998046875 114.3980255126953125 111.94942474365234375 109.33931732177734375 106.57015228271484375 103.64653778076171875 100.57513427734375 97.3645782470703125 94.02529144287109375 90.56941986083984375 87.01071929931640625 83.3644561767578125 79.64728546142578125 75.87705230712890625 72.07254791259765625 68.253173828125 64.43859100341796875 60.64827728271484375 56.90122222900390625 53.215503692626953125 49.60803985595703125 46.094364166259765625 42.688518524169921875 39.40301513671875 36.248836517333984375 33.235477447509765625 30.371007919311523438 27.662282943725585938 25.115322113037109375 22.735950469970703125 20.5305328369140625 18.506406784057617188 16.671369552612304688 15.031592369079589844 13.587984085083007812 12.331791877746582031 11.241206169128417969 10.282828330993652344 9.4318675994873046875 8.5943326950073242188 -1e100 -1e100 -1e100 -1e100 -1e100 -1e100 -1e100 -1e100 -1e100 -1e100 -1e100
 -1e100 -1e100 -1e100 -1e100 -1e100 -1e100 -1e100 -1e100 -1e100 -1e100 -1e100 -1e100 -1e100 -1e100 -1e100 -1e100 -1e100 -1e100 -1e100 -1e100 -1e100 -1e100 -1e100 -1e100 -1e100 -1e100 -1e100 -1e100 14.250364303588867188 18.961996078491210938 24.179706573486328125 29.928436279296875 36.189136505126953125 42.89722442626953125 49.944202423095703125 57.179988861083984375 64.41718292236328125 71.4427032470703125 78.042083740234375 84.034332275390625 89.30655670166015625 93.835357666015625 97.68854522705078125 101.0096282958984375 103.9926910400390625 106.85480499267578125 109.8099822998046875 113.0472412109375 116.715667724609375 120.91820526123046875 125.709930419921875 131.0877532958984375 136.9583740234375 143.0862884521484375 149.0382232666015625 153.970550537109375 157.4496612548828125 160.9538421630859375 165.213836669921875 170.1138916015625 175.212799072265625 180.040435791015625 184.2157135009765625 187.3460235595703125 189.2900238037109375 190.0483856201171875 189.7064971923828125 188.4120635986328125 186.348602294921875 183.705230712890625 180.6545867919921875 177.342987060546875 173.8892669677734375 170.3873138427734375 166.9097137451171875 163.5118255615234375 160.2356109619140625 157.112762451171875 154.166717529296875 151.4135894775390625 148.862518310546875 146.5158538818359375 144.3695220947265625 142.4134368896484375 140.63232421875 139.0066375732421875 137.513671875 136.1287384033203125 134.8261871337890625 133.580322265625 132.3659820556640625 131.1590576171875 129.936767578125 128.67779541015625 127.36234283447265625 125.97211456298828125 124.49037933349609375 122.90209197998046875 121.19397735595703125 119.35463714599609375 117.37469482421875 115.2469482421875 112.96651458740234375 110.5308990478515625 107.93999481201171875 105.19594573974609375 102.30309295654296875 99.2678375244140625 96.09848785400390625 92.80515289306640625 89.3996124267578125 85.895233154296875 82.30684661865234375 78.65064239501953125 74.9439849853515625 71.20514678955078125 67.45299530029296875 63.706600189208984375 59.984897613525390625 56.3062896728515625 52.688312530517578125 49.147365570068359375 45.69850921630859375 42.355381011962890625 39.13014984130859375 36.03354644775390625 33.07489013671875 30.262180328369140625 27.602270126342773438 25.101213455200195312 22.764814376831054688 20.59932708740234375 18.61188507080078125 16.81006622314453125 15.199939727783203125 13.782529830932617188 12.549608230590820312 11.481115341186523438 10.545850753784179688 9.7000217437744140625 8.8312330245971679688 7.9866962432861328125 -1e100 -1e100 -1e100 -1e100 -1e100 -1e100 -1e100 -1e100 -1e100 -1e100
 -1e100 -1e100 -1e100 -1e100 -1e100 -1e100 -1e100 -1e100 -1e100 -1e100 -1e100 -1e100 -1e100 -1e100 -1e100 -1e100 -1e100 -1e100 -1e100 -1e100 -1e100 -1e100 -1e100 -1e100 -1e100 -1e100 -1e100 -1e100 14.502346038818359375 19.17324066162109375 24.363233566284179688 30.095134735107421875 36.345462799072265625 43.04553985595703125 50.08759307861328125 57.33179473876953125 64.61260986328125 71.748443603515625 78.5599212646484375 84.89623260498046875 90.6617584228515625 95.83274078369140625 100.45856475830078125 104.64907073974609375 108.55355072021484375 112.3377227783203125 116.1628875732421875 120.170623779296875 124.47582244873046875 129.1677398681640625 134.3099212646484375 139.922607421875 145.937774658203125 152.138336181640625 158.073760986328125 162.97100830078125 166.6563873291015625 170.0680389404296875 173.72662353515625 177.6639556884765625 181.6528778076171875 185.382781982421875 188.547576904296875 190.862945556640625 192.16912841796875 192.426116943359375 191.690765380859375 190.0886383056640625 187.7806854248046875 184.9341583251953125 181.7042083740234375 178.2258453369140625 174.61224365234375 170.955352783203125 167.327850341796875 163.7860107421875 160.372772216796875 157.1205902099609375 154.0532684326171875 151.18682861328125 148.530029296875 146.0845184326171875 143.8453216552734375 141.801422119140625 139.9366607666015625 138.230804443359375 136.6607208251953125 135.20159912109375 133.8279571533203125 132.514434814453125 131.236358642578125 129.970184326171875 128.6937103271484375 127.38620758056640625 126.028350830078125 124.60225677490234375 123.09148406982421875 121.4811248779296875 119.7579193115234375 117.9103851318359375 115.92896270751953125 113.80625152587890625 111.53713226318359375 109.1188812255859375 106.55112457275390625 103.8357696533203125 100.9768829345703125 97.980560302734375 94.85482025146484375 91.6094512939453125 88.2558746337890625 84.8070526123046875 81.2774200439453125 77.6827239990234375 74.03986358642578125 70.366607666015625 66.68131256103515625 63.002521514892578125 59.3486328125 55.7375335693359375 52.186260223388671875 48.710758209228515625 45.32568359375 42.04433441162109375 38.878604888916015625 35.83901214599609375 32.934749603271484375 30.173749923706054688 27.562852859497070312 25.108079910278320312 22.815143585205078125 20.690097808837890625 18.739757537841796875 16.97125244140625 15.389986038208007812 13.995930671691894531 12.779331207275390625 11.718065261840820312 10.776301383972167969 9.9064922332763671875 9.0446596145629882812 8.201313018798828125 -1e100 -1e100 -1e100 -1e100 -1e100 -1e100 -1e100 -1e100 -1e100 -1e100
 -1e100 -1e100 -1e100 -1e100 -1e100 -1e100 -1e100 -1e100 -1e100 -1e100 -1e100 -1e100 -1e100 -1e100 -1e100 -1e100 -1e100 -1e100 -1e100 -1e100 -1e100 -1e100 -1e100 -1e100 -1e100 -1e100 -1e100 -1e100 14.698721885681152344 19.330400466918945312 24.501556396484375 30.23486328125 36.50449371337890625 43.23882293701171875 50.33039093017578125 57.647296905517578125 65.0412750244140625 72.355224609375 79.43607330322265625 86.154296875 92.4243011474609375 98.2175140380859375 103.56330108642578125 108.538116455078125 113.2479400634765625 117.8094482421875 122.33480072021484375 126.923919677734375 131.666046142578125 136.646209716796875 141.9421844482421875 147.594940185546875 153.5495452880859375 159.5878448486328125 165.2914886474609375 170.1614990234375 174.07806396484375 177.4757537841796875 180.69622802734375 183.857421875 186.8980865478515625 189.6504669189453125 191.9013671875 193.43939208984375 194.1202239990234375 193.892333984375 192.79217529296875 190.91973876953125 188.4087371826171875 185.40185546875 182.0356292724609375 178.43328857421875 174.701751708984375 170.9305572509765625 167.1922760009765625 163.5440216064453125 160.02984619140625 156.6830902099609375 153.528106689453125 150.581024169921875 147.8502960205078125 145.3368377685546875 143.0346832275390625 140.93170166015625 139.0106353759765625 137.2503814697265625 135.62725830078125 134.116302490234375 132.692169189453125 131.32989501953125 130.0053558349609375 128.6956024169921875 127.3790740966796875 126.03566741943359375 124.64666748046875 123.19470977783203125 121.6637420654296875 120.0391387939453125 118.30780029296875 116.45825958251953125 114.48091888427734375 112.36824798583984375 110.114990234375 107.71823883056640625 105.17739105224609375 102.49410247802734375 99.6721649169921875 96.7173919677734375 93.6374969482421875 90.44191741943359375 87.1417236328125 83.74951934814453125 80.2793121337890625 76.7464447021484375 73.16736602783203125 69.55937957763671875 65.94034576416015625 62.328327178955078125 58.741230010986328125 55.1964569091796875 51.710613250732421875 48.29924774169921875 44.97667694091796875 41.755916595458984375 38.648639678955078125 35.66521453857421875 32.814716339111328125 30.1050262451171875 27.54290771484375 25.134260177612304688 22.884578704833984375 20.799566268920898438 18.885526657104492188 17.14881134033203125 15.593621253967285156 14.218194961547851562 13.010830879211425781 11.947666168212890625 10.993875503540039062 10.108565330505371094 9.2515707015991210938 8.4128503799438476562 -1e100 -1e100 -1e100 -1e100 -1e100 -1e100 -1e100 -1e100 -1e100 -1e100
 -1e100 -1e100 -1e100 -1e100 -1e100 -1e100 -1e100 -1e100 -1e100 -1e100 -1e100 -1e100 -1e100 -1e100 -1e100 -1e100 -1e100 -1e100 -1e100 -1e100 -1e100 -1e100 -1e100 -1e100 -1e100 -1e100 -1e100 10.767626762390136719 14.868396759033203125 19.464618682861328125 24.625272750854492188 30.373928070068359375 36.6841583251953125 43.48272705078125 50.66266632080078125 58.098339080810546875 65.65474700927734375 73.19300079345703125 80.57877349853515625 87.69640350341796875 94.4645233154296875 100.8464202880859375 106.85040283203125 112.5204620361328125 117.92142486572265625 123.12429046630859375 128.1969451904296875 133.204254150390625 138.217193603515625 143.3222503662109375 148.6131439208984375 154.149444580078125 159.8910064697265625 165.6417694091796875 171.0692901611328125 175.8190155029296875 179.747955322265625 183.0118255615234375 185.831329345703125 188.357574462890625 190.628021240234375 192.5752716064453125 194.0632476806640625 194.9367523193359375 195.077056884765625 194.434326171875 193.03033447265625 190.9414520263671875 188.2754669189453125 185.15203857421875 181.6905517578125 178.003143310546875 174.1907806396484375 170.3408050537109375 166.5257568359375 162.8038330078125 159.220428466796875 155.81005859375 152.597869873046875 149.6003265380859375 146.8256072998046875 144.27392578125 141.938140869140625 139.8047027587890625 137.855010986328125 136.066741943359375 134.415435791015625 132.8757781982421875 131.4225311279296875 130.0311279296875 128.678009033203125 127.34085845947265625 125.9987945556640625 124.6324005126953125 123.223663330078125 121.75583648681640625 120.21343231201171875 118.5822601318359375 116.84951019287109375 115.0038909912109375 113.03589630126953125 110.9380035400390625 108.70488739013671875 106.3335113525390625 103.823089599609375 101.1750335693359375 98.392852783203125 95.4820709228515625 92.4500579833984375 89.3059234619140625 86.0603790283203125 82.72563934326171875 79.3153533935546875 75.84444427490234375 72.32894134521484375 68.78570556640625 65.23213958740234375 61.68585205078125 58.164295196533203125 54.6844482421875 51.26251983642578125 47.913722991943359375 44.652088165283203125 41.4904022216796875 38.4401702880859375 35.511631011962890625 32.71378326416015625 30.05442047119140625 27.540182113647460938 25.176748275756835938 22.969263076782226562 20.92292022705078125 19.043315887451171875 17.335794448852539062 15.803157806396484375 14.4420013427734375 13.239388465881347656 12.171936988830566406 11.208313941955566406 10.313686370849609375 9.4565792083740234375 8.6194334030151367188 -1e100 -1e100 -1e100 -1e100 -1e100 -1e100 -1e100 -1e100 -1e100 -1e100
 -1e100 -1e100 -1e100 -1e100 -1e100 -1e100 -1e100 -1e100 -1e100 -1e100 -1e100 -1e100 -1e100 -1e100 -1e100 -1e100 -1e100 -1e100 -1e100 -1e100 -1e100 -1e100 -1e100 -1e100 -1e100 -1e100 -1e100 10.979743003845214844 15.024140357971191406 19.590885162353515625 24.749391555786132812 30.523303985595703125 36.886631011962890625 43.766170501708984375 51.056514739990234375 58.637660980224609375 66.384765625 74.17194366455078125 81.87735748291015625 89.39328765869140625 96.6382598876953125 103.565216064453125 110.161346435546875 116.43981170654296875 122.427398681640625 128.1538848876953125 133.648468017578125 138.9466705322265625 144.104888916015625 149.2108306884765625 154.3699188232421875 159.6576385498046875 165.054840087890625 170.408935546875 175.455596923828125 179.908416748046875 183.60833740234375 186.594818115234375 189.0174407958984375 191.02667236328125 192.7030029296875 194.0350799560546875 194.9385986328125 195.2998504638671875 195.0241546630859375 194.066619873046875 192.438690185546875 190.197479248046875 187.4290771484375 184.2338104248046875 180.7163848876953125 176.9793853759765625 173.1187744140625 169.220306396484375 165.35711669921875 161.5889892578125 157.963104248046875 154.5155487060546875 151.2726287841796875 148.251434326171875 145.4600982666015625 142.8980560302734375 140.556854248046875 138.4212493896484375 136.470733642578125 134.6813812255859375 133.0274658203125 131.4830780029296875 130.0229034423828125 128.6226959228515625 127.2594451904296875 125.91152191162109375 124.558746337890625 123.18247222900390625 121.7654571533203125 120.29174041748046875 118.7465362548828125 117.1162567138671875 115.38857269287109375 113.5525360107421875 111.598876953125 109.5202178955078125 107.31127166748046875 104.9689178466796875 102.4922332763671875 99.8823699951171875 97.14257049560546875 94.27802276611328125 91.2957763671875 88.2045745849609375 85.0147705078125 81.73821258544921875 78.3881683349609375 74.97917938232421875 71.5268707275390625 68.04769134521484375 64.558624267578125 61.076839447021484375 57.619384765625 54.202850341796875 50.843105316162109375 47.5550537109375 44.352489471435546875 41.248004913330078125 38.2529754638671875 35.377544403076171875 32.63063812255859375 30.019948959350585938 27.55194854736328125 25.232023239135742188 23.0648651123046875 21.0550384521484375 19.2072906494140625 17.52587127685546875 16.012281417846679688 14.661998748779296875 13.461920738220214844 12.3902587890625 11.41880035400390625 10.516777992248535156 9.6563892364501953125 8.818119049072265625 -1e100 -1e100 -1e100 -1e100 -1e100 -1e100 -1e100 -1e100 -1e100 -1e100
 -1e100 -1e100 -1e100 -1e100 -1e100 -1e100 -1e100 -1e100 -1e100 -1e100 -1e100 -1e100 -1e100 -1e100 -1e100 -1e100 -1e100 -1e100 -1e100 -1e100 -1e100 -1e100 -1e100 -1e100 -1e100 -1e100 -1e100 11.169585227966308594 15.160190582275390625 19.70682525634765625 24.873228073120117188 30.679655075073242188 37.101108551025390625 44.06642913818359375 51.473781585693359375 59.209117889404296875 67.15573883056640625 75.19673919677734375 83.21791839599609375 91.1151275634765625 98.80387115478515625 106.2256927490234375 113.347503662109375 120.1541900634765625 126.6385040283203125 132.7940216064453125 138.616241455078125 144.1140289306640625 149.327728271484375 154.3395233154296875 159.258331298828125 164.172576904296875 169.090087890625 173.904510498046875 178.4109039306640625 182.3799896240234375 185.668487548828125 188.2776947021484375 190.3145599365234375 191.910247802734375 193.1508026123046875 194.0465240478515625 194.541351318359375 194.548553466796875 193.990966796875 192.82781982421875 191.0627899169921875 188.73797607421875 185.9222259521484375 182.7003326416015625 179.1649017333984375 175.410736083984375 171.5301055908203125 167.60833740234375 163.720184326171875 159.9277801513671875 156.2807464599609375 152.8173065185546875 149.5654449462890625 146.5433197021484375 143.759307861328125 141.21221923828125 138.89215087890625 136.7817535400390625 134.8581695556640625 133.0950775146484375 131.4649658203125 129.9407196044921875 128.496673583984375 127.1087646484375 125.754486083984375 124.412872314453125 123.06450653076171875 121.69159698486328125 120.27779388427734375 118.808074951171875 117.26856231689453125 115.64644622802734375 113.93007659912109375 112.109039306640625 110.17447662353515625 108.11927032470703125 105.9382781982421875 103.6284027099609375 101.18854522705078125 98.61966705322265625 95.92469024658203125 93.10848236083984375 90.1777191162109375 87.1407928466796875 84.0076751708984375 80.78985595703125 77.50023651123046875 74.15299224853515625 70.76335906982421875 67.3473968505859375 63.921695709228515625 60.5030364990234375 57.1080780029296875 53.753070831298828125 50.453563690185546875 47.2241973876953125 44.078556060791015625 41.029071807861328125 38.08699798583984375 35.262416839599609375 32.564178466796875 29.999876022338867188 27.575786590576171875 25.296970367431640625 23.16762542724609375 21.191625595092773438 19.3728179931640625 17.7143707275390625 16.216707229614257812 14.874738693237304688 13.675887107849121094 12.600055694580078125 11.621519088745117188 10.712504386901855469 9.8476991653442382812 9.0075817108154296875 8.1783199310302734375 -1e100 -1e100 -1e100 -1e100 -1e100 -1e100 -1e100 -1e100 -1e100
 -1e100 -1e100 -1e100 -1e100 -1e100 -1e100 -1e100 -1e100 -1e100 -1e100 -1e100 -1e100 -1e100 -1e100 -1e100 -1e100 -1e100 -1e100 -1e100 -1e100 -1e100 -1e100 -1e100 -1e100 -1e100 -1e100 -1e100 11.311990737915039062 15.255320549011230469 19.799638748168945312 24.98618316650390625 30.829708099365234375 37.30788421630859375 44.353984832763671875 51.872165679931640625 59.755336761474609375 67.893798828125 76.17681121826171875 84.4943695068359375 92.743011474609375 100.83364105224609375 108.6964569091796875 116.2798614501953125 123.54372406005859375 130.45111083984375 136.963775634765625 143.0458984375 148.678466796875 153.879180908203125 158.71527099609375 163.2915802001953125 167.7083892822265625 172.0066375732421875 176.1332244873046875 179.9504241943359375 183.295257568359375 186.0603485107421875 188.2400665283203125 189.911773681640625 191.177825927734375 192.108978271484375 192.715728759765625 192.95318603515625 192.7489471435546875 192.0355072021484375 190.7730255126953125 188.957763671875 186.6193084716796875 183.8125457763671875 180.609344482421875 177.0924224853515625 173.350494384765625 169.47381591796875 165.5488128662109375 161.6531829833984375 157.85260009765625 154.199951171875 150.7363128662109375 147.491973876953125 144.486724853515625 141.729736328125 139.21954345703125 136.94476318359375 134.885711669921875 133.01641845703125 131.3073883056640625 129.72833251953125 128.2502593994140625 126.84654998779296875 125.49303436279296875 124.16757965087890625 122.849884033203125 121.52135467529296875 120.16515350341796875 118.76604461669921875 117.31012725830078125 115.7846221923828125 114.17775726318359375 112.47873687744140625 110.67790985107421875 108.76697540283203125 106.7392578125 104.58984375 102.31569671630859375 99.915618896484375 97.3903350830078125 94.74246978759765625 91.97653961181640625 89.098846435546875 86.1173858642578125 83.04177093505859375 79.88312530517578125 76.65399169921875 73.36818695068359375 70.04058074951171875 66.68688201904296875 63.323299407958984375 59.966251373291015625 56.632053375244140625 53.33663177490234375 50.095256805419921875 46.92232513427734375 43.83123016357421875 40.834262847900390625 37.9425811767578125 35.166194915771484375 32.513904571533203125 29.993188858032226562 27.610141754150390625 25.369510650634765625 23.275012969970703125 21.329845428466796875 19.53697967529296875 17.898572921752929688 16.414215087890625 15.078624725341796875 13.879960060119628906 12.799730300903320312 11.814518928527832031 10.899214744567871094 10.030546188354492188 9.1893978118896484375 8.3610134124755859375 -1e100 -1e100 -1e100 -1e100 -1e100 -1e100 -1e100 -1e100 -1e100
 -1e100 -1e100 -1e100 -1e100 -1e100 -1e100 -1e100 -1e100 -1e100 -1e100 -1e100 -1e100 -1e100 -1e100 -1e100 -1e100 -1e100 -1e100 -1e100 -1e100 -1e100 -1e100 -1e100 -1e100 -1e100 -1e100 8.089061737060546875 11.367262840270996094 15.296783447265625 19.863603591918945312 25.07848358154296875 30.957628250122070312 37.483860015869140625 44.597148895263671875 52.209735870361328125 60.222423553466796875 68.53186798095703125 77.03168487548828125 85.6139984130859375 94.174530029296875 102.619171142578125 110.86782073974609375 118.852752685546875 126.51226806640625 133.7832794189453125 140.597747802734375 146.88763427734375 152.6008453369140625 157.7248687744140625 162.30517578125 166.4405517578125 170.2480926513671875 173.8106689453125 177.1383209228515625 180.1689453125 182.8099212646484375 184.995849609375 186.724609375 188.0500640869140625 189.043975830078125 189.754302978515625 190.1817169189453125 190.2819366455078125 189.9867401123046875 189.2300872802734375 187.9679412841796875 186.1873016357421875 183.9055023193359375 181.1646575927734375 178.0252838134765625 174.561614990234375 170.8579864501953125 167.0043792724609375 163.0903778076171875 159.198486328125 155.399383544921875 151.7502593994140625 148.295867919921875 145.06951904296875 142.09344482421875 139.3782806396484375 136.922821044921875 134.7145843505859375 132.7312469482421875 130.943145751953125 129.3164825439453125 127.81693267822265625 126.41249847412109375 125.0748138427734375 123.77906036376953125 122.5032501220703125 121.22766876220703125 119.9346771240234375 118.60860443115234375 117.2355499267578125 115.80303955078125 114.2996673583984375 112.71490478515625 111.0390777587890625 109.26346588134765625 107.3805389404296875 105.3841705322265625 103.269805908203125 101.03449249267578125 98.67697906494140625 96.19776153564453125 93.599151611328125 90.88529205322265625 88.062103271484375 85.137176513671875 82.1197509765625 79.02059173583984375 75.8518829345703125 72.627105712890625 69.36078643798828125 66.06829071044921875 62.765472412109375 59.46842193603515625 56.19313812255859375 52.95525360107421875 49.769775390625 46.65088653564453125 43.611797332763671875 40.6646728515625 37.820587158203125 35.089488983154296875 32.48011016845703125 29.999845504760742188 27.654615402221679688 25.448900222778320312 23.386003494262695312 21.46852874755859375 19.698656082153320312 18.077669143676757812 16.604511260986328125 15.273867607116699219 14.074709892272949219 12.990203857421875 11.999230384826660156 11.079056739807128906 10.208031654357910156 9.3672819137573242188 8.5410470962524414062 -1e100 -1e100 -1e100 -1e100 -1e100 -1e100 -1e100 -1e100 -1e100
 -1e100 -1e100 -1e100 -1e100 -1e100 -1e100 -1e100 -1e100 -1e100 -1e100 -1e100 -1e100 -1e100 -1e100 -1e100 -1e100 -1e100 -1e100 -1e100 -1e100 -1e100 -1e100 -1e100 -1e100 -1e100 -1e100 8.1524896621704101562 11.344057083129882812 15.322686195373535156 19.918272018432617188 25.150979995727539062 31.050848007202148438 37.606685638427734375 44.76519775390625 52.447238922119140625 60.561676025390625 69.0110015869140625 77.6921844482421875 86.49857330322265625 95.32469940185546875 104.07202911376953125 112.6517486572265625 120.98247528076171875 128.9835205078125 136.5671234130859375 143.63446044921875 150.0811767578125 155.8166351318359375 160.7941436767578125 165.037872314453125 168.646942138671875 171.764617919921875 174.523681640625 177.00006103515625 179.205078125 181.112579345703125 182.69793701171875 183.96612548828125 184.9536895751953125 185.7066497802734375 186.2517547607421875 186.5777435302734375 186.6349639892578125 186.3511810302734375 185.653411865234375 184.4868927001953125 182.8251495361328125 180.6713409423828125 178.054290771484375 175.02337646484375 171.645263671875 168.0013885498046875 164.18365478515625 160.2873382568359375 156.40234375 152.60638427734375 148.96246337890625 145.5198516845703125 142.3156585693359375 139.375213623046875 136.71148681640625 134.3243865966796875 132.2007904052734375 130.3158416748046875 128.6354827880859375 127.120269775390625 125.730224609375 124.42877197265625 123.1845855712890625 121.9714508056640625 120.7671051025390625 119.5523834228515625 118.31073760986328125 117.028045654296875 115.692138671875 114.29232025146484375 112.818878173828125 111.2628021240234375 109.615753173828125 107.8701629638671875 106.019439697265625 104.0581512451171875 101.98213958740234375 99.78862762451171875 97.47631072998046875 95.04546356201171875 92.49808502197265625 89.8379364013671875 87.070526123046875 84.20306396484375 81.244384765625 78.20489501953125 75.0964508056640625 71.93218994140625 68.72632598876953125 65.4938812255859375 62.25040435791015625 59.01166534423828125 55.79337310791015625 52.610889434814453125 49.478984832763671875 46.411647796630859375 43.421924591064453125 40.521862030029296875 37.72245025634765625 35.033580780029296875 32.463924407958984375 30.020788192749023438 27.70996856689453125 25.535734176635742188 23.501081466674804688 21.608148574829101562 19.858463287353515625 18.252593994140625 16.7889862060546875 15.462396621704101562 14.262679100036621094 13.174676895141601562 12.179427146911621094 11.256211280822753906 10.384555816650390625 9.5455112457275390625 8.7221622467041015625 -1e100 -1e100 -1e100 -1e100 -1e100 -1e100 -1e100 -1e100 -1e100
 -1e100 -1e100 -1e100 -1e100 -1e100 -1e100 -1e100 -1e100 -1e100 -1e100 -1e100 -1e100 -1e100 -1e100 -1e100 -1e100 -1e100 -1e100 -1e100 -1e100 -1e100 -1e100 -1e100 -1e100 -1e100 -1e100 8.2680263519287109375 11.553783416748046875 15.458200454711914062 19.999254226684570312 25.205646514892578125 31.0960693359375 37.653759002685546875 44.8282318115234375 52.54776763916015625 60.7287750244140625 69.2790985107421875 78.09876251220703125 87.08228302001953125 96.12352752685546875 105.1206512451171875 113.97782135009765625 122.60169219970703125 130.89337158203125 138.73907470703125 146.0055694580078125 152.5479736328125 158.23541259765625 162.990386962890625 166.8248291015625 169.8494720458984375 172.242645263671875 174.188446044921875 175.817657470703125 177.2029266357421875 178.37713623046875 179.3543548583984375 180.1513824462890625 180.796539306640625 181.31951904296875 181.7326202392578125 182.01458740234375 182.1075439453125 181.92828369140625 181.3882904052734375 180.413787841796875 178.958648681640625 177.0077362060546875 174.57427978515625 171.695770263671875 168.43170166015625 164.862152099609375 161.0836029052734375 157.2005615234375 153.31414794921875 149.51239013671875 145.866180419921875 142.430389404296875 139.2462921142578125 136.3427276611328125 133.7357025146484375 131.42706298828125 129.4037933349609375 127.63872528076171875 126.09273529052734375 124.719268798828125 123.470611572265625 122.30355072021484375 121.18219757080078125 120.0778350830078125 118.96744537353515625 117.83240509033203125 116.65764617919921875 115.43108367919921875 114.142852783203125 112.7844696044921875 111.3482666015625 109.8270416259765625 108.21402740478515625 106.5030059814453125 104.68846893310546875 102.76576995849609375 100.73123931884765625 98.582305908203125 96.3176116943359375 93.9372406005859375 91.44287109375 88.8378753662109375 86.127349853515625 83.3180999755859375 80.4185791015625 77.4388275146484375 74.39037322998046875 71.28603363037109375 68.13970184326171875 64.96610260009765625 61.7804718017578125 58.598297119140625 55.435016632080078125 52.30574798583984375 49.225048065185546875 46.20671844482421875 43.26366424560546875 40.40782928466796875 37.65012359619140625 35.000377655029296875 32.467205047607421875 30.0578460693359375 27.7779998779296875 25.631814956665039062 23.622095108032226562 21.750650405883789062 20.01853179931640625 18.425764083862304688 16.9704437255859375 15.647492408752441406 14.447653770446777344 13.357343673706054688 12.359493255615234375 11.435006141662597656 10.564175605773925781 9.72766876220703125 8.9072656631469726562 -1e100 -1e100 -1e100 -1e100 -1e100 -1e100 -1e100 -1e100 -1e100
 -1e100 -1e100 -1e100 -1e100 -1e100 -1e100 -1e100 -1e100 -1e100 -1e100 -1e100 -1e100 -1e100 -1e100 -1e100 -1e100 -1e100 -1e100 -1e100 -1e100 -1e100 -1e100 -1e100 -1e100 -1e100 5.318080902099609375 8.3667402267456054688 11.703309059143066406 15.563714981079101562 20.049333572387695312 25.212160110473632812 31.06804656982421875 37.59763336181640625 44.754413604736328125 52.474277496337890625 60.68099212646484375 69.28766632080078125 78.1976165771484375 87.30725860595703125 96.51088714599609375 105.70467376708984375 114.78693389892578125 123.6526336669921875 132.18304443359375 140.2347564697265625 147.6361541748046875 154.2009124755859375 159.7629241943359375 164.225128173828125 167.600341796875 170.02044677734375 171.702178955078125 172.8752593994140625 173.7004241943359375 174.295074462890625 174.745208740234375 175.10546875 175.4130401611328125 175.699951171875 175.9909515380859375 176.2924346923828125 176.5777740478515625 176.7801666259765625 176.799407958984375 176.52191162109375 175.8448333740234375 174.6935272216796875 173.028045654296875 170.8419952392578125 168.159088134765625 165.031707763671875 161.5402679443359375 157.7895050048828125 153.8984527587890625 149.985565185546875 146.1544189453125 142.4871673583984375 139.0453948974609375 135.8742218017578125 133.0056304931640625 130.4586334228515625 128.2374114990234375 126.32958221435546875 124.70586395263671875 123.32159423828125 122.12152099609375 121.04784393310546875 120.0482177734375 119.0800933837890625 118.11103057861328125 117.11681365966796875 116.0795440673828125 114.9862518310546875 113.8276214599609375 112.5966796875 111.28768157958984375 109.8953399658203125 108.41454315185546875 106.8403472900390625 105.1680450439453125 103.39333343505859375 101.5124359130859375 99.52222442626953125 97.42034149169921875 95.2054290771484375 92.8773651123046875 90.43750762939453125 87.88885498046875 85.23609161376953125 82.48560333251953125 79.64546966552734375 76.72537994384765625 73.73651885986328125 70.69139862060546875 67.60361480712890625 64.48758697509765625 61.35826873779296875 58.230876922607421875 55.120601654052734375 52.042331695556640625 49.01043701171875 46.038555145263671875 43.139469146728515625 40.325023651123046875 37.606067657470703125 34.99236297607421875 32.492481231689453125 30.1136016845703125 27.861391067504882812 25.739948272705078125 23.751995086669921875 21.899160385131835938 20.182178497314453125 18.600706100463867188 17.152635574340820312 15.833110809326171875 14.633707046508789062 13.542222976684570312 12.543187141418457031 11.618790626525878906 10.749773979187011719 9.9161462783813476562 9.0981454849243164062 8.2780332565307617188 -1e100 -1e100 -1e100 -1e100 -1e100 -1e100 -1e100 -1e100
 -1e100 -1e100 -1e100 -1e100 -1e100 -1e100 -1e100 -1e100 -1e100 -1e100 -1e100 -1e100 -1e100 -1e100 -1e100 -1e100 -1e100 -1e100 -1e100 -1e100 -1e100 -1e100 -1e100 -1e100 -1e100 5.3018403053283691406 8.369647979736328125 11.732177734375 15.575577735900878906 20.02169036865234375 25.135091781616210938 30.93471527099609375 37.40515899658203125 44.507457733154296875 52.186374664306640625 60.3733367919921875 68.98712921142578125 77.9352874755859375 87.1175079345703125 96.4300537109375 105.7684478759765625 115.025543212890625 124.08319854736328125 132.7993011474609375 140.9965362548828125 148.4632415771484375 154.97601318359375 160.3452911376953125 164.469024658203125 167.371002197265625 169.204437255859375 170.21881103515625 170.6907806396484375 170.7680206298828125 170.599884033203125 170.3264617919921875 170.04937744140625 169.8391876220703125 169.7434844970703125 169.79241943359375 169.9960479736328125 170.3295745849609375 170.718902587890625 171.0412445068359375 171.1469268798828125 170.891082763671875 170.158416748046875 168.8744659423828125 167.006866455078125 164.5623931884765625 161.5857086181640625 158.15985107421875 154.4032440185546875 150.4580230712890625 146.4696807861328125 142.5660247802734375 138.845458984375 135.3773193359375 132.209136962890625 129.374053955078125 126.8927459716796875 124.77086639404296875 122.9962615966796875 121.537322998046875 120.34342193603515625 119.349273681640625 118.48462677001953125 117.685272216796875 116.89987945556640625 116.091094970703125 115.23332977294921875 114.309967041015625 113.310943603515625 112.23049163818359375 111.0651702880859375 109.81237030029296875 108.46955108642578125 107.03397369384765625 105.5027008056640625 103.87268829345703125 102.1409454345703125 100.30460357666015625 98.3610992431640625 96.3083343505859375 94.14493560791015625 91.87061309814453125 89.486419677734375 86.99497222900390625 84.40055084228515625 81.70914459228515625 78.9284210205078125 76.06774139404296875 73.1379547119140625 70.1512603759765625 67.1209564208984375 64.0611724853515625 60.986606597900390625 57.912200927734375 54.85291290283203125 51.82343292236328125 48.837955474853515625 45.909984588623046875 43.05219268798828125 40.276348114013671875 37.593231201171875 35.012569427490234375 32.542881011962890625 30.191326141357421875 27.963571548461914062 25.86374664306640625 23.89458465576171875 22.057651519775390625 20.353513717651367188 18.781612396240234375 17.339746475219726562 16.02330780029296875 14.824604034423828125 13.732613563537597656 12.733212471008300781 11.8096466064453125 10.94290924072265625 10.112108230590820312 9.295513153076171875 8.4734430313110351562 -1e100 -1e100 -1e100 -1e100 -1e100 -1e100 -1e100 -1e100
 -1e100 -1e100 -1e100 -1e100 -1e100 -1e100 -1e100 -1e100 -1e100 -1e100 -1e100 -1e100 -1e100 -1e100 -1e100 -1e100 -1e100 -1e100 -1e100 -1e100 -1e100 -1e100 -1e100 -1e100 -1e100 5.1782050132751464844 8.2624759674072265625 11.642826080322265625 15.479192733764648438 19.889719009399414062 24.941860198974609375 30.659978866577148438 37.037120819091796875 44.044628143310546875 51.6371917724609375 59.754436492919921875 68.3218231201171875 77.2528533935546875 86.452667236328125 95.8216400146484375 105.25606536865234375 114.6430816650390625 123.848876953125 132.703857421875 140.9937286376953125 148.468292236328125 154.8758544921875 160.016754150390625 163.7959747314453125 166.25067138671875 167.5417022705078125 167.93389892578125 167.786102294921875 167.1554107666015625 166.2220306396484375 165.196746826171875 164.24468994140625 163.480865478515625 162.974090576171875 162.7668609619140625 162.8836517333984375 163.31280517578125 163.977813720703125 164.7277679443359375 165.3633575439453125 165.6810455322265625 165.50823974609375 164.72222900390625 163.25555419921875 161.0928497314453125 158.2693634033203125 154.87359619140625 151.0462188720703125 146.9659881591796875 142.8211212158203125 138.7769012451171875 134.9554443359375 131.4344024658203125 128.2601165771484375 125.4627227783203125 123.06098175048828125 121.0590057373046875 119.44251251220703125 118.1762847900390625 117.203155517578125 116.44692230224609375 115.82295989990234375 115.25302886962890625 114.67540740966796875 114.04727935791015625 113.342041015625 112.54518890380859375 111.6504058837890625 110.6561279296875 109.562896728515625 108.3715972900390625 107.08270263671875 105.69603729248046875 104.21085357666015625 102.62589263916015625 100.93951416015625 99.149810791015625 97.25478363037109375 95.2526092529296875 93.14192962646484375 90.9222869873046875 88.594451904296875 86.16068267822265625 83.62483978271484375 80.9925079345703125 78.27099609375 75.4692840576171875 72.597900390625 69.668731689453125 66.69478607177734375 63.68990325927734375 60.6685028076171875 57.645290374755859375 54.63500213623046875 51.652141571044921875 48.71074676513671875 45.8242034912109375 43.005107879638671875 40.2651519775390625 37.615081787109375 35.0645751953125 32.62212371826171875 30.294900894165039062 28.088609695434570312 26.007463455200195312 24.054279327392578125 22.230655670166015625 20.537107467651367188 18.972982406616210938 17.536066055297851562 16.22199249267578125 15.023695945739746094 13.93114471435546875 12.931365966796875 12.008522987365722656 11.143822669982910156 10.315402030944824219 9.498958587646484375 8.6716098785400390625 -1e100 -1e100 -1e100 -1e100 -1e100 -1e100 -1e100 -1e100
 -1e100 -1e100 -1e100 -1e100 -1e100 -1e100 -1e100 -1e100 -1e100 -1e100 -1e100 -1e100 -1e100 -1e100 -1e100 -1e100 -1e100 -1e100 -1e100 -1e100 -1e100 -1e100 -1e100 -1e100 2.0192408561706542969 4.9651970863342285156 8.0609197616577148438 11.449674606323242188 15.270717620849609375 19.6315460205078125 24.598863601684570312 30.2032623291015625 36.44802093505859375 43.315723419189453125 50.771331787109375 58.76343536376953125 67.225982666015625 76.08121490478515625 85.2430572509765625 94.61907958984375 104.10826873779296875 113.59185028076171875 122.9179534912109375 131.886260986328125 140.2441253662109375 147.7061004638671875 153.999053955078125 158.920684814453125 162.388092041015625 164.4515228271484375 165.2681884765625 165.0721282958984375 164.3961944580078125 163.0029296875 161.227081298828125 159.3852996826171875 157.7122650146484375 156.3626708984375 155.4211578369140625 154.9446258544921875 154.98529052734375 155.5631561279296875 156.6094207763671875 157.9389190673828125 159.2853240966796875 160.3650665283203125 160.926361083984375 160.779876708984375 159.811187744140625 157.9752655029296875 155.293365478515625 151.862518310546875 147.8587188720703125 143.518218994140625 139.095672607421875 134.8140869140625 130.829803466796875 127.2275848388671875 124.0451812744140625 121.30194854736328125 119.00836944580078125 117.16112518310546875 115.73891448974609375 114.6998443603515625 113.9791259765625 113.48920440673828125 113.1304779052734375 112.81009674072265625 112.45592498779296875 112.02034759521484375 111.4766998291015625 110.81345367431640625 110.0286407470703125 109.1252593994140625 108.1079864501953125 106.9813690185546875 105.74901580810546875 104.41347503662109375 102.97628021240234375 101.4380035400390625 99.79839324951171875 98.0565032958984375 96.21091461181640625 94.26006317138671875 92.20263671875 90.03801727294921875 87.7667083740234375 85.39060211181640625 82.91318511962890625 80.339630126953125 77.67685699462890625 74.93347930908203125 72.11969757080078125 69.2470703125 66.32830047607421875 63.37694549560546875 60.407146453857421875 57.433380126953125 54.470165252685546875 51.531829833984375 48.6322784423828125 45.78479766845703125 43.0019073486328125 40.29526519775390625 37.675571441650390625 35.152484893798828125 32.734485626220703125 30.428768157958984375 28.241109848022460938 26.17584228515625 24.235919952392578125 22.42304229736328125 20.737768173217773438 19.179441452026367188 17.745893478393554688 16.43297576904296875 15.234131813049316406 14.140131950378417969 13.1389312744140625 12.215458869934082031 11.35124969482421875 10.523932456970214844 9.7065916061401367188 8.8694410324096679688 -1e100 -1e100 -1e100 -1e100 -1e100 -1e100 -1e100 -1e100
 -1e100 -1e100 -1e100 -1e100 -1e100 -1e100 -1e100 -1e100 -1e100 -1e100 -1e100 -1e100 -1e100 -1e100 -1e100 -1e100 -1e100 -1e100 -1e100 -1e100 -1e100 -1e100 -1e100 -1e100 1.7457088232040405273 4.684619903564453125 7.7794938087463378906 11.157121658325195312 14.938664436340332031 19.220838546752929688 24.069118499755859375 29.5202484130859375 35.587390899658203125 42.263797760009765625 49.524627685546875 57.328739166259765625 65.621490478515625 74.3380584716796875 83.40595245361328125 92.74451446533203125 102.258575439453125 111.82457733154296875 121.27170562744140625 130.367340087890625 138.81988525390625 146.30804443359375 152.533905029296875 157.2847747802734375 160.4827423095703125 162.2035369873046875 162.657257080078125 162.152679443359375 160.8159637451171875 158.3621978759765625 155.6078643798828125 152.884552001953125 150.4679107666015625 148.5262908935546875 147.14483642578125 146.389892578125 146.3608245849609375 147.142486572265625 148.6929931640625 150.7843170166015625 153.0588836669921875 155.1267242431640625 156.628143310546875 157.28369140625 156.921173095703125 155.4573974609375 152.8893890380859375 149.32427978515625 144.991485595703125 140.214263916015625 135.3485260009765625 130.7060394287109375 126.491943359375 122.79166412353515625 119.61830902099609375 116.9664154052734375 114.82861328125 113.186492919921875 112.00508880615234375 111.23152923583984375 110.7918701171875 110.58740997314453125 110.5047607421875 110.43853759765625 110.3086700439453125 110.0648040771484375 109.68160247802734375 109.15118408203125 108.476043701171875 107.66357421875 106.722442626953125 105.66071319580078125 104.48509979248046875 103.20087432861328125 101.81185150146484375 100.3204193115234375 98.72769927978515625 97.0336761474609375 95.23748779296875 93.33782958984375 91.33341217041015625 89.22348785400390625 87.00829315185546875 84.6893768310546875 82.26983642578125 79.75443267822265625 77.14968109130859375 74.46382904052734375 71.70671844482421875 68.8895721435546875 66.0247802734375 63.125591278076171875 60.2058868408203125 57.2798919677734375 54.361927032470703125 51.46614837646484375 48.606334686279296875 45.79569244384765625 43.04669189453125 40.37094879150390625 37.77913665771484375 35.2808990478515625 32.8847198486328125 30.597827911376953125 28.426090240478515625 26.373981475830078125 24.444623947143554688 22.639883041381835938 20.9604339599609375 19.40569305419921875 17.97357177734375 16.660116195678710938 15.4591522216796875 14.362012863159179688 13.357230186462402344 12.430118560791015625 11.562413215637207031 10.732332229614257812 9.9132604598999023438 9.06125640869140625 -1e100 -1e100 -1e100 -1e100 -1e100 -1e100 -1e100 -1e100
 -1e100 -1e100 -1e100 -1e100 -1e100 -1e100 -1e100 -1e100 -1e100 -1e100 -1e100 -1e100 -1e100 -1e100 -1e100 -1e100 -1e100 -1e100 -1e100 -1e100 -1e100 -1e100 -1e100 -1e100 1.4288792610168457031 4.3472733497619628906 7.4194846153259277344 10.756208419799804688 14.463168144226074219 18.627996444702148438 23.31512451171875 28.566350936889648438 34.40302276611328125 40.82769775390625 47.82586669921875 55.36885833740234375 63.417644500732421875 71.926116943359375 80.842010498046875 90.102996826171875 99.62535858154296875 109.2844085693359375 118.89208984375 128.183502197265625 136.82525634765625 144.4509124755859375 150.7171783447265625 155.3683929443359375 158.2972412109375 159.582733154296875 159.476837158203125 158.2816162109375 156.09326171875 152.9094696044921875 149.287841796875 145.7427825927734375 142.62872314453125 140.1369476318359375 138.3392333984375 137.2920684814453125 137.174041748046875 138.1972503662109375 140.3843231201171875 143.4465484619140625 146.895782470703125 150.2044525146484375 152.8654327392578125 154.4803924560546875 154.82366943359375 153.772369384765625 151.275634765625 147.44635009765625 142.58746337890625 137.14691162109375 131.6333160400390625 126.4955596923828125 122.007171630859375 118.2326812744140625 115.1250762939453125 112.6293182373046875 110.7098846435546875 109.32811737060546875 108.43144989013671875 107.95339202880859375 107.809417724609375 107.8903961181640625 108.0725860595703125 108.24306488037109375 108.31845855712890625 108.24889373779296875 108.011810302734375 107.6031494140625 107.02935028076171875 106.301544189453125 105.43178558349609375 104.43121337890625 103.3093719482421875 102.07404327392578125 100.731201171875 99.28497314453125 97.73772430419921875 96.0903167724609375 94.342376708984375 92.49282073974609375 90.54036712646484375 88.484130859375 86.3240814208984375 84.06142425537109375 81.6988372802734375 79.24066162109375 76.6930084228515625 74.06372833251953125 71.362274169921875 68.59952545166015625 65.78751373291015625 62.939197540283203125 60.068164825439453125 57.18839263916015625 54.313991546630859375 51.4589691162109375 48.636981964111328125 45.861156463623046875 43.143917083740234375 40.49684906005859375 37.93061065673828125 35.454822540283203125 33.077976226806640625 30.807342529296875 28.648885726928710938 26.607229232788085938 24.685699462890625 22.886373519897460938 21.210113525390625 19.6564788818359375 18.223505020141601562 16.907400131225585938 15.702260971069335938 14.599719047546386719 13.588434219360351562 12.653369903564453125 11.775236129760742188 10.931086540222167969 10.100892066955566406 9.2378101348876953125 -1e100 -1e100 -1e100 -1e100 -1e100 -1e100 -1e100 -1e100
 -1e100 -1e100 -1e100 -1e100 -1e100 -1e100 -1e100 -1e100 -1e100 -1e100 -1e100 -1e100 -1e100 -1e100 -1e100 -1e100 -1e100 -1e100 -1e100 -1e100 -1e100 -1e100 -1e100 -1e100 1.0771286487579345703 3.9538094997406005859 6.973796844482421875 10.232995986938476562 13.824088096618652344 17.827020645141601562 22.304620742797851562 27.30168914794921875 32.845371246337890625 38.946186065673828125 45.600666046142578125 52.795719146728515625 60.513278961181640625 68.73320770263671875 77.43216705322265625 86.57559967041015625 96.10022735595703125 105.887603759765625 115.73705291748046875 125.3518218994140625 134.3500823974609375 142.3012847900390625 148.780181884765625 153.4370880126953125 156.089202880859375 156.817718505859375 155.99359130859375 154.05633544921875 151.0987091064453125 147.0934600830078125 142.61663818359375 138.3083953857421875 134.5753326416015625 131.6195068359375 129.4621429443359375 128.077423095703125 127.77685546875 129.0214080810546875 131.9730987548828125 136.2330474853515625 141.107666015625 145.905303955078125 149.91302490234375 152.578033447265625 153.6774749755859375 153.072906494140625 150.60479736328125 146.3687286376953125 140.7583770751953125 134.395111083984375 128.013336181640625 122.27169036865234375 117.5391082763671875 113.7998046875 110.874237060546875 108.62249755859375 106.9782257080078125 105.8901824951171875 105.29383087158203125 105.10992431640625 105.24326324462890625 105.5765380859375 105.9811248779296875 106.34319305419921875 106.5815582275390625 106.64992523193359375 106.529449462890625 106.21939849853515625 105.7291107177734375 105.07224273681640625 104.26319122314453125 103.31537628173828125 102.2405853271484375 101.04872894287109375 99.74764251708984375 98.3429412841796875 96.83809661865234375 95.23465728759765625 93.53267669677734375 91.731201171875 89.82892608642578125 87.82476043701171875 85.71840667724609375 83.51067352294921875 81.20381927490234375 78.8017578125 76.3101348876953125 73.73638916015625 71.08956146240234375 68.3801422119140625 65.6197967529296875 62.8211517333984375 59.997493743896484375 57.162555694580078125 54.330234527587890625 51.514369964599609375 48.72850799560546875 45.9857025146484375 43.298320770263671875 40.677921295166015625 38.135135650634765625 35.6795654296875 33.3197021484375 31.062847137451171875 28.915056228637695312 26.881116867065429688 24.964578628540039062 23.167781829833984375 21.491842269897460938 19.936536788940429688 18.500074386596679688 17.1788482666015625 15.967138290405273438 14.856698989868164062 13.8360748291015625 12.889730453491210938 11.997605323791503906 11.136376380920410156 10.282305717468261719 9.4047765731811523438 8.4948482513427734375 -1e100 -1e100 -1e100 -1e100 -1e100 -1e100 -1e100
 -1e100 -1e100 -1e100 -1e100 -1e100 -1e100 -1e100 -1e100 -1e100 -1e100 -1e100 -1e100 -1e100 -1e100 -1e100 -1e100 -1e100 -1e100 -1e100 -1e100 -1e100 -1e100 -1e100 -2.0616624355316162109 0.69534158706665039062 3.5036857128143310547 6.4374523162841796875 9.5791902542114257812 13.010087013244628906 16.802576065063476562 21.016286849975585938 25.696367263793945312 30.873270034790039062 36.564472198486328125 42.778713226318359375 49.522014617919921875 56.80327606201171875 64.6368560791015625 73.0392913818359375 82.01670074462890625 91.53955841064453125 101.50714874267578125 111.713226318359375 121.82917022705078125 131.414886474609375 139.95196533203125 146.89093017578125 151.7248382568359375 154.12689208984375 154.1696319580078125 152.48529052734375 149.9215240478515625 146.44873046875 141.598663330078125 136.2373504638671875 131.2364654541015625 126.98775482177734375 123.6968994140625 121.29933929443359375 119.46783447265625 118.74889373779296875 120.0806884765625 123.91272735595703125 129.59771728515625 136.084014892578125 142.5518341064453125 147.994842529296875 151.634674072265625 153.4405670166015625 153.344970703125 150.8999481201171875 146.1360015869140625 139.5637664794921875 132.036102294921875 124.59693145751953125 118.21799468994140625 113.411590576171875 109.9412689208984375 107.36925506591796875 105.44199371337890625 104.08583831787109375 103.26917266845703125 102.93099212646484375 102.9835968017578125 103.32355499267578125 103.830413818359375 104.37746429443359375 104.856231689453125 105.1918182373046875 105.34311676025390625 105.29480743408203125 105.04827117919921875 104.6141204833984375 104.0068817138671875 103.24187469482421875 102.3336639404296875 101.2954559326171875 100.13866424560546875 98.87250518798828125 97.5037384033203125 96.036651611328125 94.4733123779296875 92.8140106201171875 91.057830810546875 89.2033233642578125 87.249176025390625 85.19470977783203125 83.04033660888671875 80.78784942626953125 78.44066619873046875 76.0039825439453125 73.4847412109375 70.89156341552734375 68.23448944091796875 65.52481842041015625 62.774799346923828125 59.997417449951171875 57.206127166748046875 54.41461181640625 51.636547088623046875 48.8853607177734375 46.17401885986328125 43.514835357666015625 40.9193267822265625 38.398082733154296875 35.960666656494140625 33.6155548095703125 31.370065689086914062 29.230333328247070312 27.2013092041015625 25.286783218383789062 23.48940277099609375 21.81061553955078125 20.25049591064453125 18.80751800537109375 17.478300094604492188 16.257287979125976562 15.136242866516113281 14.103389739990234375 13.142522811889648438 12.232879638671875 11.350508689880371094 10.471179962158203125 9.5712137222290039062 8.6384639739990234375 -1e100 -1e100 -1e100 -1e100 -1e100 -1e100 -1e100
 -1e100 -1e100 -1e100 -1e100 -1e100 -1e100 -1e100 -1e100 -1e100 -1e100 -1e100 -1e100 -1e100 -1e100 -1e100 -1e100 -1e100 -1e100 -1e100 -1e100 -1e100 -1e100 -1e100 -2.3806118965148925781 0.29209741950035095215 3.0033433437347412109 5.815738677978515625 8.7994537353515625 12.024548530578613281 15.554964065551757812 19.44484710693359375 23.73681640625 28.4623260498046875 33.644901275634765625 39.306491851806640625 45.475475311279296875 52.193622589111328125 59.51895904541015625 67.52106475830078125 76.26337432861328125 85.768280029296875 95.96849822998046875 106.66077423095703125 117.48340606689453125 127.92755126953125 137.3697662353515625 145.1070404052734375 150.4135284423828125 152.7076873779296875 151.962738037109375 149.241485595703125 146.3795928955078125 143.00042724609375 137.20404052734375 130.8843231201171875 125.352294921875 120.70386505126953125 117.2313079833984375 114.8907470703125 112.454437255859375 110.89156341552734375 111.98627471923828125 116.79972076416015625 124.10253143310546875 132.146209716796875 140.3007659912109375 147.1359405517578125 151.3969573974609375 153.720184326171875 154.3187408447265625 151.96893310546875 146.622955322265625 138.989288330078125 130.1833343505859375 121.600341796875 114.65185546875 110.13297271728515625 107.30139923095703125 105.2428131103515625 103.63665771484375 102.4933013916015625 101.85027313232421875 101.65944671630859375 101.82729339599609375 102.24663543701171875 102.80236053466796875 103.3773345947265625 103.87282562255859375 104.22137451171875 104.38632965087890625 104.354339599609375 104.12697601318359375 103.71405029296875 103.1290435791015625 102.38653564453125 101.50091552734375 100.48578643798828125 99.353271484375 98.11336517333984375 96.773468017578125 95.33835601806640625 93.81035614013671875 92.18979644775390625 90.47564697265625 88.66620635986328125 86.759796142578125 84.7553253173828125 82.65270233154296875 80.45320892333984375 78.15973663330078125 75.7769622802734375 73.3113250732421875 70.7709503173828125 68.165435791015625 65.50562286376953125 62.80340576171875 60.071414947509765625 57.3228302001953125 54.57110595703125 51.829742431640625 49.112041473388671875 46.430873870849609375 43.79848480224609375 41.226322174072265625 38.72491455078125 36.303768157958984375 33.971309661865234375 31.734846115112304688 29.600566864013671875 27.57357025146484375 25.657901763916015625 23.85655975341796875 22.17138671875 20.602863311767578125 19.149843215942382812 17.80927276611328125 16.57579803466796875 15.441097259521484375 14.392927169799804688 13.414276123046875 12.483571052551269531 11.576543807983398438 10.669299125671386719 9.7411966323852539062 8.78006744384765625 -1e100 -1e100 -1e100 -1e100 -1e100 -1e100 -1e100
 -1e100 -1e100 -1e100 -1e100 -1e100 -1e100 -1e100 -1e100 -1e100 -1e100 -1e100 -1e100 -1e100 -1e100 -1e100 -1e100 -1e100 -1e100 -1e100 -1e100 -1e100 -1e100 -1e100 -2.6831257343292236328 -0.11614271998405456543 2.4703166484832763672 5.1278424263000488281 7.91448974609375 10.888665199279785156 14.104185104370117188 17.607149124145507812 21.4348602294921875 25.617443084716796875 30.183139801025390625 35.16718292236328125 40.622241973876953125 46.62754058837890625 53.293609619140625 60.7576446533203125 69.16094207763671875 78.6013946533203125 89.065338134765625 100.3618621826171875 112.0914154052734375 123.6658172607421875 134.356781005859375 143.3228607177734375 149.6028900146484375 152.2112274169921875 150.7353668212890625 146.6262054443359375 143.964752197265625 141.668304443359375 134.4739532470703125 127.14281463623046875 121.5324859619140625 116.55786895751953125 112.97542572021484375 111.41522979736328125 108.26202392578125 105.28156280517578125 105.53379058837890625 111.415283203125 120.36476898193359375 129.295135498046875 138.9067535400390625 147.0572967529296875 151.22003173828125 153.7000732421875 155.3717498779296875 153.2168731689453125 147.3960418701171875 138.898162841796875 129.0540313720703125 119.466949462890625 112.081939697265625 108.4460906982421875 106.71608734130859375 105.0777435302734375 103.5993499755859375 102.48419189453125 101.85460662841796875 101.65471649169921875 101.77576446533203125 102.1113739013671875 102.563690185546875 103.03336334228515625 103.43357086181640625 103.70281219482421875 103.8063201904296875 103.73004913330078125 103.473358154296875 103.04306793212890625 102.44970703125 101.70546722412109375 100.82329559326171875 99.8161163330078125 98.69586944580078125 97.47258758544921875 96.1538238525390625 94.744415283203125 93.246673583984375 91.6607513427734375 89.98531341552734375 88.21826171875 86.3574371337890625 84.401214599609375 82.34893035888671875 80.20127105712890625 77.9605712890625 75.63092803955078125 73.218231201171875 70.73007965087890625 68.1755523681640625 65.5650634765625 62.91007232666015625 60.222858428955078125 57.516307830810546875 54.803630828857421875 52.09814453125 49.413013458251953125 46.7610015869140625 44.154262542724609375 41.604152679443359375 39.1211090087890625 36.714542388916015625 34.392787933349609375 32.163105010986328125 30.031686782836914062 28.003757476806640625 26.0836181640625 24.2746429443359375 22.57913970947265625 20.99810028076171875 19.530910491943359375 18.174978256225585938 16.925199508666992188 15.773103713989257812 14.705821990966796875 13.705435752868652344 12.749646186828613281 11.814072608947753906 10.875477790832519531 9.9150304794311523438 8.921539306640625 -1e100 -1e100 -1e100 -1e100 -1e100 -1e100 -1e100
 -1e100 -1e100 -1e100 -1e100 -1e100 -1e100 -1e100 -1e100 -1e100 -1e100 -1e100 -1e100 -1e100 -1e100 -1e100 -1e100 -1e100 -1e100 -1e100 -1e100 -1e100 -1e100 -5.4262709617614746094 -2.9468953609466552734 -0.50389063358306884766 1.933979034423828125 4.4074039459228515625 6.9621109962463378906 9.64391326904296875 12.494695663452148438 15.550075531005859375 18.83931732177734375 22.38858795166015625 26.228605270385742188 30.40618133544921875 34.997501373291015625 40.120849609375 45.9459228515625 52.692352294921875 60.603668212890625 69.8836517333984375 80.5990753173828125 92.5809783935546875 105.37790679931640625 118.3002166748046875 130.5269012451171875 141.1675872802734375 149.1434783935546875 152.9869842529296875 151.4049072265625 145.869140625 143.4257049560546875 142.255889892578125 133.6016693115234375 125.56137847900390625 120.9936981201171875 115.60602569580078125 111.649139404296875 111.58527374267578125 108.17263031005859375 103.67929840087890625 102.39572906494140625 108.992401123046875 118.959259033203125 127.24854278564453125 137.56976318359375 146.8641204833984375 150.196868896484375 152.493316650390625 155.1165618896484375 153.24786376953125 147.470245361328125 138.8344268798828125 129.064483642578125 119.2296295166015625 111.6473388671875 109.47735595703125 109.34712982177734375 107.17974090576171875 105.34786224365234375 104.0024261474609375 103.22484588623046875 102.86954498291015625 102.78708648681640625 102.8798065185546875 103.0813446044921875 103.31838226318359375 103.51743316650390625 103.62076568603515625 103.592315673828125 103.414459228515625 103.0819549560546875 102.596710205078125 101.96472930908203125 101.194610595703125 100.296783447265625 99.28250885009765625 98.16268157958984375 96.94666290283203125 95.64156341552734375 94.25191497802734375 92.77970123291015625 91.22469329833984375 89.58507537841796875 87.8582000732421875 86.0412750244140625 84.13201141357421875 82.12908935546875 80.0325469970703125 77.8440704345703125 75.56714630126953125 73.20708465576171875 70.77089691162109375 68.26714324951171875 65.7057342529296875 63.09769439697265625 60.4549407958984375 57.790035247802734375 55.115947723388671875 52.445796966552734375 49.7926025390625 47.169002532958984375 44.5870361328125 42.057949066162109375 39.592041015625 37.19858551025390625 34.88578033447265625 32.66075897216796875 30.529682159423828125 28.497846603393554688 26.569784164428710938 24.749248504638671875 23.039064407348632812 21.440847396850585938 19.95464324951171875 18.578441619873046875 17.307415008544921875 16.1328582763671875 15.041173934936523438 14.013607025146484375 13.027485847473144531 12.058858871459960938 11.085662841796875 10.090531349182128906 9.0629453659057617188 -1e100 -1e100 -1e100 -1e100 -1e100 -1e100 -1e100
 -1e100 -1e100 -1e100 -1e100 -1e100 -1e100 -1e100 -1e100 -1e100 -1e100 -1e100 -1e100 -1e100 -1e100 -1e100 -1e100 -1e100 -1e100 -1e100 -1e100 -1e100 -1e100 -5.5068926811218261719 -3.1434192657470703125 -0.83710646629333496094 1.4348504543304443359 3.7022125720977783203 5.9980373382568359375 8.3546361923217773438 10.800419807434082031 13.358391761779785156 16.047182083129882812 18.886014938354492188 21.904569625854492188 25.15686798095703125 28.737689971923828125 32.800868988037109375 37.577342987060546875 43.382350921630859375 50.589557647705078125 59.54868316650390625 70.4453582763671875 83.14600372314453125 97.11489105224609375 111.49286651611328125 125.3404998779296875 137.8601531982421875 148.1983795166015625 154.6175537109375 154.31561279296875 147.7955322265625 144.698028564453125 141.7453460693359375 133.4410400390625 125.6579437255859375 122.44219207763671875 116.83506011962890625 112.500946044921875 111.930755615234375 108.7725372314453125 106.03387451171875 104.99822998046875 109.8294677734375 118.03055572509765625 125.22446441650390625 134.8560333251953125 144.5423431396484375 148.4385528564453125 150.8594970703125 152.2786865234375 150.722015380859375 146.1165313720703125 138.23809814453125 130.067779541015625 121.8543548583984375 114.9127044677734375 112.769775390625 113.061920166015625 110.71442413330078125 108.2827301025390625 106.60904693603515625 105.63045501708984375 105.04791259765625 104.6556854248046875 104.38771820068359375 104.22613525390625 104.13198089599609375 104.04698944091796875 103.91582489013671875 103.6987762451171875 103.3724212646484375 102.92508697509765625 102.35250091552734375 101.65529632568359375 100.83782196044921875 99.90734100341796875 98.87271881103515625 97.7430267333984375 96.5262908935546875 95.2286529541015625 93.85395050048828125 92.40358734130859375 90.87674713134765625 89.27097320556640625 87.58289337158203125 85.80896759033203125 83.9461212158203125 81.99227142333984375 79.94672393798828125 77.81048583984375 75.58638763427734375 73.27909088134765625 70.89501953125 68.44217681884765625 65.92995452880859375 63.368923187255859375 60.7706146240234375 58.14727020263671875 55.5115966796875 52.87651824951171875 50.254894256591796875 47.65923309326171875 45.1014404296875 42.59261322021484375 40.142887115478515625 37.7613372802734375 35.455951690673828125 33.233684539794921875 31.100584030151367188 29.061948776245117188 27.12248992919921875 25.286319732666015625 23.556789398193359375 21.936191558837890625 20.425313949584960938 19.022760391235351562 17.723920822143554688 16.519786834716796875 15.396126747131347656 14.333828926086425781 13.31073760986328125 12.304395675659179688 11.294572830200195312 10.2649383544921875 9.204227447509765625 8.1079435348510742188 -1e100 -1e100 -1e100 -1e100 -1e100 -1e100
 -1e100 -1e100 -1e100 -1e100 -1e100 -1e100 -1e100 -1e100 -1e100 -1e100 -1e100 -1e100 -1e100 -1e100 -1e100 -1e100 -1e100 -1e100 -1e100 -1e100 -1e100 -1e100 -5.4842090606689453125 -3.2386522293090820312 -1.0741950273513793945 1.0235736370086669922 3.0735569000244140625 5.0960178375244140625 7.1092662811279296875 9.127262115478515625 11.158867835998535156 13.209923744201660156 15.289641380310058594 17.421894073486328125 19.660512924194335938 22.10871124267578125 24.945226669311523438 28.456686019897460938 33.061923980712890625 39.294330596923828125 47.701690673828125 58.648601531982421875 72.06769561767578125 87.2884674072265625 103.1241912841796875 118.3415985107421875 132.282318115234375 144.8558502197265625 154.6522216796875 155.9946441650390625 151.9874420166015625 150.5597381591796875 148.05877685546875 140.17120361328125 132.85986328125 127.936920166015625 120.24675750732421875 115.14892578125 112.857513427734375 108.9810791015625 107.3106842041015625 108.598663330078125 112.5532073974609375 119.441253662109375 125.582611083984375 133.54119873046875 142.323974609375 146.8522186279296875 150.0556640625 151.7648468017578125 150.6712493896484375 146.04852294921875 138.5255279541015625 131.3583984375 124.287139892578125 118.134185791015625 116.5588836669921875 116.035369873046875 114.2179718017578125 111.50030517578125 109.72217559814453125 108.6562042236328125 107.84331512451171875 107.0887603759765625 106.39461517333984375 105.80623626708984375 105.32375335693359375 104.90506744384765625 104.49669647216796875 104.0542755126953125 103.54747772216796875 102.95743560791015625 102.27332305908203125 101.49036407470703125 100.60872650146484375 99.63232421875 98.56723785400390625 97.4201507568359375 96.19715118408203125 94.902923583984375 93.540252685546875 92.10971832275390625 90.60977935791015625 89.037200927734375 87.3877716064453125 85.65704345703125 83.841033935546875 81.93682098388671875 79.94292449951171875 77.8596038818359375 75.688995361328125 73.43512725830078125 71.1037750244140625 68.7023773193359375 66.23979949951171875 63.726154327392578125 61.172573089599609375 58.590969085693359375 55.993801116943359375 53.393795013427734375 50.803638458251953125 48.23571014404296875 45.7017669677734375 43.2127227783203125 40.77851104736328125 38.407947540283203125 36.108760833740234375 33.88763427734375 31.75040435791015625 29.702302932739257812 27.7481231689453125 25.892263412475585938 24.138561248779296875 22.489955902099609375 20.947927474975585938 19.511590957641601562 18.176446914672851562 16.933237075805664062 15.767580986022949219 14.661068916320800781 13.593529701232910156 12.545362472534179688 11.498757362365722656 10.437623977661132812 9.347461700439453125 8.2183055877685546875 -1e100 -1e100 -1e100 -1e100 -1e100 -1e100
 -1e100 -1e100 -1e100 -1e100 -1e100 -1e100 -1e100 -1e100 -1e100 -1e100 -1e100 -1e100 -1e100 -1e100 -1e100 -1e100 -1e100 -1e100 -1e100 -1e100 -1e100 -1e100 -5.3270587921142578125 -3.1941156387329101562 -1.1674940586090087891 0.7591311335563659668 2.5942163467407226562 4.3456034660339355469 6.0178356170654296875 7.61038970947265625 9.11757659912109375 10.531407356262207031 11.848738670349121094 13.082552909851074219 14.276841163635253906 15.528067588806152344 17.020751953125 19.08001708984375 22.224111557006835938 27.169528961181640625 34.7235107421875 45.523616790771484375 59.65366363525390625 76.281768798828125 93.6361846923828125 109.75383758544921875 123.80677032470703125 136.93902587890625 147.9358062744140625 152.4077911376953125 153.3197479248046875 155.48028564453125 152.610382080078125 144.6142730712890625 139.2247314453125 132.793975830078125 124.664581298828125 121.292388916015625 117.63745880126953125 114.08701324462890625 113.6955413818359375 112.6685791015625 114.93331146240234375 119.89751434326171875 124.2670135498046875 131.2307586669921875 139.596954345703125 144.3777008056640625 148.7723846435546875 150.697540283203125 149.15521240234375 145.0236053466796875 139.0560760498046875 133.7534332275390625 128.8385162353515625 124.606414794921875 122.8610382080078125 121.096221923828125 118.59357452392578125 115.02037811279296875 113.21262359619140625 112.052032470703125 110.95452117919921875 109.78814697265625 108.63660430908203125 107.6026611328125 106.71802520751953125 105.9526824951171875 105.2536468505859375 104.571624755859375 103.86960601806640625 103.12192535400390625 102.31186676025390625 101.4300994873046875 100.473358154296875 99.442596435546875 98.3410491943359375 97.17264556884765625 95.94103240966796875 94.64899444580078125 93.2979278564453125 91.88741302490234375 90.4150390625 88.87670135498046875 87.2672271728515625 85.5811767578125 83.81357574462890625 81.96056365966796875 80.0198211669921875 77.9908447265625 75.87506103515625 73.67580413818359375 71.3982391357421875 69.0492095947265625 66.6370697021484375 64.171478271484375 61.66316986083984375 59.123744964599609375 56.565410614013671875 54.000698089599609375 51.4421539306640625 48.901996612548828125 46.3918304443359375 43.9223785400390625 41.503314971923828125 39.14316558837890625 36.849308013916015625 34.628082275390625 32.48502349853515625 30.425174713134765625 28.453304290771484375 26.573974609375 24.791379928588867188 23.1089630126953125 21.528703689575195312 20.050012588500976562 18.668437957763671875 17.374803543090820312 16.155548095703125 14.994507789611816406 13.875164985656738281 12.781957626342773438 11.699748039245605469 10.611817359924316406 9.4978008270263671875 8.3349132537841796875 -1e100 -1e100 -1e100 -1e100 -1e100 -1e100
 -1e100 -1e100 -1e100 -1e100 -1e100 -1e100 -1e100 -1e100 -1e100 -1e100 -1e100 -1e100 -1e100 -1e100 -1e100 -1e100 -1e100 -1e100 -1e100 -1e100 -1e100 -7.1639208793640136719 -5.0024366378784179688 -2.9688398838043212891 -1.0658757686614990234 0.70541602373123168945 2.3439829349517822266 3.8463847637176513672 5.2046933174133300781 6.4052948951721191406 7.4293489456176757812 8.256206512451171875 8.8703336715698242188 9.270633697509765625 9.482120513916015625 9.576862335205078125 9.7177190780639648438 10.23410797119140625 11.714243888854980469 15.053858757019042969 21.372758865356445312 31.714570999145507812 46.509029388427734375 64.8757781982421875 84.19214630126953125 101.14369964599609375 114.05693817138671875 127.0355072021484375 138.8196563720703125 146.7845611572265625 153.3047332763671875 158.380706787109375 156.419036865234375 149.511077880859375 144.574920654296875 136.938323974609375 129.279266357421875 126.82106781005859375 122.33267974853515625 118.4605560302734375 118.56923675537109375 117.84458160400390625 119.85888671875 123.67078399658203125 127.1060791015625 133.0282135009765625 140.827880859375 145.8875274658203125 150.6790313720703125 151.7370452880859375 149.629638671875 146.1235198974609375 141.16143798828125 137.1703033447265625 134.165496826171875 131.1815948486328125 128.5531768798828125 126.09391021728515625 123.5415191650390625 119.6438751220703125 117.2982177734375 115.69396209716796875 114.1234893798828125 112.4688262939453125 110.84983062744140625 109.390533447265625 108.13116455078125 107.0428314208984375 106.069488525390625 105.15689849853515625 104.26262664794921875 103.35582733154296875 102.41567230224609375 101.43003082275390625 100.393646240234375 99.30541229248046875 98.16602325439453125 96.97644805908203125 95.73749542236328125 94.4496307373046875 93.1125946044921875 91.72476959228515625 90.2827911376953125 88.7816314697265625 87.215087890625 85.576629638671875 83.8602294921875 82.0610504150390625 80.17589569091796875 78.203460693359375 76.1444549560546875 74.00152587890625 71.77923583984375 69.483856201171875 67.1232452392578125 64.7066192626953125 62.244358062744140625 59.747745513916015625 57.228763580322265625 54.699771881103515625 52.173168182373046875 49.661041259765625 47.17482757568359375 44.72503662109375 42.32106781005859375 39.97110748291015625 37.68212127685546875 35.460025787353515625 33.309963226318359375 31.236669540405273438 29.244741439819335938 27.338739395141601562 25.523014068603515625 23.801252365112304688 22.175632476806640625 20.645648956298828125 19.20699310302734375 17.851251602172851562 16.567018508911132812 15.341946601867675781 14.164364814758300781 13.023055076599121094 11.905032157897949219 10.792737007141113281 9.6608495712280273438 8.4586811065673828125 -1e100 -1e100 -1e100 -1e100 -1e100 -1e100
 -1e100 -1e100 -1e100 -1e100 -1e100 -1e100 -1e100 -1e100 -1e100 -1e100 -1e100 -1e100 -1e100 -1e100 -1e100 -1e100 -1e100 -1e100 -1e100 -1e100 -1e100 -6.5778946876525878906 -4.4778866767883300781 -2.5225203037261962891 -0.71892136335372924805 0.92572623491287231445 2.4024913311004638672 3.6987600326538085938 4.7967667579650878906 5.6730360984802246094 6.299560546875 6.647678375244140625 6.6939439773559570312 6.4254403114318847656 5.8449540138244628906 4.9857926368713378906 3.9563214778900146484 3.0332484245300292969 2.7975707054138183594 4.2582254409790039062 8.849925994873046875 18.160531997680664062 33.31786346435546875 53.816070556640625 75.9907989501953125 94.64472198486328125 105.65287017822265625 117.65472412109375 129.301116943359375 138.9625396728515625 149.4928131103515625 157.516632080078125 158.696014404296875 154.6033782958984375 150.150482177734375 141.1256103515625 133.4879608154296875 131.057281494140625 125.99710845947265625 122.78131866455078125 123.61154937744140625 123.9147186279296875 127.25099945068359375 131.263671875 134.344940185546875 138.15899658203125 143.2933502197265625 147.317779541015625 151.3837432861328125 153.012725830078125 150.875213623046875 148.2381591796875 144.03668212890625 140.8232879638671875 139.4190673828125 137.16656494140625 133.88372802734375 130.6281280517578125 128.055572509765625 123.75382232666015625 121.27764129638671875 119.176788330078125 117.01799774169921875 114.83377838134765625 112.7765045166015625 110.9542236328125 109.3874053955078125 108.03418731689453125 106.83100128173828125 105.71901702880859375 104.65239715576171875 103.5977935791015625 102.5330963134765625 101.4461212158203125 100.33171844482421875 99.18811798095703125 98.0139923095703125 96.80736541748046875 95.56589508056640625 94.28737640380859375 92.96961212158203125 91.6096649169921875 90.20314788818359375 88.7440185546875 87.22503662109375 85.63854217529296875 83.97739410400390625 82.235748291015625 80.4095001220703125 78.496551513671875 76.49688720703125 74.41249847412109375 72.247344970703125 70.0071868896484375 67.6994171142578125 65.33286285400390625 62.9175567626953125 60.464527130126953125 57.9855499267578125 55.492832183837890625 52.9986572265625 50.514987945556640625 48.053096771240234375 45.62328338623046875 43.234645843505859375 40.895000457763671875 38.610866546630859375 36.387668609619140625 34.23006439208984375 32.14237213134765625 30.128871917724609375 28.193920135498046875 26.341764450073242188 24.576015472412109375 22.898740768432617188 21.309413909912109375 19.804218292236328125 18.376453399658203125 17.018131256103515625 15.721726417541503906 14.480504989624023438 13.28644561767578125 12.126763343811035156 10.982112884521484375 9.833019256591796875 8.5818996429443359375 -1e100 -1e100 -1e100 -1e100 -1e100 -1e100
 -1e100 -1e100 -1e100 -1e100 -1e100 -1e100 -1e100 -1e100 -1e100 -1e100 -1e100 -1e100 -1e100 -1e100 -1e100 -1e100 -1e100 -1e100 -1e100 -1e100 -1e100 -5.7875075340270996094 -3.7250080108642578125 -1.8199908733367919922 -0.082658968865871429443 1.4754347801208496094 2.8398604393005371094 3.9919481277465820312 4.9081048965454101562 5.5602121353149414062 5.9180254936218261719 5.9539160728454589844 5.6475710868835449219 4.9864096641540527344 3.960788726806640625 2.5639090538024902344 0.81904739141464233398 -1.1341422796249389648 -2.8690035343170166016 -3.4333436489105224609 -1.1836627721786499023 6.0577559471130371094 20.557300567626953125 43.093364715576171875 68.51615142822265625 89.5514373779296875 99.92185211181640625 109.9286651611328125 120.03296661376953125 129.408843994140625 140.5861968994140625 149.358062744140625 153.70306396484375 152.61724853515625 150.220672607421875 143.349822998046875 137.9975433349609375 136.4839324951171875 132.1459503173828125 128.956085205078125 128.2499847412109375 123.46160125732421875 131.531494140625 136.787445068359375 140.62310791015625 144.2776336669921875 148.0474853515625 149.9967498779296875 160.2194671630859375 153.1830902099609375 150.6691436767578125 148.6110992431640625 145.4723663330078125 142.9127197265625 142.6121063232421875 140.934417724609375 137.425689697265625 134.1566619873046875 132.510650634765625 128.62725830078125 125.2912750244140625 122.2336883544921875 119.315216064453125 116.604888916015625 114.194732666015625 112.11766815185546875 110.34540557861328125 108.8121795654296875 107.445220947265625 106.1824188232421875 104.9768829345703125 103.79601287841796875 102.6201934814453125 101.440582275390625 100.254852294921875 99.062225341796875 97.86014556884765625 96.643798828125 95.407501220703125 94.14614105224609375 92.85535430908203125 91.5307159423828125 90.166717529296875 88.75629425048828125 87.29108428955078125 85.76226806640625 84.161590576171875 82.4821624755859375 80.71897125244140625 78.8691253662109375 76.931884765625 74.90862274169921875 72.802764892578125 70.61960601806640625 68.36614227294921875 66.05084991455078125 63.68349456787109375 61.27487945556640625 58.83661651611328125 56.380802154541015625 53.919628143310546875 51.464946746826171875 49.027889251708984375 46.6185455322265625 44.24571990966796875 41.916843414306640625 39.637958526611328125 37.413959503173828125 35.248966217041015625 33.146778106689453125 31.11121368408203125 29.146230697631835938 27.25569915771484375 25.442840576171875 23.709407806396484375 22.054925918579101562 20.476612091064453125 18.97035980224609375 17.532350540161132812 16.159912109375 14.850155830383300781 13.596282005310058594 12.383256912231445312 11.185819625854492188 9.9716672897338867188 8.68762969970703125 -1e100 -1e100 -1e100 -1e100 -1e100 -1e100
 -1e100 -1e100 -1e100 -1e100 -1e100 -1e100 -1e100 -1e100 -1e100 -1e100 -1e100 -1e100 -1e100 -1e100 -1e100 -1e100 -1e100 -1e100 -1e100 -1e100 -1e100 -4.7763013839721679688 -2.7238965034484863281 -0.83672481775283813477 0.87361663579940795898 2.39347076416015625 3.7059094905853271484 4.7900996208190917969 5.621631622314453125 6.1744542121887207031 6.4254140853881835938 6.3610043525695800781 5.9823560714721679688 5.3020696640014648438 4.3281726837158203125 3.0376965999603271484 1.3550775051116943359 -0.82068961858749389648 -3.4466519355773925781 -5.9233746528625488281 -6.6028814315795898438 -2.9327917098999023438 8.6163415908813476562 32.022724151611328125 58.2817230224609375 78.35619354248046875 92.12921142578125 104.57303619384765625 112.77874755859375 118.54874420166015625 126.2293243408203125 132.01715087890625 138.3471221923828125 141.176666259765625 142.7562713623046875 141.275238037109375 139.3191070556640625 139.1465911865234375 136.075439453125 132.9666290283203125 131.470123291015625 130.3895416259765625 133.9696044921875 141.568328857421875 146.7785186767578125 150.144317626953125 153.2049560546875 154.2147674560546875 153.8868255615234375 152.772430419921875 150.4647674560546875 148.9632720947265625 146.698516845703125 145.4286346435546875 145.2808990478515625 143.2797088623046875 139.70245361328125 136.7343597412109375 135.249603271484375 132.11907958984375 128.031463623046875 124.120330810546875 120.59253692626953125 117.546356201171875 114.96500396728515625 112.78652191162109375 110.93096923828125 109.3136138916015625 107.85744476318359375 106.49996185302734375 105.19550323486328125 103.9154052734375 102.6463775634765625 101.386566162109375 100.13928985595703125 98.90655517578125 97.68546295166015625 96.46862030029296875 95.24700927734375 94.0124053955078125 92.75807952880859375 91.47792816162109375 90.16519927978515625 88.8116607666015625 87.40779876708984375 85.94359588623046875 84.40962982177734375 82.7979736328125 81.102691650390625 79.32009124755859375 77.448760986328125 75.48950958251953125 73.44527435302734375 71.32097625732421875 69.12329864501953125 66.86046600341796875 64.54203033447265625 62.17862701416015625 59.78176116943359375 57.36345672607421875 54.93584442138671875 52.510711669921875 50.09905242919921875 47.7107696533203125 45.354389190673828125 43.036960601806640625 40.764057159423828125 38.54003143310546875 36.3684234619140625 34.252445220947265625 32.19535064697265625 30.200506210327148438 28.271181106567382812 26.409992218017578125 24.618299484252929688 22.895906448364257812 21.241567611694335938 19.654239654541015625 18.13423919677734375 16.6827850341796875 15.299142837524414062 13.975974082946777344 12.69541168212890625 11.429112434387207031 10.144298553466796875 8.8095064163208007812 7.4271063804626464844 -1e100 -1e100 -1e100 -1e100 -1e100
 -1e100 -1e100 -1e100 -1e100 -1e100 -1e100 -1e100 -1e100 -1e100 -1e100 -1e100 -1e100 -1e100 -1e100 -1e100 -1e100 -1e100 -1e100 -1e100 -1e100 -5.7666215896606445312 -3.5385873317718505859 -1.4678987264633178711 0.43545839190483093262 2.1604218482971191406 3.6937913894653320312 5.0194382667541503906 6.1184453964233398438 6.9707436561584472656 7.5592732429504394531 7.8778696060180664062 7.9418020248413085938 7.7963466644287109375 7.5148491859436035156 7.1749014854431152344 6.7969441413879394531 6.2333827018737792969 5.0493316650390625 2.5936598777770996094 -1.3169578313827514648 -5.0543227195739746094 -6.1132001876831054688 -0.80748808383941650391 22.544855117797851562 49.36223602294921875 69.57636260986328125 87.5280303955078125 102.6025848388671875 109.27648162841796875 111.062286376953125 112.4230804443359375 113.64369964599609375 121.58460235595703125 128.7437744140625 134.995086669921875 139.6162872314453125 140.07647705078125 139.9502410888671875 137.749053955078125 135.4485015869140625 134.567169189453125 133.587066650390625 137.275909423828125 145.6588134765625 151.74017333984375 154.3529052734375 155.44439697265625 155.39208984375 153.6448974609375 151.6663665771484375 150.6401519775390625 149.9475250244140625 147.8186798095703125 146.6568756103515625 146.1558074951171875 143.8237457275390625 140.5968780517578125 137.8073883056640625 135.5944976806640625 132.0158843994140625 128.2239837646484375 124.23490142822265625 120.59871673583984375 117.58673095703125 115.09252166748046875 112.9835052490234375 111.1597442626953125 109.54205322265625 108.06113433837890625 106.65892791748046875 105.29276275634765625 103.9398651123046875 102.59606170654296875 101.26937103271484375 99.971160888671875 98.7078857421875 97.47721099853515625 96.269622802734375 95.07283782958984375 93.87545013427734375 92.66815948486328125 91.44293212890625 90.19150543212890625 88.9043121337890625 87.5705413818359375 86.17889404296875 84.7187652587890625 83.18112945556640625 81.5591278076171875 79.8483123779296875 78.04662322998046875 76.15436553955078125 74.174102783203125 72.1104888916015625 69.96999359130859375 67.76068878173828125 65.49199676513671875 63.17446136474609375 60.819538116455078125 58.439228057861328125 56.045642852783203125 53.650516510009765625 51.2647552490234375 48.898090362548828125 46.558803558349609375 44.2535858154296875 41.987560272216796875 39.76454925537109375 37.587505340576171875 35.459018707275390625 33.381687164306640625 31.358171463012695312 29.3909759521484375 27.482007980346679688 25.6322784423828125 23.842088699340820312 22.1119537353515625 20.44378662109375 18.841236114501953125 17.308034896850585938 15.844158172607421875 14.441194534301757812 13.079802513122558594 11.731816291809082031 10.36760711669921875 8.9647464752197265625 7.5200748443603515625 -1e100 -1e100 -1e100 -1e100 -1e100
 -1e100 -1e100 -1e100 -1e100 -1e100 -1e100 -1e100 -1e100 -1e100 -1e100 -1e100 -1e100 -1e100 -1e100 -1e100 -1e100 -1e100 -1e100 -1e100 -1e100 -4.3541364669799804688 -2.0827710628509521484 0.032567892223596572876 1.9839720726013183594 3.7629048824310302734 5.3592057228088378906 6.7606258392333984375 7.9536967277526855469 8.9268560409545898438 9.6774110794067382812 10.223607063293457031 10.620906829833984375 10.978147506713867188 11.464574813842773438 12.288224220275878906 13.60367584228515625 15.284094810485839844 16.537410736083984375 15.619288444519042969 10.79718017578125 4.6465334892272949219 0.4733956754207611084 0.563442230224609375 16.3126373291015625 41.017486572265625 63.9183349609375 84.733001708984375 103.0155792236328125 108.3958587646484375 107.06565093994140625 104.83965301513671875 103.947906494140625 112.21817779541015625 122.11264801025390625 131.1983489990234375 138.7735748291015625 140.37274169921875 140.670745849609375 139.6880950927734375 138.295684814453125 138.690765380859375 138.8568878173828125 141.6900787353515625 149.49993896484375 154.5171356201171875 155.498565673828125 154.0699615478515625 152.3097076416015625 150.016693115234375 148.5197296142578125 148.7907562255859375 148.9046783447265625 147.1577911376953125 146.223175048828125 145.6378631591796875 143.3162384033203125 140.2163848876953125 137.1998748779296875 133.723602294921875 129.4296875 126.24884796142578125 122.84368896484375 119.52182769775390625 116.93509674072265625 114.77031707763671875 112.85897064208984375 111.1365814208984375 109.5634002685546875 108.092742919921875 106.6756744384765625 105.2729644775390625 103.86746978759765625 102.4644927978515625 101.0829315185546875 99.743621826171875 98.45870208740234375 97.2272796630859375 96.0382537841796875 94.8763275146484375 93.7268829345703125 92.57781982421875 91.41884613037109375 90.23980712890625 89.0294952392578125 87.77557373046875 86.46532440185546875 85.08685302734375 83.63002777099609375 82.08705902099609375 80.45273590087890625 78.724456787109375 76.9021148681640625 74.9880218505859375 72.9866790771484375 70.90450286865234375 68.7495269775390625 66.53112030029296875 64.2598419189453125 61.947147369384765625 59.60506439208984375 57.245723724365234375 54.880840301513671875 52.521259307861328125 50.17657470703125 47.854854583740234375 45.56247711181640625 43.304149627685546875 41.083187103271484375 38.9019622802734375 36.76242828369140625 34.666477203369140625 32.61598968505859375 30.612619400024414062 28.65755462646484375 26.751512527465820312 24.895360946655273438 23.091205596923828125 21.343248367309570312 19.657320022583007812 18.038393020629882812 16.48644256591796875 14.992534637451171875 13.537655830383300781 12.095891952514648438 10.641541481018066406 9.1566600799560546875 7.6366353034973144531 -1e100 -1e100 -1e100 -1e100 -1e100
 -1e100 -1e100 -1e100 -1e100 -1e100 -1e100 -1e100 -1e100 -1e100 -1e100 -1e100 -1e100 -1e100 -1e100 -1e100 -1e100 -1e100 -1e100 -1e100 -1e100 -2.7655849456787109375 -0.43276271224021911621 1.7486743927001953125 3.7742435932159423828 5.6398029327392578125 7.3405055999755859375 8.8704280853271484375 10.223959922790527344 11.400339126586914062 12.413351058959960938 13.307683944702148438 14.181498527526855469 15.212465286254882812 16.679126739501953125 18.954462051391601562 22.4053192138671875 27.070262908935546875 31.93212890625 33.7967071533203125 27.377256393432617188 18.1259613037109375 12.564818382263183594 6.122222900390625 11.893247604370117188 35.2769927978515625 60.30410003662109375 85.01753997802734375 107.450042724609375 113.5858001708984375 110.74002838134765625 103.14231109619140625 97.93326568603515625 102.49127197265625 111.008056640625 122.08994293212890625 133.63189697265625 136.72186279296875 138.6759033203125 139.631256103515625 139.033782958984375 141.1318359375 143.3587799072265625 145.562957763671875 151.81915283203125 155.5247650146484375 155.18536376953125 152.43017578125 149.2120819091796875 145.6772003173828125 144.10430908203125 144.834930419921875 145.129058837890625 144.6470489501953125 144.8840789794921875 143.9065399169921875 141.8245849609375 139.246368408203125 136.0964202880859375 131.9958343505859375 127.68517303466796875 124.36318206787109375 120.96823883056640625 117.9924468994140625 116.0951690673828125 114.35376739501953125 112.653411865234375 111.022186279296875 109.4787139892578125 108.01050567626953125 106.5794830322265625 105.14795684814453125 103.70073699951171875 102.24961090087890625 100.82309722900390625 99.45148468017578125 98.153106689453125 96.92917633056640625 95.76758575439453125 94.65039825439453125 93.5598297119140625 92.48073577880859375 91.400146484375 90.30554962158203125 89.18367767333984375 88.0203094482421875 86.8011016845703125 85.51271820068359375 84.1438446044921875 82.685791015625 81.132659912109375 79.48136138916015625 77.73154449462890625 75.88541412353515625 73.94751739501953125 71.92435455322265625 69.82403564453125 67.656036376953125 65.43097686767578125 63.1603851318359375 60.856365203857421875 58.531097412109375 56.19631195068359375 53.86281585693359375 51.540103912353515625 49.236072540283203125 46.95682525634765625 44.706699371337890625 42.48851776123046875 40.304096221923828125 38.154735565185546875 36.041599273681640625 33.965732574462890625 31.927928924560546875 29.92864990234375 27.968320846557617188 26.048200607299804688 24.171464920043945312 22.343679428100585938 20.571779251098632812 18.861230850219726562 17.212171554565429688 15.61634063720703125 14.056760787963867188 12.51104736328125 10.957387924194335938 9.38048553466796875 7.7751765251159667969 -1e100 -1e100 -1e100 -1e100 -1e100
 -1e100 -1e100 -1e100 -1e100 -1e100 -1e100 -1e100 -1e100 -1e100 -1e100 -1e100 -1e100 -1e100 -1e100 -1e100 -1e100 -1e100 -1e100 -1e100 -1e100 -1.0329777002334594727 1.373443603515625 3.6353967189788818359 5.7529439926147460938 7.7279028892517089844 9.562534332275390625 11.258932113647460938 12.82053375244140625 14.257572174072265625 15.598767280578613281 16.910854339599609375 18.325679779052734375 20.072788238525390625 22.510938644409179688 26.134664535522460938 31.481504440307617188 38.7763214111328125 47.050556182861328125 52.412994384765625 41.512241363525390625 26.332195281982421875 17.30567169189453125 8.5767202377319335938 12.27910614013671875 36.476909637451171875 63.361507415771484375 90.061370849609375 114.43181610107421875 121.7401275634765625 101.6165313720703125 109.33940887451171875 99.08588409423828125 98.13182830810546875 102.20699310302734375 111.8622283935546875 125.89070892333984375 130.3985443115234375 133.6244964599609375 136.69537353515625 138.6215972900390625 142.9192047119140625 147.5561065673828125 150.94775390625 155.03643798828125 156.37420654296875 154.052764892578125 149.890533447265625 145.913818359375 142.2119140625 140.6566314697265625 140.724761962890625 139.651702880859375 139.3471221923828125 139.9475555419921875 139.61468505859375 138.954132080078125 137.6055755615234375 135.23529052734375 130.9478912353515625 126.60623931884765625 123.13421630859375 119.82024383544921875 117.132568359375 115.7339935302734375 114.21488189697265625 112.60150909423828125 110.965179443359375 109.3791351318359375 107.86576080322265625 106.39502716064453125 104.92551422119140625 103.43746185302734375 101.94419097900390625 100.480987548828125 99.0859832763671875 97.782989501953125 96.575439453125 95.45076751708984375 94.3887939453125 93.36871337890625 92.3721466064453125 91.38301849365234375 90.38594818115234375 89.3650665283203125 88.303863525390625 87.18602752685546875 85.99658966064453125 84.7230072021484375 83.3556671142578125 81.8880767822265625 80.3168487548828125 78.64154815673828125 76.86452484130859375 74.99054718017578125 73.026397705078125 70.980438232421875 68.86234283447265625 66.6828765869140625 64.45371246337890625 62.187046051025390625 59.895145416259765625 57.58978271484375 55.2817535400390625 52.980495452880859375 50.693767547607421875 48.42745208740234375 46.185535430908203125 43.970386505126953125 41.7832489013671875 39.624767303466796875 37.495326995849609375 35.395122528076171875 33.324062347412109375 31.2818450927734375 29.268476486206054688 27.285253524780273438 25.335744857788085938 23.426034927368164062 21.563459396362304688 19.753892898559570312 17.998386383056640625 16.290761947631835938 14.6175537109375 12.960677146911621094 11.301847457885742188 9.627017974853515625 7.9299225807189941406 -1e100 -1e100 -1e100 -1e100 -1e100
 -1e100 -1e100 -1e100 -1e100 -1e100 -1e100 -1e100 -1e100 -1e100 -1e100 -1e100 -1e100 -1e100 -1e100 -1e100 -1e100 -1e100 -1e100 -1e100 -1.8203982114791870117 0.80249750614166259766 3.2879781723022460938 5.6370558738708496094 7.8551092147827148438 9.9510927200317382812 11.935732841491699219 13.820284843444824219 15.617662429809570312 17.347963333129882812 19.051000595092773438 20.807004928588867188 22.764558792114257812 25.171281814575195312 28.398746490478515625 32.930858612060546875 39.222057342529296875 47.21823883056640625 55.35869598388671875 58.324619293212890625 46.63269805908203125 30.442173004150390625 21.32241058349609375 12.069525718688964844 16.596927642822265625 43.164398193359375 71.69995880126953125 100.03204345703125 123.44423675537109375 130.3745574951171875 130.3243560791015625 120.6322021484375 110.06800079345703125 104.96598052978515625 104.4249114990234375 109.150604248046875 120.78165435791015625 124.8275299072265625 128.4170379638671875 133.707244873046875 139.0288543701171875 145.735076904296875 152.576446533203125 156.5472259521484375 158.5443878173828125 157.5466156005859375 152.6151123046875 147.13165283203125 141.87725830078125 137.7017822265625 135.7365875244140625 134.9328155517578125 132.929412841796875 132.58673095703125 133.62255859375 134.7303009033203125 135.449615478515625 134.8369903564453125 133.059326171875 129.2544708251953125 124.96334075927734375 121.7135009765625 119.02477264404296875 116.7543792724609375 115.72119140625 114.42238616943359375 112.7972412109375 111.03502655029296875 109.31070709228515625 107.68564605712890625 106.13443756103515625 104.6045989990234375 103.066650390625 101.53226470947265625 100.04006195068359375 98.6324615478515625 97.33642578125 96.1568450927734375 95.0808258056640625 94.08638763427734375 93.1499176025390625 92.24974822998046875 91.3663330078125 90.48091888427734375 89.57452392578125 88.6278533935546875 87.622222900390625 86.54080963134765625 85.36971282958984375 84.09844970703125 82.7200927734375 81.23116302490234375 79.631439208984375 77.92365264892578125 76.11309051513671875 74.20703125 72.214263916015625 70.14475250244140625 68.0095062255859375 65.82036590576171875 63.58966827392578125 61.32977294921875 59.052509307861328125 56.768707275390625 54.48778533935546875 52.21741485595703125 49.963287353515625 47.7290802001953125 45.516704559326171875 43.32682037353515625 41.159366607666015625 39.01390838623046875 36.8897247314453125 34.78577423095703125 32.700897216796875 30.634449005126953125 28.587322235107421875 26.56288909912109375 24.56714630126953125 22.60759735107421875 20.690858840942382812 18.819866180419921875 16.991847991943359375 15.198091506958007812 13.425538063049316406 11.659193992614746094 9.8846673965454101562 8.092559814453125 -1e100 -1e100 -1e100 -1e100 -1e100
 -1e100 -1e100 -1e100 -1e100 -1e100 -1e100 -1e100 -1e100 -1e100 -1e100 -1e100 -1e100 -1e100 -1e100 -1e100 -1e100 -1e100 -1e100 -1e100 -0.0011057226220145821571 2.6952495574951171875 5.2590365409851074219 7.6945967674255371094 10.012951850891113281 12.230984687805175781 14.368945121765136719 16.448270797729492188 18.491735458374023438 20.528240203857421875 22.604841232299804688 24.806976318359375 27.28363800048828125 30.26905059814453125 34.086353302001953125 39.0969696044921875 45.50171661376953125 52.858325958251953125 59.2012939453125 60.011096954345703125 49.125278472900390625 35.518077850341796875 25.349369049072265625 16.900211334228515625 23.163053512573242188 50.79055023193359375 80.541015625 110.01615142822265625 130.5366363525390625 137.157196044921875 137.1413726806640625 129.170196533203125 117.33039093017578125 109.07199859619140625 105.3800201416015625 106.82857513427734375 116.221893310546875 120.64642333984375 124.76677703857421875 131.5953521728515625 139.4687957763671875 147.092803955078125 154.6565093994140625 158.292877197265625 158.5695037841796875 156.9275360107421875 151.6175537109375 146.9109039306640625 142.2063751220703125 137.50335693359375 134.091400146484375 131.3384857177734375 127.8153533935546875 127.66960906982421875 128.4569854736328125 130.4712371826171875 132.0674896240234375 132.07623291015625 130.543182373046875 127.982513427734375 124.65068817138671875 121.41501617431640625 119.152984619140625 117.44852447509765625 116.715179443359375 115.18547821044921875 113.2718353271484375 111.22858428955078125 109.2707672119140625 107.471466064453125 105.79540252685546875 104.17343902587890625 102.56815338134765625 100.98993682861328125 99.47725677490234375 98.07164764404296875 96.79906463623046875 95.66378021240234375 94.65215301513671875 93.74071502685546875 92.90338134765625 92.11524200439453125 91.3530731201171875 90.59441375732421875 89.81667327880859375 88.997314453125 88.1148681640625 87.150390625 86.08849334716796875 84.91786956787109375 83.6313629150390625 82.2257080078125 80.70124053955078125 79.0614776611328125 77.31252288818359375 75.4624176025390625 73.520538330078125 71.4972991943359375 69.40396881103515625 67.25260162353515625 65.05567169189453125 62.82566070556640625 60.574466705322265625 58.31298828125 56.05066680908203125 53.795154571533203125 51.552005767822265625 49.3246002197265625 47.114398956298828125 44.921428680419921875 42.744842529296875 40.5832977294921875 38.43505096435546875 36.297985076904296875 34.169891357421875 32.04918670654296875 29.935955047607421875 27.832906723022460938 25.74566650390625 23.681921005249023438 21.649511337280273438 19.654104232788085938 17.697420120239257812 15.776738166809082031 13.885293960571289062 12.012078285217285156 10.140665054321289062 8.2530508041381835938 6.3549323081970214844 -1e100 -1e100 -1e100 -1e100
 -1e100 -1e100 -1e100 -1e100 -1e100 -1e100 -1e100 -1e100 -1e100 -1e100 -1e100 -1e100 -1e100 -1e100 -1e100 -1e100 -1e100 -1e100 -1e100 1.8364882469177246094 4.6007075309753417969 7.237133026123046875 9.7527151107788085938 12.163883209228515625 14.495843887329101562 16.779317855834960938 19.047117233276367188 21.33282470703125 23.674066543579101562 26.123111724853515625 28.765350341796875 31.739864349365234375 35.24880218505859375 39.53400421142578125 44.781337738037109375 50.8904876708984375 57.066440582275390625 61.14386749267578125 59.475444793701171875 50.998043060302734375 37.651763916015625 26.53955078125 20.750232696533203125 30.795213699340820312 59.54267120361328125 90.12945556640625 119.91707611083984375 135.1505584716796875 140.28460693359375 141.2091217041015625 133.0050811767578125 121.3401336669921875 112.71599578857421875 106.82173919677734375 106.45348358154296875 114.1894073486328125 118.95404815673828125 123.991851806640625 131.8619384765625 141.1830902099609375 148.395599365234375 154.4191436767578125 157.0267333984375 155.9828948974609375 153.6658935546875 149.70184326171875 146.8814849853515625 144.061553955078125 140.2597808837890625 136.0588531494140625 131.391326904296875 126.19292449951171875 124.16054534912109375 124.15847015380859375 126.68048095703125 129.10809326171875 129.4913482666015625 128.7166290283203125 127.6201934814453125 125.23423004150390625 122.2609710693359375 120.3761749267578125 118.58504486083984375 117.460052490234375 116.0703582763671875 113.801116943359375 111.43378448486328125 109.1994476318359375 107.1931304931640625 105.354461669921875 103.60472869873046875 101.91086578369140625 100.28594970703125 98.7649993896484375 97.3822021484375 96.1567230224609375 95.08882904052734375 94.1629638671875 93.3542327880859375 92.63454437255859375 91.97600555419921875 91.3517608642578125 90.73546600341796875 90.10070037841796875 89.42131805419921875 88.67272186279296875 87.83347320556640625 86.88657379150390625 85.81993865966796875 84.6264190673828125 83.3033599853515625 81.85210418701171875 80.2773895263671875 78.58655548095703125 76.78871917724609375 74.894073486328125 72.913543701171875 70.8587493896484375 68.741912841796875 66.57566070556640625 64.3725738525390625 62.144664764404296875 59.902927398681640625 57.6569061279296875 55.414295196533203125 53.180583953857421875 50.958896636962890625 48.75020599365234375 46.55385589599609375 44.36810302734375 42.1905517578125 40.018253326416015625 37.847808837890625 35.67571258544921875 33.499114990234375 31.316928863525390625 29.130901336669921875 26.946123123168945312 24.770574569702148438 22.613681793212890625 20.484399795532226562 18.389759063720703125 16.334314346313476562 14.319610595703125 12.3411712646484375 10.380458831787109375 8.3978910446166992188 6.4090595245361328125 -1e100 -1e100 -1e100 -1e100
 -1e100 -1e100 -1e100 -1e100 -1e100 -1e100 -1e100 -1e100 -1e100 -1e100 -1e100 -1e100 -1e100 -1e100 -1e100 -1e100 -1e100 -1e100 0.71031552553176879883 3.6573786735534667969 6.4806637763977050781 9.1807966232299804688 11.765684127807617188 14.256296157836914062 16.686300277709960938 19.097803115844726562 21.536346435546875 24.047760009765625 26.6793670654296875 29.488428115844726562 32.557819366455078125 36.011341094970703125 40.011463165283203125 44.712474822998046875 50.14102935791015625 56.00177001953125 61.420345306396484375 64.5676727294921875 62.894237518310546875 54.056110382080078125 40.210300445556640625 28.848505020141601562 27.636751174926757812 40.940021514892578125 70.50513458251953125 101.53650665283203125 128.433929443359375 137.946868896484375 140.75823974609375 140.662811279296875 135.1963043212890625 125.7049713134765625 117.90390777587890625 112.41413116455078125 110.567596435546875 114.48061370849609375 120.061614990234375 126.541168212890625 135.0908966064453125 143.9950714111328125 149.084686279296875 152.269775390625 153.1590728759765625 150.963775634765625 149.319610595703125 146.8953399658203125 144.65838623046875 142.966827392578125 140.9546661376953125 137.3542938232421875 131.6241607666015625 126.2034759521484375 122.40448760986328125 121.1272735595703125 124.2676849365234375 127.63600921630859375 128.34625244140625 128.1147003173828125 127.91779327392578125 126.25518798828125 124.00785064697265625 122.4341583251953125 120.34378814697265625 118.41652679443359375 116.73235321044921875 114.16663360595703125 111.52219390869140625 109.02149200439453125 106.79840850830078125 104.7656707763671875 102.8520355224609375 101.04969024658203125 99.380340576171875 97.87152862548828125 96.54228973388671875 95.3977508544921875 94.42945098876953125 93.6179046630859375 92.9366455078125 92.35622406005859375 91.846435546875 91.37725067138671875 90.918731689453125 90.44071197509765625 89.91324615478515625 89.30826568603515625 88.60149383544921875 87.77408599853515625 86.8132171630859375 85.71199798583984375 84.46880340576171875 83.0865478515625 81.571746826171875 79.93349456787109375 78.18236541748046875 76.32961273193359375 74.38680267333984375 72.365875244140625 70.2792205810546875 68.13957977294921875 65.95960235595703125 63.751438140869140625 61.526226043701171875 59.293704986572265625 57.06171417236328125 54.835765838623046875 52.6187744140625 50.411228179931640625 48.2116851806640625 46.01737213134765625 43.824626922607421875 41.629055023193359375 39.42569732666015625 37.209423065185546875 34.975772857666015625 32.722148895263671875 30.449071884155273438 28.160982131958007812 25.8661956787109375 23.575885772705078125 21.302614212036132812 19.059207916259765625 16.858282089233398438 14.711102485656738281 12.6229400634765625 10.580219268798828125 8.5019350051879882812 6.4311518669128417969 -1e100 -1e100 -1e100 -1e100
 -1e100 -1e100 -1e100 -1e100 -1e100 -1e100 -1e100 -1e100 -1e100 -1e100 -1e100 -1e100 -1e100 -1e100 -1e100 -1e100 -1e100 -1e100 2.4478433132171630859 5.4361472129821777344 8.3081951141357421875 11.061262130737304688 13.701333045959472656 16.25286865234375 18.758222579956054688 21.271633148193359375 23.852487564086914062 26.56014251708984375 29.452793121337890625 32.593109130859375 36.060207366943359375 39.959529876708984375 44.410854339599609375 49.485187530517578125 55.079402923583984375 60.772060394287109375 65.699920654296875 68.51865386962890625 67.5820770263671875 58.46366119384765625 43.74615478515625 32.4292755126953125 35.63222503662109375 49.11962127685546875 77.64705657958984375 108.5437164306640625 131.2155914306640625 133.368408203125 137.406158447265625 136.7161407470703125 133.015716552734375 124.84983062744140625 118.84203338623046875 114.96979522705078125 113.136138916015625 115.7555084228515625 122.3411407470703125 129.9726715087890625 138.61932373046875 146.34332275390625 148.9181671142578125 149.63427734375 148.467132568359375 145.0159454345703125 144.4465789794921875 143.9337158203125 142.6610107421875 142.1691741943359375 141.820587158203125 139.1602935791015625 133.602691650390625 129.021697998046875 124.68901824951171875 122.1794891357421875 124.7522125244140625 127.91483306884765625 128.6669921875 128.89166259765625 129.876861572265625 129.1328125 127.17284393310546875 125.7723846435546875 122.932464599609375 119.657562255859375 117.42714691162109375 114.65283966064453125 111.5043792724609375 108.7026519775390625 106.2569427490234375 103.98028564453125 101.85895538330078125 99.93090057373046875 98.22827911376953125 96.7642669677734375 95.5328826904296875 94.51629638671875 93.6911468505859375 93.03090667724609375 92.50716400146484375 92.09018707275390625 91.74886322021484375 91.451202392578125 91.16461181640625 90.8556365966796875 90.4905853271484375 90.03755950927734375 89.4690399169921875 88.76399993896484375 87.90882110595703125 86.89708709716796875 85.728668212890625 84.408660888671875 82.9460601806640625 81.35237884521484375 79.6401519775390625 77.82198333740234375 75.91019439697265625 73.91703033447265625 71.85500335693359375 69.7368621826171875 67.5753173828125 65.3826446533203125 63.170192718505859375 60.94799041748046875 58.724170684814453125 56.50438690185546875 54.29141998291015625 52.085277557373046875 49.883632659912109375 47.6825103759765625 45.476718902587890625 43.2601165771484375 41.0258331298828125 38.766727447509765625 36.4763336181640625 34.15019989013671875 31.78733062744140625 29.391361236572265625 26.970916748046875 24.539051055908203125 22.11219024658203125 19.709270477294921875 17.350818634033203125 15.055714607238769531 12.832695960998535156 10.665920257568359375 8.5197896957397460938 6.4089145660400390625 -1e100 -1e100 -1e100 -1e100
 -1e100 -1e100 -1e100 -1e100 -1e100 -1e100 -1e100 -1e100 -1e100 -1e100 -1e100 -1e100 -1e100 -1e100 -1e100 -1e100 -1e100 -1e100 4.1464457511901855469 7.1607809066772460938 10.071572303771972656 12.865097999572753906 15.542386054992675781 18.131326675415039062 20.683490753173828125 23.265567779541015625 25.951051712036132812 28.813112258911132812 31.92108917236328125 35.3430938720703125 39.15390777587890625 43.43965911865234375 48.278564453125 53.6695404052734375 59.408466339111328125 64.9785003662109375 69.49558258056640625 71.84189605712890625 71.45264434814453125 65.9762725830078125 49.798091888427734375 39.517406463623046875 45.115787506103515625 57.20096588134765625 84.416656494140625 113.95906829833984375 132.115631103515625 130.0669708251953125 135.2085723876953125 134.055572509765625 131.3315277099609375 124.26886749267578125 119.88137054443359375 116.9045867919921875 115.33071136474609375 117.76673126220703125 125.17713165283203125 132.9827117919921875 141.543731689453125 146.3028717041015625 145.594482421875 143.96014404296875 141.0178070068359375 136.806915283203125 137.1520233154296875 138.1177825927734375 138.1725921630859375 139.2702484130859375 141.4915008544921875 141.006317138671875 136.7811126708984375 132.4349365234375 127.83512115478515625 124.2549896240234375 125.13211822509765625 127.32842254638671875 128.376007080078125 129.295318603515625 131.93170166015625 132.6638336181640625 131.624114990234375 130.64739990234375 126.8366851806640625 121.496826171875 117.87714385986328125 114.9168548583984375 111.02469635009765625 108.2998199462890625 105.62014007568359375 102.99222564697265625 100.58800506591796875 98.510986328125 96.794036865234375 95.4210968017578125 94.34720611572265625 93.52033233642578125 92.89389801025390625 92.4300537109375 92.09796905517578125 91.86937713623046875 91.71478271484375 91.6026611328125 91.4994049072265625 91.36914825439453125 91.174652099609375 90.8798828125 90.45349884033203125 89.871826171875 89.120208740234375 88.19280242919921875 87.0914154052734375 85.82403564453125 84.4029998779296875 82.8430328369140625 81.15927886962890625 79.3660736083984375 77.47663116455078125 75.503509521484375 73.4592132568359375 71.3563995361328125 69.207794189453125 67.02573394775390625 64.821868896484375 62.60662078857421875 60.388568878173828125 58.173671722412109375 55.964694976806640625 53.76116180419921875 51.559795379638671875 49.355190277099609375 47.140350341796875 44.907032012939453125 42.646038055419921875 40.347782135009765625 38.00334930419921875 35.6060028076171875 33.15291595458984375 30.646724700927734375 28.096361160278320312 25.517017364501953125 22.929567337036132812 20.359945297241210938 17.8376007080078125 15.390462875366210938 13.03408050537109375 10.760929107666015625 8.5494098663330078125 6.3886418342590332031 -1e100 -1e100 -1e100 -1e100
 -1e100 -1e100 -1e100 -1e100 -1e100 -1e100 -1e100 -1e100 -1e100 -1e100 -1e100 -1e100 -1e100 -1e100 -1e100 -1e100 -1e100 -1e100 5.81229400634765625 8.8354253768920898438 11.776020050048828125 14.593388557434082031 17.284053802490234375 19.881929397583007812 22.448312759399414062 25.061761856079101562 27.8087158203125 30.774671554565429688 34.038700103759765625 37.67336273193359375 41.748989105224609375 46.33422088623046875 51.4729156494140625 57.113037109375 62.998363494873046875 68.60825347900390625 73.21683502197265625 76.19977569580078125 76.9675140380859375 73.8001251220703125 57.326908111572265625 48.33769989013671875 55.122249603271484375 65.38861846923828125 90.35137176513671875 118.1296539306640625 131.2645416259765625 135.349517822265625 134.9049835205078125 133.1689453125 130.2151947021484375 123.6053009033203125 119.3333892822265625 117.4233245849609375 117.13140869140625 120.07647705078125 127.37100982666015625 134.814727783203125 142.5254058837890625 144.079132080078125 140.8517303466796875 137.306671142578125 133.26483154296875 129.650054931640625 131.11517333984375 132.30731201171875 133.068359375 134.8095550537109375 138.477752685546875 140.97393798828125 139.2729034423828125 136.6619415283203125 132.2041015625 128.1753692626953125 127.4178924560546875 127.91504669189453125 128.7150115966796875 130.264801025390625 133.406585693359375 134.9185638427734375 134.8841552734375 133.8840484619140625 129.7551422119140625 123.39189910888671875 119.05757904052734375 116.3050994873046875 112.3532257080078125 108.75914764404296875 105.15691375732421875 101.83815765380859375 99.01813507080078125 96.76708221435546875 95.068084716796875 93.849273681640625 93.00931549072265625 92.4474639892578125 92.0839996337890625 91.8655548095703125 91.759124755859375 91.740814208984375 91.78668212890625 91.8691253662109375 91.95584869384765625 92.009796142578125 91.990478515625 91.8573760986328125 91.574615478515625 91.11510467529296875 90.46266937255859375 89.61193084716796875 88.5670166015625 87.33953094482421875 85.9461517333984375 84.4058074951171875 82.73708343505859375 80.95656585693359375 79.0785675048828125 77.115936279296875 75.08106231689453125 72.98639678955078125 70.844512939453125 68.66780853271484375 66.4681854248046875 64.25659942626953125 62.042240142822265625 59.83155059814453125 57.627422332763671875 55.42894744873046875 53.231800079345703125 51.0289459228515625 48.811290740966796875 46.568084716796875 44.287357330322265625 41.956573486328125 39.5638580322265625 37.099700927734375 34.55905914306640625 31.943359375 29.261899948120117188 26.5324249267578125 23.78106689453125 21.041738510131835938 18.35366058349609375 15.754300117492675781 13.26699066162109375 10.891469001770019531 8.6089153289794921875 6.3931875228881835938 4.2092204093933105469 -1e100 -1e100 -1e100
 -1e100 -1e100 -1e100 -1e100 -1e100 -1e100 -1e100 -1e100 -1e100 -1e100 -1e100 -1e100 -1e100 -1e100 -1e100 -1e100 -1e100 4.3319940567016601562 7.4743804931640625 10.488849639892578125 13.443985939025878906 16.254514694213867188 18.925642013549804688 21.500391006469726562 24.048305511474609375 26.657230377197265625 29.42330169677734375 32.440792083740234375 35.79514312744140625 39.56095123291015625 43.803646087646484375 48.577350616455078125 53.90007781982421875 59.686214447021484375 65.6530914306640625 71.28720855712890625 75.96276092529296875 79.24480438232421875 81.2035980224609375 80.455047607421875 65.65997314453125 57.67104339599609375 63.60041046142578125 71.36338043212890625 91.8366241455078125 117.4609832763671875 128.0667724609375 132.992950439453125 133.751922607421875 131.88580322265625 128.4455108642578125 121.55504608154296875 117.507354736328125 116.53148651123046875 117.777984619140625 122.01792144775390625 128.9753875732421875 135.4252166748046875 141.719573974609375 140.9473724365234375 136.8915252685546875 133.2346343994140625 128.4324798583984375 125.73931121826171875 125.47461700439453125 124.6746826171875 125.35301971435546875 127.73770904541015625 133.1863250732421875 139.8873443603515625 142.26446533203125 142.0468292236328125 138.071868896484375 133.5289306640625 130.6189117431640625 128.8146820068359375 128.663970947265625 131.060211181640625 134.7563629150390625 136.78839111328125 137.5120697021484375 136.6381683349609375 132.30487060546875 125.4323272705078125 120.82369232177734375 117.79235076904296875 114.70233917236328125 109.42022705078125 104.480255126953125 100.33499908447265625 97.08788299560546875 94.70153045654296875 93.08902740478515625 92.112640380859375 91.59979248046875 91.3849029541015625 91.3475494384765625 91.4181060791015625 91.56365966796875 91.768768310546875 92.02007293701171875 92.2979278564453125 92.57398223876953125 92.81136322021484375 92.966796875 92.99486541748046875 92.85413360595703125 92.51299285888671875 91.952850341796875 91.16845703125 90.16641998291015625 88.96273040771484375 87.579498291015625 86.041107177734375 84.37061309814453125 82.58753204345703125 80.70760345458984375 78.74398040771484375 76.7088165283203125 74.61418914794921875 72.47235107421875 70.29561614990234375 68.09609222412109375 65.8852996826171875 63.673175811767578125 61.46688079833984375 59.269596099853515625 57.08003997802734375 54.892795562744140625 52.699016571044921875 50.48719024658203125 48.243679046630859375 45.953216552734375 43.599761962890625 41.1678619384765625 38.64469146728515625 36.0225372314453125 33.301361083984375 30.490917205810546875 27.611968994140625 24.696651458740234375 21.787519454956054688 18.933702468872070312 16.181793212890625 13.562457084655761719 11.080728530883789062 8.7181272506713867188 6.4402933120727539062 4.2039341926574707031 -1e100 -1e100 -1e100
 -1e100 -1e100 -1e100 -1e100 -1e100 -1e100 -1e100 -1e100 -1e100 -1e100 -1e100 -1e100 -1e100 -1e100 -1e100 -1e100 -1e100 5.9840159416198730469 9.2162723541259765625 12.227741241455078125 15.097935676574707031 17.840917587280273438 20.454618453979492188 22.978443145751953125 25.483081817626953125 28.060598373413085938 30.811796188354492188 33.834583282470703125 37.215953826904296875 41.02886962890625 45.332736968994140625 50.169986724853515625 55.5412139892578125 61.342868804931640625 67.28894805908203125 72.9033050537109375 77.67572021484375 81.31256866455078125 83.57466888427734375 84.9273529052734375 69.603729248046875 60.9097900390625 64.81984710693359375 70.057159423828125 87.815093994140625 113.415191650390625 124.31090545654296875 130.9052581787109375 133.2330322265625 131.72454833984375 128.653717041015625 121.61750030517578125 118.02904510498046875 118.03376007080078125 119.8314208984375 124.5828094482421875 130.7938079833984375 135.3285980224609375 139.581298828125 136.894775390625 132.6161346435546875 128.570220947265625 123.41728973388671875 121.94216156005859375 120.82506561279296875 119.4312896728515625 120.55051422119140625 123.2146759033203125 129.69390869140625 138.5201873779296875 143.9686737060546875 145.88092041015625 142.4787445068359375 137.5950927734375 132.865936279296875 128.8283843994140625 127.75719451904296875 130.1272735595703125 134.3777313232421875 137.27911376953125 138.9590301513671875 139.0310516357421875 135.0008544921875 127.79547119140625 122.157745361328125 117.96056365966796875 113.9825439453125 108.23172760009765625 102.82743072509765625 98.27155303955078125 94.80655670166015625 92.40357208251953125 90.9853057861328125 90.3642578125 90.27820587158203125 90.48337554931640625 90.81908416748046875 91.20401763916015625 91.610107421875 92.03591156005859375 92.48398590087890625 92.94652557373046875 93.40134429931640625 93.81311798095703125 94.13623809814453125 94.31988525390625 94.3157196044921875 94.08599090576171875 93.608367919921875 92.87697601318359375 91.90087127685546875 90.7011566162109375 89.30664825439453125 87.7486572265625 86.055999755859375 84.25199127197265625 82.35418701171875 80.3761444091796875 78.32967376708984375 76.2262725830078125 74.07762908935546875 71.89569091796875 69.6926422119140625 67.480499267578125 65.2700958251953125 63.0694732666015625 60.882293701171875 58.70702362060546875 56.53713226318359375 54.361827850341796875 52.166904449462890625 49.935390472412109375 47.648181915283203125 45.285053253173828125 42.82628631591796875 40.255054473876953125 37.560420989990234375 34.740596771240234375 31.805799484252929688 28.780206680297851562 25.70244598388671875 22.623918533325195312 19.603242874145507812 16.695470809936523438 13.938279151916503906 11.34194183349609375 8.8889513015747070312 6.5405292510986328125 4.246826171875 -1e100 -1e100 -1e100
 -1e100 -1e100 -1e100 -1e100 -1e100 -1e100 -1e100 -1e100 -1e100 -1e100 -1e100 -1e100 -1e100 -1e100 -1e100 -1e100 -1e100 7.4616765975952148438 10.715224266052246094 13.742787361145019531 16.588792800903320312 19.277914047241210938 21.833288192749023438 24.301357269287109375 26.756345748901367188 29.292041778564453125 32.00927734375 35.00412750244140625 38.35979461669921875 42.143451690673828125 46.40683746337890625 51.18286895751953125 56.461360931396484375 62.1302642822265625 67.9052734375 73.33005523681640625 77.92353057861328125 81.33808135986328125 83.330352783203125 85.2933807373046875 70.4866485595703125 61.0140533447265625 63.705463409423828125 67.73482513427734375 83.93550872802734375 109.45508575439453125 120.90776824951171875 129.0818634033203125 134.009185791015625 133.0529937744140625 130.4198150634765625 124.5124359130859375 120.30019378662109375 120.33908843994140625 122.76189422607421875 127.185546875 131.716827392578125 134.9420928955078125 137.3029937744140625 133.2349090576171875 129.0998382568359375 123.9498748779296875 118.81096649169921875 118.4897918701171875 116.848724365234375 115.66155242919921875 117.01314544677734375 119.52719879150390625 126.45446014404296875 136.7721710205078125 144.01959228515625 147.8924102783203125 145.3672637939453125 139.8749847412109375 134.495269775390625 129.7268829345703125 127.74988555908203125 129.8961334228515625 134.03717041015625 136.915496826171875 138.933990478515625 138.991363525390625 135.34954833984375 128.529693603515625 122.53844451904296875 117.1240081787109375 111.6402435302734375 105.9537200927734375 100.72344207763671875 96.02925872802734375 92.4888458251953125 90.149932861328125 89.0159149169921875 88.86128997802734375 89.287567138671875 89.958984375 90.6815948486328125 91.3724822998046875 92.01795196533203125 92.6384124755859375 93.2570037841796875 93.87982177734375 94.49176025390625 95.05962371826171875 95.5357818603515625 95.86334991455078125 95.9854736328125 95.85620880126953125 95.44768524169921875 94.752227783203125 93.7811737060546875 92.56142425537109375 91.12999725341796875 89.52683258056640625 87.78800201416015625 85.941619873046875 84.00753021240234375 81.99982452392578125 79.92987823486328125 77.808380126953125 75.64611053466796875 73.454315185546875 71.24489593505859375 69.03028106689453125 66.82221221923828125 64.62978363037109375 62.457309722900390625 60.30316162109375 58.159740447998046875 56.014225006103515625 53.84947967529296875 51.644748687744140625 49.376453399658203125 47.01940155029296875 44.5487518310546875 41.942852020263671875 39.186862945556640625 36.27680206298828125 33.223308563232421875 30.0541534423828125 26.81467437744140625 23.564989089965820312 20.372890472412109375 17.301937103271484375 14.397442817687988281 11.675930023193359375 9.1226940155029296875 6.6972317695617675781 4.3445086479187011719 -1e100 -1e100 -1e100
 -1e100 -1e100 -1e100 -1e100 -1e100 -1e100 -1e100 -1e100 -1e100 -1e100 -1e100 -1e100 -1e100 -1e100 -1e100 -1e100 -1e100 8.7160692214965820312 11.985030174255371094 15.024411201477050781 17.859815597534179688 20.518743515014648438 23.035490036010742188 25.464910507202148438 27.884674072265625 30.38758087158203125 33.070049285888671875 36.021076202392578125 39.314868927001953125 43.008831024169921875 47.14553070068359375 51.750278472900390625 56.80730438232421875 62.20185089111328125 67.65045928955078125 72.69591522216796875 76.82698822021484375 79.65505218505859375 80.822174072265625 82.21857452392578125 68.18024444580078125 57.986309051513671875 60.2619476318359375 64.24755859375 80.37290191650390625 105.89597320556640625 118.50321197509765625 127.39931488037109375 133.032135009765625 133.164215087890625 131.34759521484375 127.2966156005859375 123.99652862548828125 124.0918121337890625 126.8454132080078125 129.83819580078125 132.2028656005859375 134.115081787109375 134.533905029296875 131.355712890625 128.9415283203125 124.47806549072265625 119.4903411865234375 118.444122314453125 114.16205596923828125 111.36661529541015625 112.0711669921875 115.2107696533203125 123.0924224853515625 134.3522491455078125 142.902313232421875 147.52685546875 145.8730316162109375 139.938690185546875 134.739532470703125 130.5381622314453125 128.2472381591796875 130.423614501953125 134.77392578125 137.55206298828125 138.955352783203125 138.59503173828125 135.0805511474609375 128.56256103515625 122.7364349365234375 117.04691314697265625 111.03423309326171875 104.75009918212890625 99.6730804443359375 94.5584564208984375 90.7832794189453125 88.36417388916015625 87.5359344482421875 87.9398651123046875 88.94031524658203125 90.082733154296875 91.15259552001953125 92.0889739990234375 92.9117889404296875 93.67295074462890625 94.4178314208984375 95.16455078125 95.90280914306640625 96.60044097900390625 97.20754241943359375 97.6605987548828125 97.8927764892578125 97.84778594970703125 97.49008941650390625 96.8087921142578125 95.81711578369140625 94.54862213134765625 93.0501556396484375 91.37223052978515625 89.559783935546875 87.646728515625 85.65569305419921875 83.6014251708984375 81.49481201171875 79.34548187255859375 77.1629486083984375 74.957244873046875 72.73961639404296875 70.5225982666015625 68.31879425048828125 66.13840484619140625 63.986576080322265625 61.86173248291015625 59.75533294677734375 57.652538299560546875 55.533061981201171875 53.37194061279296875 51.140399932861328125 48.807353973388671875 46.341793060302734375 43.716197967529296875 40.91094207763671875 37.919322967529296875 34.752197265625 31.441009521484375 28.03783416748046875 24.611522674560546875 21.239305496215820312 17.994211196899414062 14.930830955505371094 12.073978424072265625 9.41413116455078125 6.9105906486511230469 4.502460479736328125 -1e100 -1e100 -1e100
 -1e100 -1e100 -1e100 -1e100 -1e100 -1e100 -1e100 -1e100 -1e100 -1e100 -1e100 -1e100 -1e100 -1e100 -1e100 -1e100 6.1956171989440917969 9.7122755050659179688 12.996619224548339844 16.051809310913085938 18.894901275634765625 21.552043914794921875 24.06333160400390625 26.488605499267578125 28.905910491943359375 31.403568267822265625 34.069305419921875 36.980220794677734375 40.19687652587890625 43.763423919677734375 47.7120819091796875 52.0622100830078125 56.7960205078125 61.798923492431640625 66.78199005126953125 71.25310516357421875 74.58709716796875 76.20377349853515625 76.648284912109375 77.2093658447265625 60.75342559814453125 49.85773468017578125 52.7339935302734375 57.718463897705078125 77.11901092529296875 103.90810394287109375 117.78545379638671875 126.91887664794921875 133.0928192138671875 134.24212646484375 134.3514556884765625 132.3961334228515625 130.3809661865234375 130.496856689453125 132.0047760009765625 132.4477691650390625 131.88543701171875 131.951416015625 131.22137451171875 128.5941314697265625 127.18634033203125 123.570892333984375 119.66899871826171875 118.00853729248046875 113.89487457275390625 111.47124481201171875 111.52685546875 114.1182098388671875 121.535369873046875 131.70599365234375 140.45330810546875 144.648895263671875 143.3916473388671875 137.736114501953125 132.96630859375 129.9126434326171875 129.06536865234375 131.1990203857421875 135.6917724609375 138.6532440185546875 139.5212860107421875 139.4678192138671875 136.1598968505859375 129.2663421630859375 122.85167694091796875 117.059326171875 110.93151092529296875 104.96778106689453125 101.155731201171875 95.290924072265625 90.325225830078125 87.42328643798828125 86.892364501953125 87.98419952392578125 89.6083984375 91.1591949462890625 92.451995849609375 93.5035858154296875 94.39534759521484375 95.21747589111328125 96.0324249267578125 96.861297607421875 97.691497802734375 98.48815155029296875 99.19814300537109375 99.75140380859375 100.07047271728515625 100.08702850341796875 99.75577545166015625 99.06097412109375 98.017364501953125 96.6661376953125 95.06583404541015625 93.279571533203125 91.3627777099609375 89.35611724853515625 87.28537750244140625 85.166107177734375 83.00865936279296875 80.8214263916015625 78.6122283935546875 76.3893585205078125 74.16281890869140625 71.9448394775390625 69.7486572265625 67.5855560302734375 65.4615936279296875 63.375385284423828125 61.317638397216796875 59.271610260009765625 57.213802337646484375 55.1146240234375 52.939350128173828125 50.64992523193359375 48.207881927490234375 45.5785369873046875 42.736400604248046875 39.67132568359375 36.39412689208984375 32.939937591552734375 29.367795944213867188 25.755723953247070312 22.191410064697265625 18.759136199951171875 15.525156974792480469 12.525349617004394531 9.7581157684326171875 7.1829380989074707031 4.7283506393432617188 -1e100 -1e100 -1e100
 -1e100 -1e100 -1e100 -1e100 -1e100 -1e100 -1e100 -1e100 -1e100 -1e100 -1e100 -1e100 -1e100 -1e100 -1e100 -1e100 6.9205784797668457031 10.449558258056640625 13.754378318786621094 16.837560653686523438 19.711864471435546875 22.402568817138671875 24.951761245727539062 27.419857025146484375 29.881649017333984375 32.417598724365234375 35.103076934814453125 37.99921417236328125 41.1489105224609375 44.580028533935546875 48.312976837158203125 52.36086273193359375 56.7039642333984375 61.227031707763671875 65.63909912109375 69.452117919921875 72.0321502685546875 72.36569976806640625 72.13762664794921875 72.10037994384765625 56.3388824462890625 45.542774200439453125 49.43243408203125 56.635986328125 69.99391937255859375 103.9250030517578125 118.76631927490234375 127.916473388671875 134.0346527099609375 135.15966796875 135.9641571044921875 136.0640411376953125 134.54290771484375 134.3721160888671875 135.4708099365234375 132.5762176513671875 129.71710205078125 128.7344512939453125 127.92897796630859375 126.626007080078125 126.226226806640625 123.393707275390625 120.26535797119140625 117.89316558837890625 114.34595489501953125 112.83106231689453125 113.13311767578125 115.1786041259765625 120.90106964111328125 128.6488800048828125 136.2690277099609375 140.4656829833984375 140.5604248046875 136.287322998046875 132.8154296875 130.67010498046875 130.3474884033203125 132.38836669921875 136.3743133544921875 138.8307342529296875 138.736572265625 137.3131256103515625 133.8354644775390625 127.41846466064453125 121.3939208984375 116.62899017333984375 111.7064971923828125 106.50969696044921875 102.42714691162109375 95.60518646240234375 90.47174835205078125 87.39593505859375 87.44649505615234375 89.489288330078125 91.72293853759765625 93.47208404541015625 94.73604583740234375 95.69495391845703125 96.51241302490234375 97.306671142578125 98.13824462890625 99.01374053955078125 99.90627288818359375 100.772247314453125 101.5542755126953125 102.1769561767578125 102.55304718017578125 102.60149383544921875 102.2653961181640625 101.52266693115234375 100.3893585205078125 98.91551971435546875 97.173492431640625 95.2411346435546875 93.1858978271484375 91.0560302734375 88.8808441162109375 86.67673492431640625 84.45355987548828125 82.2182769775390625 79.9765472412109375 77.73426055908203125 75.4994964599609375 73.2836151123046875 71.100067138671875 68.96096038818359375 66.8731689453125 64.835693359375 62.8387603759765625 60.864025115966796875 58.884914398193359375 56.86695098876953125 54.76873016357421875 52.544017791748046875 50.145366668701171875 47.529315948486328125 44.66312408447265625 41.532314300537109375 38.147342681884765625 34.547214508056640625 30.798490524291992188 26.989427566528320312 23.219861984252929688 19.587491989135742188 16.172573089599609375 13.024770736694335938 10.154282569885253906 7.5225491523742675781 5.0340323448181152344 2.6085991859436035156 -1e100 -1e100
 -1e100 -1e100 -1e100 -1e100 -1e100 -1e100 -1e100 -1e100 -1e100 -1e100 -1e100 -1e100 -1e100 -1e100 -1e100 -1e100 7.4261898994445800781 10.9651947021484375 14.29788970947265625 17.42630767822265625 20.361215591430664062 23.126565933227539062 25.763261795043945312 28.32895660400390625 30.892557144165039062 33.524402618408203125 36.284984588623046875 39.216396331787109375 42.340606689453125 45.666156768798828125 49.198390960693359375 52.93973541259765625 56.86121368408203125 60.83475494384765625 64.5560302734375 67.53942108154296875 69.18636322021484375 68.81273651123046875 68.1848602294921875 67.8141632080078125 52.7772369384765625 42.98625946044921875 48.09677886962890625 56.777652740478515625 77.795562744140625 105.4754180908203125 121.3118743896484375 130.0870819091796875 135.7904052734375 136.3024139404296875 136.01776123046875 136.827117919921875 135.73931884765625 134.787811279296875 135.4444580078125 131.182037353515625 126.6275634765625 125.0701446533203125 124.9449310302734375 125.29465484619140625 126.22284698486328125 124.5070343017578125 121.76042938232421875 119.125701904296875 115.8730316162109375 114.71045684814453125 115.4227447509765625 117.47512054443359375 121.53942108154296875 126.61257171630859375 132.0122833251953125 135.4336395263671875 135.7411041259765625 132.9657440185546875 131.5543365478515625 130.482818603515625 130.9361572265625 133.446533203125 136.3286285400390625 138.0675201416015625 137.431854248046875 135.4117431640625 131.6657257080078125 126.2738494873046875 121.11287689208984375 117.33283233642578125 113.66489410400390625 108.78118133544921875 104.32244873046875 97.4646148681640625 92.7968292236328125 89.427337646484375 90.10974884033203125 93.16236114501953125 95.64768218994140625 97.109832763671875 97.96355438232421875 98.58618927001953125 99.2002105712890625 99.906646728515625 100.72940826416015625 101.637542724609375 102.57662200927734375 103.4891510009765625 104.31380462646484375 104.97289276123046875 105.37183380126953125 105.41703033447265625 105.03852081298828125 104.206634521484375 102.93890380859375 101.29590606689453125 99.36627197265625 97.24501800537109375 95.01332855224609375 92.7279052734375 90.42179107666015625 88.11226654052734375 85.80852508544921875 83.51572418212890625 81.2368011474609375 78.9744873046875 76.7341156005859375 74.52538299560546875 72.3612518310546875 70.25415802001953125 68.2115936279296875 66.233062744140625 64.3087921142578125 62.419464111328125 60.535888671875 58.6187744140625 56.61945343017578125 54.482257843017578125 52.148956298828125 49.565311431884765625 46.6895599365234375 43.501735687255859375 40.0115814208984375 36.2623748779296875 32.329257965087890625 28.312427520751953125 24.326009750366210938 20.483106613159179688 16.87900543212890625 13.578062057495117188 10.608359336853027344 7.9460625648498535156 5.4360499382019042969 2.9923870563507080078 -1e100 -1e100
 -1e100 -1e100 -1e100 -1e100 -1e100 -1e100 -1e100 -1e100 -1e100 -1e100 -1e100 -1e100 -1e100 -1e100 -1e100 -1e100 7.7747287750244140625 11.323973655700683594 14.694108009338378906 17.888225555419921875 20.915924072265625 23.798860549926757812 26.574871063232421875 29.297252655029296875 32.028133392333984375 34.8271026611328125 37.738704681396484375 40.78415679931640625 43.9619140625 47.25736236572265625 50.654811859130859375 54.137241363525390625 57.655879974365234375 61.066555023193359375 64.07489013671875 66.259796142578125 67.16063690185546875 66.36023712158203125 65.6530303955078125 65.17014312744140625 50.5587310791015625 40.69366455078125 45.707164764404296875 55.529296875 77.0692596435546875 106.154052734375 124.18538665771484375 133.0661773681640625 138.43377685546875 137.8433685302734375 136.3556060791015625 135.7291107177734375 135.0367889404296875 134.3295745849609375 134.272857666015625 130.1359710693359375 125.21887969970703125 122.5542755126953125 122.7816619873046875 124.57358551025390625 126.38909149169921875 125.45209503173828125 123.5040740966796875 121.0265350341796875 118.59716796875 118.399444580078125 119.65274810791015625 121.36603546142578125 123.7896270751953125 126.39875030517578125 130.146636962890625 132.158935546875 131.93499755859375 130.2392120361328125 129.7633514404296875 129.5656280517578125 131.3047027587890625 134.2392730712890625 135.814971923828125 136.88507080078125 136.1172332763671875 133.8048248291015625 130.2500457763671875 125.892364501953125 121.65810394287109375 119.13144683837890625 117.06170654296875 113.2363128662109375 108.748138427734375 102.4129791259765625 98.7266998291015625 96.5921173095703125 96.5892333984375 99.374603271484375 101.172515869140625 101.670135498046875 101.72870635986328125 101.8780364990234375 102.26831817626953125 102.9108123779296875 103.75553131103515625 104.7161712646484375 105.70444488525390625 106.65027618408203125 107.4932098388671875 108.15842437744140625 108.54715728759765625 108.55306243896484375 108.09128570556640625 107.12346649169921875 105.66936492919921875 103.80258941650390625 101.6315460205078125 99.27181243896484375 96.82080841064453125 94.34479522705078125 91.88065338134765625 89.446044921875 87.04875946044921875 84.6913604736328125 82.3732147216796875 80.09295654296875 77.8521881103515625 75.65792083740234375 73.52167510986328125 71.4554901123046875 69.46718597412109375 67.556976318359375 65.7158050537109375 63.92440032958984375 62.151981353759765625 60.355037689208984375 58.477420806884765625 56.45282745361328125 54.210170745849609375 51.6819305419921875 48.814968109130859375 45.58221435546875 41.992160797119140625 38.092975616455078125 33.969989776611328125 29.7376251220703125 25.52692413330078125 21.468317031860351562 17.671213150024414062 14.210143089294433594 11.134251594543457031 8.4836969375610351562 5.9570894241333007812 3.4771506786346435547 -1e100 -1e100
 -1e100 -1e100 -1e100 -1e100 -1e100 -1e100 -1e100 -1e100 -1e100 -1e100 -1e100 -1e100 -1e100 -1e100 -1e100 4.335845947265625 8.04607391357421875 11.6068115234375 15.024066925048828125 18.30365753173828125 21.454607009887695312 24.496006011962890625 27.462305068969726562 30.402736663818359375 33.37360382080078125 36.424777984619140625 39.58531951904296875 42.85495758056640625 46.206333160400390625 49.5965728759765625 52.97978973388671875 56.306179046630859375 59.494083404541015625 62.38127899169921875 64.701171875 66.13507080078125 66.378753662109375 65.07358551025390625 64.47371673583984375 64.12703704833984375 49.573940277099609375 39.634189605712890625 43.181652069091796875 52.496063232421875 74.44774627685546875 104.16283416748046875 124.53189849853515625 134.9305572509765625 140.3518218994140625 139.1602935791015625 136.48614501953125 134.85528564453125 134.167572021484375 133.9513397216796875 133.357330322265625 129.0999755859375 124.4441986083984375 121.31665802001953125 121.77947235107421875 124.0844573974609375 125.984283447265625 124.7433319091796875 123.04621124267578125 121.86618804931640625 121.10543060302734375 122.69500732421875 124.994293212890625 126.34194183349609375 127.34482574462890625 127.79488372802734375 129.68157958984375 131.4738311767578125 130.99786376953125 130.3499298095703125 130.7509307861328125 130.64788818359375 132.1693115234375 134.49365234375 134.570709228515625 134.3339996337890625 133.5595245361328125 131.626190185546875 128.5133819580078125 125.516693115234375 122.27082061767578125 120.2033538818359375 119.2849273681640625 117.302001953125 112.8887939453125 106.9619903564453125 104.1375274658203125 102.31689453125 102.2515869140625 105.27979278564453125 106.651519775390625 105.97920989990234375 105.26143646240234375 105.10723876953125 105.446533203125 106.17249298095703125 107.13840484619140625 108.20196533203125 109.25400543212890625 110.22628021240234375 111.07103729248046875 111.72289276123046875 112.07913970947265625 112.01712799072265625 111.43365478515625 110.280303955078125 108.58040618896484375 106.42465972900390625 103.947113037109375 101.2898406982421875 98.57073974609375 95.86740875244140625 93.22005462646484375 90.6449432373046875 88.14643096923828125 85.72270965576171875 83.3681182861328125 81.07598114013671875 78.84305572509765625 76.672576904296875 74.57364654541015625 72.5572052001953125 70.63112640380859375 68.79660797119140625 67.0462188720703125 65.362213134765625 63.7140045166015625 62.055278778076171875 60.322910308837890625 58.439022064208984375 56.317348480224609375 53.873897552490234375 51.0408477783203125 47.78153228759765625 44.102260589599609375 40.056789398193359375 35.74259185791015625 31.291151046752929688 26.853939056396484375 22.582244873046875 18.600461959838867188 14.984240531921386719 11.777581214904785156 9.2024898529052734375 6.6080198287963867188 4.0378174781799316406 -1e100 -1e100
 -1e100 -1e100 -1e100 -1e100 -1e100 -1e100 -1e100 -1e100 -1e100 -1e100 -1e100 -1e100 -1e100 -1e100 -1e100 4.6376543045043945312 8.3252820968627929688 11.896526336669921875 15.366806983947753906 18.746723175048828125 22.045881271362304688 25.281650543212890625 28.486328125 31.707021713256835938 34.996669769287109375 38.397891998291015625 41.925998687744140625 45.559680938720703125 49.24371337890625 52.900783538818359375 56.443035125732421875 59.771331787109375 62.7545013427734375 65.20145416259765625 66.86959075927734375 67.5489654541015625 67.15357208251953125 65.52208709716796875 64.79819488525390625 64.38440704345703125 51.13983917236328125 42.334468841552734375 46.20673370361328125 55.645977020263671875 76.79738616943359375 105.46389007568359375 125.181854248046875 135.055206298828125 140.1300048828125 138.9515533447265625 136.2642364501953125 135.248016357421875 135.0872650146484375 135.151702880859375 133.63385009765625 128.9767608642578125 123.69956207275390625 119.95784759521484375 120.908966064453125 123.85216522216796875 125.94533538818359375 125.12714385986328125 123.47943878173828125 122.81331634521484375 122.8675384521484375 125.06737518310546875 128.0871124267578125 129.8219757080078125 130.6165313720703125 130.3672027587890625 130.86737060546875 131.8087615966796875 131.3627471923828125 130.920196533203125 131.97796630859375 132.4782257080078125 133.303375244140625 134.747100830078125 133.58544921875 132.007080078125 131.0139007568359375 129.4347686767578125 126.961883544921875 125.07372283935546875 122.91393280029296875 121.426361083984375 120.85465240478515625 119.6181182861328125 116.6837005615234375 112.23619842529296875 109.68308258056640625 108.27858734130859375 107.718048095703125 109.19924163818359375 110.0807952880859375 108.77248382568359375 107.82018280029296875 107.87420654296875 108.506683349609375 109.55310821533203125 110.78249359130859375 112.00458526611328125 113.12957000732421875 114.1243438720703125 114.97084808349609375 115.614288330078125 115.93982696533203125 115.7998046875 115.066558837890625 113.6789093017578125 111.66568756103515625 109.1416168212890625 106.2766876220703125 103.250091552734375 100.2077178955078125 97.240997314453125 94.3916015625 91.670257568359375 89.07340240478515625 86.59122467041015625 84.21044921875 81.91747283935546875 79.7032012939453125 77.5665283203125 75.513763427734375 73.5544586181640625 71.69635009765625 69.941741943359375 68.285675048828125 66.7138519287109375 65.19853973388671875 63.69344329833984375 62.13011932373046875 60.418773651123046875 58.45545196533203125 56.135456085205078125 53.371433258056640625 50.113189697265625 46.36309051513671875 42.1810150146484375 37.67858123779296875 33.007175445556640625 28.342563629150390625 23.86295318603515625 19.7196044921875 16.012973785400390625 12.810072898864746094 10.146390914916992188 7.3214726448059082031 4.5946674346923828125 -1e100 -1e100
 -1e100 -1e100 -1e100 -1e100 -1e100 -1e100 -1e100 -1e100 -1e100 -1e100 -1e100 -1e100 -1e100 -1e100 -1e100 5.0319294929504394531 8.6888093948364257812 12.264214515686035156 15.786669731140136719 19.274183273315429688 22.738821029663085938 26.198099136352539062 29.684612274169921875 33.24642181396484375 36.93660736083984375 40.79395294189453125 44.822925567626953125 48.98259735107421875 53.188365936279296875 57.3220367431640625 61.241451263427734375 64.7811737060546875 67.74265289306640625 69.8886260986328125 70.9749298095703125 70.8466644287109375 69.60295867919921875 67.61940765380859375 66.62891387939453125 65.94355010986328125 56.466060638427734375 50.47321319580078125 55.565280914306640625 65.71970367431640625 84.44970703125 109.75920867919921875 127.28429412841796875 135.6132049560546875 139.3034210205078125 138.0474090576171875 135.9932861328125 135.9779052734375 137.6510162353515625 138.9547119140625 135.930145263671875 130.814056396484375 124.4147796630859375 118.745086669921875 119.6717529296875 122.655364990234375 124.54727935791015625 124.3532867431640625 123.55599212646484375 123.3020172119140625 123.6011199951171875 125.58725738525390625 128.2780609130859375 130.2225494384765625 131.394866943359375 132.120086669921875 133.3450927734375 134.871185302734375 136.3897857666015625 135.675384521484375 136.1541290283203125 136.3820953369140625 134.9339752197265625 134.9336395263671875 133.27362060546875 131.2932586669921875 130.2795867919921875 128.8737640380859375 127.3106842041015625 125.96237945556640625 124.440032958984375 123.5263824462890625 123.3622283935546875 122.60536956787109375 120.95647430419921875 118.12384033203125 115.3326263427734375 113.488616943359375 112.27332305908203125 111.30860137939453125 110.72454833984375 110.15048980712890625 109.361480712890625 110.1530914306640625 111.309356689453125 112.93268585205078125 114.55571746826171875 115.96167755126953125 117.149017333984375 118.17392730712890625 119.0563507080078125 119.73667144775390625 120.07076263427734375 119.8725128173828125 118.97955322265625 117.31270599365234375 114.90911102294921875 111.918975830078125 108.56551361083984375 105.08275604248046875 101.65645599365234375 98.39502716064453125 95.33744049072265625 92.48097991943359375 89.80585479736328125 87.28751373291015625 84.90071868896484375 82.62277984619140625 80.43865203857421875 78.3439788818359375 76.34345245361328125 74.44585418701171875 72.6584625244140625 70.98406982421875 69.42050933837890625 67.95903778076171875 66.578765869140625 65.2381591796875 63.867084503173828125 62.364406585693359375 60.605716705322265625 58.459957122802734375 55.81293487548828125 52.594730377197265625 48.800952911376953125 44.49776458740234375 39.8126373291015625 34.918727874755859375 30.017179489135742188 25.311962127685546875 20.974622726440429688 17.112895965576171875 13.742611885070800781 10.767217636108398438 7.8354268074035644531 5.006923675537109375 -1e100 -1e100
 -1e100 -1e100 -1e100 -1e100 -1e100 -1e100 -1e100 -1e100 -1e100 -1e100 -1e100 -1e100 -1e100 -1e100 1.8673530817031860352 5.5807700157165527344 9.1939630508422851562 12.760567665100097656 16.326784133911132812 19.92121124267578125 23.560613632202148438 27.264881134033203125 31.069887161254882812 35.0283203125 39.197498321533203125 43.616596221923828125 48.283092498779296875 53.138942718505859375 58.0694580078125 62.90999603271484375 67.45308685302734375 71.4525299072265625 74.628753662109375 76.690460205078125 77.39704132080078125 76.65582275390625 74.646759033203125 71.85870361328125 70.204559326171875 69.21253204345703125 63.6904296875 61.235626220703125 67.2538299560546875 77.49224090576171875 93.296630859375 114.00939178466796875 128.77008056640625 135.959381103515625 138.320068359375 136.8632049560546875 135.8075408935546875 137.078857421875 139.911468505859375 142.362457275390625 138.172332763671875 132.1705474853515625 124.4964599609375 117.51833343505859375 117.9206695556640625 120.229949951171875 121.76172637939453125 122.45761871337890625 122.5778045654296875 122.78125762939453125 122.736175537109375 124.2681884765625 126.1852264404296875 127.8605499267578125 129.7222747802734375 131.5242462158203125 133.6273193359375 136.136962890625 138.8190765380859375 138.5922393798828125 138.5207672119140625 138.416748046875 136.110443115234375 134.7701263427734375 132.954833984375 130.4609527587890625 129.4451751708984375 128.5491790771484375 127.75014495849609375 127.1354827880859375 126.19414520263671875 125.42608642578125 123.81847381591796875 123.36896514892578125 121.9669952392578125 119.64444732666015625 118.07517242431640625 116.5678558349609375 114.9521484375 113.307220458984375 112.00327301025390625 111.17958831787109375 110.70819091796875 112.1050262451171875 113.6641693115234375 116.15889739990234375 118.28505706787109375 119.8193817138671875 121.0460052490234375 122.1454315185546875 123.1490478515625 123.961761474609375 124.38958740234375 124.189178466796875 123.14786529541015625 121.16094970703125 118.27835845947265625 114.703033447265625 110.73760223388671875 106.6972198486328125 102.824249267578125 99.24750518798828125 95.995758056640625 93.03983306884765625 90.3300628662109375 87.8161468505859375 85.454071044921875 83.21006011962890625 81.06513214111328125 79.01572418212890625 77.0687713623046875 75.23384857177734375 73.5167999267578125 71.91873931884765625 70.4394073486328125 69.0777740478515625 67.82534027099609375 66.65313720703125 65.4957275390625 64.242218017578125 62.744701385498046875 60.838024139404296875 58.370098114013671875 55.241851806640625 51.438480377197265625 47.032867431640625 42.170024871826171875 37.046382904052734375 31.888525009155273438 26.923614501953125 22.337543487548828125 18.233667373657226562 14.602841377258300781 11.3328704833984375 8.2255697250366210938 5.2415280342102050781 -1e100 -1e100
 -1e100 -1e100 -1e100 -1e100 -1e100 -1e100 -1e100 -1e100 -1e100 -1e100 -1e100 -1e100 -1e100 -1e100 2.6754262447357177734 6.3227329254150390625 9.8746385574340820312 13.413563728332519531 17.00905609130859375 20.703699111938476562 24.520412445068359375 28.48309326171875 32.633510589599609375 37.032711029052734375 41.74671173095703125 46.819995880126953125 52.247890472412109375 57.958728790283203125 63.808254241943359375 69.58141326904296875 74.9969482421875 79.716888427734375 83.3684844970703125 85.58452606201171875 86.0652618408203125 84.67707061767578125 81.857208251953125 78.68721771240234375 75.9427642822265625 74.57471466064453125 72.93379974365234375 74.17943572998046875 82.26178741455078125 92.831024169921875 105.30646514892578125 120.64937591552734375 131.2304840087890625 136.2617645263671875 137.4456939697265625 136.454681396484375 136.396942138671875 138.274139404296875 141.3733673095703125 144.0618438720703125 138.6027069091796875 131.8858795166015625 123.4467010498046875 115.4383697509765625 115.714996337890625 117.61231231689453125 119.10112762451171875 121.04759979248046875 121.6761016845703125 121.863128662109375 121.5715484619140625 122.1451416015625 123.42563629150390625 124.65927886962890625 126.86072540283203125 129.4707794189453125 131.79925537109375 134.8711700439453125 138.2279510498046875 138.3107757568359375 138.258453369140625 138.586700439453125 136.3053741455078125 134.8015289306640625 133.0936431884765625 130.5316925048828125 129.1502685546875 128.30584716796875 127.51738739013671875 126.92486572265625 126.3050689697265625 125.83115386962890625 123.9499359130859375 123.3939208984375 122.426177978515625 120.26383209228515625 118.86013031005859375 117.9031829833984375 116.4529876708984375 114.37401580810546875 112.38845062255859375 111.21143341064453125 111.1678009033203125 112.7686309814453125 115.0263671875 119.1107940673828125 121.7545166015625 123.25182342529296875 124.508758544921875 125.790802001953125 127.05886077880859375 128.1485443115234375 128.7978668212890625 128.6832275390625 127.52306365966796875 125.178436279296875 121.71721649169921875 117.41739654541015625 112.69610595703125 107.98541259765625 103.60668182373046875 99.71221923828125 96.308837890625 93.32122039794921875 90.648895263671875 88.1995086669921875 85.9015350341796875 83.70943450927734375 81.60610198974609375 79.59732818603515625 77.6991729736328125 75.9243927001953125 74.27492523193359375 72.745269775390625 71.33434295654296875 70.05094146728515625 68.9064788818359375 67.8967742919921875 66.97150421142578125 66.01161956787109375 64.84188079833984375 63.25304412841796875 61.03850555419921875 58.055889129638671875 54.2773590087890625 49.784961700439453125 44.743896484375 39.375652313232421875 33.932933807373046875 28.66555023193359375 23.773332595825195312 19.361963272094726562 15.420757293701171875 11.842135429382324219 8.4783201217651367188 5.2587561607360839844 -1e100 -1e100
 -1e100 -1e100 -1e100 -1e100 -1e100 -1e100 -1e100 -1e100 -1e100 -1e100 -1e100 -1e100 -1e100 -1e100 3.7013533115386962891 7.2750453948974609375 10.745012283325195312 14.234080314636230469 17.84210205078125 21.62815093994140625 25.619876861572265625 29.84539031982421875 34.3540496826171875 39.218601226806640625 44.5184478759765625 50.308940887451171875 56.588970184326171875 63.277835845947265625 70.2036285400390625 77.09908294677734375 83.6047821044921875 89.2884521484375 93.68744659423828125 96.365814208984375 96.9613037109375 95.22827911376953125 91.2072906494140625 87.70557403564453125 83.97652435302734375 82.02190399169921875 83.66532135009765625 87.45304107666015625 96.17855072021484375 106.4198150634765625 115.17906951904296875 125.487548828125 132.8405914306640625 136.1204376220703125 136.885833740234375 136.4425048828125 137.307525634765625 138.7043609619140625 142.34814453125 144.485504150390625 137.8454132080078125 131.3113861083984375 123.805572509765625 115.1732025146484375 114.98838043212890625 116.9775390625 118.02281951904296875 120.23614501953125 121.0961151123046875 120.71189117431640625 119.79453277587890625 119.244781494140625 119.98226165771484375 121.23272705078125 123.29856109619140625 126.268798828125 128.8757781982421875 131.9081268310546875 135.89093017578125 137.4979248046875 138.6310882568359375 139.3527679443359375 137.6610565185546875 136.117034912109375 133.3496551513671875 131.04833984375 129.5329132080078125 128.393768310546875 127.503326416015625 127.03945159912109375 126.67023468017578125 126.36818695068359375 124.592559814453125 123.92819976806640625 122.8695526123046875 120.7231597900390625 119.480682373046875 118.85546112060546875 118.03928375244140625 116.5311431884765625 114.26409912109375 112.8232574462890625 113.04593658447265625 114.59554290771484375 117.12665557861328125 121.90474700927734375 124.66730499267578125 125.8159942626953125 127.21376800537109375 128.8931732177734375 130.613311767578125 132.1499786376953125 133.1723480224609375 133.2515869140625 132.019439697265625 129.289642333984375 125.14789581298828125 119.96837615966796875 114.32668304443359375 108.82305145263671875 103.88867950439453125 99.70226287841796875 96.23076629638671875 93.3216705322265625 90.79193878173828125 88.484832763671875 86.29253387451171875 84.16170501708984375 82.0893707275390625 80.10491943359375 78.2437286376953125 76.5239410400390625 74.9385528564453125 73.466033935546875 72.099578857421875 70.86006927490234375 69.78778839111328125 68.92217254638671875 68.24448394775390625 67.62421417236328125 66.85443878173828125 65.6724395751953125 63.792144775390625 61.005153656005859375 57.27405548095703125 52.698699951171875 47.468486785888671875 41.830684661865234375 36.06481170654296875 30.446002960205078125 25.192564010620117188 20.420225143432617188 16.123296737670898438 12.201132774353027344 8.5227594375610351562 5.0088624954223632812 -1e100 -1e100
 -1e100 -1e100 -1e100 -1e100 -1e100 -1e100 -1e100 -1e100 -1e100 -1e100 -1e100 -1e100 -1e100 -1e100 4.9450678825378417969 8.4435510635375976562 11.811299324035644531 15.2316436767578125 18.839969635009765625 22.711095809936523438 26.871999740600585938 31.353059768676757812 36.211883544921875 41.535907745361328125 47.422824859619140625 53.94499969482421875 61.111339569091796875 68.83769989013671875 76.927703857421875 85.0621337890625 92.803466796875 99.62957763671875 105.00042724609375 108.4304046630859375 109.5208740234375 107.95838165283203125 103.61125946044921875 99.478515625 94.10886383056640625 91.1210479736328125 92.3995361328125 95.9240875244140625 103.0659027099609375 111.7864990234375 118.8053131103515625 126.156158447265625 132.4757080078125 135.39837646484375 136.2241973876953125 136.431060791015625 137.8737335205078125 138.8791351318359375 141.4185638427734375 143.6549072265625 136.72174072265625 130.6101837158203125 124.70635223388671875 116.8592681884765625 116.64977264404296875 118.66872406005859375 119.36394500732421875 121.02142333984375 121.3966064453125 120.28002166748046875 118.52959442138671875 117.40113067626953125 117.81485748291015625 118.662139892578125 120.730743408203125 123.1483154296875 125.40312957763671875 127.79833221435546875 130.364959716796875 133.6709442138671875 136.8247528076171875 138.135650634765625 138.6050567626953125 137.5824127197265625 134.9139251708984375 131.26849365234375 129.5839385986328125 128.553192138671875 127.48110198974609375 126.90533447265625 126.75269317626953125 126.3460540771484375 124.28734588623046875 123.78960418701171875 122.86322021484375 120.8616943359375 120.17606353759765625 120.275726318359375 120.072174072265625 119.2797393798828125 117.557769775390625 116.21030426025390625 116.39471435546875 117.67791748046875 119.5488739013671875 123.512542724609375 125.96619415283203125 126.95069122314453125 128.9669952392578125 131.3463287353515625 133.6752166748046875 135.793914794921875 137.3366546630859375 137.7327880859375 136.5104827880859375 133.4053955078125 128.4972686767578125 122.2647247314453125 115.50264739990234375 109.06414031982421875 103.5378570556640625 99.13065338134765625 95.7377471923828125 93.0767669677734375 90.83203125 88.7540435791015625 86.69684600830078125 84.614288330078125 82.53957366943359375 80.546966552734375 78.70311737060546875 77.031982421875 75.5099029541015625 74.08209228515625 72.73009490966796875 71.489990234375 70.43677520751953125 69.68157958984375 69.2652740478515625 69.02294921875 68.7169189453125 68.03263092041015625 66.56710052490234375 64.003448486328125 60.31729888916015625 55.646327972412109375 50.2057342529296875 44.265163421630859375 38.13211822509765625 32.112415313720703125 26.448831558227539062 21.27271270751953125 16.587778091430664062 12.300826072692871094 8.2870025634765625 4.4595508575439453125 -1e100 -1e100
 -1e100 -1e100 -1e100 -1e100 -1e100 -1e100 -1e100 -1e100 -1e100 -1e100 -1e100 -1e100 -1e100 2.6218509674072265625 6.3969640731811523438 9.8322429656982421875 13.082444190979003906 16.429800033569335938 20.049402236938476562 24.008832931518554688 28.328809738159179688 33.0401458740234375 38.20958709716796875 43.94272613525390625 50.360935211181640625 57.560161590576171875 65.56632232666015625 74.29816436767578125 83.539337158203125 92.92179107666015625 101.93375396728515625 109.97090911865234375 116.42836761474609375 120.78450775146484375 122.598846435546875 121.403350830078125 116.8497467041015625 112.28331756591796875 105.6851043701171875 101.15012359619140625 100.355804443359375 101.926483154296875 107.4624786376953125 114.7186279296875 120.5813140869140625 126.2498931884765625 131.6329498291015625 133.6880035400390625 134.513092041015625 135.5640411376953125 137.4986419677734375 138.1947021484375 139.8808135986328125 140.7648468017578125 134.293701171875 129.1258544921875 124.84416961669921875 119.49086761474609375 120.09515380859375 121.5578155517578125 121.890106201171875 122.67067718505859375 122.33756256103515625 120.7903289794921875 118.81638336181640625 116.85858154296875 117.47621917724609375 116.7425689697265625 118.27826690673828125 119.9706878662109375 121.84283447265625 123.9454498291015625 125.5870361328125 129.7089691162109375 134.8659820556640625 136.772186279296875 138.86541748046875 138.9123382568359375 134.6042633056640625 131.8028411865234375 129.547088623046875 127.9940185546875 126.47017669677734375 125.56694793701171875 125.468414306640625 125.77967071533203125 124.68297576904296875 124.36187744140625 123.895721435546875 122.05516815185546875 121.50125885009765625 121.88683319091796875 121.99495697021484375 121.6956787109375 120.18340301513671875 118.79186248779296875 118.81552886962890625 119.45555877685546875 120.6611480712890625 123.69486236572265625 125.88600921630859375 127.3681640625 130.1613616943359375 133.2686004638671875 136.1143035888671875 138.8236846923828125 141.022064208984375 141.8903350830078125 140.846710205078125 137.46368408203125 131.7397003173828125 124.2464752197265625 116.0919952392578125 108.54134368896484375 102.411865234375 97.9270782470703125 94.8517303466796875 92.68253326416015625 90.89453887939453125 89.119354248046875 87.19176483154296875 85.10607147216796875 82.9647979736328125 80.9129791259765625 79.05879974365234375 77.4297027587890625 75.979522705078125 74.58802032470703125 73.2220611572265625 71.93981170654296875 70.8377838134765625 70.13574981689453125 69.9977569580078125 70.142486572265625 70.3227081298828125 70.2111358642578125 69.23760223388671875 66.88951873779296875 63.22110748291015625 58.435054779052734375 52.7599639892578125 46.48375701904296875 39.946308135986328125 33.488983154296875 27.383462905883789062 21.782299041748046875 16.703935623168945312 12.063154220581054688 7.7337794303894042969 3.6137442588806152344 -1e100 -1e100
 -1e100 -1e100 -1e100 -1e100 -1e100 -1e100 -1e100 -1e100 -1e100 -1e100 -1e100 -1e100 -1e100 4.157176971435546875 8.0079936981201171875 11.391444206237792969 14.557888984680175781 17.9070587158203125 21.589597702026367188 25.652252197265625 30.110345840454101562 34.99703216552734375 40.391788482666015625 46.42346954345703125 53.243167877197265625 60.9770965576171875 69.67542266845703125 79.2670745849609375 89.522857666015625 100.03314971923828125 110.21974945068359375 119.40378570556640625 126.92230224609375 132.2343292236328125 134.9303436279296875 134.5941619873046875 130.088592529296875 124.90240478515625 117.15557098388671875 110.779327392578125 107.44371795654296875 106.86498260498046875 111.21392822265625 117.25531768798828125 122.37042236328125 126.88918304443359375 131.10980224609375 131.5720062255859375 132.3660430908203125 133.84930419921875 136.399566650390625 137.703125 139.0997772216796875 138.2696685791015625 131.9568023681640625 127.56793212890625 124.2589569091796875 122.03636932373046875 117.16260528564453125 123.69390869140625 124.635040283203125 124.517730712890625 123.604217529296875 122.29450225830078125 120.31847381591796875 118.323944091796875 116.90003204345703125 116.86194610595703125 116.99571990966796875 117.3752288818359375 118.65355682373046875 120.6714019775390625 122.7626495361328125 127.734222412109375 134.649749755859375 137.1395721435546875 139.4789276123046875 139.8178863525390625 135.0215606689453125 132.4176788330078125 129.81298828125 127.595947265625 125.629974365234375 124.45893096923828125 124.16387176513671875 124.9446258544921875 126.5426788330078125 126.9066162109375 127.0017242431640625 125.916656494140625 124.2958526611328125 123.93605804443359375 124.11188507080078125 124.13906097412109375 122.94557952880859375 121.49590301513671875 120.879669189453125 120.51996612548828125 120.91500091552734375 123.260650634765625 125.517822265625 127.9633941650390625 131.2088775634765625 134.6854248046875 137.633880615234375 140.8169708251953125 143.8425140380859375 145.400146484375 144.8408355712890625 141.42584228515625 134.904541015625 125.8998565673828125 115.9765625 107.113800048828125 100.4241180419921875 96.09648895263671875 93.678436279296875 92.30144500732421875 91.13373565673828125 89.6829376220703125 87.82271575927734375 85.6407318115234375 83.34207916259765625 81.1664581298828125 79.267303466796875 77.66861724853515625 76.319061279296875 74.96625518798828125 73.56884002685546875 72.2346649169921875 71.0137481689453125 70.2623138427734375 70.4486846923828125 70.929229736328125 71.50675201416015625 71.97614288330078125 71.56389617919921875 69.40567779541015625 65.74134063720703125 60.83850860595703125 54.920501708984375 48.294475555419921875 41.339336395263671875 34.433216094970703125 27.880254745483398438 21.861066818237304688 16.414615631103515625 11.463033676147460938 6.8706426620483398438 2.5089347362518310547 -1e100 -1e100
 -1e100 -1e100 -1e100 -1e100 -1e100 -1e100 -1e100 -1e100 -1e100 -1e100 -1e100 -1e100 -1e100 5.8102936744689941406 9.4041929244995117188 12.863864898681640625 16.319131851196289062 19.868389129638671875 23.698749542236328125 27.873279571533203125 32.418636322021484375 37.378688812255859375 42.852611541748046875 48.998798370361328125 56.003940582275390625 64.03078460693359375 73.16118621826171875 83.343505859375 94.3472137451171875 105.73456573486328125 116.8736419677734375 127.01436614990234375 135.411712646484375 141.420013427734375 144.4689788818359375 143.9913787841796875 140.0914459228515625 134.44342041015625 125.9309539794921875 118.10870361328125 112.75736236572265625 110.41776275634765625 113.6977691650390625 119.3466339111328125 126.29770660400390625 93.70549774169921875 133.477325439453125 130.7404632568359375 130.5617828369140625 131.94500732421875 134.8810577392578125 137.5366058349609375 138.253265380859375 135.5081634521484375 129.5100555419921875 124.88808441162109375 122.20668792724609375 122.85895538330078125 124.56513214111328125 126.5439910888671875 126.775848388671875 126.0698699951171875 124.77664947509765625 123.5882415771484375 122.3553009033203125 120.57015228271484375 119.29668426513671875 118.72174072265625 118.15948486328125 117.26166534423828125 117.29726409912109375 118.9979095458984375 121.19060516357421875 125.89038848876953125 133.597747802734375 136.410888671875 138.757537841796875 139.24359130859375 135.60296630859375 133.0748291015625 130.6421356201171875 128.2635040283203125 126.54390716552734375 125.1163177490234375 124.3559112548828125 124.9312744140625 126.995635986328125 128.4613189697265625 129.3481597900390625 129.185821533203125 127.83119964599609375 126.51218414306640625 126.02950286865234375 125.93609619140625 125.32778167724609375 124.17008209228515625 122.91596221923828125 121.7068023681640625 121.0676116943359375 122.50543975830078125 124.97998046875 128.248321533203125 131.87078857421875 134.97357177734375 137.749267578125 141.2386932373046875 145.24090576171875 147.6914520263671875 148.1392059326171875 145.11944580078125 137.9678192138671875 127.24147796630859375 115.1338958740234375 104.83046722412109375 97.72838592529296875 93.8527374267578125 92.457550048828125 92.13515472412109375 91.6533050537109375 90.44164276123046875 88.53878021240234375 86.161346435546875 83.618560791015625 81.26206207275390625 79.27565765380859375 77.668731689453125 76.474395751953125 75.162841796875 73.72542572021484375 72.3965911865234375 71.0518341064453125 70.12207794189453125 70.75255584716796875 71.411346435546875 72.11212158203125 72.9115142822265625 72.97403717041015625 71.152740478515625 67.6063079833984375 62.663249969482421875 56.5383148193359375 49.5847015380859375 42.229339599609375 34.888820648193359375 27.905771255493164062 21.497289657592773438 15.728678703308105469 10.528429031372070312 5.7431735992431640625 1.2068821191787719727 -1e100 -1e100
 -1e100 -1e100 -1e100 -1e100 -1e100 -1e100 -1e100 -1e100 -1e100 -1e100 -1e100 -1e100 -1e100 8.2961826324462890625 11.899161338806152344 15.461061477661132812 19.0621490478515625 22.7987823486328125 26.760538101196289062 30.991527557373046875 35.514469146728515625 40.383327484130859375 45.721019744873046875 51.719966888427734375 58.606708526611328125 66.585723876953125 75.7785491943359375 86.16524505615234375 97.531402587890625 109.4334564208984375 121.20886993408203125 132.0510711669921875 141.126129150390625 147.6477813720703125 150.8127593994140625 149.4937896728515625 145.9010009765625 140.1588287353515625 131.1439666748046875 122.1801605224609375 115.46768951416015625 111.96834564208984375 114.480621337890625 120.243560791015625 125.82360076904296875 132.0888519287109375 132.3834686279296875 130.8548583984375 129.5031280517578125 130.4371185302734375 133.3687286376953125 137.07489013671875 136.7602691650390625 132.0461273193359375 126.1810760498046875 121.19934844970703125 118.91129302978515625 122.2550811767578125 125.6816558837890625 127.14519500732421875 127.44829559326171875 127.00269317626953125 125.9317626953125 125.09984588623046875 124.35889434814453125 123.0061187744140625 122.10064697265625 121.3515167236328125 120.77080535888671875 119.5682525634765625 118.74640655517578125 119.9905853271484375 122.0784912109375 124.95566558837890625 131.2853546142578125 134.2615203857421875 136.5910491943359375 137.528228759765625 136.1212005615234375 133.8345947265625 131.8097076416015625 129.369537353515625 127.75717926025390625 126.08252716064453125 124.8523406982421875 125.1622467041015625 127.22951507568359375 128.806793212890625 129.812408447265625 129.9917144775390625 128.6414794921875 127.37908935546875 126.83666229248046875 126.5931854248046875 126.013092041015625 124.46686553955078125 122.60886383056640625 120.90384674072265625 120.0005950927734375 121.21668243408203125 124.153656005859375 128.033355712890625 131.8036956787109375 134.6109466552734375 136.6707916259765625 139.9128570556640625 143.86865234375 147.800872802734375 149.9273223876953125 147.840728759765625 140.59222412109375 128.3209381103515625 113.930755615234375 102.3764190673828125 95.10582733154296875 91.7986297607421875 91.55088043212890625 92.2684478759765625 92.2942962646484375 91.1507110595703125 89.143768310546875 86.557525634765625 83.75115966796875 81.21881103515625 79.086151123046875 77.3759002685546875 76.29428863525390625 75.0058441162109375 73.5777740478515625 72.21996307373046875 71.1298065185546875 70.38761138916015625 71.09299468994140625 71.832489013671875 72.498199462890625 73.12383270263671875 73.12957000732421875 71.75235748291015625 68.69515228271484375 63.871814727783203125 57.6197052001953125 50.3894195556640625 42.66704559326171875 34.91538238525390625 27.5250091552734375 20.759677886962890625 14.717378616333007812 9.3323545455932617188 4.426116943359375 -0.2144187241792678833 -1e100 -1e100
 -1e100 -1e100 -1e100 -1e100 -1e100 -1e100 -1e100 -1e100 -1e100 -1e100 -1e100 -1e100 8.1229963302612304688 11.963518142700195312 15.714693069458007812 19.451946258544921875 23.234746932983398438 27.11919403076171875 31.14418792724609375 35.317646026611328125 39.649532318115234375 44.203388214111328125 49.127899169921875 54.651279449462890625 61.04175567626953125 68.54973602294921875 77.345367431640625 87.456024169921875 98.7068939208984375 110.6792755126953125 122.714080810546875 133.9757232666015625 143.548736572265625 150.5005645751953125 153.8680267333984375 152.548492431640625 149.16656494140625 143.2468414306640625 134.2258758544921875 124.772369384765625 117.39015960693359375 113.9355316162109375 116.14725494384765625 121.52851104736328125 127.19661712646484375 131.1102294921875 132.1580810546875 130.5116119384765625 128.7779693603515625 129.291961669921875 132.6549224853515625 135.9839019775390625 133.70068359375 128.091827392578125 122.0579986572265625 116.63127899169921875 116.2498016357421875 120.915283203125 124.278106689453125 126.15789031982421875 126.76876068115234375 126.84624481201171875 126.1447296142578125 125.77796173095703125 125.5604400634765625 124.89940643310546875 124.8351898193359375 124.81398773193359375 124.2852783203125 123.18961334228515625 121.7008056640625 121.88800811767578125 123.11248779296875 124.76686859130859375 129.2461395263671875 131.843414306640625 134.0924224853515625 135.577056884765625 135.6482696533203125 134.268341064453125 133.0531158447265625 130.9067840576171875 129.4269561767578125 127.53804779052734375 126.23491668701171875 126.2589263916015625 128.2984466552734375 130.077850341796875 130.9525909423828125 131.098541259765625 129.4976348876953125 127.92209625244140625 127.25428009033203125 127.15033721923828125 126.4613494873046875 124.6434783935546875 122.5886077880859375 120.41329193115234375 119.38333892822265625 120.43973541259765625 123.23160552978515625 127.22698974609375 131.0998687744140625 133.755767822265625 135.4250335693359375 137.369537353515625 140.6378173828125 145.52557373046875 148.6453704833984375 147.5724029541015625 141.5934906005859375 128.8291015625 114.19001007080078125 101.9344635009765625 94.4403839111328125 91.1352691650390625 91.27379608154296875 92.2795562744140625 92.239776611328125 91.187530517578125 89.273834228515625 86.684356689453125 83.79419708251953125 81.10684967041015625 78.78606414794921875 76.9546661376953125 75.73715972900390625 74.47826385498046875 73.20528411865234375 72.03570556640625 71.10869598388671875 70.56505584716796875 71.271575927734375 72.0229339599609375 72.6139373779296875 73.130126953125 73.0675506591796875 72.1209869384765625 69.41519927978515625 64.68688201904296875 58.354961395263671875 50.893115997314453125 42.8296966552734375 34.6794891357421875 26.89156341552734375 19.788877487182617188 13.509152412414550781 7.9913468360900878906 3.0245871543884277344 -1.6587845087051391602 -1e100 -1e100
 -1e100 -1e100 -1e100 -1e100 -1e100 -1e100 -1e100 -1e100 -1e100 -1e100 -1e100 -1e100 12.9182891845703125 17.072589874267578125 21.11957550048828125 25.116548538208007812 29.103654861450195312 33.10057830810546875 37.096057891845703125 41.061595916748046875 44.99652099609375 48.97597503662109375 53.174869537353515625 57.8560638427734375 63.329021453857421875 69.8935394287109375 77.7783355712890625 87.0763702392578125 97.67957305908203125 109.2302398681640625 121.1154937744140625 132.512298583984375 142.453216552734375 149.8604736328125 153.55120849609375 152.08599853515625 148.92205810546875 143.1595458984375 134.92498779296875 126.3347625732421875 119.257171630859375 116.44834136962890625 118.4690399169921875 123.04006195068359375 128.8096771240234375 131.8005523681640625 131.840087890625 129.9461822509765625 128.0651092529296875 128.7213134765625 132.2734832763671875 134.144805908203125 129.7783050537109375 123.80348968505859375 117.5700225830078125 112.4404449462890625 114.1392669677734375 118.96761322021484375 122.3912200927734375 124.71062469482421875 125.57024383544921875 126.07950592041015625 125.751220703125 125.32184600830078125 125.522918701171875 125.35103607177734375 126.477783203125 127.5085296630859375 127.95925140380859375 127.64056396484375 125.83112335205078125 125.02010345458984375 125.199493408203125 125.8829498291015625 128.529205322265625 129.941070556640625 131.83929443359375 133.5070953369140625 134.2237396240234375 134.50457763671875 134.3817596435546875 132.84918212890625 131.7664947509765625 129.8404998779296875 128.387603759765625 127.73095703125 128.879730224609375 130.6425018310546875 131.4611968994140625 131.6366729736328125 130.426422119140625 128.651123046875 128.01324462890625 127.93833160400390625 127.38603973388671875 125.92333221435546875 123.7568359375 121.19795989990234375 119.91921234130859375 120.272491455078125 122.3086395263671875 125.60102081298828125 129.16162109375 131.7498931884765625 133.420562744140625 135.3511962890625 138.3639678955078125 143.3726959228515625 146.729888916015625 146.3251800537109375 141.831787109375 129.72161865234375 115.3319854736328125 103.25130462646484375 95.222503662109375 91.2725830078125 90.83696746826171875 91.62023162841796875 91.80307769775390625 91.04198455810546875 89.3392181396484375 86.8749542236328125 84.07012939453125 81.29880523681640625 78.79769134521484375 76.76265716552734375 75.30841064453125 74.00872802734375 72.8782806396484375 71.90166473388671875 71.1551055908203125 70.75650787353515625 71.4442291259765625 72.1480255126953125 72.5900115966796875 72.8957061767578125 72.6909332275390625 72.0824432373046875 69.61589813232421875 65.239013671875 58.974140167236328125 51.347530364990234375 42.961597442626953125 34.40996551513671875 26.218492507934570312 18.784271240234375 12.289854049682617188 6.6747460365295410156 1.6866753101348876953 -3.0005125999450683594 -1e100 -1e100
 -1e100 -1e100 -1e100 -1e100 -1e100 -1e100 -1e100 -1e100 -1e100 -1e100 -1e100 -1e100 19.01764678955078125 23.669599533081054688 28.154764175415039062 32.50746917724609375 36.735843658447265625 40.812511444091796875 44.6794586181640625 48.2805938720703125 51.611064910888671875 54.75981903076171875 57.9258575439453125 61.402507781982421875 65.53797149658203125 70.68408203125 77.13848876953125 85.078338623046875 94.4896240234375 105.1126251220703125 116.427215576171875 127.67600250244140625 137.890594482421875 145.8738555908203125 150.14691162109375 148.9706573486328125 145.9562530517578125 140.6856842041015625 133.8251953125 126.661346435546875 120.6540679931640625 118.60239410400390625 120.80438995361328125 125.13170623779296875 130.676239013671875 132.251220703125 131.5869598388671875 128.9364013671875 126.90769195556640625 128.0565338134765625 131.3909912109375 131.1936798095703125 125.08814239501953125 118.93914031982421875 112.825286865234375 108.86394500732421875 112.69866180419921875 116.95938873291015625 119.88008880615234375 122.33248138427734375 123.3710784912109375 124.36794281005859375 124.6600189208984375 124.5598602294921875 124.81929779052734375 124.8702850341796875 126.6286773681640625 128.5728302001953125 130.016937255859375 131.0575714111328125 130.1229400634765625 128.8644561767578125 128.436859130859375 127.75308990478515625 128.6986541748046875 129.3482513427734375 130.6372833251953125 132.5239105224609375 133.714202880859375 134.8308868408203125 135.3143310546875 134.4650115966796875 133.4296875 131.6292724609375 130.3328094482421875 129.163665771484375 128.6746978759765625 129.4739990234375 129.8308868408203125 129.72393798828125 129.653045654296875 129.0099639892578125 128.9112396240234375 129.2255096435546875 128.9439544677734375 127.83197021484375 125.61229705810546875 122.22814178466796875 120.479766845703125 119.94361114501953125 120.8906402587890625 123.74518585205078125 126.77362823486328125 128.8308868408203125 130.1548919677734375 131.9815673828125 135.1815185546875 140.5280303955078125 144.3740234375 144.8226776123046875 140.7739105224609375 129.6796722412109375 116.27486419677734375 104.28639984130859375 95.6301116943359375 91.0443572998046875 90.188385009765625 90.8545379638671875 91.326507568359375 90.98096466064453125 89.5855255126953125 87.26895904541015625 84.45720672607421875 81.49755096435546875 78.7045135498046875 76.39102935791015625 74.6427001953125 73.28973388671875 72.28682708740234375 71.53301239013671875 71.037078857421875 70.918609619140625 71.49153900146484375 72.100616455078125 72.3584136962890625 72.38530731201171875 72.0405426025390625 71.49886322021484375 69.88689422607421875 65.89560699462890625 59.750274658203125 51.98732757568359375 43.293548583984375 34.3385162353515625 25.743291854858398438 17.988651275634765625 11.300963401794433594 5.613155364990234375 0.61597228050231933594 -4.0718817710876464844 -1e100 -1e100
 -1e100 -1e100 -1e100 -1e100 -1e100 -1e100 -1e100 -1e100 -1e100 -1e100 -1e100 20.682735443115234375 26.27278900146484375 31.593709945678710938 36.661678314208984375 41.470653533935546875 45.97998046875 50.111644744873046875 53.769397735595703125 56.87957000732421875 59.43881988525390625 61.54927825927734375 63.42833709716796875 65.3924102783203125 67.823455810546875 71.1263580322265625 75.676239013671875 81.7508544921875 89.454925537109375 98.66058349609375 108.98445892333984375 119.7865142822265625 130.14739990234375 138.8184661865234375 144.1432342529296875 143.6081390380859375 141.4384918212890625 137.09149169921875 132.2229461669921875 127.1722869873046875 122.73404693603515625 121.63117218017578125 124.0218048095703125 127.871368408203125 132.7909698486328125 133.76824951171875 133.04229736328125 129.6907501220703125 127.27944183349609375 128.25885009765625 130.945068359375 128.6869354248046875 121.95749664306640625 115.7470245361328125 109.7614898681640625 106.829620361328125 111.62227630615234375 115.12751007080078125 117.49749755859375 119.6785736083984375 121.143646240234375 122.478515625 123.52521514892578125 123.94132232666015625 124.15532684326171875 124.43024444580078125 126.2549591064453125 128.8215179443359375 131.1815948486328125 133.598785400390625 133.8908233642578125 133.0068817138671875 132.095489501953125 130.3360137939453125 129.647918701171875 128.942413330078125 129.1407623291015625 130.708099365234375 132.2457275390625 134.42230224609375 135.770599365234375 135.991790771484375 134.9066925048828125 132.982147216796875 131.6705780029296875 130.466156005859375 129.49169921875 129.5500640869140625 129.486846923828125 129.1142425537109375 129.3952789306640625 129.519927978515625 130.2366180419921875 131.1036224365234375 130.9935455322265625 130.1473236083984375 127.8364105224609375 123.6280059814453125 121.21572113037109375 119.78564453125 119.55324554443359375 121.89589691162109375 124.36775970458984375 125.99169921875 127.10774993896484375 128.2435760498046875 130.91619873046875 136.29461669921875 140.5633544921875 142.2743377685546875 139.2152557373046875 128.9111328125 116.02202606201171875 103.59630584716796875 94.73199462890625 90.07926177978515625 89.04840087890625 89.7998046875 90.71369171142578125 90.901702880859375 89.96195220947265625 87.90135955810546875 85.08957672119140625 81.93755340576171875 78.8885498046875 76.29767608642578125 74.29476165771484375 72.8545074462890625 71.87889862060546875 71.24199676513671875 70.89003753662109375 70.89891815185546875 71.29698944091796875 71.7042388916015625 71.7608795166015625 71.54639434814453125 71.09975433349609375 70.5633087158203125 69.74399566650390625 66.5363922119140625 60.697063446044921875 52.913982391357421875 43.97342681884765625 34.658077239990234375 25.70233917236328125 17.66634368896484375 10.819204330444335938 5.0867114067077636719 0.065236866474151611328 -4.6654353141784667969 -1e100 -1e100
 -1e100 -1e100 -1e100 -1e100 -1e100 -1e100 -1e100 -1e100 -1e100 -1e100 -1e100 27.940229415893554688 34.3970947265625 40.53301239013671875 46.309600830078125 51.663234710693359375 56.49596405029296875 60.68218994140625 64.09618377685546875 66.654266357421875 68.35649871826171875 69.3134002685546875 69.75103759765625 69.9976959228515625 70.46038055419921875 71.59383392333984375 73.8549957275390625 77.63516998291015625 83.1793975830078125 90.52175140380859375 99.45195770263671875 109.46952056884765625 119.63452911376953125 128.454681396484375 133.6799774169921875 134.2264404296875 134.105987548828125 130.9213714599609375 128.478729248046875 126.26871490478515625 124.15845489501953125 124.17431640625 126.493804931640625 129.4258575439453125 133.4913177490234375 134.5655059814453125 128.280731201171875 131.4034423828125 128.8619232177734375 129.621063232421875 131.4175567626953125 127.60898590087890625 120.79373931884765625 114.1654815673828125 108.0684967041015625 105.9210662841796875 110.45217132568359375 113.54144287109375 116.09029388427734375 118.30242919921875 120.33849334716796875 122.06618499755859375 123.58028411865234375 124.33083343505859375 124.35703277587890625 124.49581146240234375 126.170501708984375 128.818695068359375 131.4983978271484375 134.464080810546875 135.79742431640625 135.4449005126953125 134.7761993408203125 133.2472381591796875 131.8995513916015625 130.2042083740234375 129.645751953125 130.3271331787109375 132.0024261474609375 134.6795196533203125 136.52337646484375 137.485687255859375 136.496429443359375 134.623260498046875 133.1235504150390625 131.6209869384765625 130.177703857421875 129.7050323486328125 129.6334991455078125 129.5886688232421875 130.3391571044921875 131.159027099609375 132.4115753173828125 133.3982086181640625 133.4658203125 132.8063507080078125 130.10675048828125 125.37660980224609375 122.16092681884765625 119.77402496337890625 118.511688232421875 120.26250457763671875 122.262969970703125 123.51824951171875 124.8997650146484375 126.3090057373046875 128.6438446044921875 133.55682373046875 137.7818603515625 139.37530517578125 135.9542694091796875 125.7067413330078125 112.69371795654296875 99.65489959716796875 91.20122528076171875 87.56585693359375 87.55690765380859375 89.1155242919921875 90.70571136474609375 91.396087646484375 90.781036376953125 88.87310791015625 86.03835296630859375 82.7148284912109375 79.4124298095703125 76.53028106689453125 74.279937744140625 72.7104034423828125 71.7089080810546875 71.11127471923828125 70.819305419921875 70.80039215087890625 70.9807281494140625 71.12957000732421875 70.97623443603515625 70.529815673828125 70.022491455078125 69.4991607666015625 69.17151641845703125 67.04695892333984375 61.747356414794921875 54.13006591796875 45.081607818603515625 35.531253814697265625 26.322574615478515625 18.073148727416992188 11.105496406555175781 5.3772654533386230469 0.28671142458915710449 -4.5797152519226074219 -1e100 -1e100
 -1e100 -1e100 -1e100 -1e100 -1e100 -1e100 -1e100 -1e100 -1e100 -1e100 -1e100 35.565654754638671875 42.99806976318359375 50.05548858642578125 56.635623931884765625 62.60985565185546875 67.8224029541015625 72.10553741455078125 75.311065673828125 77.34896087646484375 78.22023773193359375 78.034881591796875 77.0138397216796875 75.48134613037109375 73.8544464111328125 72.627410888671875 72.33750152587890625 73.50002288818359375 76.5230712890625 81.635589599609375 88.84828948974609375 97.85495758056640625 107.6118927001953125 115.8379974365234375 120.66384124755859375 123.1504058837890625 124.34612274169921875 122.61757659912109375 122.527618408203125 123.057159423828125 123.78530120849609375 124.9822845458984375 126.944305419921875 129.5774078369140625 132.5216522216796875 133.369964599609375 133.99395751953125 131.7835845947265625 130.25372314453125 130.881561279296875 131.849517822265625 127.62982177734375 120.840728759765625 114.23859405517578125 108.25708770751953125 106.21509552001953125 109.8244476318359375 112.35240936279296875 115.060302734375 117.388671875 119.9306793212890625 122.11480712890625 123.9209136962890625 124.961700439453125 125.2878570556640625 125.537017822265625 127.25952911376953125 129.9026641845703125 132.596710205078125 134.3665008544921875 136.089874267578125 136.1582794189453125 135.7369842529296875 134.5687103271484375 133.9621734619140625 132.0082855224609375 130.568145751953125 129.9521484375 131.4620513916015625 133.8348846435546875 135.87255859375 138.049896240234375 137.769989013671875 136.0874786376953125 134.44146728515625 132.6271514892578125 130.775665283203125 129.7386016845703125 129.3000335693359375 129.4101715087890625 130.4681854248046875 131.8495941162109375 133.7936553955078125 135.1925506591796875 135.614776611328125 135.3109283447265625 132.96710205078125 128.2384185791015625 124.57753753662109375 121.4926605224609375 119.1086883544921875 119.7977142333984375 121.03604888916015625 121.7307891845703125 123.146270751953125 124.99925994873046875 127.75146484375 131.8363037109375 135.6880035400390625 136.5639495849609375 131.1635894775390625 120.1216278076171875 106.76123046875 93.4191741943359375 86.2983245849609375 84.84295654296875 86.91301727294921875 89.94553375244140625 92.181976318359375 92.96280670166015625 92.231292724609375 90.1089019775390625 86.99813079833984375 83.4222869873046875 79.88771820068359375 76.77927398681640625 74.41606903076171875 72.8280792236328125 71.81356048583984375 71.27167510986328125 71.04578399658203125 70.94431304931640625 70.89568328857421875 70.763916015625 70.33975982666015625 69.6298675537109375 69.00901031494140625 68.49834442138671875 68.116058349609375 67.30751800537109375 62.795124053955078125 55.603485107421875 46.682384490966796875 37.1210174560546875 27.824083328247070312 19.427324295043945312 12.325632095336914062 6.6822171211242675781 1.4286137819290161133 -3.7241988182067871094 -1e100 -1e100
 -1e100 -1e100 -1e100 -1e100 -1e100 -1e100 -1e100 -1e100 -1e100 -1e100 -1e100 43.137561798095703125 51.607555389404296875 59.652332305908203125 67.10511016845703125 73.77365875244140625 79.449005126953125 83.92761993408203125 87.04357147216796875 88.70078277587890625 88.895599365234375 87.7256927490234375 85.3894500732421875 82.18506622314453125 78.51566314697265625 74.89505767822265625 71.93355560302734375 70.2838134765625 70.55020904541015625 73.2001495361328125 78.5221099853515625 86.56716156005859375 96.28374481201171875 104.4948883056640625 110.21416473388671875 114.1280517578125 115.84323883056640625 115.5644378662109375 117.29245758056640625 119.96657562255859375 123.28778839111328125 125.219390869140625 126.50843048095703125 128.5108795166015625 130.170867919921875 131.3514404296875 132.517669677734375 132.280548095703125 131.8031463623046875 132.0187835693359375 132.0975189208984375 127.42150115966796875 121.090576171875 114.96955108642578125 109.04742431640625 107.02127838134765625 109.28726959228515625 111.13742828369140625 114.14844512939453125 117.20754241943359375 120.40753936767578125 123.15570831298828125 125.04402923583984375 126.14485931396484375 126.880615234375 127.6565093994140625 129.6083526611328125 132.421173095703125 135.108795166015625 136.3554229736328125 138.3492584228515625 138.349334716796875 137.7234039306640625 136.6383209228515625 135.625640869140625 133.098175048828125 131.0696563720703125 129.6538848876953125 130.42645263671875 132.5999603271484375 135.07568359375 137.8458709716796875 138.2849273681640625 136.8914337158203125 135.1397705078125 133.5001678466796875 131.783294677734375 130.5364532470703125 129.822601318359375 129.759765625 130.5065765380859375 132.2082366943359375 134.4646453857421875 136.240478515625 137.1151123046875 137.142913818359375 135.7445220947265625 132.3036041259765625 129.029388427734375 125.7258148193359375 122.30902862548828125 121.290618896484375 121.03116607666015625 120.76290130615234375 121.81497955322265625 123.76885986328125 126.486480712890625 129.8173980712890625 133.2483062744140625 132.923858642578125 125.38944244384765625 113.29904937744140625 99.61725616455078125 86.98465728759765625 82.26751708984375 83.9123382568359375 88.5693359375 93.08538055419921875 95.54909515380859375 95.69956207275390625 94.169097900390625 91.38849639892578125 87.84972381591796875 84.02242279052734375 80.3524627685546875 77.1545562744140625 74.7574462890625 73.2326507568359375 72.2476959228515625 71.7777252197265625 71.609222412109375 71.37245941162109375 71.072174072265625 70.640045166015625 69.92401123046875 68.939666748046875 68.13614654541015625 67.6155548095703125 67.1659698486328125 66.770050048828125 63.653656005859375 57.30075836181640625 48.862293243408203125 39.588504791259765625 30.407499313354492188 21.915863037109375 14.528026580810546875 9.0293426513671875 3.4213194847106933594 -2.1487510204315185547 -1e100 -1e100
 -1e100 -1e100 -1e100 -1e100 -1e100 -1e100 -1e100 -1e100 -1e100 -1e100 40.4083709716796875 50.203022003173828125 59.72939300537109375 68.79448699951171875 77.1732940673828125 84.617279052734375 90.87191009521484375 95.70404052734375 98.9329833984375 100.4552154541015625 100.255828857421875 98.4076690673828125 95.06682586669921875 90.47698211669921875 84.99237060546875 79.1144866943359375 73.5160369873046875 69.01502227783203125 66.48294830322265625 66.69379425048828125 70.16098785400390625 77.41146087646484375 86.53614044189453125 95.5188140869140625 103.21596527099609375 108.5123291015625 110.56087493896484375 111.52886199951171875 114.040374755859375 117.5286102294921875 122.54616546630859375 125.27970123291015625 126.2908172607421875 127.19121551513671875 127.91109466552734375 128.5973358154296875 130.22589111328125 131.62548828125 132.0895233154296875 132.0253753662109375 131.5591888427734375 126.6302642822265625 120.687408447265625 115.14858245849609375 109.930816650390625 107.9646759033203125 109.11141204833984375 110.71856689453125 114.08138275146484375 117.959381103515625 121.943572998046875 124.90655517578125 126.8176727294921875 127.88251495361328125 128.8169097900390625 130.183380126953125 132.3682098388671875 135.14459228515625 137.4744110107421875 137.5895843505859375 138.9283905029296875 138.562713623046875 137.719451904296875 137.1909027099609375 136.2728729248046875 133.605224609375 131.977508544921875 130.6910858154296875 130.9950408935546875 133.3035736083984375 135.68450927734375 137.9789581298828125 138.4031219482421875 137.4900970458984375 135.654754638671875 134.0015716552734375 132.5473175048828125 131.29180908203125 130.2475128173828125 130.134246826171875 130.6253509521484375 132.3892822265625 134.875335693359375 136.9001312255859375 138.2256622314453125 138.77703857421875 138.2766571044921875 136.5392913818359375 134.4168853759765625 131.4881439208984375 127.57635498046875 124.68029022216796875 122.445770263671875 120.4424896240234375 120.30255126953125 122.0264129638671875 124.5806732177734375 127.909820556640625 131.3621368408203125 129.6400909423828125 120.518646240234375 107.134307861328125 92.84130859375 81.68279266357421875 79.7404632568359375 84.65204620361328125 91.8310394287109375 97.5185089111328125 99.76213836669921875 98.7709197998046875 95.89858245849609375 92.105743408203125 87.95825958251953125 83.95783233642578125 80.3408660888671875 77.3214263916015625 75.204315185546875 73.9314117431640625 73.07730865478515625 72.67413330078125 72.4663238525390625 72.04126739501953125 71.45711517333984375 70.69925689697265625 69.686553955078125 68.46954345703125 67.43662261962890625 66.83837127685546875 66.393402099609375 66.31259918212890625 64.6248321533203125 59.304332733154296875 51.68210601806640625 43.004306793212890625 34.1819305419921875 25.783235549926757812 18.172515869140625 12.098931312561035156 6.0478072166442871094 -0.0020927942823618650436 -1e100 -1e100
 -1e100 -1e100 -1e100 -1e100 -1e100 -1e100 -1e100 -1e100 -1e100 -1e100 45.525463104248046875 56.326725006103515625 66.8916473388671875 76.985015869140625 86.33429718017578125 94.64511871337890625 101.6258697509765625 107.0191650390625 110.6314544677734375 112.35044097900390625 112.14539337158203125 110.05518341064453125 106.17501068115234375 100.66043853759765625 93.7686920166015625 85.9414825439453125 77.90047454833984375 70.68842315673828125 65.60701751708984375 63.926891326904296875 66.47162628173828125 72.432647705078125 80.5952301025390625 90.0047607421875 99.6052398681640625 106.9696197509765625 109.73407745361328125 111.1472320556640625 113.63092803955078125 116.49394989013671875 121.71459197998046875 124.97942352294921875 125.879058837890625 126.19724273681640625 126.33318328857421875 126.7059326171875 128.3619232177734375 130.2914276123046875 131.189056396484375 131.10198974609375 129.8928070068359375 124.79785919189453125 119.4700775146484375 114.802093505859375 110.96503448486328125 109.66086578369140625 110.0767059326171875 110.98175811767578125 119.574462890625 118.2417449951171875 122.97245025634765625 126.02547454833984375 128.0077972412109375 129.3591156005859375 130.7196197509765625 133.0461883544921875 135.539031982421875 137.9890594482421875 139.6918182373046875 138.3798980712890625 138.6402435302734375 137.714599609375 136.7409210205078125 136.41925048828125 135.832275390625 133.7481536865234375 132.65106201171875 131.89813232421875 132.269989013671875 134.4159393310546875 136.395294189453125 138.1507110595703125 138.3354339599609375 137.961212158203125 136.1205902099609375 134.41265869140625 133.093994140625 131.7677154541015625 130.5928497314453125 130.455902099609375 130.8746185302734375 132.4622802734375 135.0128021240234375 137.2945404052734375 139.0664215087890625 140.270660400390625 140.8934478759765625 140.7197418212890625 140.00323486328125 137.8448944091796875 133.907806396484375 129.2173614501953125 124.98172760009765625 120.9607391357421875 119.13503265380859375 120.3240203857421875 122.86065673828125 126.4810028076171875 130.05029296875 127.1326904296875 117.13315582275390625 102.83074188232421875 88.10040283203125 78.6548919677734375 79.0778045654296875 84.9644317626953125 94.34009552001953125 101.47602081298828125 103.05922698974609375 100.72913360595703125 96.50008392333984375 91.846588134765625 87.39490509033203125 83.48487091064453125 80.19924163818359375 77.60688018798828125 75.8955230712890625 74.9825592041015625 74.30934906005859375 73.92670440673828125 73.5801544189453125 72.90833282470703125 72.0302276611328125 70.9577484130859375 69.6900634765625 68.2984771728515625 67.0560150146484375 66.3035888671875 65.9222259521484375 65.7910614013671875 65.40958404541015625 61.449493408203125 55.012371063232421875 47.184253692626953125 38.896636962890625 30.7112274169921875 22.987941741943359375 16.042631149291992188 9.27829742431640625 2.5840213298797607422 -1e100 -1e100
 -1e100 -1e100 -1e100 -1e100 -1e100 -1e100 -1e100 -1e100 -1e100 -1e100 49.398406982421875 61.13518524169921875 72.6907196044921875 83.79996490478515625 94.15582275390625 103.429107666015625 111.29840087890625 117.4853515625 121.784393310546875 124.0751953125 124.31381988525390625 122.50579071044921875 118.673980712890625 112.84995269775390625 105.1286163330078125 95.818145751953125 85.6648712158203125 76.02674102783203125 68.90140533447265625 66.31114959716796875 66.2723236083984375 70.2261962890625 78.03314971923828125 88.41666412353515625 100.146148681640625 109.91385650634765625 113.99695587158203125 106.62914276123046875 117.2051849365234375 119.01627349853515625 123.374847412109375 126.26915740966796875 127.29328155517578125 127.03614044189453125 126.1466217041015625 126.21538543701171875 127.49456024169921875 128.9654998779296875 129.8866729736328125 129.406097412109375 127.0785980224609375 122.03688812255859375 117.75215911865234375 114.2658233642578125 112.4553985595703125 112.38722991943359375 112.61775970458984375 113.34966278076171875 115.64581298828125 119.95192718505859375 123.9417572021484375 126.9201812744140625 129.3199005126953125 131.0499420166015625 132.8037261962890625 135.6647796630859375 137.8440399169921875 139.41973876953125 140.60577392578125 139.845489501953125 139.5135345458984375 138.399932861328125 137.27508544921875 136.1305999755859375 134.8096771240234375 133.532989501953125 132.853759765625 132.8339080810546875 133.4758453369140625 135.147369384765625 136.84503173828125 138.1309051513671875 138.2946929931640625 138.196197509765625 136.4869384765625 134.752044677734375 133.38623046875 131.9604949951171875 130.810089111328125 130.8090667724609375 131.3115997314453125 132.835845947265625 135.12200927734375 137.362457275390625 139.283599853515625 140.828643798828125 142.250244140625 143.3779144287109375 143.8472900390625 142.71002197265625 139.2539215087890625 133.9051055908203125 127.89354705810546875 122.18825531005859375 118.56606292724609375 118.4740753173828125 120.80028533935546875 124.6501922607421875 128.309967041015625 125.15007781982421875 115.55983734130859375 101.585205078125 87.1252593994140625 79.135650634765625 80.42743682861328125 88.12728118896484375 97.192596435546875 103.04795074462890625 103.7154083251953125 100.364044189453125 95.426483154296875 90.47473907470703125 86.20403289794921875 82.778076171875 80.08860015869140625 78.09969329833984375 76.88031005859375 76.322784423828125 75.77783966064453125 75.30584716796875 74.7091522216796875 73.76856231689453125 72.64344024658203125 71.330322265625 69.95882415771484375 68.50531768798828125 67.08144378662109375 66.12579345703125 65.76541900634765625 65.66527557373046875 65.58744049072265625 63.560550689697265625 58.59197998046875 51.78106689453125 44.085079193115234375 36.077312469482421875 28.12085723876953125 20.423389434814453125 12.848005294799804688 5.3715991973876953125 -1e100 -1e100
 -1e100 -1e100 -1e100 -1e100 -1e100 -1e100 -1e100 -1e100 -1e100 -1e100 51.778354644775390625 64.35126495361328125 76.8254852294921875 88.91961669921875 100.3048858642578125 110.62603759765625 119.53508758544921875 126.73200225830078125 131.99908447265625 135.2149810791015625 136.338592529296875 135.3599395751953125 132.2321624755859375 126.827301025390625 118.98790740966796875 108.76235198974609375 96.88040924072265625 85.1660919189453125 77.0292510986328125 71.31391143798828125 68.13524627685546875 70.82680511474609375 79.1216888427734375 91.00577545166015625 104.93706512451171875 116.33831787109375 120.15847015380859375 121.3874359130859375 121.29676055908203125 122.4246978759765625 125.2547607421875 127.77423095703125 129.172088623046875 128.6864166259765625 127.3932342529296875 127.11234283447265625 127.68941497802734375 128.407562255859375 128.9121551513671875 127.6770172119140625 124.6488037109375 120.62435150146484375 116.76366424560546875 114.4378662109375 114.52698516845703125 115.1456298828125 115.9082794189453125 117.13942718505859375 119.3504791259765625 122.66889190673828125 125.98844146728515625 128.4061126708984375 131.1282501220703125 133.2181854248046875 134.962371826171875 137.4394378662109375 138.9187164306640625 139.3535614013671875 139.680816650390625 138.786224365234375 137.8285675048828125 137.55218505859375 137.080322265625 136.012237548828125 135.297637939453125 134.364013671875 133.7160491943359375 134.334442138671875 135.7086944580078125 137.030914306640625 138.327545166015625 139.26800537109375 138.8947906494140625 138.767578125 137.0615081787109375 135.1003265380859375 133.48797607421875 131.8726043701171875 130.813262939453125 131.024139404296875 131.69854736328125 133.1374969482421875 135.2053375244140625 137.169342041015625 138.9326019287109375 140.42669677734375 141.839935302734375 143.354278564453125 144.5495452880859375 144.445526123046875 142.12213134765625 137.3099517822265625 130.947784423828125 123.9722900390625 118.953155517578125 117.773468017578125 119.24432373046875 123.102752685546875 126.58563232421875 124.0709075927734375 115.890106201171875 103.2825469970703125 89.761962890625 82.24664306640625 82.50127410888671875 88.58434295654296875 96.32225799560546875 101.1942291259765625 101.0861358642578125 97.516510009765625 92.9009552001953125 88.31147003173828125 84.73097991943359375 82.150238037109375 80.16965484619140625 78.81280517578125 78.0754547119140625 77.6745452880859375 77.12160491943359375 76.462860107421875 75.5748748779296875 74.47100067138671875 73.263458251953125 71.83914947509765625 70.54679107666015625 69.1657257080078125 67.59195709228515625 66.42462921142578125 66.01926422119140625 65.97364044189453125 66.21059417724609375 65.8110809326171875 62.227825164794921875 56.449855804443359375 49.310581207275390625 41.420185089111328125 33.171489715576171875 24.795871734619140625 16.384088516235351562 8.0522670745849609375 -1e100 -1e100
 -1e100 -1e100 -1e100 -1e100 -1e100 -1e100 -1e100 -1e100 -1e100 39.46852874755859375 52.528644561767578125 65.8208160400390625 79.124969482421875 92.15552520751953125 104.5715179443359375 115.99456024169921875 126.04628753662109375 134.3990631103515625 140.8246612548828125 145.21832275390625 147.575714111328125 147.91015625 146.124114990234375 141.8966522216796875 134.6881103515625 124.05816650390625 110.66277313232421875 96.71038055419921875 85.17840576171875 76.2127227783203125 71.4806060791015625 74.25283050537109375 84.023956298828125 97.5951080322265625 111.6837921142578125 122.25391387939453125 125.2472686767578125 124.65641021728515625 123.92801666259765625 124.72306060791015625 126.47306060791015625 128.741302490234375 130.39166259765625 130.2901458740234375 129.0704345703125 128.6784820556640625 128.7074737548828125 128.53955078125 127.9013671875 126.05576324462890625 122.808135986328125 119.52093505859375 116.5256805419921875 115.24346923828125 116.79297637939453125 118.34980010986328125 119.78009033203125 121.73470306396484375 123.55133819580078125 125.5403594970703125 127.91060638427734375 129.8458709716796875 132.50885009765625 134.6812591552734375 136.2279052734375 137.9476318359375 138.7328948974609375 138.518890380859375 137.74163818359375 136.8804779052734375 136.0316314697265625 136.7058563232421875 137.380615234375 137.1764678955078125 136.8350372314453125 136.2187347412109375 134.98687744140625 134.980865478515625 136.9162139892578125 137.7913970947265625 138.8129730224609375 140.3109893798828125 139.9482879638671875 139.6405029296875 137.93914794921875 135.801422119140625 133.7186737060546875 131.7975921630859375 130.7874603271484375 131.1098175048828125 131.9027252197265625 133.29833984375 135.1033477783203125 136.743072509765625 138.156524658203125 139.4298553466796875 140.618255615234375 141.893798828125 143.182647705078125 143.69122314453125 142.6366119384765625 138.9708709716796875 133.596893310546875 126.82393646240234375 121.57924652099609375 119.7772674560546875 120.42755126953125 123.3442840576171875 125.8776702880859375 123.825897216796875 117.10802459716796875 106.05509185791015625 93.6963043212890625 85.8380126953125 84.0759735107421875 87.82195281982421875 93.68408203125 97.599639892578125 97.1999053955078125 93.8836517333984375 90.02176666259765625 86.271636962890625 83.5997314453125 81.90454864501953125 80.587646484375 79.67739105224609375 79.1840057373046875 78.7648773193359375 78.0684356689453125 77.20941925048828125 76.137939453125 75.0136871337890625 73.8866729736328125 72.56439971923828125 71.446868896484375 70.20156097412109375 68.59809112548828125 67.28298187255859375 66.73505401611328125 66.78849029541015625 67.03687286376953125 67.55451202392578125 65.5818634033203125 60.839092254638671875 54.226253509521484375 46.40520477294921875 37.826877593994140625 28.794374465942382812 19.544107437133789062 10.325107574462890625 -1e100 -1e100
 -1e100 -1e100 -1e100 -1e100 -1e100 -1e100 -1e100 -1e100 -1e100 38.1110076904296875 51.643096923828125 65.5343017578125 79.573150634765625 93.47710418701171875 106.8951263427734375 119.41910552978515625 130.6278533935546875 140.1575164794921875 147.7760772705078125 153.4248809814453125 157.186309814453125 159.148956298828125 159.1897125244140625 156.75347900390625 150.7653045654296875 139.946075439453125 124.79821014404296875 108.9535064697265625 94.34908294677734375 82.99515533447265625 77.58063507080078125 81.1916656494140625 92.36949920654296875 106.53279876708984375 118.43328094482421875 125.741485595703125 127.12078857421875 125.39685821533203125 124.500030517578125 126.35080718994140625 128.1613922119140625 130.3350677490234375 132.3510589599609375 132.700286865234375 131.1800689697265625 128.9664154052734375 126.23509979248046875 123.85993194580078125 122.2121734619140625 120.36072540283203125 118.761566162109375 117.89197540283203125 116.74269866943359375 116.92630767822265625 119.61640167236328125 122.018280029296875 124.041168212890625 125.85431671142578125 127.40950775146484375 128.2780914306640625 129.39422607421875 130.869537353515625 133.2263031005859375 135.0475006103515625 136.435394287109375 137.4265899658203125 137.60394287109375 137.044769287109375 136.002777099609375 135.1573333740234375 135.3005828857421875 137.2717132568359375 138.620880126953125 139.1301422119140625 138.8235931396484375 137.401580810546875 135.033203125 134.298553466796875 136.0884857177734375 136.943878173828125 138.182769775390625 140.5293731689453125 140.803497314453125 140.1950836181640625 138.5884857177734375 136.59393310546875 134.280120849609375 132.1842041015625 131.1264190673828125 131.2857666015625 131.9555511474609375 133.247528076171875 134.7077178955078125 136.133697509765625 137.249053955078125 138.2030487060546875 139.190948486328125 140.28472900390625 141.2946319580078125 141.9396820068359375 141.59613037109375 139.452606201171875 135.560821533203125 130.238555908203125 125.9831695556640625 123.72293853759765625 123.00017547607421875 124.29347991943359375 124.8324127197265625 122.94561004638671875 117.74981689453125 108.42145538330078125 97.39083099365234375 88.877288818359375 85.12842559814453125 86.78504180908203125 91.12933349609375 94.52640533447265625 94.22991180419921875 91.2591552734375 88.0327606201171875 85.1071319580078125 83.37631988525390625 82.38067626953125 81.44916534423828125 80.6659393310546875 80.02907562255859375 79.35062408447265625 78.50341033935546875 77.58805084228515625 76.533721923828125 75.5198822021484375 74.593536376953125 73.52776336669921875 72.6497955322265625 71.56960296630859375 70.0380096435546875 68.67139434814453125 67.95030975341796875 68.049224853515625 68.59588623046875 69.5344390869140625 68.676025390625 64.83211517333984375 58.65535736083984375 50.828220367431640625 41.866809844970703125 32.16294097900390625 22.067850112915039062 11.944428443908691406 -1e100 -1e100
 -1e100 -1e100 -1e100 -1e100 -1e100 -1e100 -1e100 -1e100 -1e100 35.376209259033203125 49.25786590576171875 63.641841888427734375 78.32834625244140625 93.0361328125 107.39349365234375 120.94412994384765625 133.2064208984375 143.77374267578125 152.4239349365234375 159.1822967529296875 164.2700958251953125 167.895782470703125 169.9002838134765625 169.4072723388671875 164.763946533203125 153.1599884033203125 138.00738525390625 121.559295654296875 105.50031280517578125 92.76111602783203125 87.10588836669921875 91.2833099365234375 102.4730682373046875 115.62354278564453125 124.42957305908203125 127.52436065673828125 126.4200897216796875 123.4232940673828125 122.33567047119140625 124.91585540771484375 127.58805084228515625 130.5629730224609375 133.5471954345703125 134.4337158203125 132.67230224609375 127.43184661865234375 121.36102294921875 116.9703369140625 114.4349517822265625 113.50618743896484375 115.142486572265625 117.92511749267578125 117.65325927734375 119.27646636962890625 122.37400054931640625 124.92285919189453125 127.21521759033203125 128.6667938232421875 129.994140625 130.00006103515625 130.425537109375 131.3493804931640625 133.290985107421875 134.785980224609375 135.76202392578125 135.936004638671875 135.9542083740234375 135.559295654296875 134.668853759765625 134.14501953125 135.4789581298828125 137.8646697998046875 139.918243408203125 141.131622314453125 141.1062164306640625 138.8418426513671875 134.8901824951171875 133.8768768310546875 135.1188201904296875 136.1932525634765625 138.3222503662109375 141.1852874755859375 141.230712890625 140.3754119873046875 138.9150848388671875 137.1059112548828125 134.9918060302734375 133.1270294189453125 132.0742034912109375 132.0055389404296875 132.406005859375 133.409149169921875 134.6533966064453125 135.9107818603515625 136.7834014892578125 137.460296630859375 138.1661834716796875 138.9614715576171875 139.73736572265625 140.3809814453125 141.894439697265625 139.5637969970703125 137.29632568359375 133.55157470703125 130.695556640625 128.609954833984375 126.5721588134765625 126.33238983154296875 125.0665435791015625 123.06233978271484375 118.86895751953125 110.78206634521484375 100.4626922607421875 90.91800689697265625 85.46002197265625 85.59323883056640625 89.01610565185546875 92.26961517333984375 92.2703399658203125 89.67586517333984375 86.8379364013671875 84.32497406005859375 82.894134521484375 82.09363555908203125 81.194244384765625 80.3906707763671875 79.9339141845703125 79.31443023681640625 78.4843292236328125 77.76373291015625 76.9168243408203125 76.08536529541015625 75.41533660888671875 74.68747711181640625 74.0465850830078125 73.1394500732421875 71.77032470703125 70.4407806396484375 69.60498046875 69.7010040283203125 70.50627899169921875 71.41294097900390625 71.603912353515625 68.45738983154296875 62.5538787841796875 54.599639892578125 45.1692352294921875 34.748569488525390625 23.787199020385742188 12.74077606201171875 -1e100 -1e100
 -1e100 -1e100 -1e100 -1e100 -1e100 -1e100 -1e100 -1e100 -1e100 31.510084152221679688 45.6501617431640625 60.45409393310546875 75.730316162109375 91.18087005615234375 106.3853302001953125 120.81233978271484375 133.903472900390625 145.2094879150390625 154.538330078125 162.033477783203125 168.0933685302734375 173.066070556640625 176.6729278564453125 177.4561920166015625 172.7498321533203125 162.730438232421875 149.1791534423828125 133.2069854736328125 116.76784515380859375 103.328033447265625 98.419342041015625 103.2437896728515625 113.87192535400390625 125.17269134521484375 129.97802734375 128.4940032958984375 124.61859130859375 120.33843994140625 119.06926727294921875 122.17559814453125 125.82108306884765625 129.3473052978515625 132.757415771484375 133.3750762939453125 130.62823486328125 123.57491302490234375 115.6858367919921875 110.3415069580078125 107.6361083984375 107.91524505615234375 113.123779296875 98.75140380859375 119.8943023681640625 121.87140655517578125 124.63875579833984375 127.11594390869140625 128.8922882080078125 129.376922607421875 130.158782958984375 129.8511962890625 130.0771331787109375 131.2640228271484375 133.232818603515625 134.433135986328125 134.9386138916015625 134.9966888427734375 134.9840850830078125 134.8235626220703125 134.257568359375 134.1104888916015625 136.1800537109375 138.72198486328125 141.3902587890625 143.6714630126953125 144.12969970703125 141.47381591796875 137.443603515625 136.23101806640625 136.60040283203125 137.5173797607421875 139.988311767578125 142.26312255859375 141.697479248046875 140.5965423583984375 139.195098876953125 137.4565582275390625 135.5093994140625 134.119415283203125 133.2806243896484375 133.241546630859375 133.747039794921875 134.6018829345703125 135.7113189697265625 136.8759613037109375 137.577301025390625 138.030120849609375 138.4287109375 138.7816314697265625 139.19842529296875 139.7434844970703125 139.920074462890625 139.530303955078125 138.6253204345703125 136.4534912109375 134.8028717041015625 133.404541015625 131.1324005126953125 129.6513671875 127.38722991943359375 125.35356903076171875 121.30173492431640625 113.4327545166015625 103.1605072021484375 92.5007781982421875 85.55694580078125 84.6090545654296875 87.3726043701171875 90.18668365478515625 90.557861328125 88.50220489501953125 85.872528076171875 83.840667724609375 82.978851318359375 82.126312255859375 81.01544952392578125 80.07852935791015625 79.614013671875 79.03827667236328125 78.35724639892578125 78.03063201904296875 77.3927459716796875 76.6466827392578125 76.16605377197265625 75.83821868896484375 75.39951324462890625 74.6957244873046875 73.5623626708984375 72.33902740478515625 71.45217132568359375 71.55112457275390625 72.59860992431640625 73.4397735595703125 74.36382293701171875 71.65924835205078125 65.870269775390625 57.65802764892578125 47.671169281005859375 36.47490692138671875 24.61556243896484375 12.626007080078125 -1e100 -1e100
 -1e100 -1e100 -1e100 -1e100 -1e100 -1e100 -1e100 -1e100 13.472310066223144531 26.865842819213867188 41.217525482177734375 56.423267364501953125 72.2836151123046875 88.443145751953125 104.3894805908203125 119.4869842529296875 133.090576171875 144.71832275390625 154.23052978515625 161.9084930419921875 168.3395843505859375 174.0601654052734375 178.7310638427734375 179.9592437744140625 176.772857666015625 169.8552093505859375 157.8287200927734375 142.2254180908203125 125.8538665771484375 112.73398590087890625 108.98043060302734375 114.60782623291015625 124.5168304443359375 132.9551849365234375 133.8717803955078125 128.9951019287109375 122.76387786865234375 117.608856201171875 116.63311004638671875 120.271148681640625 124.298187255859375 127.9402008056640625 131.28131103515625 130.9576568603515625 126.9213714599609375 118.20778656005859375 108.5049896240234375 102.5412750244140625 100.5456390380859375 102.7512969970703125 109.79266357421875 116.62352752685546875 120.43288421630859375 124.14591217041015625 126.4043121337890625 128.765411376953125 130.21875 129.43212890625 129.985992431640625 129.71820068359375 129.7426605224609375 131.2752532958984375 133.4042510986328125 134.633514404296875 135.12640380859375 135.291412353515625 135.289886474609375 135.178009033203125 135.086669921875 134.998748779296875 137.379302978515625 139.7946929931640625 142.8298492431640625 145.62725830078125 146.0536041259765625 142.7951812744140625 138.9571075439453125 137.8728485107421875 137.9738311767578125 139.4130859375 141.993804931640625 143.041839599609375 141.861053466796875 140.47381591796875 139.1178741455078125 137.592376708984375 136.1146697998046875 135.281707763671875 134.8296966552734375 135.0360260009765625 135.8624267578125 136.921722412109375 138.0886077880859375 139.3387451171875 139.9650421142578125 140.0909271240234375 140.1167755126953125 139.8460693359375 139.709014892578125 139.8284149169921875 139.65673828125 139.492950439453125 139.277862548828125 138.296112060546875 137.5255584716796875 136.9508056640625 134.7935791015625 132.7107696533203125 130.079742431640625 128.4322052001953125 124.50081634521484375 117.006134033203125 106.772186279296875 94.90911102294921875 86.3475494384765625 83.80918121337890625 85.331787109375 87.31352996826171875 87.89391326904296875 86.65450286865234375 84.6622314453125 83.402069091796875 83.13048553466796875 82.14838409423828125 80.67702484130859375 79.48621368408203125 78.9530487060546875 78.55962371826171875 78.2826995849609375 78.42775726318359375 78.0395050048828125 77.3398590087890625 76.945098876953125 76.88846588134765625 76.62390899658203125 76.09062957763671875 75.1869659423828125 74.11164093017578125 73.23973846435546875 73.33325958251953125 74.4487762451171875 75.23241424560546875 75.9219512939453125 74.07068634033203125 68.4393768310546875 59.938720703125 49.333621978759765625 37.30794525146484375 24.52483367919921875 11.586472511291503906 -1e100 -1e100
 -1e100 -1e100 -1e100 -1e100 -1e100 -1e100 -1e100 -1e100 8.5077381134033203125 21.873720169067382812 36.443889617919921875 52.101531982421875 68.6044464111328125 85.48433685302734375 102.0828399658203125 117.63166046142578125 131.3959197998046875 142.8774566650390625 152.01678466796875 159.23907470703125 165.2748565673828125 170.958953857421875 176.1888885498046875 178.043212890625 176.8808441162109375 172.14910888671875 161.3154296875 146.459381103515625 131.976348876953125 121.21826934814453125 118.74054718017578125 123.89287567138671875 131.2477874755859375 135.3205413818359375 133.5452423095703125 127.9490509033203125 121.51801300048828125 116.965606689453125 116.4606170654296875 119.496917724609375 123.2535858154296875 126.4155731201171875 128.193603515625 126.4873504638671875 121.02791595458984375 111.69264984130859375 102.78229522705078125 98.1372528076171875 97.71193695068359375 101.55503082275390625 109.9916534423828125 116.56264495849609375 122.20571136474609375 126.18459320068359375 127.73979949951171875 129.851409912109375 130.9045867919921875 129.406280517578125 130.0385284423828125 129.901153564453125 130.0575714111328125 131.991119384765625 134.149658203125 135.6653594970703125 136.2468109130859375 136.3196258544921875 136.192169189453125 135.8690643310546875 135.72869873046875 135.6605072021484375 137.5213623046875 139.2136993408203125 142.9503173828125 146.254364013671875 147.1764984130859375 143.880615234375 140.13763427734375 138.9376373291015625 139.0410003662109375 141.16796875 144.2628173828125 144.28912353515625 142.26434326171875 140.40936279296875 138.929046630859375 137.4655609130859375 136.5107574462890625 136.320709228515625 136.4173583984375 137.1676483154296875 138.4293212890625 139.79248046875 141.375823974609375 142.7674560546875 143.30194091796875 143.107513427734375 142.6002960205078125 141.697021484375 140.8252105712890625 140.395294189453125 139.8373565673828125 139.9148406982421875 140.152252197265625 139.474517822265625 139.0467987060546875 138.6884307861328125 136.464691162109375 134.2912139892578125 132.3876800537109375 131.8116302490234375 128.7386322021484375 122.298431396484375 112.5367584228515625 99.5047760009765625 88.91846466064453125 83.83284759521484375 83.04122161865234375 83.49139404296875 83.8338623046875 83.52593994140625 82.7254791259765625 82.48778533935546875 82.82219696044921875 81.865997314453125 80.116485595703125 78.709259033203125 78.19043731689453125 78.03176116943359375 78.1656951904296875 78.707550048828125 78.53163909912109375 77.89438629150390625 77.56044769287109375 77.63851165771484375 77.5200042724609375 77.13824462890625 76.40160369873046875 75.47237396240234375 74.67516326904296875 74.73459625244140625 75.80687713623046875 76.56719970703125 77.52948760986328125 75.83161163330078125 70.2594451904296875 61.414699554443359375 50.119892120361328125 37.217540740966796875 23.513059616088867188 9.6645879745483398438 -3.8982295989990234375 -1e100
 -1e100 -1e100 -1e100 -1e100 -1e100 -1e100 -1e100 -1e100 3.7173752784729003906 17.029499053955078125 31.867633819580078125 48.0672607421875 65.32955169677734375 82.99922943115234375 100.2090301513671875 116.02970123291015625 129.6281890869140625 140.504547119140625 148.74212646484375 154.9747772216796875 159.957122802734375 164.95849609375 170.1919708251953125 172.827301025390625 172.764404296875 168.9355926513671875 158.7186737060546875 145.516571044921875 134.11236572265625 126.34967803955078125 124.86542510986328125 128.71173095703125 133.0260009765625 133.7450714111328125 130.757965087890625 126.1076507568359375 121.38946533203125 118.3943328857421875 118.36446380615234375 120.759063720703125 123.45233154296875 125.25142669677734375 124.40554046630859375 120.7187957763671875 114.0116729736328125 105.61341094970703125 100.155303955078125 98.5663299560546875 100.1756591796875 104.81961822509765625 112.5168609619140625 118.4228973388671875 123.74762725830078125 127.598907470703125 128.54119873046875 130.2593231201171875 131.02984619140625 129.710357666015625 130.42401123046875 130.8018798828125 131.1851043701171875 133.3605499267578125 135.7445220947265625 137.2310028076171875 137.7713165283203125 137.8638153076171875 137.4964447021484375 136.8840789794921875 136.49017333984375 136.0783843994140625 136.8852386474609375 138.9552459716796875 143.6123199462890625 147.5052642822265625 149.6875152587890625 147.38037109375 143.048126220703125 140.85260009765625 140.656341552734375 142.2172088623046875 144.9424285888671875 145.2516937255859375 143.0304107666015625 140.8877716064453125 139.176055908203125 137.5949554443359375 136.9016265869140625 137.1182861328125 137.675811767578125 139.0742645263671875 140.9216766357421875 142.6342926025390625 144.538482666015625 146.1893310546875 146.6271820068359375 146.1030731201171875 145.1193695068359375 143.4979400634765625 141.7653656005859375 141.5206451416015625 141.4875640869140625 142.0594024658203125 142.8355255126953125 141.9052886962890625 140.4405975341796875 139.3057403564453125 137.1397857666015625 135.1902618408203125 134.4988861083984375 135.868133544921875 134.1728668212890625 129.057952880859375 120.47386932373046875 106.774322509765625 93.92156982421875 85.5829925537109375 81.4583740234375 79.58907318115234375 79.36614990234375 79.94385528564453125 80.47132110595703125 81.3233642578125 82.26910400390625 81.50069427490234375 79.70207977294921875 78.2103729248046875 77.65860748291015625 77.637176513671875 78.012054443359375 78.72386932373046875 78.63608551025390625 78.06278228759765625 77.77703857421875 77.912384033203125 77.91069793701171875 77.6708221435546875 77.0575103759765625 76.23653411865234375 75.50145721435546875 75.46703338623046875 76.41104888916015625 77.17311859130859375 77.89579010009765625 76.8771209716796875 71.36219024658203125 62.047077178955078125 49.949153900146484375 36.134967803955078125 21.571563720703125 6.9355268478393554688 -7.4522280693054199219 -1e100
 -1e100 -1e100 -1e100 -1e100 -1e100 -1e100 -1e100 -12.08345794677734375 -0.39422705769538879395 12.956172943115234375 28.043735504150390625 44.847736358642578125 63.017589569091796875 81.6037139892578125 99.45517730712890625 115.4490814208984375 128.620452880859375 138.4463043212890625 145.2841949462890625 150.316192626953125 154.5029144287109375 158.6992645263671875 162.970062255859375 165.0485992431640625 164.308807373046875 160.0455474853515625 150.9772491455078125 140.6512298583984375 132.878204345703125 128.5334625244140625 127.68544769287109375 129.753997802734375 131.05072021484375 128.90032958984375 125.6422119140625 123.3248443603515625 121.6041259765625 121.098297119140625 122.11449432373046875 123.90142059326171875 125.396697998046875 125.33965301513671875 121.29611968994140625 115.93534088134765625 108.95064544677734375 101.111114501953125 98.91629791259765625 99.83535003662109375 102.62955474853515625 107.24488067626953125 114.27379608154296875 119.50058746337890625 124.199432373046875 128.00640869140625 129.150360107421875 130.7723541259765625 131.611572265625 130.88201904296875 131.568145751953125 132.165008544921875 132.7626953125 135.0253448486328125 137.2585601806640625 138.6505126953125 139.225433349609375 139.350006103515625 138.67083740234375 137.8141326904296875 137.1608734130859375 135.706878662109375 135.692840576171875 139.0064239501953125 143.61004638671875 147.812042236328125 150.716400146484375 148.797027587890625 144.395111083984375 141.5943603515625 141.930389404296875 143.3849334716796875 145.056640625 146.181060791015625 143.8707275390625 141.4661712646484375 139.5534820556640625 137.98541259765625 137.469970703125 137.752716064453125 138.5159759521484375 140.226959228515625 142.36419677734375 144.4207916259765625 146.5991973876953125 148.51861572265625 149.1334381103515625 148.3953857421875 147.069580078125 145.0078277587890625 143.212860107421875 144.1429901123046875 145.1510467529296875 146.3823699951171875 147.4632568359375 145.304229736328125 142.49725341796875 140.385162353515625 137.8916778564453125 136.343170166015625 136.7388916015625 139.7872467041015625 139.8819122314453125 136.4801025390625 129.3773040771484375 115.51557159423828125 100.7408599853515625 89.28046417236328125 81.69947052001953125 77.4421234130859375 76.5035247802734375 77.5001220703125 78.947052001953125 80.5359649658203125 81.73474884033203125 81.20278167724609375 79.5353546142578125 78.03377532958984375 77.33014678955078125 77.2729644775390625 77.75930023193359375 78.43201446533203125 78.448577880859375 78.05236053466796875 77.8282012939453125 77.90496826171875 77.91898345947265625 77.70371246337890625 77.13764190673828125 76.36980438232421875 75.64386749267578125 75.43199920654296875 76.130035400390625 76.78157806396484375 77.2958831787109375 77.41754913330078125 71.71318817138671875 61.70282745361328125 48.6603851318359375 33.94673919677734375 18.687725067138671875 3.5101473331451416016 -11.461538314819335938 -1e100
 -1e100 -1e100 -1e100 -1e100 -1e100 -1e100 -1e100 -14.400712013244628906 -2.8718686103820800781 10.338545799255371094 25.514926910400390625 42.868030548095703125 62.10892486572265625 81.7739715576171875 100.3467559814453125 116.4926910400390625 129.0425262451171875 137.30682373046875 142.0162506103515625 145.4367828369140625 148.4287567138671875 151.133270263671875 153.3406524658203125 153.9070281982421875 151.538360595703125 146.8192901611328125 140.2251739501953125 134.006866455078125 130.3911895751953125 129.820648193359375 129.2256317138671875 128.53729248046875 126.33905792236328125 121.81020355224609375 118.95444488525390625 119.6151885986328125 121.24346160888671875 123.167510986328125 125.0566558837890625 126.12230682373046875 127.00157928466796875 126.119964599609375 119.919281005859375 113.98101806640625 106.79210662841796875 99.2695770263671875 99.57659149169921875 101.916046142578125 105.26593780517578125 109.54288482666015625 115.19384765625 119.679840087890625 124.05987548828125 127.9364471435546875 129.6494598388671875 131.31854248046875 132.0359344482421875 131.7265777587890625 132.3480377197265625 133.046295166015625 134.0514984130859375 136.304351806640625 138.56646728515625 140.002227783203125 140.3424072265625 140.3170623779296875 139.2145233154296875 137.994171142578125 137.018310546875 134.6553955078125 134.0287017822265625 136.9189605712890625 140.7222900390625 145.1153564453125 148.900970458984375 148.1573333740234375 145.126251220703125 143.053680419921875 142.409210205078125 142.8026123046875 143.87933349609375 144.76898193359375 142.9418487548828125 141.697296142578125 139.94439697265625 138.5786895751953125 138.3497467041015625 138.6466827392578125 139.247161865234375 140.806884765625 142.686279296875 144.7585906982421875 147.4129180908203125 149.718231201171875 150.66290283203125 150.2644500732421875 148.806854248046875 146.564544677734375 145.5479278564453125 147.4344329833984375 149.439117431640625 151.3430938720703125 152.2306671142578125 149.3040924072265625 145.8689422607421875 143.1438446044921875 140.533233642578125 139.148162841796875 139.7124786376953125 143.4828338623046875 144.917877197265625 143.0097503662109375 137.533447265625 124.06691741943359375 108.2894287109375 94.65627288818359375 84.439239501953125 78.2516937255859375 76.4036712646484375 77.125152587890625 78.6881103515625 80.29345703125 81.2498779296875 80.8665313720703125 79.48853302001953125 78.10385894775390625 77.28441619873046875 77.08902740478515625 77.42314910888671875 77.9043731689453125 78.0381011962890625 77.89855194091796875 77.77313995361328125 77.7480926513671875 77.66753387451171875 77.3660888671875 76.76538848876953125 75.9776458740234375 75.18854522705078125 74.7441253662109375 75.1177978515625 75.599609375 75.93404388427734375 76.14922332763671875 70.79901123046875 60.131954193115234375 46.09246826171875 30.579435348510742188 14.9126739501953125 -0.41942003369331359863 -15.599111557006835938 -1e100
 -1e100 -1e100 -1e100 -1e100 -1e100 -1e100 -1e100 -14.784207344055175781 -3.3311581611633300781 9.724254608154296875 24.810344696044921875 42.547271728515625 63.092884063720703125 83.96012115478515625 103.18570709228515625 119.4083404541015625 131.167144775390625 137.321868896484375 139.2218780517578125 140.9688262939453125 142.1098480224609375 142.6780548095703125 142.6915283203125 141.1531219482421875 137.8472442626953125 134.1421966552734375 130.61981201171875 128.66253662109375 128.650970458984375 130.1947174072265625 129.041412353515625 126.04874420166015625 121.8972625732421875 117.1087493896484375 115.61557769775390625 118.543914794921875 122.183135986328125 125.08594512939453125 126.814361572265625 126.7158203125 127.16930389404296875 126.09098052978515625 119.429534912109375 114.04259490966796875 107.61353302001953125 100.4600982666015625 102.4066009521484375 105.04706573486328125 107.8995208740234375 110.97402191162109375 114.67824554443359375 118.36241912841796875 122.6562957763671875 127.09284210205078125 129.64990234375 131.4086151123046875 132.235137939453125 132.3076629638671875 132.6084442138671875 133.4524688720703125 134.6200714111328125 136.632965087890625 139.03729248046875 140.4715576171875 140.5631103515625 140.500396728515625 138.9860992431640625 137.666778564453125 136.8564910888671875 134.15966796875 133.3470001220703125 135.65869140625 138.30096435546875 142.3482818603515625 146.8371429443359375 147.9613800048828125 146.289306640625 145.1920928955078125 143.7308807373046875 140.7963104248046875 139.93341064453125 140.805419921875 139.2346649169921875 140.02813720703125 140.5331268310546875 139.725006103515625 139.82000732421875 139.78594970703125 139.65008544921875 140.4191131591796875 141.8193359375 143.7539520263671875 146.7827606201171875 149.7673187255859375 151.0948333740234375 151.1476898193359375 150.305328369140625 148.184814453125 148.182098388671875 151.150482177734375 154.0364837646484375 156.57586669921875 157.45849609375 153.9643402099609375 149.854583740234375 146.3314666748046875 143.564056396484375 142.239013671875 142.6688690185546875 146.9145050048828125 149.1245269775390625 148.1234283447265625 144.0723419189453125 131.464752197265625 115.461456298828125 100.74445343017578125 88.76529693603515625 81.06939697265625 78.39679718017578125 78.57532501220703125 79.65740203857421875 80.78882598876953125 81.3783416748046875 80.953582763671875 79.85533905029296875 78.66394805908203125 77.6765289306640625 77.1930999755859375 77.1988677978515625 77.368865966796875 77.50600433349609375 77.556488037109375 77.50867462158203125 77.40152740478515625 77.206024169921875 76.80762481689453125 76.126220703125 75.24359893798828125 74.28968048095703125 73.530914306640625 73.53952789306640625 73.91315460205078125 74.11342620849609375 74.54935455322265625 69.2861175537109375 57.532100677490234375 42.319976806640625 26.127225875854492188 10.45404052734375 -4.51528167724609375 -19.415288925170898438 -1e100
 -1e100 -1e100 -1e100 -1e100 -1e100 -1e100 -1e100 -12.709700584411621094 -1.0460175275802612305 12.044114112854003906 26.954742431640625 44.90483856201171875 67.0133056640625 88.67730712890625 107.89911651611328125 123.69783782958984375 134.2609100341796875 137.1670074462890625 137.088592529296875 136.7886962890625 135.39910888671875 134.2661895751953125 132.6248016357421875 130.1719207763671875 127.73955535888671875 125.7882080078125 125.09423828125 125.95729827880859375 127.92281341552734375 129.89031982421875 127.89066314697265625 124.04233551025390625 120.0941619873046875 116.278594970703125 116.017822265625 119.7982940673828125 123.4473876953125 125.747467041015625 126.4776153564453125 125.33249664306640625 125.95795440673828125 125.923187255859375 120.87274932861328125 117.4066162109375 111.971893310546875 105.22673797607421875 106.97918701171875 108.9055633544921875 111.05020904541015625 112.95124053955078125 114.770050048828125 117.74333953857421875 121.7791748046875 126.54913330078125 129.880218505859375 131.89471435546875 132.9926605224609375 133.198486328125 132.8104400634765625 133.224700927734375 134.15289306640625 135.7673797607421875 138.353424072265625 140.4328460693359375 140.6234893798828125 140.515838623046875 138.9073333740234375 137.4798431396484375 136.8176116943359375 133.8533782958984375 132.61920166015625 134.1097564697265625 135.33111572265625 138.7227935791015625 143.1334686279296875 145.2849578857421875 145.3922882080078125 145.496185302734375 144.621368408203125 141.6982269287109375 139.57232666015625 140.2218017578125 138.836334228515625 139.8582763671875 141.60797119140625 141.278717041015625 141.756072998046875 141.827423095703125 141.1697845458984375 140.4412384033203125 140.6152801513671875 141.8795318603515625 144.6077117919921875 148.2125091552734375 150.7535858154296875 151.5291595458984375 151.28564453125 149.5615234375 150.6285552978515625 154.4918365478515625 157.749176025390625 160.711883544921875 161.5021209716796875 157.24365234375 152.996063232421875 149.7559051513671875 147.285491943359375 146.611663818359375 147.2387542724609375 150.8140411376953125 152.4864959716796875 151.2498626708984375 147.6880645751953125 135.9005279541015625 120.41765594482421875 105.766021728515625 93.04605865478515625 84.5213165283203125 81.4101409912109375 81.07413482666015625 81.411468505859375 81.9131011962890625 82.03388214111328125 81.16474151611328125 80.18273162841796875 79.15633392333984375 77.9226531982421875 77.27997589111328125 77.11923980712890625 76.97637939453125 77.13085174560546875 77.3250274658203125 77.286651611328125 77.0673370361328125 76.7228851318359375 76.17919158935546875 75.375885009765625 74.3693695068359375 73.20147705078125 72.0918121337890625 71.71921539306640625 71.90454864501953125 71.96613311767578125 72.64835357666015625 66.60443878173828125 53.974639892578125 37.56125640869140625 20.898530960083007812 5.7437415122985839844 -8.2576427459716796875 -22.334882736206054688 -1e100
 -1e100 -1e100 -1e100 -1e100 -1e100 -1e100 -18.6217803955078125 -7.694576263427734375 4.8202080726623535156 18.684940338134765625 34.18186187744140625 53.027194976806640625 75.62488555908203125 96.413787841796875 113.8082122802734375 127.71527099609375 135.2477874755859375 135.839599609375 134.32476806640625 132.5909881591796875 129.6612701416015625 127.21546173095703125 125.18704986572265625 123.4818878173828125 122.6498870849609375 122.3404541015625 123.2291412353515625 125.1402587890625 127.5501251220703125 129.123809814453125 126.95915985107421875 123.57071685791015625 120.41217803955078125 117.65993499755859375 118.11767578125 121.37066650390625 124.1465606689453125 125.71050262451171875 125.30553436279296875 123.48332977294921875 124.80333709716796875 126.33603668212890625 124.27886199951171875 123.779693603515625 120.26136016845703125 114.39532470703125 114.86464691162109375 115.86748504638671875 117.137603759765625 118.65650177001953125 120.18133544921875 123.41658782958984375 127.96910858154296875 133.054473876953125 136.506988525390625 138.5110015869140625 139.4840087890625 139.6159820556640625 138.9707794189453125 138.6368408203125 138.6942901611328125 139.4708099365234375 141.358306884765625 143.392974853515625 143.4216156005859375 142.9574432373046875 141.3887176513671875 139.904632568359375 139.2537841796875 136.116119384765625 133.3195648193359375 132.706298828125 132.502349853515625 135.00579833984375 139.438690185546875 142.3498687744140625 144.4373626708984375 146.423797607421875 145.9980621337890625 143.6160125732421875 141.809600830078125 140.5869903564453125 138.8801422119140625 140.12213134765625 142.0926666259765625 142.2626800537109375 143.3427886962890625 143.934295654296875 143.4275665283203125 142.16961669921875 141.149505615234375 141.4938507080078125 143.535980224609375 146.7869415283203125 150.0142974853515625 151.7999114990234375 152.177947998046875 151.1884307861328125 153.5114898681640625 156.7579803466796875 159.693511962890625 162.8782806396484375 162.763763427734375 158.7169036865234375 155.2370758056640625 152.547698974609375 150.3969268798828125 149.9257965087890625 150.198486328125 152.17401123046875 152.3863525390625 150.3960723876953125 146.436767578125 135.187286376953125 121.1530303955078125 107.70844268798828125 95.72400665283203125 87.7767333984375 84.68611907958984375 83.88202667236328125 83.33264923095703125 83.268829345703125 83.1046295166015625 81.40181732177734375 80.32656097412109375 79.36052703857421875 77.79852294921875 77.16168212890625 77.23490142822265625 76.93889617919921875 77.212310791015625 77.4593505859375 77.3196258544921875 76.88945770263671875 76.31996917724609375 75.57082366943359375 74.60205078125 73.47132110595703125 72.0900421142578125 70.64536285400390625 69.91143035888671875 69.94301605224609375 69.935394287109375 70.54871368408203125 65.11565399169921875 50.729038238525390625 32.5573883056640625 15.508152008056640625 1.4567520618438720703 -10.965531349182128906 -1e100 -1e100
 -1e100 -1e100 -1e100 -1e100 -1e100 -1e100 -11.47272491455078125 0.5070368647575378418 14.746542930603027344 30.686361312866210938 48.566516876220703125 68.6316680908203125 89.46450042724609375 106.97039794921875 119.66419219970703125 128.9510955810546875 133.2375335693359375 132.995758056640625 131.923797607421875 129.6589508056640625 125.7375946044921875 123.06346893310546875 121.845916748046875 121.608367919921875 122.76453399658203125 123.7553253173828125 124.936981201171875 126.4821014404296875 128.113037109375 128.6036224365234375 126.516326904296875 124.15081787109375 122.113067626953125 120.69074249267578125 121.5570831298828125 123.50875091552734375 125.23736572265625 126.18489837646484375 124.9365234375 123.0311737060546875 125.09857940673828125 127.86614227294921875 127.992401123046875 129.821868896484375 128.321868896484375 123.20265960693359375 122.6738433837890625 123.33547210693359375 123.73995208740234375 124.4619903564453125 125.99860382080078125 129.845855712890625 135.0823211669921875 141.350250244140625 145.5736236572265625 147.6416473388671875 148.553375244140625 148.7278289794921875 147.8979339599609375 147.257904052734375 146.094970703125 145.403533935546875 146.04876708984375 147.428680419921875 147.3375244140625 146.6998138427734375 145.11407470703125 143.3250732421875 142.4618377685546875 139.414031982421875 135.292083740234375 132.9709625244140625 131.953277587890625 133.2188262939453125 137.406005859375 141.0923309326171875 143.0951080322265625 144.9596405029296875 145.0674591064453125 143.2050018310546875 141.800201416015625 140.96697998046875 139.4794464111328125 140.396392822265625 141.968109130859375 141.6092376708984375 142.4736175537109375 143.3162994384765625 143.5014190673828125 143.181671142578125 142.59747314453125 142.8780670166015625 144.3292694091796875 146.9580841064453125 149.813446044921875 151.7849884033203125 152.5418853759765625 152.21771240234375 155.1466522216796875 158.347625732421875 161.0726318359375 164.49578857421875 163.786468505859375 159.852752685546875 156.3411712646484375 153.1183624267578125 150.379913330078125 149.5701904296875 148.9156646728515625 149.2000579833984375 147.8764801025390625 144.8065338134765625 140.03228759765625 129.4741058349609375 117.59795379638671875 106.3791351318359375 96.3126068115234375 89.9098358154296875 87.216644287109375 86.01214599609375 84.84700775146484375 84.44550323486328125 84.19101715087890625 81.92412567138671875 80.478240966796875 79.3706512451171875 77.5682220458984375 77.027618408203125 77.55287933349609375 77.4483795166015625 77.82281494140625 77.99005126953125 77.6302642822265625 76.89710235595703125 76.01025390625 74.9779510498046875 73.7900238037109375 72.50157928466796875 70.93146514892578125 69.23964691162109375 68.2035064697265625 68.04988861083984375 67.96990966796875 68.90146636962890625 63.97479248046875 48.03607940673828125 28.011402130126953125 10.75408172607421875 -1.4506803750991821289 -11.743498802185058594 -1e100 -1e100
 -1e100 -1e100 -1e100 -1e100 -1e100 -1e100 -1.3553521633148193359 11.925629615783691406 28.184085845947265625 46.24808502197265625 66.167510986328125 87.03357696533203125 106.0107879638671875 118.74810791015625 124.15026092529296875 128.36492919921875 130.4183502197265625 130.974700927734375 130.5357513427734375 128.528778076171875 124.85791015625 123.05402374267578125 123.42684173583984375 125.1168365478515625 127.40500640869140625 128.456298828125 128.673736572265625 128.6066741943359375 128.697723388671875 128.09722900390625 126.53836822509765625 125.1875152587890625 124.1788177490234375 124.0048370361328125 125.09389495849609375 126.28426361083984375 127.40999603271484375 128.0430908203125 126.47345733642578125 124.539794921875 126.5098876953125 129.371429443359375 130.877685546875 134.0234375 134.0235137939453125 130.148956298828125 129.2333984375 129.69317626953125 129.39080810546875 129.638336181640625 131.3817291259765625 135.7164764404296875 141.9227752685546875 149.271697998046875 154.4053497314453125 157.0241546630859375 158.076995849609375 158.3206634521484375 157.4837799072265625 156.0798492431640625 153.206390380859375 151.0946807861328125 150.0854339599609375 150.5843353271484375 150.5845947265625 149.7850341796875 148.5388031005859375 146.4082183837890625 145.068511962890625 141.2145233154296875 136.36468505859375 133.7270355224609375 132.2947998046875 133.3924407958984375 137.2319183349609375 140.5480804443359375 142.1692047119140625 143.7840576171875 145.696929931640625 146.1828155517578125 145.350128173828125 145.0628662109375 143.3521270751953125 142.114715576171875 142.809417724609375 142.461700439453125 143.169830322265625 143.919403076171875 144.3901214599609375 144.511322021484375 144.3660888671875 145.003265380859375 146.30352783203125 148.3299560546875 150.5301361083984375 151.856292724609375 152.2985076904296875 152.024139404296875 155.071563720703125 158.463836669921875 161.6402435302734375 165.4154052734375 164.48712158203125 160.2816925048828125 156.03125 151.5046539306640625 147.770965576171875 146.473052978515625 144.9349517822265625 143.3802032470703125 140.19976806640625 135.438995361328125 129.194183349609375 119.208648681640625 109.444061279296875 100.9770965576171875 93.56665802001953125 89.29039764404296875 87.754669189453125 86.6973876953125 85.41387176513671875 85.06585693359375 85.00911712646484375 82.618438720703125 80.91504669189453125 79.673431396484375 77.838165283203125 77.5055389404296875 78.470611572265625 78.63088226318359375 78.95790863037109375 78.82711029052734375 78.09334564208984375 76.983978271484375 75.7256927490234375 74.35596466064453125 72.8930511474609375 71.3884429931640625 69.6610260009765625 67.8670806884765625 66.68732452392578125 66.4002685546875 66.34589385986328125 67.02860260009765625 63.211456298828125 47.136936187744140625 25.816522598266601562 8.5816373825073242188 -1.0999792814254760742 -9.3347034454345703125 -1e100 -1e100
 -1e100 -1e100 -1e100 -1e100 -1e100 -1e100 13.075764656066894531 27.31396484375 44.441253662109375 63.625263214111328125 84.47530364990234375 105.236846923828125 121.70037078857421875 126.719970703125 126.88555145263671875 127.264984130859375 128.844329833984375 129.827545166015625 130.06085205078125 129.05682373046875 126.753082275390625 126.05428314208984375 127.75525665283203125 130.7953033447265625 133.08270263671875 133.5499267578125 132.4745025634765625 130.72698974609375 129.6141357421875 128.6468048095703125 127.63724517822265625 126.99558258056640625 126.203094482421875 126.2357177734375 127.245635986328125 128.0115203857421875 129.3259735107421875 130.14862060546875 128.71295166015625 127.2279510498046875 128.672393798828125 130.633819580078125 132.441131591796875 135.76513671875 136.8585968017578125 134.6815185546875 134.01434326171875 134.2679290771484375 133.6242828369140625 134.020050048828125 136.4159698486328125 141.20623779296875 148.0335845947265625 155.4147491455078125 160.458099365234375 163.1763153076171875 164.5514984130859375 165.276824951171875 164.8404083251953125 163.4220123291015625 159.6431121826171875 156.4682769775390625 153.7195281982421875 152.849334716796875 152.8825836181640625 152.1398773193359375 151.540771484375 150.9338531494140625 148.943572998046875 144.29754638671875 138.8605194091796875 135.176239013671875 133.1499176025390625 134.5054473876953125 137.926544189453125 140.6992950439453125 142.1090545654296875 143.650970458984375 145.626495361328125 147.26690673828125 147.9508514404296875 147.6907958984375 146.2907867431640625 144.856475830078125 143.8294830322265625 143.4756927490234375 144.22235107421875 145.1889495849609375 146.2914581298828125 147.505279541015625 148.0653076171875 149.0017852783203125 149.9910888671875 151.0971832275390625 152.3139495849609375 153.1409454345703125 153.0352935791015625 152.5166473388671875 155.0718231201171875 158.3357391357421875 161.863067626953125 166.094024658203125 165.6412811279296875 161.68267822265625 156.53314208984375 150.4249420166015625 145.019317626953125 142.11444091796875 138.884613037109375 135.3498382568359375 130.2189483642578125 123.84371185302734375 116.2555999755859375 106.98540496826171875 99.58798980712890625 93.86002349853515625 89.2003326416015625 87.0712127685546875 86.6056671142578125 85.9013214111328125 85.0166778564453125 85.0552978515625 85.3711090087890625 83.342071533203125 81.709869384765625 80.53619384765625 79.064666748046875 78.990936279296875 80.15625 80.444122314453125 80.44635772705078125 79.7210540771484375 78.46663665771484375 76.95685577392578125 75.33153533935546875 73.67821502685546875 71.9311370849609375 70.153564453125 68.29598236083984375 66.5257110595703125 65.37456512451171875 65.08658599853515625 65.17578125 65.5425262451171875 64.7565765380859375 50.580043792724609375 32.00746917724609375 15.653153419494628906 5.4791493415832519531 -2.5938577651977539062 -1e100 -1e100
 -1e100 -1e100 -1e100 -1e100 -1e100 16.28987884521484375 29.420007705688476562 44.447978973388671875 61.59665679931640625 80.63137054443359375 100.7660369873046875 119.74692535400390625 131.323577880859375 130.743896484375 128.1213226318359375 127.0626678466796875 127.9365692138671875 129.5796051025390625 130.8773651123046875 131.1806640625 130.1821136474609375 130.196807861328125 132.23773193359375 135.3212738037109375 136.9627685546875 136.8703460693359375 134.6121826171875 131.7918853759765625 130.252593994140625 129.14251708984375 128.674713134765625 128.670318603515625 128.1815948486328125 128.137786865234375 129.06658935546875 129.8325042724609375 131.367767333984375 132.1058502197265625 130.697509765625 129.351043701171875 130.1611785888671875 131.0255584716796875 132.2059173583984375 135.0211181640625 136.3753509521484375 135.1502227783203125 135.01983642578125 135.1619873046875 134.0595245361328125 134.0928192138671875 136.3617706298828125 140.74407958984375 147.484588623046875 154.81536865234375 159.9544525146484375 162.810821533203125 164.275634765625 164.8330230712890625 164.4480438232421875 163.7001953125 160.69573974609375 157.7282257080078125 154.2118377685546875 153.120361328125 153.2158966064453125 152.6485137939453125 153.6232757568359375 155.4203033447265625 152.34210205078125 147.690826416015625 143.0094146728515625 137.4332427978515625 135.4134674072265625 137.1132354736328125 139.4564056396484375 141.4186248779296875 142.7751007080078125 144.115447998046875 145.9949188232421875 147.435699462890625 147.9303741455078125 147.82513427734375 146.842620849609375 145.7659759521484375 144.9788818359375 144.7646942138671875 145.303558349609375 146.0431976318359375 147.0630035400390625 148.96649169921875 150.572174072265625 152.233245849609375 153.6727142333984375 154.5053863525390625 154.5947723388671875 154.528564453125 153.9942626953125 153.1540679931640625 154.6392364501953125 157.768798828125 161.72698974609375 166.3350372314453125 167.432708740234375 164.646148681640625 158.7809906005859375 151.0518646240234375 143.5210113525390625 138.081085205078125 132.33233642578125 126.916351318359375 120.03624725341796875 112.4564666748046875 104.31201934814453125 96.1973114013671875 90.96811676025390625 87.22296905517578125 84.62622833251953125 83.98763275146484375 84.13779449462890625 84.155975341796875 84.28847503662109375 84.87627410888671875 85.53997802734375 84.30901336669921875 82.9230499267578125 81.895843505859375 81.09102630615234375 81.1516571044921875 82.180511474609375 82.4528350830078125 81.897979736328125 80.43244171142578125 78.6083221435546875 76.760040283203125 74.82065582275390625 73.01117706298828125 71.05516815185546875 68.9953765869140625 67.04421234130859375 65.35651397705078125 64.316314697265625 64.0917205810546875 64.261383056640625 64.56809234619140625 64.1823272705078125 54.00034332275390625 39.4943389892578125 25.67873382568359375 15.448207855224609375 7.2457094192504882812 -1e100 -1e100
 -1e100 -1e100 -1e100 -1e100 -1e100 31.707845687866210938 45.768115997314453125 61.084186553955078125 77.761138916015625 95.501434326171875 113.26488494873046875 128.4241943359375 137.1281890869140625 132.94415283203125 130.2521820068359375 128.1954803466796875 128.5936279296875 130.43603515625 132.38372802734375 133.7498016357421875 133.4526824951171875 133.6075439453125 135.468505859375 137.801666259765625 138.3712005615234375 137.4203338623046875 134.2574462890625 130.7194671630859375 128.9750823974609375 128.050537109375 128.38946533203125 129.005096435546875 128.975555419921875 129.0946197509765625 130.1311187744140625 131.25885009765625 132.7842559814453125 133.128173828125 131.4374542236328125 129.768524169921875 129.6964263916015625 129.59912109375 130.5463409423828125 132.9732666015625 134.313568115234375 134.241180419921875 134.8086395263671875 135.0903472900390625 134.4274749755859375 134.85955810546875 136.922637939453125 140.55877685546875 145.89337158203125 151.2981414794921875 155.3519744873046875 157.789276123046875 159.1839141845703125 159.9784393310546875 160.1429290771484375 159.88812255859375 157.81640625 155.2643280029296875 152.038116455078125 151.1683502197265625 151.480865478515625 151.6024322509765625 154.47418212890625 157.2631378173828125 153.33062744140625 148.6433258056640625 144.5762939453125 138.0497283935546875 137.2960205078125 139.644805908203125 141.151458740234375 142.2916717529296875 143.35418701171875 144.312469482421875 145.9764556884765625 147.304595947265625 147.7516326904296875 147.86077880859375 147.530670166015625 147.1966705322265625 147.502532958984375 148.018646240234375 148.4736328125 148.6318817138671875 148.7996826171875 149.7366485595703125 151.4946136474609375 153.6437835693359375 155.536346435546875 156.651763916015625 156.46087646484375 155.659332275390625 154.8693695068359375 153.495574951171875 153.6140899658203125 156.78369140625 161.3066253662109375 166.4522857666015625 169.7055511474609375 168.5179290771484375 162.2458953857421875 153.129547119140625 143.76165771484375 135.8296966552734375 127.7030792236328125 120.81385040283203125 112.35541534423828125 103.6375274658203125 95.23935699462890625 88.30855560302734375 84.7586212158203125 82.63265228271484375 81.46208953857421875 81.67675018310546875 82.34110260009765625 83.0183563232421875 84.1386260986328125 85.1608734130859375 85.8514862060546875 85.32099151611328125 84.36872100830078125 83.6012725830078125 83.34073638916015625 83.47925567626953125 84.0104522705078125 83.9269866943359375 82.74951934814453125 80.6594696044921875 78.37567901611328125 76.296905517578125 74.24832916259765625 72.41907501220703125 70.39490509033203125 68.1845855712890625 66.2117156982421875 64.666778564453125 63.777050018310546875 63.62293243408203125 63.8802490234375 64.15411376953125 63.951160430908203125 57.19348907470703125 46.459857940673828125 35.431121826171875 26.1950225830078125 -1e100 -1e100 -1e100
 -1e100 -1e100 -1e100 -1e100 -1e100 46.419582366943359375 60.950504302978515625 76.13559722900390625 91.88855743408203125 107.8035888671875 122.68299102783203125 134.0255889892578125 139.441009521484375 135.8896484375 132.9331207275390625 130.3564910888671875 130.2639617919921875 131.7682952880859375 133.51318359375 134.9649658203125 134.9015960693359375 134.7980804443359375 136.650360107421875 138.43402099609375 138.19464111328125 136.810455322265625 133.2138519287109375 129.363494873046875 127.56078338623046875 126.97347259521484375 127.808074951171875 128.723480224609375 129.0640869140625 129.5056915283203125 130.787811279296875 132.2480926513671875 133.8138580322265625 133.8718719482421875 132.009490966796875 129.8382415771484375 128.6046600341796875 128.161285400390625 129.061981201171875 131.2492828369140625 133.5665740966796875 134.67767333984375 135.699859619140625 136.409942626953125 136.608917236328125 137.6275634765625 139.671722412109375 142.305633544921875 145.4563140869140625 148.042755126953125 150.1772918701171875 151.4865875244140625 152.5096435546875 153.47857666015625 153.851409912109375 154.1812286376953125 153.58343505859375 152.194061279296875 150.2155303955078125 149.9832305908203125 150.521026611328125 151.4210662841796875 155.1897430419921875 158.723907470703125 154.5806427001953125 150.4542694091796875 146.6792449951171875 139.9163665771484375 139.906951904296875 142.206451416015625 142.880615234375 143.3570404052734375 143.742340087890625 144.265655517578125 145.488189697265625 146.6826019287109375 147.38214111328125 147.898406982421875 148.1669921875 148.5754241943359375 149.4370269775390625 150.588104248046875 151.642547607421875 152.24139404296875 152.1598358154296875 152.422332763671875 153.312103271484375 154.5801544189453125 156.0035400390625 157.1834716796875 157.2501068115234375 156.578704833984375 155.96673583984375 154.83038330078125 153.4127960205078125 156.114471435546875 160.914031982421875 166.257965087890625 171.371307373046875 172.5823211669921875 166.4318389892578125 156.597503662109375 145.8634490966796875 135.7957916259765625 125.69036102294921875 117.56036376953125 107.90711212158203125 98.23923492431640625 89.422760009765625 83.098052978515625 80.7377471923828125 79.767578125 79.8338775634765625 81.08737945556640625 82.3444976806640625 83.59940338134765625 85.27457427978515625 86.25958251953125 86.61057281494140625 86.21015167236328125 85.562347412109375 85.0413360595703125 84.9974822998046875 84.99491119384765625 85.01337432861328125 84.40015411376953125 82.7695159912109375 80.33026885986328125 77.8141021728515625 75.6810150146484375 73.75310516357421875 72.1212310791015625 70.23967742919921875 68.10861968994140625 66.23867034912109375 64.83187103271484375 64.02362823486328125 63.82830810546875 64.00124359130859375 64.14998626708984375 64.70247650146484375 59.87715911865234375 52.368747711181640625 44.03586578369140625 36.36474609375 -1e100 -1e100 -1e100
 -1e100 -1e100 -1e100 -1e100 -1e100 59.543605804443359375 74.1337890625 88.83118438720703125 103.42180633544921875 117.5301513671875 130.168121337890625 139.216552734375 141.336639404296875 138.1457977294921875 135.117828369140625 132.1935882568359375 131.47210693359375 132.4037017822265625 133.6683197021484375 134.952789306640625 135.056793212890625 134.805877685546875 136.3894195556640625 137.58587646484375 137.01995849609375 135.6748809814453125 132.2147979736328125 128.7064971923828125 126.89151763916015625 126.41546630859375 127.28258514404296875 128.3653411865234375 129.205352783203125 130.006744384765625 131.39935302734375 132.76190185546875 134.02276611328125 133.85260009765625 132.1799774169921875 130.1003875732421875 128.82452392578125 128.6869659423828125 129.6177825927734375 131.748291015625 134.800567626953125 136.762359619140625 138.2061309814453125 139.632080078125 140.549713134765625 141.740264892578125 143.9056396484375 145.856201171875 147.165008544921875 147.9089202880859375 148.2975311279296875 148.5239715576171875 148.6693572998046875 149.1887664794921875 149.464019775390625 149.749267578125 149.8159027099609375 149.7242431640625 149.14508056640625 149.9156494140625 151.190277099609375 153.018310546875 157.7225189208984375 160.7114410400390625 156.6298065185546875 153.0734405517578125 148.5409393310546875 141.93353271484375 142.5456390380859375 144.14697265625 144.5595245361328125 144.716888427734375 144.461151123046875 144.3132781982421875 144.9823150634765625 145.9484710693359375 146.853240966796875 147.7925262451171875 148.635955810546875 149.5809478759765625 150.8089447021484375 152.2449188232421875 153.4015350341796875 154.0228729248046875 153.9210357666015625 153.77056884765625 154.1187286376953125 154.806671142578125 155.70281982421875 156.62835693359375 156.914886474609375 156.6473846435546875 156.4779815673828125 155.78680419921875 153.2471771240234375 154.8295745849609375 159.5287933349609375 164.5721282958984375 170.807098388671875 174.6405181884765625 169.512176513671875 159.792633056640625 148.6806793212890625 137.2400054931640625 125.58464813232421875 116.65355682373046875 106.27280426025390625 95.885772705078125 86.49486541748046875 80.24419403076171875 78.50408172607421875 78.215545654296875 79.42040252685546875 81.91272735595703125 83.854095458984375 85.57265472412109375 87.43170928955078125 87.9051666259765625 87.3388671875 86.3531341552734375 85.67969512939453125 85.24474334716796875 85.133758544921875 85.16928863525390625 84.9333953857421875 83.903228759765625 82.23651885986328125 79.88222503662109375 77.3851165771484375 75.3429412841796875 73.63622283935546875 72.25516510009765625 70.68646240234375 68.85101318359375 67.21811676025390625 65.95085906982421875 65.15474700927734375 64.77150726318359375 64.702301025390625 64.69608306884765625 64.82366943359375 62.2881622314453125 57.29708099365234375 51.172771453857421875 45.1439971923828125 -1e100 -1e100 -1e100
 -1e100 -1e100 -1e100 -1e100 -1e100 70.44907379150390625 84.73632049560546875 98.65084075927734375 111.90389251708984375 124.196929931640625 134.835418701171875 142.0823211669921875 142.0596466064453125 139.49542236328125 136.634735107421875 133.6494598388671875 132.2281036376953125 132.2618408203125 132.965179443359375 133.972747802734375 134.01165771484375 133.8769989013671875 135.330902099609375 136.303863525390625 136.0124969482421875 134.8381500244140625 131.5932464599609375 128.3769989013671875 126.24761199951171875 125.75782012939453125 126.587005615234375 127.94898223876953125 129.419586181640625 130.8709716796875 132.460357666015625 133.4102783203125 133.926177978515625 133.574798583984375 132.3414306640625 131.176513671875 130.772369384765625 131.1232757568359375 132.1693267822265625 134.1563568115234375 137.447052001953125 140.1949462890625 142.292724609375 144.161529541015625 145.4954833984375 146.53289794921875 148.5927886962890625 150.43829345703125 151.11395263671875 151.1826629638671875 150.6216583251953125 150.014862060546875 149.18017578125 149.0569610595703125 149.430877685546875 149.0256500244140625 148.99530029296875 149.1744842529296875 149.3974609375 150.640594482421875 152.652008056640625 155.896881103515625 160.276763916015625 160.6513214111328125 156.9642181396484375 153.0835418701171875 147.7571563720703125 143.03936767578125 144.416595458984375 145.548248291015625 145.983612060546875 145.981414794921875 145.4133148193359375 144.7169952392578125 144.83819580078125 145.594329833984375 146.503753662109375 147.6044158935546875 148.8338165283203125 150.16131591796875 151.7872467041015625 153.58831787109375 154.9674072265625 155.7582855224609375 155.5789642333984375 155.105072021484375 154.986480712890625 155.2421417236328125 155.87274169921875 156.60595703125 156.91900634765625 156.808502197265625 156.7392425537109375 156.20684814453125 153.7268218994140625 154.89215087890625 158.9127349853515625 163.4044189453125 169.5110626220703125 174.0566864013671875 170.3257904052734375 161.261810302734375 150.534698486328125 138.75335693359375 126.26407623291015625 116.857452392578125 106.13610076904296875 95.23151397705078125 85.1860198974609375 78.44469451904296875 76.4861907958984375 76.8007354736328125 79.22129058837890625 83.11663818359375 86.24642181396484375 88.251312255859375 89.8946990966796875 89.7056884765625 88.4304656982421875 86.64841461181640625 85.71977996826171875 85.164093017578125 84.41445159912109375 84.3172149658203125 84.0049285888671875 82.78290557861328125 81.43383026123046875 79.55023193359375 77.32013702392578125 75.44753265380859375 73.97429656982421875 72.73453521728515625 71.50658416748046875 70.1004180908203125 68.81964111328125 67.72348785400390625 66.9515380859375 66.28934478759765625 65.83750152587890625 65.535919189453125 65.27812957763671875 64.6048126220703125 61.00704193115234375 56.253448486328125 51.660129547119140625 -1e100 -1e100 -1e100
 -1e100 -1e100 -1e100 -1e100 -1e100 78.7624053955078125 92.460968017578125 105.39414215087890625 117.21240997314453125 127.63510894775390625 136.0932159423828125 141.30029296875 141.8092498779296875 140.190948486328125 137.9326934814453125 135.4186553955078125 133.64837646484375 132.7637481689453125 132.63861083984375 132.9395751953125 132.542022705078125 132.186004638671875 133.5359649658203125 134.7217559814453125 135.0760650634765625 134.750213623046875 132.540374755859375 129.7686920166015625 127.294219970703125 126.254425048828125 126.30538177490234375 127.317474365234375 129.194305419921875 131.4748687744140625 133.4083709716796875 134.198333740234375 134.3062591552734375 133.8260345458984375 133.2403411865234375 133.382232666015625 133.9121551513671875 134.705657958984375 135.97442626953125 137.5315704345703125 140.9864349365234375 144.3325958251953125 146.9737091064453125 149.2156829833984375 150.5533294677734375 151.1015167236328125 152.4870758056640625 153.7847747802734375 154.357635498046875 154.3795166015625 153.73968505859375 152.798065185546875 151.1076812744140625 150.3178558349609375 150.324066162109375 149.33319091796875 149.1862945556640625 149.6837615966796875 150.348388671875 151.594268798828125 154.2042388916015625 157.803863525390625 159.8263092041015625 158.55853271484375 155.56982421875 151.274993896484375 146.7583465576171875 144.56494140625 145.79547119140625 146.7904052734375 147.223876953125 147.0802764892578125 146.4049224853515625 145.4581756591796875 145.1780242919921875 145.75140380859375 146.5135040283203125 147.4904632568359375 148.8029022216796875 150.374847412109375 152.380340576171875 154.5211181640625 156.6607513427734375 157.3935699462890625 157.4366302490234375 156.887420654296875 156.5330657958984375 156.58233642578125 157.0608673095703125 157.676116943359375 158.0430450439453125 158.09320068359375 157.9915618896484375 157.3466033935546875 154.83026123046875 155.190399169921875 158.2901458740234375 161.94427490234375 167.3884124755859375 172.1514739990234375 169.21435546875 161.123748779296875 150.9705352783203125 139.361907958984375 126.7064056396484375 116.91626739501953125 105.90655517578125 94.5565032958984375 83.9382171630859375 76.56536102294921875 73.9976654052734375 74.60930633544921875 78.06835174560546875 83.23012542724609375 87.59295654296875 90.16797637939453125 91.687164306640625 91.1224822998046875 89.55202484130859375 87.3927764892578125 86.131439208984375 85.19097137451171875 83.71439361572265625 83.17803192138671875 82.72879791259765625 81.54821014404296875 80.620819091796875 79.32160186767578125 77.5232086181640625 75.91118621826171875 74.63593292236328125 73.51555633544921875 72.566314697265625 71.5810089111328125 70.66994476318359375 69.796295166015625 69.06008148193359375 68.1526641845703125 67.2711944580078125 66.5585784912109375 65.93680572509765625 65.3151092529296875 62.467998504638671875 58.12941741943359375 54.7200775146484375 -1e100 -1e100 -1e100
 -1e100 -1e100 -1e100 -1e100 -1e100 84.3919830322265625 97.32906341552734375 109.23028564453125 119.71149444580078125 128.5215911865234375 135.28021240234375 139.37713623046875 140.51934814453125 140.04278564453125 139.0666961669921875 137.570281982421875 135.8650970458984375 134.481689453125 133.5310821533203125 132.7874603271484375 131.7621002197265625 131.090850830078125 132.0276641845703125 133.328765869140625 134.2233734130859375 134.8747711181640625 133.84906005859375 131.6312255859375 129.2089080810546875 127.619903564453125 126.65655517578125 127.3813323974609375 129.5721588134765625 132.2034149169921875 134.2945709228515625 134.9444427490234375 134.6189117431640625 134.0276336669921875 134.177001953125 135.6132659912109375 137.532135009765625 139.292633056640625 141.0939788818359375 142.6681671142578125 145.75335693359375 149.1165313720703125 151.9795074462890625 154.1995849609375 155.2294464111328125 155.2921600341796875 155.8651275634765625 156.454620361328125 156.848663330078125 156.8095550537109375 155.9093475341796875 154.704833984375 152.52484130859375 151.3409881591796875 150.7618255615234375 149.1708831787109375 149.0179290771484375 149.9243316650390625 150.7303924560546875 151.9233245849609375 154.419219970703125 156.572418212890625 156.9140472412109375 155.54327392578125 153.338775634765625 149.7783203125 146.5789947509765625 145.6507568359375 146.5692901611328125 147.7374725341796875 148.1947021484375 147.998138427734375 147.3984527587890625 146.32073974609375 145.8654937744140625 146.3022918701171875 146.795623779296875 147.52099609375 148.8356170654296875 150.467803955078125 152.6414947509765625 155.065673828125 157.15142822265625 158.497528076171875 158.87615966796875 158.5231781005859375 158.2517852783203125 158.40533447265625 158.993621826171875 159.612060546875 159.97509765625 159.9849853515625 159.593292236328125 158.5751495361328125 156.307861328125 156.3733062744140625 158.848358154296875 161.57843017578125 166.1072998046875 170.07086181640625 167.248321533203125 160.03765869140625 150.5334930419921875 139.1546783447265625 126.39693450927734375 116.07306671142578125 104.5764007568359375 92.78377532958984375 81.79753875732421875 73.9989166259765625 70.8874664306640625 71.3472442626953125 75.212646484375 81.0391693115234375 86.27548980712890625 89.72707366943359375 91.7120208740234375 91.3827362060546875 90.00506591796875 87.8639068603515625 86.4440460205078125 85.19550323486328125 83.28047943115234375 82.36225128173828125 81.73796844482421875 80.60890960693359375 79.96843719482421875 79.10002899169921875 77.7126617431640625 76.396270751953125 75.31031036376953125 74.344329833984375 73.63826751708984375 73.00031280517578125 72.42212677001953125 71.77873992919921875 71.129638671875 70.08609771728515625 68.8429107666015625 67.66132354736328125 66.671478271484375 66.0375518798828125 61.396900177001953125 55.450496673583984375 -1e100 -1e100 -1e100 -1e100
 -1e100 -1e100 -1e100 -1e100 -1e100 87.49674224853515625 99.605316162109375 110.53151702880859375 119.8814849853515625 127.44092559814453125 133.0359344482421875 136.5747528076171875 138.462005615234375 139.1482696533203125 139.9333648681640625 139.747528076171875 138.36175537109375 136.7260589599609375 135.120758056640625 133.4583740234375 131.980133056640625 131.13427734375 131.325714111328125 132.046417236328125 133.1844482421875 134.4503326416015625 134.3921051025390625 132.8854217529296875 130.88714599609375 128.8632049560546875 127.228729248046875 127.9336090087890625 130.36669921875 133.0675048828125 135.2380828857421875 135.7548065185546875 135.3301239013671875 134.9069061279296875 135.7186431884765625 138.5174102783203125 141.6967010498046875 144.1520233154296875 146.563079833984375 148.0919342041015625 150.1612548828125 153.2293243408203125 156.252105712890625 158.40618896484375 159.4913330078125 159.6270904541015625 159.39544677734375 159.2950286865234375 159.3160858154296875 158.798004150390625 157.08966064453125 155.21319580078125 152.7432708740234375 150.9323577880859375 149.54443359375 148.0180511474609375 148.200103759765625 149.1252288818359375 150.6798095703125 153.01715087890625 154.80413818359375 155.781158447265625 154.8974761962890625 152.963043212890625 150.632537841796875 147.961456298828125 146.0986785888671875 146.054412841796875 147.185150146484375 148.481201171875 148.944793701171875 148.720672607421875 148.3149871826171875 147.3562164306640625 146.84722900390625 147.2490081787109375 147.5546875 148.0829315185546875 149.4168701171875 151.08807373046875 153.2823486328125 155.6732025146484375 157.639923095703125 158.9416656494140625 159.578582763671875 159.657684326171875 159.8798980712890625 160.537384033203125 161.4603271484375 162.224945068359375 162.6292266845703125 162.54046630859375 161.7916412353515625 160.20440673828125 158.279693603515625 158.336669921875 159.4427337646484375 161.461212158203125 165.058074951171875 167.3217010498046875 164.8203277587890625 158.442413330078125 149.3279571533203125 138.1649017333984375 125.272003173828125 114.2214202880859375 102.01593017578125 89.76689910888671875 78.63086700439453125 70.6934661865234375 67.26316070556640625 67.55765533447265625 71.241546630859375 77.06002044677734375 82.80133056640625 87.09784698486328125 89.93536376953125 90.49639129638671875 89.770355224609375 87.95606231689453125 86.53106689453125 85.1001129150390625 83.03714752197265625 81.8730316162109375 81.053802490234375 79.9593658447265625 79.4132232666015625 78.77178955078125 77.70946502685546875 76.669342041015625 75.76184844970703125 74.9464874267578125 74.4489593505859375 74.08710479736328125 73.7806854248046875 73.34197235107421875 72.8057403564453125 71.74581146240234375 70.25150299072265625 68.73546600341796875 67.53427886962890625 66.5547637939453125 54.712890625 45.81121063232421875 -1e100 -1e100 -1e100 -1e100
 -1e100 -1e100 -1e100 -1e100 -1e100 88.4048614501953125 99.69200897216796875 109.748046875 118.19184112548828125 124.86370849609375 129.7873077392578125 133.2399749755859375 135.910858154296875 137.630645751953125 140.1672515869140625 141.2142333984375 140.3876953125 138.7255096435546875 136.5949554443359375 134.4010467529296875 132.745269775390625 131.452301025390625 130.8284454345703125 130.85736083984375 131.7101593017578125 133.3164825439453125 133.957244873046875 133.0801544189453125 131.5493621826171875 129.4319610595703125 127.75589752197265625 128.5599212646484375 131.1790771484375 134.0283966064453125 136.1797637939453125 137.03973388671875 137.1069183349609375 137.23260498046875 138.67999267578125 142.3023681640625 145.8363800048828125 148.78765869140625 151.5523834228515625 152.9218292236328125 154.2371673583984375 156.7132720947265625 159.5601806640625 162.13641357421875 163.8523406982421875 163.965362548828125 163.0015716552734375 161.8368377685546875 160.4703216552734375 158.932525634765625 156.9346771240234375 154.3116912841796875 151.532257080078125 149.4417266845703125 147.20159912109375 146.3436279296875 147.4244842529296875 149.005279541015625 151.839599609375 155.8743896484375 156.70257568359375 156.0182037353515625 153.708709716796875 150.580474853515625 147.7147369384765625 146.211212158203125 146.109832763671875 146.77410888671875 148.089569091796875 149.4434051513671875 149.877410888671875 149.662628173828125 149.3551177978515625 148.6112060546875 148.13922119140625 148.466033935546875 148.7620697021484375 149.2607421875 150.6010894775390625 152.3238677978515625 154.365966796875 156.384979248046875 157.8393707275390625 158.70672607421875 159.3715972900390625 159.9304656982421875 160.82794189453125 162.252716064453125 163.7746429443359375 164.893524169921875 165.4861907958984375 165.4383392333984375 164.4846343994140625 162.5429534912109375 160.4925079345703125 160.3672027587890625 160.3405303955078125 161.67364501953125 164.509002685546875 165.8036651611328125 163.21185302734375 157.531463623046875 148.3914794921875 137.1331787109375 123.79520416259765625 111.73915863037109375 98.68094635009765625 85.9203338623046875 74.74658966064453125 66.8762969970703125 63.34262847900390625 63.43115997314453125 66.60455322265625 72.0784759521484375 78.07964324951171875 83.32076263427734375 87.269989013671875 89.0650634765625 89.11428070068359375 87.87200927734375 86.438140869140625 84.8383941650390625 82.917633056640625 81.5001220703125 80.41201019287109375 79.3473358154296875 78.66306304931640625 78.0147857666015625 77.19559478759765625 76.428070068359375 75.7753448486328125 75.2608795166015625 74.98690032958984375 74.8556671142578125 74.74314117431640625 74.482879638671875 74.007232666015625 72.98873138427734375 71.3139801025390625 69.5908660888671875 68.4376983642578125 66.0695648193359375 39.77458953857421875 27.764616012573242188 -1e100 -1e100 -1e100 -1e100
 -1e100 -1e100 -1e100 -1e100 -1e100 87.5282135009765625 98.0502166748046875 107.352386474609375 115.07913970947265625 121.13055419921875 125.69384002685546875 129.2809600830078125 132.5072021484375 135.07806396484375 139.0572509765625 141.200775146484375 141.0676422119140625 139.69805908203125 137.43048095703125 135.140380859375 133.47003173828125 132.1313629150390625 131.258544921875 130.883087158203125 131.39508056640625 132.675750732421875 133.157501220703125 132.398956298828125 131.1205291748046875 129.3609466552734375 128.156463623046875 129.225006103515625 131.9718780517578125 134.7950286865234375 136.874114990234375 138.117401123046875 138.825592041015625 139.8655242919921875 142.069610595703125 145.9096527099609375 149.510223388671875 152.55584716796875 155.0039215087890625 156.2077789306640625 156.9671783447265625 158.80194091796875 161.3509521484375 164.169525146484375 166.61883544921875 167.0519256591796875 165.809722900390625 163.9470977783203125 161.2433929443359375 158.2931365966796875 155.8179473876953125 152.6096343994140625 149.47662353515625 147.2191619873046875 144.1942291259765625 143.9586944580078125 145.981048583984375 148.578521728515625 153.235260009765625 158.948760986328125 158.2299652099609375 155.637664794921875 152.7533721923828125 148.07440185546875 145.3358306884765625 145.77508544921875 146.655059814453125 147.6712188720703125 149.130096435546875 150.338409423828125 150.761627197265625 150.6044769287109375 150.395294189453125 149.9351043701171875 149.668060302734375 150.0170440673828125 150.4648284912109375 151.0418853759765625 152.429840087890625 154.1158599853515625 155.8380889892578125 157.3079833984375 158.0533905029296875 158.3275299072265625 158.875457763671875 159.8109283447265625 161.3738861083984375 163.5270538330078125 165.575958251953125 167.027557373046875 167.8244476318359375 167.8199615478515625 166.8282623291015625 164.67950439453125 162.15606689453125 161.7011871337890625 161.3964385986328125 161.9677276611328125 164.4702911376953125 165.354705810546875 162.4320526123046875 156.8887176513671875 147.78265380859375 136.2362518310546875 122.39292144775390625 109.43367767333984375 95.656097412109375 82.4631500244140625 71.314849853515625 63.625347137451171875 60.200725555419921875 60.22954559326171875 62.858623504638671875 67.8712158203125 74.0055694580078125 79.89907073974609375 84.80290985107421875 87.7613525390625 88.40682220458984375 87.59754180908203125 86.23246002197265625 84.6242523193359375 82.89209747314453125 81.3441314697265625 79.98052215576171875 78.763641357421875 77.825958251953125 77.03038787841796875 76.31443023681640625 75.78296661376953125 75.45462799072265625 75.31420135498046875 75.32868194580078125 75.4046783447265625 75.42568206787109375 75.2852783203125 74.84459686279296875 73.87438201904296875 72.1196441650390625 70.35930633544921875 69.61231231689453125 59.97058868408203125 2.6319496631622314453 2.9628000259399414062 -1e100 -1e100 -1e100 -1e100
 -1e100 -1e100 -1e100 -1e100 -1e100 85.30046844482421875 95.15502166748046875 103.8268890380859375 110.98590087890625 116.56970977783203125 120.84496307373046875 124.4116668701171875 127.9176025390625 131.3397674560546875 136.283721923828125 139.0650787353515625 139.4716644287109375 138.3181915283203125 136.2039794921875 134.1136474609375 132.6265411376953125 131.4898529052734375 130.8191070556640625 130.5270233154296875 131.39117431640625 132.520751953125 132.76953125 131.8242034912109375 130.5322723388671875 129.11962890625 128.5057373046875 130.0101165771484375 132.86346435546875 135.6611785888671875 137.8711395263671875 139.57537841796875 141.2312774658203125 143.3062896728515625 146.04681396484375 149.7720184326171875 153.0080108642578125 155.27703857421875 156.7633056640625 157.516326904296875 157.80413818359375 159.254638671875 161.714385986328125 164.3904876708984375 166.9516754150390625 168.016845703125 166.9841766357421875 165.177886962890625 162.46002197265625 158.8892669677734375 155.686767578125 152.129791259765625 148.9785308837890625 146.01959228515625 142.11419677734375 142.2568817138671875 144.6560211181640625 147.9749755859375 153.86944580078125 159.996917724609375 158.4106903076171875 155.723724365234375 152.997467041015625 148.280303955078125 145.9946136474609375 146.9957275390625 147.5902099609375 148.605194091796875 150.059326171875 150.8896331787109375 151.34088134765625 151.3728790283203125 151.362335205078125 151.2804718017578125 151.3070831298828125 151.83221435546875 152.54254150390625 153.3445587158203125 154.77142333984375 156.3590850830078125 157.7678375244140625 158.705902099609375 158.834503173828125 158.70458984375 159.144256591796875 160.3684539794921875 162.4102783203125 164.95166015625 167.136962890625 168.52093505859375 169.17694091796875 169.044525146484375 168.0401458740234375 165.8389892578125 163.33203125 162.535858154296875 161.6358795166015625 161.9179534912109375 164.1224212646484375 164.4311065673828125 161.993682861328125 156.359588623046875 147.204071044921875 135.6188507080078125 121.645904541015625 108.17821502685546875 94.17761993408203125 80.9129486083984375 69.91968536376953125 62.508235931396484375 59.303791046142578125 59.41143798828125 61.68804931640625 66.2470245361328125 72.33066558837890625 78.36917877197265625 83.62418365478515625 87.18647003173828125 88.08315277099609375 87.313629150390625 85.92153167724609375 84.327484130859375 82.67949676513671875 81.13504791259765625 79.67375946044921875 78.32181549072265625 77.1273040771484375 76.11295318603515625 75.37000274658203125 74.97888946533203125 74.95899200439453125 75.21776580810546875 75.52567291259765625 75.75463104248046875 75.84040069580078125 75.72924041748046875 75.29631805419921875 74.33643341064453125 72.61721038818359375 71.083770751953125 70.48325347900390625 59.2811279296875 11.371784210205078125 -1e100 -1e100 -1e100 -1e100 -1e100
 -1e100 -1e100 -1e100 -1e100 72.1488800048828125 82.138641357421875 91.46869659423828125 99.66254425048828125 106.41501617431640625 111.684844970703125 115.769195556640625 119.39165496826171875 123.0630645751953125 126.92575836181640625 132.1316680908203125 135.0409393310546875 135.7100067138671875 134.7093353271484375 132.9987640380859375 131.6133880615234375 130.5833740234375 129.9099578857421875 129.802825927734375 130.063323974609375 131.464111328125 132.5817108154296875 132.6277923583984375 131.2977447509765625 129.6904296875 128.42095947265625 128.20379638671875 129.9913177490234375 133.0284881591796875 136.1352081298828125 138.7998504638671875 141.2344818115234375 143.9014129638671875 146.8239898681640625 149.8443145751953125 153.495147705078125 156.2351837158203125 157.594940185546875 158.08599853515625 158.1843109130859375 158.1314849853515625 158.9914703369140625 161.152618408203125 163.627471923828125 165.807342529296875 166.9827117919921875 166.4945526123046875 164.784698486328125 162.2380523681640625 159.0336456298828125 156.04376220703125 152.5885162353515625 149.523101806640625 146.102508544921875 141.5804290771484375 141.8868255615234375 144.729949951171875 148.6694488525390625 154.997802734375 160.6894989013671875 158.391143798828125 155.8165740966796875 153.01824951171875 148.438262939453125 146.9577178955078125 148.075927734375 148.5070648193359375 149.52532958984375 150.80657958984375 151.3150482177734375 151.8575897216796875 152.255645751953125 152.5883636474609375 152.909423828125 153.257843017578125 153.9570159912109375 154.9093780517578125 155.857025146484375 157.1806793212890625 158.66900634765625 159.882598876953125 160.62994384765625 160.71527099609375 160.579864501953125 161.0619964599609375 162.3294219970703125 164.323333740234375 166.710784912109375 168.666534423828125 169.7054901123046875 170.1086883544921875 169.9070587158203125 168.8640594482421875 166.65618896484375 164.2202606201171875 163.427459716796875 162.6187286376953125 162.5413665771484375 164.242584228515625 163.997802734375 161.34521484375 155.65484619140625 146.7834930419921875 135.57281494140625 121.92638397216796875 108.50373077392578125 94.89450836181640625 82.023040771484375 71.44000244140625 64.43827056884765625 61.51638031005859375 61.779453277587890625 63.91448974609375 68.0365447998046875 73.73748779296875 79.33336639404296875 84.182769775390625 87.59234619140625 88.2820892333984375 87.285614013671875 85.71854400634765625 84.068511962890625 82.43976593017578125 80.9385833740234375 79.5648345947265625 78.249481201171875 76.95534515380859375 75.7685394287109375 74.911285400390625 74.527130126953125 74.67621612548828125 75.20906829833984375 75.7074432373046875 75.9720306396484375 75.994842529296875 75.80667877197265625 75.3114471435546875 74.29685211181640625 72.7142486572265625 71.5217132568359375 70.095703125 54.94220733642578125 25.750274658203125 -1e100 -1e100 -1e100 -1e100 -1e100
 -1e100 -1e100 -1e100 -1e100 68.7728729248046875 78.4163818359375 87.4102020263671875 95.32035064697265625 101.86867523193359375 107.015716552734375 111.03693389892578125 114.53763580322265625 118.0318603515625 121.91931915283203125 126.8055419921875 129.6600341796875 130.597564697265625 129.9539947509765625 128.9171600341796875 128.3301239013671875 127.66249847412109375 127.5331573486328125 128.2561798095703125 129.485443115234375 131.5765228271484375 132.932342529296875 133.0204620361328125 131.3835906982421875 129.59124755859375 128.398284912109375 128.3035430908203125 130.10003662109375 133.2435760498046875 136.531585693359375 139.7224578857421875 143.090911865234375 146.5489044189453125 150.0903778076171875 153.4953155517578125 156.80682373046875 158.85028076171875 159.3944854736328125 159.0755157470703125 158.6495819091796875 158.4377288818359375 158.9623870849609375 160.652435302734375 162.526458740234375 163.9217376708984375 164.666900634765625 164.7216644287109375 163.66943359375 161.65789794921875 159.5731353759765625 157.6644287109375 154.402435302734375 151.2233123779296875 147.551666259765625 142.5825958251953125 142.5424957275390625 145.7663116455078125 150.1736297607421875 156.5673828125 161.520904541015625 159.2534942626953125 156.4777679443359375 153.3533172607421875 149.02093505859375 147.9715728759765625 149.242950439453125 149.7476806640625 150.5439300537109375 151.414215087890625 151.6496734619140625 152.2536163330078125 153.0057220458984375 153.7351531982421875 154.3219757080078125 154.90472412109375 155.768890380859375 156.950836181640625 158.024932861328125 159.2339324951171875 160.563018798828125 161.689361572265625 162.50189208984375 163.0309906005859375 163.412078857421875 164.16009521484375 165.341552734375 166.973876953125 168.8493804931640625 170.3085784912109375 170.822265625 170.7592620849609375 170.1776275634765625 168.887176513671875 166.60687255859375 164.4490203857421875 164.04583740234375 164.12103271484375 163.8603973388671875 165.188018798828125 164.6760711669921875 161.6501312255859375 155.6236572265625 147.379638671875 136.549224853515625 123.24979400634765625 110.4084625244140625 97.5735931396484375 85.4216461181640625 75.58524322509765625 69.22225189208984375 66.68044281005859375 67.1385955810546875 69.19864654541015625 72.8735504150390625 77.7805938720703125 82.33966064453125 86.19426727294921875 88.78046417236328125 88.9048004150390625 87.52675628662109375 85.6947479248046875 83.9989166259765625 82.3367919921875 80.91872406005859375 79.83167266845703125 78.66521453857421875 77.408355712890625 76.1248779296875 75.11510467529296875 74.658538818359375 74.80925750732421875 75.462188720703125 75.97760772705078125 76.0832061767578125 75.87152862548828125 75.5026092529296875 74.8591766357421875 73.722625732421875 72.3545074462890625 71.494903564453125 69.048858642578125 55.315792083740234375 36.127300262451171875 -1e100 -1e100 -1e100 -1e100 -1e100
 -1e100 -1e100 -1e100 -1e100 64.9256744384765625 74.44277191162109375 83.32220458984375 91.17580413818359375 97.7512664794921875 102.9942169189453125 107.08514404296875 110.4123687744140625 113.4350738525390625 117.08127593994140625 121.4059600830078125 124.0558319091796875 125.49300384521484375 125.4384613037109375 125.2126312255859375 125.44232940673828125 125.1295623779296875 125.44402313232421875 126.8517913818359375 128.7223663330078125 131.4173126220703125 133.255584716796875 133.7451019287109375 132.450531005859375 130.729827880859375 129.434722900390625 129.2362213134765625 130.9154815673828125 133.9803619384765625 137.404296875 141.203399658203125 145.2761383056640625 149.3348236083984375 153.443359375 157.21832275390625 160.2311859130859375 161.593475341796875 161.463531494140625 160.597930908203125 159.664031982421875 159.36651611328125 159.7201080322265625 160.8039703369140625 161.8308563232421875 162.1759796142578125 162.0974578857421875 161.80615234375 161.16534423828125 160.19903564453125 159.7787628173828125 159.1941070556640625 157.157989501953125 154.2118072509765625 149.6710205078125 144.2240753173828125 142.8025665283203125 145.47613525390625 150.170379638671875 156.3128814697265625 160.8011322021484375 160.573577880859375 157.905548095703125 154.6975250244140625 151.8051605224609375 150.020660400390625 150.32684326171875 150.7484130859375 150.992828369140625 151.3188323974609375 151.2773590087890625 151.87176513671875 152.91241455078125 154.047576904296875 155.00390625 155.9537353515625 157.1674957275390625 158.647216796875 159.986907958984375 161.2518768310546875 162.4793701171875 163.5147552490234375 164.4373626708984375 165.3915252685546875 166.3005523681640625 167.3360443115234375 168.458709716796875 169.73614501953125 171.0426483154296875 171.9267120361328125 171.952301025390625 171.2802581787109375 170.207244873046875 168.6109161376953125 166.14495849609375 164.8744354248046875 164.5874786376953125 164.8633270263671875 164.8010711669921875 165.5980224609375 164.8912506103515625 162.131988525390625 155.837554931640625 148.254974365234375 137.7904510498046875 124.73091888427734375 112.7635955810546875 101.03314971923828125 89.83463287353515625 81.0149078369140625 75.53174591064453125 73.5182342529296875 74.29571533203125 76.46044158935546875 79.7007904052734375 83.4380035400390625 86.45551300048828125 88.881591796875 90.13381195068359375 89.64473724365234375 87.998077392578125 85.90634918212890625 84.21848297119140625 82.4532470703125 81.0152130126953125 80.26953125 79.1887969970703125 78.03546905517578125 76.780975341796875 75.677703857421875 75.20720672607421875 75.258026123046875 75.83837890625 76.18257904052734375 75.927734375 75.34722900390625 74.6730499267578125 73.79492950439453125 72.536712646484375 71.490386962890625 70.86788177490234375 66.77506256103515625 55.945125579833984375 42.839626312255859375 -1e100 -1e100 -1e100 -1e100 -1e100
 -1e100 -1e100 -1e100 -1e100 60.824245452880859375 70.4483489990234375 79.4471893310546875 87.47624969482421875 94.29781341552734375 99.8115997314453125 104.05948638916015625 107.28446197509765625 109.9338836669921875 113.469879150390625 117.167816162109375 119.5718841552734375 121.35433197021484375 122.01486968994140625 122.66555023193359375 123.62897491455078125 123.7219085693359375 124.3108978271484375 126.02423095703125 128.3091278076171875 131.3592376708984375 133.7250518798828125 134.6196136474609375 133.92840576171875 132.4598236083984375 131.1747283935546875 131.1568450927734375 132.7197265625 135.2840423583984375 138.35247802734375 142.3995819091796875 146.8723907470703125 151.4850616455078125 156.335235595703125 160.4343414306640625 163.3112335205078125 164.2415008544921875 163.9753875732421875 163.2337493896484375 162.082244873046875 161.6559295654296875 161.701202392578125 162.0413360595703125 162.6267852783203125 162.0624847412109375 160.6782989501953125 159.222686767578125 157.9022979736328125 157.0706329345703125 157.9859466552734375 158.9167633056640625 158.3847503662109375 155.9397125244140625 151.111114501953125 145.467681884765625 143.045806884765625 145.4886932373046875 150.233245849609375 156.38775634765625 162.0466766357421875 163.6175689697265625 161.428131103515625 158.213043212890625 155.549591064453125 152.42584228515625 151.36529541015625 151.4294891357421875 151.0229034423828125 150.6744232177734375 150.41510009765625 151.123443603515625 152.542083740234375 154.13262939453125 155.54461669921875 156.8325347900390625 158.3092041015625 159.9953155517578125 161.5486602783203125 162.9386749267578125 164.1761474609375 165.209930419921875 166.3426055908203125 167.7093505859375 169.094512939453125 170.3482666015625 171.3371734619140625 172.1898040771484375 172.9105072021484375 173.3214111328125 173.13165283203125 172.1861114501953125 170.8751678466796875 169.0418853759765625 166.2733154296875 164.814849853515625 164.772857666015625 164.829132080078125 164.606292724609375 164.9820709228515625 164.0652008056640625 161.76751708984375 155.6353912353515625 148.439788818359375 138.4777374267578125 125.6187744140625 114.2976837158203125 103.60738372802734375 93.40468597412109375 85.5989837646484375 81.026885986328125 79.8242950439453125 81.2970733642578125 83.9013671875 86.8476104736328125 89.3778839111328125 90.68094635009765625 91.330413818359375 91.121124267578125 90.08074188232421875 88.3030853271484375 86.0778961181640625 84.33586883544921875 82.45369720458984375 80.92388153076171875 80.28033447265625 79.2630462646484375 78.1842041015625 77.03238677978515625 75.98262786865234375 75.533782958984375 75.48514556884765625 75.84296417236328125 75.84963226318359375 75.1800384521484375 74.1911773681640625 73.170379638671875 72.014739990234375 70.72150421142578125 69.93304443359375 69.37941741943359375 65.42217254638671875 56.27685546875 46.580554962158203125 -1e100 -1e100 -1e100 -1e100 -1e100
 -1e100 -1e100 -1e100 -1e100 56.6232452392578125 66.5793914794921875 75.918701171875 84.33446502685546875 91.59593963623046875 97.54923248291015625 102.09046173095703125 105.22299957275390625 107.64678192138671875 111.12540435791015625 114.4927978515625 116.7255706787109375 118.7320709228515625 120.0930023193359375 121.4593963623046875 123.1947021484375 123.9306793212890625 124.89647674560546875 126.82404327392578125 129.2478179931640625 132.31390380859375 134.9465484619140625 135.8453521728515625 135.5032501220703125 134.3419342041015625 133.3597564697265625 134.100311279296875 136.2211151123046875 138.532745361328125 140.9402923583984375 144.53704833984375 148.6295013427734375 153.20501708984375 158.647491455078125 163.15350341796875 166.0666351318359375 166.9875030517578125 166.8312530517578125 166.271514892578125 165.113555908203125 164.3827972412109375 164.198822021484375 163.9018402099609375 163.7856292724609375 162.8047027587890625 160.0727081298828125 157.27069091796875 155.2197418212890625 154.13446044921875 155.57696533203125 157.9056549072265625 158.519927978515625 156.6731414794921875 152.304718017578125 146.8279876708984375 143.771331787109375 146.1854705810546875 150.6665496826171875 156.7979278564453125 164.0816497802734375 167.63238525390625 165.96539306640625 162.688690185546875 159.5597686767578125 154.665496826171875 151.965728759765625 151.6104278564453125 150.64361572265625 149.7674407958984375 149.48858642578125 150.534454345703125 152.35906982421875 154.3152923583984375 156.06915283203125 157.5820159912109375 159.256317138671875 161.1799774169921875 163.1053314208984375 164.7780914306640625 166.112213134765625 167.174530029296875 168.167510986328125 169.4308624267578125 170.867431640625 172.0742950439453125 173.0164947509765625 173.7488250732421875 174.25982666015625 174.6263885498046875 174.5804595947265625 173.7441253662109375 172.3466339111328125 170.23333740234375 167.5052337646484375 165.765228271484375 165.103179931640625 164.77545166015625 164.197906494140625 163.9122314453125 163.1678009033203125 161.4271087646484375 155.2996673583984375 148.3396453857421875 138.605712890625 125.73758697509765625 114.72344207763671875 104.5676422119140625 95.119964599609375 88.130218505859375 84.274261474609375 83.74358367919921875 85.86132049560546875 88.83563995361328125 91.643707275390625 93.3583221435546875 93.28459930419921875 92.41814422607421875 91.08539581298828125 89.74234771728515625 88.03395843505859375 85.80233001708984375 83.95200347900390625 81.91429901123046875 80.165008544921875 79.40692901611328125 78.41968536376953125 77.52190399169921875 76.69362640380859375 75.8914947509765625 75.537872314453125 75.32344818115234375 75.19339752197265625 74.6766204833984375 73.5648956298828125 72.22495269775390625 70.9521636962890625 69.62718963623046875 68.4610137939453125 67.8699798583984375 67.28038787841796875 62.485809326171875 54.533161163330078125 -1e100 -1e100 -1e100 -1e100 -1e100 -1e100
 -1e100 -1e100 -1e100 -1e100 52.414035797119140625 62.896282196044921875 72.75829315185546875 81.72107696533203125 89.55389404296875 96.06465911865234375 101.05498504638671875 104.21160125732421875 106.4434051513671875 110.03643035888671875 113.48278045654296875 115.7967681884765625 118.027191162109375 119.6711578369140625 121.1412353515625 123.16245269775390625 124.38698577880859375 125.67229461669921875 127.7660064697265625 130.036956787109375 132.6855621337890625 134.962158203125 135.535675048828125 135.5167999267578125 135.032257080078125 135.2066192626953125 137.5460357666015625 140.9094390869140625 143.3873138427734375 145.177886962890625 147.8433837890625 150.990753173828125 155.10540771484375 160.74676513671875 165.465118408203125 168.567230224609375 169.7033233642578125 169.656524658203125 169.1425628662109375 167.9757080078125 167.0286407470703125 166.639373779296875 165.82012939453125 164.991058349609375 163.6461029052734375 160.026031494140625 156.08203125 153.54132080078125 152.530548095703125 153.7890472412109375 156.6996612548828125 158.4062347412109375 157.227996826171875 153.494171142578125 148.9501190185546875 145.55035400390625 147.60986328125 151.466888427734375 157.08404541015625 164.7824859619140625 169.3119659423828125 168.2057647705078125 164.9064483642578125 161.5811767578125 155.73809814453125 151.601959228515625 150.8608245849609375 149.6809844970703125 148.739898681640625 148.7242889404296875 150.1021270751953125 152.1050262451171875 154.22467041015625 156.316070556640625 158.1192169189453125 160.152923583984375 162.48297119140625 164.727203369140625 166.6701812744140625 168.056427001953125 168.9687347412109375 169.6459503173828125 170.4527435302734375 171.6193695068359375 172.768646240234375 173.8192291259765625 174.6820831298828125 175.2956390380859375 175.8230133056640625 176.0431365966796875 175.4898834228515625 174.1171417236328125 171.67822265625 168.91180419921875 166.98663330078125 165.6502838134765625 164.843994140625 163.88037109375 162.7234954833984375 161.594818115234375 160.0073394775390625 153.8086090087890625 146.9026947021484375 137.3945465087890625 124.7965087890625 114.0983734130859375 104.40069580078125 95.61511993408203125 89.2757110595703125 85.9078826904296875 85.7246551513671875 87.90843963623046875 90.70013427734375 93.06038665771484375 94.00045013427734375 92.92667388916015625 91.20298004150390625 89.27538299560546875 88.03626251220703125 86.71160125732421875 84.6035614013671875 82.57647705078125 80.48918914794921875 78.360198974609375 77.3164520263671875 76.38165283203125 75.647369384765625 75.25090789794921875 74.7637176513671875 74.5443115234375 74.257476806640625 73.5089111328125 72.5042724609375 71.097808837890625 69.61769866943359375 68.29029083251953125 66.97368621826171875 66.105194091796875 65.6373291015625 64.6980133056640625 58.943515777587890625 50.1697235107421875 -1e100 -1e100 -1e100 -1e100 -1e100 -1e100
 -1e100 -1e100 -1e100 -1e100 48.228176116943359375 59.38158416748046875 69.8918609619140625 79.4917144775390625 87.92919921875 94.960540771484375 100.34506988525390625 103.56179046630859375 105.87854766845703125 109.93955230712890625 113.63134002685546875 116.20767974853515625 118.52278900146484375 120.3158721923828125 121.6996307373046875 123.50322723388671875 124.993560791015625 126.12500762939453125 127.97998809814453125 130.259124755859375 132.6775054931640625 134.50775146484375 135.0583343505859375 135.6422882080078125 135.8204498291015625 137.3244781494140625 141.2374114990234375 145.3782806396484375 147.953582763671875 149.356353759765625 151.3647308349609375 153.6726226806640625 157.45794677734375 163.02044677734375 167.4950408935546875 170.6035919189453125 171.9841156005859375 171.9200592041015625 171.4371337890625 170.3970794677734375 169.3080291748046875 168.558868408203125 167.3133392333984375 166.165313720703125 164.55096435546875 160.8568267822265625 156.700286865234375 153.804290771484375 152.47515869140625 152.670928955078125 154.7445526123046875 156.6347503662109375 156.3169708251953125 154.04901123046875 151.25103759765625 148.6434783935546875 150.3764495849609375 153.2837066650390625 157.76641845703125 164.3742523193359375 167.989166259765625 167.6219635009765625 164.41448974609375 161.271942138671875 155.9707794189453125 151.037200927734375 149.8184967041015625 148.762420654296875 147.9916839599609375 148.4993896484375 150.3218994140625 152.58197021484375 154.916656494140625 157.323638916015625 159.364013671875 161.5230255126953125 163.888824462890625 166.127899169921875 168.10235595703125 169.626556396484375 170.6162567138671875 171.17926025390625 171.6835479736328125 172.48944091796875 173.507110595703125 174.6281890869140625 175.5601959228515625 176.2599029541015625 176.858184814453125 177.21490478515625 176.93280029296875 175.6685943603515625 172.9229736328125 169.928558349609375 167.429840087890625 165.450653076171875 164.3106842041015625 163.1339874267578125 161.3704833984375 159.3792266845703125 157.136199951171875 150.8889007568359375 143.864501953125 134.9592742919921875 123.41495513916015625 113.1807403564453125 104.01285552978515625 96.0012054443359375 90.24654388427734375 87.218597412109375 86.93364715576171875 88.44622039794921875 90.3983612060546875 91.6445159912109375 91.66544342041015625 89.9966888427734375 87.871002197265625 85.86187744140625 85.0419769287109375 84.2494354248046875 82.42003631591796875 80.15399932861328125 78.1536407470703125 75.707977294921875 74.2794952392578125 73.5555572509765625 72.98377227783203125 72.9515838623046875 72.7042694091796875 72.48369598388671875 72.1823577880859375 70.8532257080078125 69.53693389892578125 68.1413116455078125 66.7702484130859375 65.5806732177734375 64.43724822998046875 63.8092193603515625 63.44983673095703125 61.7945404052734375 51.355937957763671875 41.35266876220703125 -1e100 -1e100 -1e100 -1e100 -1e100 -1e100
 -1e100 -1e100 -1e100 -1e100 44.049480438232421875 55.9617462158203125 67.1900177001953125 77.469482421875 86.50891876220703125 93.96222686767578125 99.5378570556640625 102.81014251708984375 105.3851165771484375 109.87323760986328125 113.8695068359375 116.8354034423828125 119.28311920166015625 121.28509521484375 122.8212738037109375 124.49152374267578125 126.10565185546875 127.3683624267578125 128.98651123046875 131.260528564453125 133.619842529296875 135.1508026123046875 135.748687744140625 136.9189300537109375 137.8517608642578125 140.319183349609375 145.0240020751953125 149.4748687744140625 152.119049072265625 153.419677734375 154.9936676025390625 156.84649658203125 160.264984130859375 165.44091796875 169.6675872802734375 172.5893402099609375 173.9095458984375 173.668548583984375 172.9029541015625 171.9259490966796875 170.792083740234375 169.94476318359375 168.7066497802734375 167.237579345703125 165.6746978759765625 162.4639434814453125 158.8155517578125 155.860015869140625 153.9432220458984375 152.84674072265625 153.352691650390625 154.4330596923828125 154.92193603515625 154.50146484375 153.0428009033203125 151.4894256591796875 152.98870849609375 154.7840423583984375 158.041717529296875 163.599578857421875 166.471649169921875 167.0270233154296875 163.9897003173828125 160.717681884765625 155.8667449951171875 150.412078857421875 148.8256378173828125 148.3444061279296875 148.1273193359375 149.4307708740234375 151.6535797119140625 154.013763427734375 156.38916015625 158.7427978515625 160.712677001953125 162.7183074951171875 164.908599853515625 167.0201568603515625 168.91925048828125 170.5188140869140625 171.689300537109375 172.2471466064453125 172.6184539794921875 173.2824554443359375 174.3306121826171875 175.514556884765625 176.53240966796875 177.30682373046875 177.856842041015625 178.1302337646484375 177.900665283203125 176.4456634521484375 173.2391815185546875 170.224945068359375 167.3138275146484375 164.8698883056640625 163.6646575927734375 162.190399169921875 159.7505950927734375 157.0025634765625 153.982757568359375 147.96380615234375 141.3563079833984375 133.26019287109375 123.0095062255859375 113.41017913818359375 104.70607757568359375 97.47844696044921875 92.23126220703125 89.490264892578125 88.86736297607421875 89.26043701171875 89.68963623046875 89.42255401611328125 88.18187713623046875 85.80939483642578125 83.54998016357421875 81.99845123291015625 81.956146240234375 81.97396087646484375 80.554779052734375 78.14044952392578125 75.95163726806640625 73.06829833984375 71.30846405029296875 70.853790283203125 70.727203369140625 71.258026123046875 71.2401123046875 70.87359619140625 70.29447174072265625 68.29727935791015625 66.57932281494140625 65.277801513671875 64.14569854736328125 63.233837127685546875 62.386981964111328125 61.908782958984375 62.10366058349609375 52.590358734130859375 38.146221160888671875 28.383378982543945312 -1e100 -1e100 -1e100 -1e100 -1e100 -1e100
 -1e100 -1e100 -1e100 -1e100 39.835041046142578125 52.53643035888671875 64.5047149658203125 75.48934173583984375 85.2055816650390625 93.30469512939453125 99.1817626953125 102.199127197265625 104.939361572265625 109.77846527099609375 113.9451141357421875 117.0772552490234375 119.844970703125 122.14154815673828125 123.86119842529296875 125.53418731689453125 127.3315887451171875 128.8288116455078125 130.508453369140625 132.6425933837890625 134.71490478515625 135.958099365234375 136.8023681640625 138.4832305908203125 140.202911376953125 143.295806884765625 147.99371337890625 152.2189178466796875 155.045501708984375 156.6810302734375 158.15863037109375 159.9019775390625 163.048828125 167.442291259765625 171.1911468505859375 173.83734130859375 174.90087890625 174.58917236328125 173.810546875 172.962158203125 171.9097747802734375 170.9669647216796875 169.7471466064453125 168.20733642578125 166.82415771484375 164.4827117919921875 161.5839080810546875 158.70867919921875 156.296417236328125 153.9029083251953125 152.79022216796875 153.1229400634765625 154.0086517333984375 154.7518768310546875 154.5634613037109375 153.5656585693359375 154.573577880859375 155.5537109375 157.830535888671875 162.4155426025390625 164.4772796630859375 165.1490325927734375 162.590087890625 159.294219970703125 154.8895416259765625 150.1534881591796875 148.5456695556640625 148.644439697265625 150.283477783203125 151.3920745849609375 153.7995758056640625 156.0113677978515625 158.0862884521484375 160.07818603515625 161.735107421875 163.406005859375 165.3399200439453125 167.2080535888671875 169.018829345703125 170.74591064453125 172.1502532958984375 173.0016937255859375 173.6399688720703125 174.3828125 175.4901580810546875 176.592681884765625 177.4771728515625 178.126861572265625 178.4603271484375 178.4353179931640625 177.8878936767578125 175.978607177734375 172.2388458251953125 168.9948883056640625 165.9097442626953125 163.4599151611328125 162.337371826171875 160.764617919921875 158.05426025390625 154.80743408203125 151.2707366943359375 145.6783447265625 139.69873046875 132.4728240966796875 123.575347900390625 114.939605712890625 107.2996978759765625 101.2542724609375 96.71344757080078125 94.14745330810546875 92.74202728271484375 91.20850372314453125 89.375518798828125 87.2210540771484375 84.52349090576171875 81.582122802734375 79.5914764404296875 78.7021026611328125 79.49578094482421875 80.32459259033203125 79.40766143798828125 77.08583831787109375 74.69512176513671875 71.4886627197265625 69.62770843505859375 69.42423248291015625 69.77196502685546875 70.752532958984375 70.78119659423828125 70.06119537353515625 68.96307373046875 66.3801727294921875 64.33774566650390625 63.10427093505859375 62.227626800537109375 61.602237701416015625 61.0272369384765625 60.7129669189453125 60.280368804931640625 43.62885284423828125 22.523359298706054688 14.430295944213867188 -1e100 -1e100 -1e100 -1e100 -1e100 -1e100
 -1e100 -1e100 -1e100 -1e100 35.545093536376953125 49.01750946044921875 61.699230194091796875 73.3309783935546875 83.5798187255859375 92.01660919189453125 98.11022186279296875 101.1147003173828125 103.9739532470703125 109.07286834716796875 113.37972259521484375 116.723358154296875 119.7946929931640625 122.50946044921875 124.6355438232421875 126.315643310546875 128.172271728515625 129.9326019287109375 131.57220458984375 133.805419921875 136.0102081298828125 137.326812744140625 138.6971588134765625 141.0693511962890625 143.22259521484375 146.52099609375 150.75830078125 154.0794830322265625 156.4387969970703125 158.2918243408203125 159.8656463623046875 161.7038116455078125 164.950042724609375 168.869049072265625 171.994720458984375 174.210357666015625 175.0395660400390625 174.756866455078125 174.26165771484375 173.7770538330078125 172.8206634521484375 171.76202392578125 170.482635498046875 169.028533935546875 167.8575286865234375 166.5400848388671875 164.4626312255859375 161.8867645263671875 159.202056884765625 156.032958984375 153.8077239990234375 152.982086181640625 153.0222930908203125 153.615447998046875 153.4288787841796875 152.3338470458984375 153.7763519287109375 154.816558837890625 156.985382080078125 161.41754150390625 162.72467041015625 163.50140380859375 161.149078369140625 157.7794189453125 153.834930419921875 149.9929962158203125 148.6102447509765625 149.6174774169921875 151.2369232177734375 153.589263916015625 155.9792327880859375 157.967498779296875 159.707244873046875 161.241943359375 162.47821044921875 163.74542236328125 165.233917236328125 166.7643585205078125 168.47589111328125 170.3603057861328125 172.0640716552734375 173.402923583984375 174.5431671142578125 175.46649169921875 176.614715576171875 177.594573974609375 178.20477294921875 178.5355377197265625 178.36053466796875 177.7449188232421875 176.5306243896484375 174.0481109619140625 170.0319366455078125 166.6654052734375 163.55218505859375 161.312408447265625 160.3382720947265625 158.6972198486328125 156.122467041015625 152.757659912109375 149.0441131591796875 144.1481475830078125 138.8766021728515625 132.56787109375 125.014617919921875 117.57431793212890625 111.43677520751953125 107.22759246826171875 103.95597076416015625 101.5893402099609375 99.10086822509765625 95.18035888671875 90.68000030517578125 86.42417144775390625 82.351226806640625 79.04388427734375 77.31097412109375 76.9006500244140625 78.2115020751953125 79.54058074951171875 79.19109344482421875 77.2375030517578125 74.8401947021484375 71.644805908203125 69.91619873046875 69.86426544189453125 70.53809356689453125 71.69448089599609375 71.60247802734375 70.3311920166015625 68.55230712890625 65.55283355712890625 63.261684417724609375 61.98249053955078125 61.24163055419921875 60.762584686279296875 60.29892730712890625 60.089756011962890625 58.02783966064453125 33.326549530029296875 7.6048107147216796875 -1e100 -1e100 -1e100 -1e100 -1e100 -1e100 -1e100
 -1e100 -1e100 -1e100 -1e100 31.177410125732421875 45.3895416259765625 58.7726287841796875 71.04042816162109375 81.75749969482421875 90.34496307373046875 96.40123748779296875 99.341766357421875 102.5264892578125 107.7699737548828125 112.2215576171875 115.85463714599609375 119.260528564453125 122.4383087158203125 125.13880157470703125 127.21247100830078125 129.2156829833984375 131.359527587890625 133.18353271484375 135.539398193359375 138.10028076171875 140.0172576904296875 142.0155029296875 144.686920166015625 146.9764862060546875 149.9543914794921875 153.4058837890625 155.96685791015625 157.6409149169921875 159.30804443359375 160.7603302001953125 162.5447235107421875 165.7219390869140625 169.3250579833984375 172.1317291259765625 174.008575439453125 174.75927734375 174.739837646484375 174.532684326171875 174.3042449951171875 173.4375762939453125 172.455657958984375 171.285858154296875 169.9522552490234375 169.2419281005859375 168.7344818115234375 167.3720855712890625 165.198974609375 162.37176513671875 158.8162078857421875 156.1548919677734375 154.2956085205078125 153.0936126708984375 152.692596435546875 151.1687469482421875 149.501312255859375 151.243499755859375 152.7318267822265625 155.49951171875 160.20257568359375 161.73583984375 162.831298828125 160.87750244140625 157.315338134765625 153.594482421875 150.159454345703125 148.7885284423828125 150.7065887451171875 152.786224365234375 155.527557373046875 157.8682403564453125 159.62042236328125 160.98583984375 161.982330322265625 162.783905029296875 163.712310791015625 164.827392578125 166.13848876953125 167.83123779296875 169.87139892578125 171.793243408203125 173.4593963623046875 175.0256195068359375 176.222747802734375 177.3884735107421875 178.2694091796875 178.64404296875 178.5371856689453125 177.767120361328125 176.507965087890625 174.4950408935546875 171.297332763671875 166.974945068359375 163.360595703125 160.4310760498046875 158.44854736328125 157.600616455078125 156.1891326904296875 153.9618988037109375 150.91375732421875 147.68560791015625 143.536834716796875 138.8292083740234375 133.03875732421875 126.22042083740234375 119.7729034423828125 115.31786346435546875 113.39319610595703125 111.79494476318359375 109.71372222900390625 106.2577362060546875 100.20204925537109375 93.1943511962890625 87.37213134765625 82.382720947265625 78.72798919677734375 77.08563995361328125 76.95603179931640625 78.5753021240234375 80.3042449951171875 80.54170989990234375 79.16278076171875 76.75534820556640625 73.5364990234375 71.9841766357421875 71.87760162353515625 72.754669189453125 74.00411224365234375 73.8272857666015625 71.9857940673828125 69.45265960693359375 66.11425018310546875 63.4489593505859375 61.89665985107421875 61.0692138671875 60.5377655029296875 60.05770111083984375 59.833507537841796875 58.020263671875 40.47661590576171875 14.915734291076660156 -1e100 -1e100 -1e100 -1e100 -1e100 -1e100 -1e100
 -1e100 -1e100 -1e100 -1e100 26.78125 41.717952728271484375 55.841480255126953125 68.8347930908203125 80.13550567626953125 88.87857818603515625 94.452880859375 97.2950439453125 100.794891357421875 106.08618927001953125 110.78115081787109375 114.62413787841796875 118.25806427001953125 121.71240234375 124.7797698974609375 127.43769073486328125 129.980224609375 132.7332000732421875 135.197052001953125 137.7625579833984375 140.4482421875 142.7543792724609375 145.0529327392578125 147.50189208984375 149.799713134765625 152.698699951171875 155.570159912109375 157.6337432861328125 159.02337646484375 160.3616180419921875 161.244964599609375 162.7458038330078125 165.53070068359375 168.407806396484375 170.9045562744140625 172.718048095703125 173.638214111328125 174.0355377197265625 174.202789306640625 174.2578125 173.62054443359375 172.8514862060546875 172.0932769775390625 170.975555419921875 170.545257568359375 170.5509796142578125 169.7897491455078125 168.21002197265625 165.340362548828125 161.583251953125 158.8735198974609375 156.3415069580078125 154.0695343017578125 152.75537109375 150.029083251953125 147.5163421630859375 149.0993499755859375 150.879150390625 153.964996337890625 158.6935577392578125 160.1401824951171875 161.134796142578125 160.2522430419921875 157.0534820556640625 153.9053802490234375 151.6522064208984375 150.0467987060546875 152.15008544921875 154.614166259765625 157.3106689453125 159.4823455810546875 160.9313201904296875 161.9007568359375 162.424591064453125 162.905792236328125 163.6519622802734375 164.5589447021484375 165.7543487548828125 167.3877410888671875 169.3922882080078125 171.27960205078125 173.0762939453125 174.884033203125 176.2772979736328125 177.4618988037109375 178.1848297119140625 178.23187255859375 177.7242431640625 176.5608367919921875 174.8482818603515625 172.3433837890625 168.78643798828125 164.073760986328125 159.8888092041015625 157.114837646484375 155.416595458984375 154.6660614013671875 153.989990234375 152.4123382568359375 149.97686767578125 147.422637939453125 143.763092041015625 139.20465087890625 133.180938720703125 126.0736236572265625 119.90575408935546875 116.6634521484375 116.7107391357421875 116.97103118896484375 115.63826751708984375 111.664398193359375 104.080657958984375 95.28485107421875 88.43297576904296875 83.1331329345703125 79.58319854736328125 78.1222991943359375 78.0579376220703125 79.47678375244140625 81.10013580322265625 81.7293701171875 80.97097015380859375 78.93843841552734375 76.19832611083984375 74.966766357421875 74.83580780029296875 75.63977813720703125 76.610137939453125 76.16962432861328125 73.85814666748046875 70.784820556640625 67.35201263427734375 64.49603271484375 62.607166290283203125 61.523685455322265625 60.78912353515625 60.179538726806640625 59.889606475830078125 58.401012420654296875 44.78812408447265625 26.438821792602539062 -1e100 -1e100 -1e100 -1e100 -1e100 -1e100 -1e100
 -1e100 -1e100 -1e100 -1e100 22.454256057739257812 38.124866485595703125 53.055370330810546875 66.89226531982421875 79.00421142578125 88.28296661376953125 92.49908447265625 95.1551513671875 98.87087249755859375 104.15924072265625 109.079132080078125 113.22678375244140625 117.06313323974609375 120.813873291015625 124.2022552490234375 127.3556365966796875 130.37615966796875 133.5153045654296875 136.4697723388671875 139.51165771484375 142.44500732421875 144.9678192138671875 147.4592742919921875 149.6539306640625 151.39447021484375 154.303802490234375 156.6851654052734375 158.1248016357421875 159.4453277587890625 160.485015869140625 161.1017913818359375 162.50823974609375 164.792144775390625 166.880462646484375 168.873443603515625 170.511688232421875 171.67138671875 172.750946044921875 173.527801513671875 173.935211181640625 173.6359710693359375 173.132781982421875 172.6318511962890625 171.82220458984375 171.5360260009765625 171.58331298828125 171.184906005859375 170.4699859619140625 167.82470703125 164.4992828369140625 162.653106689453125 159.7378082275390625 156.4237823486328125 154.2464447021484375 149.99627685546875 146.01861572265625 147.1657562255859375 148.9948883056640625 152.019073486328125 156.8687286376953125 158.33087158203125 159.8958740234375 160.5818634033203125 158.403961181640625 155.875732421875 154.0860137939453125 151.8705902099609375 153.38885498046875 155.960357666015625 158.54638671875 160.46270751953125 161.633758544921875 162.3253631591796875 162.686279296875 163.12322998046875 163.824920654296875 164.6541900634765625 165.76239013671875 167.1876983642578125 168.9245147705078125 170.5158538818359375 172.0804290771484375 173.78289794921875 175.213775634765625 176.3926544189453125 177.053985595703125 176.893585205078125 176.108551025390625 174.6822357177734375 172.6913604736328125 170.064361572265625 166.6044158935546875 162.0264892578125 157.5758209228515625 154.8517913818359375 153.2114105224609375 152.3016357421875 152.1850128173828125 151.2788848876953125 149.356781005859375 147.2764892578125 143.9242095947265625 139.1357574462890625 132.3263702392578125 124.2009429931640625 117.61891937255859375 114.9547882080078125 116.44416046142578125 118.81244659423828125 118.8974609375 114.91229248046875 106.63422393798828125 96.87728118896484375 89.33152008056640625 84.0005645751953125 80.6970062255859375 79.345367431640625 79.085693359375 79.9523773193359375 81.119873046875 81.8923492431640625 81.66300201416015625 80.35694122314453125 78.51497650146484375 77.787200927734375 77.66521453857421875 78.20139312744140625 78.70656585693359375 77.9146881103515625 75.36537933349609375 72.134857177734375 68.77448272705078125 65.88912200927734375 63.724323272705078125 62.33351898193359375 61.3295440673828125 60.53143310546875 60.14084625244140625 58.923755645751953125 48.8626708984375 35.80182647705078125 27.132429122924804688 -1e100 -1e100 -1e100 -1e100 -1e100 -1e100
 -1e100 -1e100 -1e100 1.5078908205032348633 18.340396881103515625 34.786106109619140625 50.56920623779296875 65.1917724609375 77.80710601806640625 86.983978271484375 90.89311981201171875 93.28285980224609375 97.0837860107421875 102.30353546142578125 107.4471893310546875 112.11759185791015625 116.3403472900390625 120.36029052734375 124.0330810546875 127.4119110107421875 130.49554443359375 133.9440460205078125 137.466796875 141.10943603515625 144.52197265625 147.33154296875 149.8841400146484375 152.0156097412109375 153.3424224853515625 155.854248046875 157.443450927734375 157.8999481201171875 158.4649658203125 159.11663818359375 159.883697509765625 161.4788360595703125 163.53448486328125 165.269073486328125 166.9448699951171875 168.516204833984375 169.8380279541015625 171.4963836669921875 172.7049713134765625 173.2305145263671875 172.89508056640625 172.7134552001953125 172.525177001953125 171.9827423095703125 172.10137939453125 172.186279296875 171.9417266845703125 171.5099029541015625 168.77069091796875 166.10009765625 165.0636749267578125 162.48797607421875 159.427825927734375 156.7266693115234375 150.94207763671875 146.02630615234375 145.9271240234375 147.321533203125 150.2696380615234375 154.714019775390625 156.1222076416015625 158.129180908203125 159.8589019775390625 158.3471221923828125 156.551544189453125 155.1744384765625 152.7312469482421875 154.17437744140625 156.7120513916015625 159.12091064453125 160.776214599609375 161.732452392578125 162.4297027587890625 162.9232940673828125 163.4950103759765625 164.2127227783203125 164.9409942626953125 165.8630218505859375 166.984375 168.355987548828125 169.576751708984375 170.72821044921875 172.0879364013671875 173.43670654296875 174.6312103271484375 175.3196563720703125 175.1599273681640625 174.25347900390625 172.732147216796875 170.7868194580078125 168.3594818115234375 165.1961669921875 159.8989410400390625 155.38238525390625 152.5200653076171875 150.6825103759765625 150.4833526611328125 151.0280303955078125 150.5193328857421875 148.9350433349609375 147.0900421142578125 143.8708953857421875 138.819244384765625 131.063385009765625 121.765625 114.54373931884765625 111.994476318359375 114.355133056640625 118.33274078369140625 119.65628814697265625 115.9615631103515625 107.75305938720703125 97.9763031005859375 90.3666534423828125 85.0702972412109375 81.72736358642578125 80.1505584716796875 79.5896759033203125 80.0416717529296875 80.916229248046875 81.71208953857421875 81.84102630615234375 81.1200103759765625 79.9974822998046875 79.7029571533203125 79.5092620849609375 79.66617584228515625 79.72260284423828125 78.58736419677734375 76.1267547607421875 73.148040771484375 70.04213714599609375 67.25829315185546875 64.94844818115234375 63.280162811279296875 62.009159088134765625 60.99925994873046875 60.5143585205078125 59.47487640380859375 52.259098052978515625 42.829006195068359375 35.394573211669921875 -1e100 -1e100 -1e100 -1e100 -1e100 -1e100
 -1e100 -1e100 -1e100 -2.6925938129425048828 14.626088142395019531 31.969072341918945312 48.720890045166015625 64.18723297119140625 77.26583099365234375 86.3161468505859375 90.00566864013671875 92.23976898193359375 96.12322235107421875 101.31850433349609375 106.68456268310546875 111.73166656494140625 116.3816070556640625 120.59613037109375 124.315155029296875 127.7173614501953125 130.71697998046875 134.260284423828125 138.4130096435546875 142.510498046875 146.3318939208984375 149.5019378662109375 152.137542724609375 154.2847747802734375 155.097747802734375 156.4771881103515625 156.8248443603515625 155.9600067138671875 155.61541748046875 156.3395843505859375 157.6630401611328125 159.8336334228515625 161.97552490234375 163.7612457275390625 165.317962646484375 166.91064453125 168.31756591796875 170.308685302734375 171.801361083984375 172.4564971923828125 172.330963134765625 172.4518585205078125 172.610015869140625 172.3341217041015625 172.397369384765625 172.3812103271484375 172.034759521484375 170.9924468994140625 167.3009033203125 164.596099853515625 163.765838623046875 162.0257110595703125 160.4562225341796875 158.4871978759765625 152.105926513671875 146.8841400146484375 145.57373046875 146.262664794921875 148.9659423828125 152.94976806640625 154.0736846923828125 155.67779541015625 157.7290191650390625 157.2138671875 156.1965789794921875 155.6436309814453125 154.0444183349609375 155.2534332275390625 157.518096923828125 159.594879150390625 160.9427490234375 161.6796417236328125 162.376007080078125 163.09820556640625 163.85235595703125 164.5037384033203125 165.0858917236328125 165.7979736328125 166.5628662109375 167.550811767578125 168.4739837646484375 169.251556396484375 170.2526702880859375 171.5338592529296875 172.7655792236328125 173.572967529296875 173.634307861328125 172.85931396484375 171.382568359375 169.44000244140625 167.09881591796875 164.174224853515625 157.2369384765625 152.748077392578125 149.7986602783203125 147.7819061279296875 148.4971466064453125 150.2570343017578125 149.8954925537109375 148.5383148193359375 146.8253631591796875 143.831085205078125 138.80133056640625 130.6026763916015625 120.65239715576171875 112.828857421875 110.02069091796875 112.52610015869140625 116.9358062744140625 118.8197174072265625 115.4231719970703125 107.61551666259765625 98.53798675537109375 91.34613800048828125 86.14353179931640625 82.6429290771484375 80.5509796142578125 79.6710357666015625 79.77481842041015625 80.398773193359375 81.17641448974609375 81.529815673828125 81.14992523193359375 80.61896514892578125 80.52460479736328125 80.172210693359375 79.89532470703125 79.58988189697265625 78.21762847900390625 76.07837677001953125 73.61287689208984375 70.93376922607421875 68.38558197021484375 66.08446502685546875 64.21147918701171875 62.70812225341796875 61.495014190673828125 60.917816162109375 60.026805877685546875 54.912616729736328125 48.006984710693359375 41.763355255126953125 -1e100 -1e100 -1e100 -1e100 -1e100 -1e100
 -1e100 -1e100 -1e100 -6.0939760208129882812 11.506612777709960938 29.973371505737304688 47.84758758544921875 64.29549407958984375 78.074676513671875 87.357421875 90.21076202392578125 92.4788818359375 96.416656494140625 101.737274169921875 107.36367034912109375 112.70865631103515625 117.64327239990234375 121.9343414306640625 125.5405426025390625 128.63092041015625 131.294921875 134.7179412841796875 138.9726715087890625 143.361236572265625 147.560943603515625 151.0377349853515625 153.8483734130859375 155.9801483154296875 156.0781707763671875 156.1046142578125 155.146881103515625 153.12506103515625 152.11749267578125 153.0073699951171875 155.047332763671875 157.7289276123046875 160.167694091796875 162.4256134033203125 164.205810546875 165.9886932373046875 167.6396026611328125 169.9853668212890625 171.5757598876953125 172.09576416015625 171.8290252685546875 171.792694091796875 171.925933837890625 171.98175048828125 172.2647247314453125 172.4582977294921875 172.10418701171875 170.245147705078125 165.34246826171875 162.304962158203125 161.6062164306640625 160.624298095703125 160.178955078125 158.881622314453125 152.12677001953125 146.580535888671875 144.7627105712890625 145.248260498046875 147.7884674072265625 151.607879638671875 152.42138671875 154.06982421875 155.874786376953125 155.786651611328125 155.3838653564453125 155.3183746337890625 154.6766204833984375 156.195404052734375 158.3542327880859375 160.12347412109375 161.113739013671875 161.6078948974609375 162.2560882568359375 163.14398193359375 163.978271484375 164.549407958984375 165.01171875 165.5067901611328125 165.9741058349609375 166.6061553955078125 167.257354736328125 167.759521484375 168.4722442626953125 169.649810791015625 170.849517822265625 171.739044189453125 171.985382080078125 171.234130859375 169.660400390625 167.617645263671875 165.2280731201171875 162.5370635986328125 154.5947418212890625 150.7946624755859375 148.1540069580078125 146.180572509765625 147.5647125244140625 150.0316009521484375 149.3150482177734375 147.9180755615234375 146.2052001953125 143.6472625732421875 139.0287017822265625 131.2343902587890625 121.55755615234375 113.50289154052734375 110.24260711669921875 112.22721099853515625 116.30536651611328125 118.01708984375 114.6081085205078125 107.19968414306640625 98.69879150390625 91.8737640380859375 86.84993743896484375 83.285003662109375 80.79686737060546875 79.63999176025390625 79.46636962890625 79.885650634765625 80.6540679931640625 81.12085723876953125 80.9736175537109375 80.8762969970703125 80.8430938720703125 80.27887725830078125 79.68091583251953125 79.12586212158203125 77.6728668212890625 75.88668060302734375 73.89348602294921875 71.57073974609375 69.25054168701171875 67.00327301025390625 65.020599365234375 63.35738372802734375 61.982421875 61.317462921142578125 60.5239715576171875 56.9465179443359375 51.721832275390625 46.38751220703125 -1e100 -1e100 -1e100 -1e100 -1e100 -1e100
 -1e100 -1e100 -1e100 -8.139209747314453125 9.2432346343994140625 29.045169830322265625 48.039539337158203125 65.5599822998046875 79.96063232421875 89.14365386962890625 91.39136505126953125 93.7490692138671875 97.84578704833984375 103.34551239013671875 109.16817474365234375 114.72149658203125 119.84912109375 124.1313323974609375 127.5981292724609375 130.418487548828125 132.69989013671875 136.06158447265625 140.24169921875 144.6339874267578125 149.1090850830078125 152.6964263916015625 155.4712677001953125 157.592529296875 157.1583709716796875 155.74969482421875 153.69989013671875 150.894317626953125 149.2361907958984375 150.6585693359375 153.5361328125 156.579925537109375 159.4764862060546875 162.231109619140625 164.1883697509765625 166.1640167236328125 168.0423736572265625 170.4218597412109375 171.9106292724609375 172.1876983642578125 171.320068359375 170.6727447509765625 170.4075927734375 170.4232330322265625 171.1466827392578125 172.093475341796875 172.249481201171875 170.056549072265625 164.5017242431640625 161.3563385009765625 160.6237945556640625 159.54925537109375 159.46051025390625 158.04302978515625 151.0418243408203125 145.6838226318359375 144.0435638427734375 144.6380615234375 147.2691192626953125 150.5728912353515625 151.318206787109375 152.8179779052734375 153.8979339599609375 153.1050872802734375 153.1282806396484375 153.64093017578125 153.8358154296875 156.679656982421875 158.9438629150390625 160.4093780517578125 161.042724609375 161.3364410400390625 161.9622039794921875 162.9085540771484375 163.7991180419921875 164.3360595703125 164.688018798828125 164.992462158203125 165.2961883544921875 165.71405029296875 166.209686279296875 166.5690460205078125 166.989166259765625 167.8701629638671875 168.8396759033203125 169.583343505859375 169.745452880859375 168.936920166015625 167.281036376953125 165.19537353515625 162.8630218505859375 160.543304443359375 152.2936553955078125 149.3658447265625 147.3229217529296875 145.5253448486328125 147.2305908203125 149.8197784423828125 148.4735870361328125 146.8995819091796875 145.2681884765625 143.389251708984375 139.6198883056640625 132.845855712890625 124.08434295654296875 115.97287750244140625 111.96849822998046875 113.0519866943359375 116.2372589111328125 117.307159423828125 113.893463134765625 106.77036285400390625 98.5362091064453125 91.91867828369140625 87.0609588623046875 83.5334625244140625 80.93654632568359375 79.6927490234375 79.52639007568359375 80.06075286865234375 80.91135406494140625 81.471710205078125 81.41822052001953125 81.285888671875 81.0855560302734375 80.27069854736328125 79.39727020263671875 78.65613555908203125 77.21920013427734375 75.69944000244140625 74.06406402587890625 72.0555572509765625 69.9530487060546875 67.78582000732421875 65.75939178466796875 63.9967041015625 62.497570037841796875 61.721752166748046875 61.32259368896484375 58.53844451904296875 54.29007720947265625 49.51538848876953125 -1e100 -1e100 -1e100 -1e100 -1e100 -1e100
 -1e100 -1e100 -1e100 -7.5931534767150878906 8.8417024612426757812 28.7417144775390625 49.4186248779296875 68.13117218017578125 82.91049957275390625 91.19677734375 93.41513824462890625 95.80271148681640625 100.0469970703125 105.62224578857421875 111.55641937255859375 117.23056793212890625 122.5016937255859375 126.79138946533203125 130.2251739501953125 133.0402679443359375 135.0245208740234375 138.021881103515625 141.8987884521484375 145.8130340576171875 150.1043701171875 153.9620208740234375 156.8000640869140625 158.91888427734375 158.325958251953125 155.8894805908203125 153.224090576171875 150.13409423828125 148.333251953125 150.420501708984375 153.729248046875 156.82562255859375 159.8211517333984375 162.6747283935546875 164.66961669921875 166.7747955322265625 168.8329620361328125 171.050506591796875 172.3159637451171875 172.40399169921875 171.3126678466796875 170.1110687255859375 169.4288482666015625 169.315673828125 170.210723876953125 171.585540771484375 172.2055816650390625 170.3176116943359375 165.032745361328125 162.0140838623046875 161.0963592529296875 159.4367828369140625 158.635345458984375 156.7432708740234375 149.9132537841796875 145.0323638916015625 143.910552978515625 144.72125244140625 147.2014617919921875 150.0795135498046875 150.842529296875 152.27313232421875 152.8150787353515625 151.493194580078125 151.8669586181640625 152.8050079345703125 153.345794677734375 157.04827880859375 159.232940673828125 160.3621673583984375 160.7166900634765625 160.9025421142578125 161.4593963623046875 162.3954315185546875 163.3139190673828125 163.8700714111328125 164.1818695068359375 164.3487701416015625 164.546539306640625 164.8044281005859375 165.208740234375 165.4766387939453125 165.660186767578125 166.2191314697265625 166.7802734375 167.1822052001953125 167.2892608642578125 166.6046142578125 165.078155517578125 163.084869384765625 160.7625274658203125 158.49542236328125 149.78717041015625 147.3015899658203125 145.7611541748046875 144.122100830078125 145.964202880859375 148.6737060546875 146.94317626953125 145.2807464599609375 144.00164794921875 143.0831298828125 140.4243011474609375 135.0126190185546875 127.38762664794921875 119.074005126953125 114.03128814697265625 113.9625244140625 115.876800537109375 116.272705078125 113.08516693115234375 106.20984649658203125 98.0872039794921875 91.56786346435546875 86.85337066650390625 83.49835205078125 81.0699920654296875 79.905364990234375 79.73602294921875 80.2703857421875 81.1249542236328125 81.74823760986328125 81.80893707275390625 81.64662933349609375 81.28009033203125 80.29278564453125 79.23480224609375 78.3886871337890625 77.0212860107421875 75.64662933349609375 74.2252960205078125 72.43093109130859375 70.52281951904296875 68.47534942626953125 66.45574951171875 64.632781982421875 63.03333282470703125 62.1627044677734375 61.676059722900390625 59.537845611572265625 55.901031494140625 51.392704010009765625 -1e100 -1e100 -1e100 -1e100 -1e100 -1e100
 -1e100 -1e100 -1e100 -2.44661712646484375 14.408521652221679688 33.65991973876953125 53.85291290283203125 72.64058685302734375 87.46126556396484375 94.105804443359375 96.266387939453125 98.66423797607421875 102.89418792724609375 108.282318115234375 114.05127716064453125 119.617950439453125 124.885589599609375 129.4181976318359375 133.1658477783203125 136.0944366455078125 137.922332763671875 140.4144134521484375 143.6761474609375 147.056915283203125 150.839874267578125 154.68182373046875 157.4686126708984375 159.270111083984375 158.8873748779296875 156.566253662109375 153.8089599609375 151.0092620849609375 149.7593536376953125 151.9470062255859375 155.2670745849609375 158.06787109375 160.7030487060546875 163.1353759765625 165.146240234375 167.5457763671875 169.9819793701171875 172.074493408203125 173.094635009765625 172.86737060546875 171.33587646484375 169.5207672119140625 168.6582183837890625 168.5525970458984375 169.5510101318359375 171.1965789794921875 171.824249267578125 170.151641845703125 165.5081329345703125 162.55712890625 161.409271240234375 159.0852203369140625 157.016937255859375 154.4539031982421875 148.350921630859375 144.0316314697265625 143.522796630859375 144.813568115234375 147.0899658203125 149.5861358642578125 150.6073760986328125 153.3868408203125 154.7080841064453125 153.3393707275390625 153.8551177978515625 154.40704345703125 153.490203857421875 156.954864501953125 159.038604736328125 159.89569091796875 160.0633544921875 160.242950439453125 160.789886474609375 161.6800689697265625 162.594207763671875 163.22088623046875 163.5657806396484375 163.69793701171875 163.8915252685546875 164.005096435546875 164.239593505859375 164.4029541015625 164.378662109375 164.6333465576171875 164.8450164794921875 164.9428253173828125 164.937255859375 164.38189697265625 163.1446075439453125 161.417510986328125 159.2256927490234375 157.0801849365234375 149.133331298828125 146.28857421875 144.9199981689453125 143.345550537109375 144.205352783203125 147.00347900390625 145.2265625 143.5972442626953125 142.6595306396484375 142.597503662109375 140.8739013671875 136.6941375732421875 130.135711669921875 121.81882476806640625 115.9138031005859375 114.4317626953125 115.087371826171875 114.86954498291015625 111.783416748046875 105.30767822265625 97.40301513671875 90.92132568359375 86.3993988037109375 83.41492462158203125 81.42952728271484375 80.45656585693359375 80.235748291015625 80.547393798828125 81.23479461669921875 81.80265045166015625 81.99395751953125 81.9669647216796875 81.54328155517578125 80.53497314453125 79.3466644287109375 78.21979522705078125 76.8618011474609375 75.4976043701171875 74.1540374755859375 72.61885833740234375 70.93454742431640625 69.048248291015625 67.0815887451171875 65.2278900146484375 63.569080352783203125 62.610584259033203125 62.059017181396484375 60.2129364013671875 56.832263946533203125 52.302890777587890625 -1e100 -1e100 -1e100 -1e100 -1e100 -1e100
 -1e100 -1e100 -1e100 6.2074031829833984375 22.9703369140625 41.355228424072265625 60.36739349365234375 77.9926910400390625 91.5886383056640625 97.8636932373046875 99.69841766357421875 102.14554595947265625 105.88263702392578125 110.479278564453125 115.612213134765625 120.74175262451171875 125.99477386474609375 130.9247589111328125 135.1260833740234375 138.117156982421875 139.7613677978515625 142.19732666015625 145.416229248046875 148.846527099609375 152.631500244140625 156.3056488037109375 158.6143798828125 159.5911865234375 158.911651611328125 157.0885467529296875 154.8583984375 152.9285888671875 152.6695404052734375 154.8965911865234375 157.685302734375 159.962432861328125 162.155120849609375 164.034759521484375 166.0478515625 168.66168212890625 171.12200927734375 173.017822265625 173.918487548828125 173.5994415283203125 171.5124359130859375 169.1141204833984375 167.981475830078125 167.4952545166015625 168.2686767578125 169.788665771484375 170.0668792724609375 168.1660614013671875 164.3492584228515625 162.143310546875 160.929290771484375 158.2960357666015625 155.759674072265625 152.5811920166015625 147.3283843994140625 143.6246185302734375 143.3993988037109375 144.7555389404296875 146.7335357666015625 148.9665069580078125 150.424041748046875 153.5950164794921875 155.3702392578125 154.0573272705078125 154.6139373779296875 155.0042266845703125 153.3530120849609375 156.325225830078125 158.2739105224609375 158.9674530029296875 159.1295318603515625 159.433929443359375 160.0474395751953125 160.8865966796875 161.816162109375 162.526519775390625 162.9462890625 163.111297607421875 163.302490234375 163.272186279296875 163.3143157958984375 163.3800811767578125 163.2271575927734375 163.2310333251953125 163.20263671875 162.9811248779296875 162.6712646484375 162.1880950927734375 161.33746337890625 159.983917236328125 158.1731109619140625 156.395263671875 149.6602783203125 145.603271484375 144.0164337158203125 142.1638336181640625 141.9054107666015625 144.83380126953125 143.3997039794921875 141.9139404296875 141.3341827392578125 141.7506256103515625 140.69000244140625 137.3368072509765625 131.2042083740234375 123.30995941162109375 116.8713836669921875 114.1191558837890625 113.61087799072265625 112.87139892578125 109.8857879638671875 103.93573760986328125 96.60889434814453125 90.39379119873046875 86.138214111328125 83.55511474609375 82.0512542724609375 81.34661102294921875 81.26361846923828125 81.62924957275390625 82.15473175048828125 82.58370208740234375 82.73775482177734375 82.5374298095703125 81.98050689697265625 81.013275146484375 79.76508331298828125 78.39349365234375 76.92057037353515625 75.48114013671875 74.12015533447265625 72.74205780029296875 71.24596405029296875 69.52741241455078125 67.63536834716796875 65.7786712646484375 64.10399627685546875 63.088592529296875 62.476619720458984375 60.735752105712890625 57.347126007080078125 52.530231475830078125 -1e100 -1e100 -1e100 -1e100 -1e100 -1e100
 -1e100 -1e100 -1e100 17.658189773559570312 33.761493682861328125 50.899166107177734375 68.1934661865234375 83.9030303955078125 95.7011260986328125 101.26314544677734375 103.1732635498046875 105.66158294677734375 108.6035614013671875 112.1127471923828125 116.43387603759765625 121.00939178466796875 126.36064910888671875 131.9867401123046875 136.2703704833984375 138.8934478759765625 140.3865966796875 142.704620361328125 146.1768646240234375 150.2878570556640625 154.324798583984375 157.8873443603515625 159.7207794189453125 159.9070587158203125 158.8219146728515625 157.492584228515625 156.1834259033203125 155.346099853515625 155.8020172119140625 157.712799072265625 159.625579833984375 161.1585693359375 162.9492645263671875 164.770172119140625 166.7712860107421875 169.4588623046875 171.8149566650390625 173.6082611083984375 174.6422119140625 174.5135955810546875 172.429046630859375 169.9498443603515625 168.6471405029296875 167.69921875 167.5821990966796875 167.91815185546875 167.0126495361328125 164.46893310546875 161.358154296875 159.9558868408203125 158.9319305419921875 156.863372802734375 154.74786376953125 151.473724365234375 147.2250518798828125 144.5123443603515625 144.242767333984375 145.4425506591796875 147.247833251953125 149.2905120849609375 150.586090087890625 153.2873382568359375 154.871490478515625 153.8500518798828125 154.2554473876953125 154.5486297607421875 152.8993988037109375 155.1407928466796875 156.7639617919921875 157.4650115966796875 157.83819580078125 158.4783782958984375 159.2657012939453125 160.15350341796875 161.1399383544921875 161.910797119140625 162.3311767578125 162.4888763427734375 162.5448150634765625 162.279327392578125 162.155059814453125 162.177398681640625 162.0659332275390625 162.044891357421875 161.91595458984375 161.457855224609375 160.96307373046875 160.5963287353515625 160.1418304443359375 159.178802490234375 157.660552978515625 155.9308929443359375 150.572418212890625 145.643798828125 143.46636962890625 141.29949951171875 140.1635284423828125 142.2315826416015625 141.5074310302734375 140.3090667724609375 139.9878692626953125 140.537872314453125 139.8867034912109375 137.065032958984375 135.585205078125 123.765777587890625 117.53900909423828125 114.02558135986328125 112.50127410888671875 111.06769561767578125 107.89763641357421875 102.2900390625 95.678314208984375 90.06096649169921875 86.23847198486328125 84.04547119140625 82.88582611083984375 82.3365936279296875 82.213836669921875 82.42299652099609375 82.7335205078125 83.01569366455078125 83.12924957275390625 82.89675140380859375 82.33364105224609375 81.42403411865234375 80.1982574462890625 78.77079010009765625 77.22550201416015625 75.71099853515625 74.30138397216796875 72.94127655029296875 71.5371551513671875 69.95400238037109375 68.14795684814453125 66.305572509765625 64.625762939453125 63.559173583984375 62.890323638916015625 61.27663421630859375 57.68991851806640625 52.313472747802734375 -1e100 -1e100 -1e100 -1e100 -1e100 -1e100
 -1e100 -1e100 -1e100 31.08467864990234375 45.99739837646484375 61.488628387451171875 76.72942352294921875 90.23542022705078125 100.0543212890625 104.402801513671875 106.0102691650390625 108.288665771484375 110.33431243896484375 112.7656707763671875 116.5834808349609375 121.07260894775390625 126.71221160888671875 132.8714752197265625 137.0171966552734375 138.861328125 139.9324798583984375 142.24591064453125 146.12652587890625 151.0001220703125 155.4657745361328125 158.9112091064453125 160.31024169921875 159.92352294921875 158.7020416259765625 157.7684173583984375 157.256195068359375 157.479156494140625 158.5119476318359375 159.8426666259765625 160.7795867919921875 161.5110931396484375 162.8786163330078125 164.848236083984375 167.3398895263671875 170.295623779296875 172.6330108642578125 174.37017822265625 175.4163970947265625 175.3736419677734375 173.3846588134765625 171.2523956298828125 170.1628570556640625 169.0137176513671875 168.0351104736328125 166.7467803955078125 164.0447845458984375 160.1959991455078125 156.9839019775390625 155.5991363525390625 154.709716796875 153.5796051025390625 152.3506317138671875 149.847412109375 147.0115966796875 145.5616912841796875 145.4144744873046875 146.5015869140625 148.246307373046875 149.9940643310546875 150.86297607421875 152.7901458740234375 153.825927734375 153.1508636474609375 153.2791748046875 153.375274658203125 152.258575439453125 153.5383758544921875 154.8961639404296875 155.7211151123046875 156.48846435546875 157.556915283203125 158.584136962890625 159.57843017578125 160.58599853515625 161.302764892578125 161.652313232421875 161.7103729248046875 161.4854583740234375 160.98760986328125 160.760772705078125 160.85040283203125 160.9342498779296875 161.0255126953125 160.9554901123046875 160.466156005859375 159.8722991943359375 159.5283660888671875 159.325164794921875 158.592315673828125 157.04461669921875 155.12664794921875 150.2884521484375 144.8033599853515625 142.181640625 139.9608306884765625 138.517425537109375 140.356842041015625 140.2298583984375 139.3831787109375 139.1545867919921875 139.51611328125 138.80938720703125 136.0410003662109375 130.8079833984375 124.2916259765625 118.19293212890625 114.24126434326171875 111.8506011962890625 109.537994384765625 105.88132476806640625 100.4824371337890625 94.626708984375 89.740386962890625 86.46224212646484375 84.6690216064453125 83.756500244140625 83.24637603759765625 82.92084503173828125 82.74090576171875 82.761383056640625 82.88402557373046875 82.98119354248046875 82.91790771484375 82.5142364501953125 81.69144439697265625 80.47245025634765625 78.958465576171875 77.35813140869140625 75.80561065673828125 74.395172119140625 73.13811492919921875 71.847625732421875 70.37371063232421875 68.66019439697265625 66.83963775634765625 65.16146087646484375 64.06594085693359375 63.347095489501953125 62.21814727783203125 58.04708099365234375 51.782398223876953125 -1e100 -1e100 -1e100 -1e100 -1e100 -1e100
 -1e100 -1e100 -1e100 45.35239410400390625 58.6481170654296875 72.189178466796875 85.2081756591796875 96.48021697998046875 104.3535919189453125 107.28427886962890625 108.323028564453125 109.90549468994140625 111.03099822998046875 112.6046295166015625 116.20435333251953125 121.04552459716796875 127.20496368408203125 133.90118408203125 138.166168212890625 139.866058349609375 140.7340850830078125 142.776397705078125 146.47503662109375 151.201507568359375 155.49560546875 158.947906494140625 160.2191619873046875 159.5111083984375 157.8567047119140625 156.9019775390625 156.8477630615234375 157.745086669921875 159.6755828857421875 160.8639984130859375 161.1199951171875 161.429107666015625 162.7349700927734375 164.8260345458984375 167.8321075439453125 170.9074859619140625 173.1647796630859375 174.810699462890625 175.854248046875 175.8748931884765625 173.9568939208984375 172.1403656005859375 171.2801971435546875 170.1519775390625 168.495208740234375 165.897735595703125 161.710906982421875 156.5918426513671875 152.992279052734375 151.8711090087890625 151.4516143798828125 151.2687225341796875 151.261871337890625 149.746612548828125 147.966583251953125 147.676300048828125 147.729339599609375 148.53961181640625 150.0848846435546875 151.5195770263671875 151.0396575927734375 150.924072265625 150.801422119140625 149.85479736328125 149.68359375 150.8241729736328125 150.84918212890625 151.875244140625 153.2013092041015625 154.267242431640625 155.4414520263671875 156.797210693359375 157.940399169921875 158.974212646484375 159.98260498046875 160.609710693359375 160.8442230224609375 160.7431488037109375 160.2394866943359375 159.6004486083984375 159.3714599609375 159.5945281982421875 159.9038543701171875 160.0779571533203125 160.0621490478515625 159.447174072265625 158.575531005859375 158.1197357177734375 157.8879547119140625 157.088775634765625 155.452667236328125 153.3088531494140625 149.6586456298828125 144.3665924072265625 141.8047943115234375 139.8712310791015625 138.1750335693359375 139.2769927978515625 139.36834716796875 138.7004241943359375 138.3592681884765625 138.4105682373046875 137.481842041015625 134.534149169921875 129.4451141357421875 122.8115234375 116.4915618896484375 112.0309295654296875 109.20249176025390625 106.701751708984375 103.18756103515625 98.3857574462890625 93.33978271484375 89.1706390380859375 86.4559326171875 85.0750579833984375 84.3938751220703125 83.94106292724609375 83.53643798828125 83.21115875244140625 83.04058837890625 83.0128631591796875 83.0330810546875 82.9509735107421875 82.6067657470703125 81.90500640869140625 80.80757904052734375 79.37099456787109375 77.81180572509765625 76.2516326904296875 74.80576324462890625 73.53778839111328125 72.2673187255859375 70.8564300537109375 69.23184967041015625 67.452667236328125 65.79380035400390625 64.69063568115234375 63.956329345703125 62.746059417724609375 58.082416534423828125 50.81552886962890625 -1e100 -1e100 -1e100 -1e100 -1e100 -1e100
 -1e100 -1e100 -1e100 59.1898345947265625 70.5471649169921875 81.94000244140625 92.69574737548828125 101.869293212890625 108.08467864990234375 108.975738525390625 109.3943328857421875 110.17120361328125 110.55854034423828125 112.00391387939453125 115.98956298828125 121.5904083251953125 128.5320587158203125 135.782867431640625 140.148193359375 141.9665374755859375 142.74267578125 143.997589111328125 146.6154022216796875 150.26995849609375 153.672637939453125 156.9950103759765625 158.4994049072265625 158.247772216796875 156.8301849365234375 155.96514892578125 156.1674041748046875 157.248016357421875 159.301422119140625 160.47796630859375 160.5838470458984375 160.9603729248046875 162.5460357666015625 165.0789794921875 168.281097412109375 171.262420654296875 173.428619384765625 175.0383148193359375 176.0219268798828125 176.016326904296875 174.359832763671875 172.9419097900390625 172.397735595703125 171.556060791015625 169.457855224609375 165.8470458984375 160.718505859375 155.1124267578125 151.7299957275390625 151.2904052734375 151.5581817626953125 152.0745086669921875 152.69287109375 151.7668304443359375 150.517913818359375 151.024200439453125 151.1300506591796875 151.8972015380859375 154.1276092529296875 155.6662139892578125 153.113311767578125 150.5671844482421875 147.9455413818359375 145.3134002685546875 145.003387451171875 147.52252197265625 149.0160064697265625 150.338592529296875 151.84246826171875 153.2087860107421875 154.65960693359375 156.117523193359375 157.226043701171875 158.2260894775390625 159.20501708984375 159.7462158203125 159.847015380859375 159.57598876953125 158.8416595458984375 158.13995361328125 157.980194091796875 158.3251800537109375 158.8163604736328125 159.0688018798828125 158.9459381103515625 158.032440185546875 156.817474365234375 156.064453125 155.531219482421875 154.582366943359375 152.8194122314453125 150.275421142578125 147.5618896484375 143.778533935546875 141.6282196044921875 140.3286590576171875 139.0322418212890625 138.6750946044921875 138.6108245849609375 137.9444122314453125 137.352508544921875 137.30865478515625 136.184906005859375 132.81744384765625 127.03719329833984375 119.3487091064453125 111.72165679931640625 106.51686859130859375 103.67945098876953125 101.93032073974609375 99.5686492919921875 95.919677734375 91.76926422119140625 88.25916290283203125 86.0830535888671875 85.1089324951171875 84.69550323486328125 84.38997650146484375 84.00615692138671875 83.614898681640625 83.33440399169921875 83.159881591796875 83.049591064453125 82.908355712890625 82.58417510986328125 82.03102874755859375 81.24106597900390625 80.17191314697265625 78.79705047607421875 77.25557708740234375 75.69811248779296875 74.18749237060546875 72.77587890625 71.393310546875 69.889617919921875 68.21558380126953125 66.61441802978515625 65.53238677978515625 64.80755615234375 63.4815521240234375 57.99161529541015625 49.34781646728515625 -1e100 -1e100 -1e100 -1e100 -1e100 -1e100
 -1e100 -1e100 -1e100 71.42388916015625 80.6547088623046875 89.8273162841796875 98.32904815673828125 105.3394622802734375 109.64249420166015625 109.76836395263671875 109.48381805419921875 109.49425506591796875 109.78392791748046875 111.7989959716796875 116.7226104736328125 123.4587249755859375 131.05224609375 138.35211181640625 142.881103515625 144.88311767578125 145.452056884765625 145.7461700439453125 146.8887481689453125 148.841156005859375 151.091705322265625 154.259552001953125 156.29864501953125 156.990142822265625 156.6201171875 155.9111328125 155.8485260009765625 156.58673095703125 158.2966156005859375 159.5136566162109375 160.2146759033203125 161.2623291015625 163.2118682861328125 165.8878173828125 169.0419921875 171.7660980224609375 173.8721771240234375 175.364898681640625 176.20379638671875 176.03558349609375 174.3653106689453125 173.2117767333984375 173.011444091796875 172.402587890625 170.29998779296875 166.36126708984375 160.9700469970703125 155.467437744140625 152.3678741455078125 152.1412506103515625 152.7780609130859375 153.5983123779296875 154.47540283203125 154.415863037109375 153.9935150146484375 155.19537353515625 155.2784576416015625 155.04443359375 155.673797607421875 155.1349029541015625 150.93267822265625 147.6799774169921875 144.1038360595703125 141.7458038330078125 141.7650909423828125 144.424102783203125 146.863800048828125 148.783905029296875 150.5554046630859375 152.219970703125 153.800384521484375 155.214599609375 156.2532806396484375 157.2173309326171875 158.1253814697265625 158.5586090087890625 158.6080474853515625 158.2642822265625 157.429656982421875 156.8143157958984375 156.7073516845703125 157.004547119140625 157.5282440185546875 157.7160491943359375 157.2710113525390625 156.0185546875 154.432159423828125 153.1492462158203125 152.17425537109375 151.0759735107421875 149.32611083984375 146.7473907470703125 144.530029296875 142.405731201171875 140.9276885986328125 140.2089080810546875 139.507293701171875 138.425445556640625 137.8360595703125 137.0589599609375 136.2049560546875 136.4262847900390625 135.36663818359375 131.609588623046875 125.02143096923828125 115.67230224609375 105.95217132568359375 99.6166839599609375 96.85367584228515625 96.15604400634765625 95.3782196044921875 93.22069549560546875 90.03928375244140625 87.14745330810546875 85.5129547119140625 85.00641632080078125 84.88704681396484375 84.779022216796875 84.457244873046875 83.9878387451171875 83.58211517333984375 83.19940185546875 82.86651611328125 82.61252593994140625 82.28562164306640625 81.846282958984375 81.3139495849609375 80.551513671875 79.33269500732421875 77.83423614501953125 76.248321533203125 74.6201324462890625 73.16793060302734375 71.84293365478515625 70.42159271240234375 68.818115234375 67.291046142578125 66.3333587646484375 65.64662933349609375 64.31076812744140625 57.7199554443359375 47.124683380126953125 -1e100 -1e100 -1e100 -1e100 -1e100 -1e100
 -1e100 -1e100 -1e100 81.2305145263671875 88.3509368896484375 95.45732879638671875 101.99445343017578125 107.2398223876953125 110.16251373291015625 109.85869598388671875 109.187713623046875 108.7230682373046875 109.32851409912109375 112.28022003173828125 118.223785400390625 125.9661407470703125 134.042205810546875 141.0337982177734375 145.56585693359375 147.62725830078125 147.5888214111328125 146.6611480712890625 146.2977752685546875 146.633575439453125 148.083770751953125 151.597625732421875 154.4463958740234375 155.98626708984375 156.3886566162109375 155.838623046875 155.42010498046875 155.688446044921875 157.2625732421875 158.81414794921875 160.1993865966796875 162.03936767578125 164.387908935546875 166.9033203125 169.770111083984375 172.202667236328125 174.109619140625 175.48333740234375 176.21002197265625 175.9237213134765625 174.1011810302734375 172.782318115234375 172.6150665283203125 172.0468902587890625 170.10357666015625 166.620758056640625 161.780731201171875 156.756378173828125 153.997406005859375 154.0205535888671875 154.829345703125 155.741363525390625 156.8308868408203125 157.5564422607421875 158.125518798828125 159.8190155029296875 159.858184814453125 158.6100311279296875 157.2453460693359375 154.4696807861328125 148.857025146484375 145.1596527099609375 141.7563934326171875 140.09149169921875 140.61334228515625 143.4197235107421875 145.9151153564453125 147.9554290771484375 149.7331085205078125 151.4365386962890625 152.884124755859375 154.042724609375 154.859771728515625 155.6814117431640625 156.539825439453125 156.9916839599609375 157.10809326171875 156.84613037109375 156.1572265625 155.6926116943359375 155.6160430908203125 155.77978515625 156.042755126953125 155.8453369140625 154.9687652587890625 153.3523406982421875 151.407470703125 149.7924041748046875 148.478118896484375 147.2501068115234375 145.7149658203125 143.4344482421875 141.6663360595703125 140.60791015625 139.7925262451171875 139.4917449951171875 139.2568511962890625 138.228118896484375 137.1459808349609375 136.1296844482421875 135.004364013671875 135.5913238525390625 134.7954559326171875 130.8689422607421875 123.6143951416015625 112.834075927734375 101.24796295166015625 93.94715118408203125 91.33576202392578125 91.524261474609375 92.04965972900390625 91.1920928955078125 88.8480072021484375 86.50075531005859375 85.36883544921875 85.1796112060546875 85.2163238525390625 85.2983856201171875 85.02867889404296875 84.48653411865234375 83.98198699951171875 83.310546875 82.643524169921875 82.17832183837890625 81.74724578857421875 81.34761810302734375 80.92746734619140625 80.254302978515625 79.0718841552734375 77.66088104248046875 76.19165802001953125 74.712249755859375 73.432525634765625 72.18012237548828125 70.7073974609375 69.0833282470703125 67.63401031494140625 66.90059661865234375 66.32647705078125 65.32349395751953125 57.196010589599609375 43.6983795166015625 -1e100 -1e100 -1e100 -1e100 -1e100 -1e100
 -1e100 -1e100 83.77365875244140625 88.27330780029296875 93.505126953125 98.87119293212890625 103.86721038818359375 107.8453216552734375 109.71091461181640625 109.17711639404296875 108.5563201904296875 108.1891937255859375 109.5008544921875 113.53144073486328125 120.3455963134765625 128.6104278564453125 136.677642822265625 143.1210174560546875 147.1060791015625 148.537933349609375 147.7810516357421875 146.11395263671875 144.94036865234375 144.7647857666015625 146.2191314697265625 149.94769287109375 153.326080322265625 155.415985107421875 156.408416748046875 156.185791015625 155.699920654296875 155.8221282958984375 156.9123077392578125 158.4425506591796875 160.2940216064453125 162.5804901123046875 165.1540374755859375 167.7993011474609375 170.2705230712890625 172.38714599609375 174.1309661865234375 175.3822021484375 176.067108154296875 175.788665771484375 173.986328125 172.5457611083984375 172.207916259765625 171.44635009765625 169.4532623291015625 166.483123779296875 162.4449310302734375 158.089630126953125 155.6943511962890625 155.816802978515625 156.514892578125 157.55999755859375 159.14715576171875 160.9926300048828125 162.9118194580078125 164.976654052734375 164.655487060546875 162.1025543212890625 158.419952392578125 153.5491180419921875 147.2217559814453125 143.6015472412109375 140.54296875 139.6916351318359375 140.7969818115234375 143.5786590576171875 146.4120330810546875 148.641082763671875 150.2692413330078125 151.591094970703125 152.3906402587890625 152.9640655517578125 153.3385467529296875 153.9178924560546875 154.7041473388671875 155.1807708740234375 155.39599609375 155.3138427734375 154.8608245849609375 154.5365753173828125 154.3956451416015625 154.294677734375 154.0624847412109375 153.3854522705078125 152.065399169921875 150.0130462646484375 147.797576904296875 145.967437744140625 144.4743804931640625 143.4792327880859375 142.5255889892578125 140.86383056640625 139.636474609375 139.212646484375 138.7127532958984375 138.587646484375 138.6318206787109375 137.7228851318359375 136.5137786865234375 135.3541259765625 134.0463409423828125 134.8946990966796875 134.246185302734375 130.121795654296875 122.24037933349609375 110.3778839111328125 97.5836944580078125 89.93050384521484375 87.6152496337890625 88.5317840576171875 90.06649017333984375 89.99625396728515625 88.245452880859375 86.34244537353515625 85.6473846435546875 85.68648529052734375 85.6754913330078125 85.95829010009765625 85.791351318359375 85.25395965576171875 84.83083343505859375 83.8211517333984375 82.72560882568359375 81.87567901611328125 81.15594482421875 80.72088623046875 80.41156768798828125 79.95359039306640625 78.7858123779296875 77.6136474609375 76.3277435302734375 74.9201202392578125 73.80279541015625 72.48313140869140625 70.880523681640625 69.3142242431640625 67.9599456787109375 67.4813232421875 67.07221221923828125 66.41063690185546875 56.2088470458984375 38.4429779052734375 20.3513031005859375 -1e100 -1e100 -1e100 -1e100 -1e100
 -1e100 -1e100 89.83632659912109375 92.67669677734375 96.37819671630859375 100.39238739013671875 104.24547576904296875 107.323516845703125 108.9847412109375 108.0487823486328125 107.6243133544921875 107.61907958984375 109.65889739990234375 114.5505828857421875 122.082366943359375 130.8938446044921875 138.8228607177734375 144.6035308837890625 147.7061767578125 147.820648193359375 146.2580718994140625 144.73675537109375 143.7982330322265625 144.1183929443359375 146.2710723876953125 149.8578948974609375 153.1360321044921875 155.26092529296875 156.4175567626953125 156.5505218505859375 156.349090576171875 156.7084503173828125 157.8279876708984375 159.36810302734375 161.224517822265625 163.502197265625 166.02978515625 168.5124969482421875 170.7325592041015625 172.6051177978515625 173.9745941162109375 174.8170928955078125 175.3036956787109375 174.9644622802734375 173.41326904296875 172.140472412109375 171.621002197265625 170.492645263671875 168.43902587890625 165.76531982421875 162.4504547119140625 158.8263397216796875 156.76470947265625 156.62884521484375 157.0410003662109375 158.187225341796875 160.4299468994140625 163.737030029296875 167.2065277099609375 169.703399658203125 168.8863677978515625 164.2864837646484375 157.2873077392578125 149.6676483154296875 143.850128173828125 141.5927581787109375 140.1420135498046875 141.2490692138671875 142.9130096435546875 144.362396240234375 147.1574554443359375 149.3922882080078125 150.6933135986328125 151.548126220703125 151.7381591796875 151.7442169189453125 151.797454833984375 152.2616729736328125 152.990234375 153.509063720703125 153.8342132568359375 153.9190826416015625 153.65838623046875 153.3057403564453125 152.969085693359375 152.4285430908203125 151.5662689208984375 150.376922607421875 148.5642547607421875 146.169677734375 143.853118896484375 141.9300079345703125 140.5941925048828125 140.249664306640625 140.117767333984375 139.378997802734375 138.65753173828125 138.3721466064453125 137.7871551513671875 137.486907958984375 137.5382843017578125 136.9061737060546875 135.8412933349609375 134.7582244873046875 133.4657135009765625 134.3581695556640625 133.75750732421875 129.353973388671875 120.8586578369140625 108.39727783203125 94.95328521728515625 87.1498260498046875 85.15865325927734375 86.62148284912109375 88.94164276123046875 89.50957489013671875 88.297515869140625 86.74884796142578125 86.293975830078125 86.3767852783203125 86.1755523681640625 86.49150848388671875 86.28859710693359375 85.64034271240234375 85.25380706787109375 83.9954986572265625 82.597808837890625 81.50583648681640625 80.55321502685546875 80.0252838134765625 79.71059417724609375 79.30049896240234375 78.14990997314453125 77.232666015625 76.18872833251953125 74.96630096435546875 74.01850128173828125 72.62346649169921875 70.9199981689453125 69.4268341064453125 68.1810760498046875 67.92417144775390625 67.64495086669921875 67.8177947998046875 54.18251800537109375 30.462871551513671875 9.5342254638671875 -1e100 -1e100 -1e100 -1e100 -1e100
 -1e100 -1e100 93.23360443115234375 94.8651123046875 97.4476318359375 100.4975433349609375 103.5419464111328125 106.004058837890625 107.35577392578125 106.6027069091796875 106.356536865234375 106.6785125732421875 109.170166015625 114.460205078125 122.3277740478515625 131.46783447265625 139.4040374755859375 144.7969207763671875 147.239898681640625 146.5419464111328125 144.52899169921875 143.347564697265625 143.1324920654296875 144.190032958984375 146.913604736328125 150.375274658203125 153.2861480712890625 155.104095458984375 156.2098236083984375 156.73345947265625 157.0307769775390625 157.881591796875 159.2540130615234375 160.6451873779296875 162.06011962890625 163.7406768798828125 165.6506805419921875 167.702972412109375 169.8343353271484375 171.8166351318359375 173.065460205078125 173.7111358642578125 173.992706298828125 173.4608154296875 172.1827239990234375 171.2102203369140625 170.4761810302734375 169.0411376953125 166.909088134765625 164.3562164306640625 161.50799560546875 158.604705810546875 156.93255615234375 156.525726318359375 156.6519927978515625 157.8234710693359375 160.4969635009765625 164.9854888916015625 169.7265472412109375 172.4088134765625 171.085113525390625 164.7565765380859375 155.3216094970703125 146.533905029296875 141.3751373291015625 140.001983642578125 140.834808349609375 143.3013763427734375 145.1504364013671875 146.550079345703125 148.687835693359375 150.52734375 151.373046875 151.55072021484375 151.1266937255859375 150.6931915283203125 150.5357513427734375 150.91400146484375 151.4516754150390625 151.752532958984375 152.0310821533203125 152.2616729736328125 152.2266693115234375 152.0623321533203125 151.6148834228515625 150.584259033203125 149.0486602783203125 147.21209716796875 144.9559783935546875 142.476043701171875 140.28973388671875 138.6881561279296875 137.9584197998046875 138.4310760498046875 139.065582275390625 138.9938812255859375 138.4000244140625 137.88018798828125 137.0046234130859375 136.392303466796875 136.3424224853515625 135.9504852294921875 135.064971923828125 134.1346435546875 133.0190582275390625 133.6281280517578125 132.7613677978515625 128.03814697265625 119.2646026611328125 107.114227294921875 93.996551513671875 86.37779998779296875 84.65973663330078125 86.15756988525390625 88.69040679931640625 89.74356842041015625 88.9053802490234375 87.59571075439453125 87.15776824951171875 87.02276611328125 86.594635009765625 86.77239990234375 86.39774322509765625 85.54933929443359375 85.038604736328125 83.6545867919921875 82.1650238037109375 81.04273223876953125 80.0340576171875 79.41619873046875 78.9741973876953125 78.4307403564453125 77.26773834228515625 76.5029296875 75.66876220703125 74.68248748779296875 73.88236236572265625 72.47710418701171875 70.73880767822265625 69.29102325439453125 68.1318511962890625 67.99560546875 67.75469970703125 67.97422027587890625 49.516460418701171875 19.175859451293945312 -2.6894321441650390625 -1e100 -1e100 -1e100 -1e100 -1e100
 -1e100 -1e100 94.49095916748046875 95.35858154296875 97.2108001708984375 99.63242340087890625 102.1385955810546875 104.11663818359375 105.20310211181640625 104.68572998046875 104.66809844970703125 105.32415771484375 108.117340087890625 113.54119873046875 121.42464447021484375 130.5369873046875 138.329498291015625 143.5060882568359375 145.5928802490234375 144.6390380859375 142.75299072265625 142.0903778076171875 142.540740966796875 144.2037200927734375 147.092437744140625 150.1704864501953125 152.637451171875 154.2258453369140625 155.32904052734375 156.42401123046875 157.3535003662109375 158.7413330078125 160.4156341552734375 161.5981597900390625 162.45697021484375 163.37457275390625 164.5232391357421875 166.0574188232421875 168.0123291015625 170.100830078125 171.4105987548828125 171.998748779296875 172.165252685546875 171.46258544921875 170.3786773681640625 169.669403076171875 168.8417816162109375 167.3400421142578125 165.1789703369140625 162.5910186767578125 159.8866729736328125 157.46685791015625 156.20965576171875 155.7276763916015625 155.8059539794921875 156.9457855224609375 159.69305419921875 164.7443389892578125 170.1328277587890625 172.828765869140625 170.979888916015625 163.5077972412109375 152.7949676513671875 143.519927978515625 138.7468414306640625 137.975189208984375 139.6627197265625 142.8542633056640625 145.412567138671875 147.45867919921875 150.1041412353515625 152.0345306396484375 152.602142333984375 152.1107330322265625 151.0635528564453125 150.2181396484375 149.8491058349609375 150.05096435546875 150.2424774169921875 150.04443359375 149.819580078125 149.66290283203125 149.3550262451171875 149.2200927734375 148.8332977294921875 147.7064971923828125 146.00445556640625 144.0086517333984375 141.69866943359375 139.3405303955078125 137.49102783203125 136.3920745849609375 136.362335205078125 137.6765289306640625 138.9004669189453125 139.205322265625 138.5333099365234375 137.5704803466796875 136.364532470703125 135.5060272216796875 135.3056488037109375 135.047271728515625 134.2650909423828125 133.4261016845703125 132.4858551025390625 132.371673583984375 130.66290283203125 125.52802276611328125 116.79470062255859375 105.6345367431640625 94.0003814697265625 87.24480438232421875 85.71215057373046875 86.8389434814453125 88.974609375 89.8351593017578125 89.0971527099609375 87.92668914794921875 87.453765869140625 87.2767181396484375 86.82979583740234375 86.92420196533203125 86.4621429443359375 85.50135040283203125 84.877777099609375 83.47354888916015625 82.00472259521484375 80.89008331298828125 79.8443450927734375 79.110870361328125 78.525970458984375 77.87667083740234375 76.72719573974609375 76.02478790283203125 75.236663818359375 74.27738189697265625 73.43178558349609375 71.96636962890625 70.3105316162109375 69.01320648193359375 67.90750885009765625 67.7543182373046875 67.487274169921875 67.5328216552734375 45.575305938720703125 8.8593168258666992188 -10.702901840209960938 -1e100 -1e100 -1e100 -1e100 -1e100
 -1e100 -1e100 94.14225006103515625 94.62268829345703125 96.077728271484375 98.1800079345703125 100.47260284423828125 102.2932891845703125 102.91643524169921875 102.61235809326171875 102.8109130859375 103.72864532470703125 106.6070556640625 111.9432525634765625 119.61386871337890625 128.49383544921875 136.146820068359375 141.3218841552734375 143.4734039306640625 142.7964019775390625 141.429443359375 141.316162109375 142.2046661376953125 144.0951995849609375 146.84027099609375 149.4566497802734375 151.563690185546875 153.1570587158203125 154.5082855224609375 156.149810791015625 157.690338134765625 159.546051025390625 161.41949462890625 162.4370269775390625 162.8475189208984375 163.03900146484375 163.36669921875 164.2291412353515625 165.872711181640625 167.92974853515625 169.365570068359375 170.0946197509765625 170.26190185546875 169.4571990966796875 168.5046844482421875 167.8559722900390625 166.847137451171875 165.250152587890625 163.006927490234375 160.329315185546875 157.7498626708984375 155.73089599609375 154.904541015625 154.5044403076171875 154.5454559326171875 155.5400543212890625 157.9661712646484375 162.8606719970703125 168.2981109619140625 170.9339141845703125 168.8161773681640625 160.753265380859375 149.219207763671875 139.3119964599609375 134.4266204833984375 134.124725341796875 136.534027099609375 140.3798828125 143.9540557861328125 146.79583740234375 150.0835723876953125 152.6592254638671875 153.4509429931640625 152.7137451171875 151.406585693359375 150.275787353515625 149.751312255859375 149.7479400634765625 149.5218658447265625 148.8255615234375 148.0720672607421875 147.37725830078125 146.6832733154296875 146.338714599609375 145.802764892578125 144.6194305419921875 143.072418212890625 141.28338623046875 139.1641845703125 137.1449432373046875 135.668182373046875 134.9636383056640625 135.6130828857421875 137.5037384033203125 138.988311767578125 139.4481353759765625 138.7298583984375 137.4562225341796875 136.1590728759765625 135.274505615234375 134.90228271484375 134.5666656494140625 133.7313079833984375 132.81207275390625 131.81988525390625 130.5870361328125 127.73827362060546875 122.07378387451171875 113.60404205322265625 103.94315338134765625 94.41420745849609375 88.73467254638671875 87.34320068359375 87.8613433837890625 89.2152252197265625 89.73724365234375 89.000518798828125 87.91982269287109375 87.44217681884765625 87.3435821533203125 87.08657073974609375 87.1518096923828125 86.7371673583984375 85.87702178955078125 85.1743927001953125 83.86531829833984375 82.46269989013671875 81.254730224609375 80.06304168701171875 79.10875701904296875 78.29431915283203125 77.45934295654296875 76.3270263671875 75.51885223388671875 74.621002197265625 73.5632781982421875 72.5008697509765625 70.9583892822265625 69.3805389404296875 68.13283538818359375 67.075225830078125 66.8441314697265625 66.51434326171875 66.4183349609375 47.286167144775390625 18.292242050170898438 0.21676771342754364014 -1e100 -1e100 -1e100 -1e100 -1e100
 -1e100 -1e100 92.6206512451171875 92.9968109130859375 94.30310821533203125 96.30112457275390625 98.58275604248046875 100.4405364990234375 100.7734222412109375 100.647003173828125 101.04129791259765625 102.23956298828125 105.1797637939453125 110.361663818359375 117.595703125 125.91320037841796875 133.3770904541015625 138.6036376953125 141.09710693359375 141.273223876953125 140.7208709716796875 141.008758544921875 142.17108154296875 144.0484161376953125 146.39056396484375 148.6718902587890625 150.6655120849609375 152.460784912109375 154.240997314453125 156.385284423828125 158.4158477783203125 160.4908447265625 162.3753509521484375 163.3118133544921875 163.5086517333984375 163.29461669921875 162.9587249755859375 163.0369873046875 164.121612548828125 165.8770599365234375 167.3999176025390625 168.49420166015625 168.9187774658203125 168.1897430419921875 167.2044830322265625 166.3438873291015625 164.96710205078125 163.1122589111328125 160.756195068359375 158.080718994140625 155.6174774169921875 153.98272705078125 153.510284423828125 153.1755828857421875 153.035736083984375 153.5478057861328125 155.1386260986328125 159.1077728271484375 163.9481658935546875 166.5597991943359375 164.7916412353515625 157.0947723388671875 145.7032470703125 135.37066650390625 130.05615234375 129.982940673828125 133.128448486328125 137.8955230712890625 142.73919677734375 146.4487762451171875 150.031280517578125 152.9442291259765625 153.99957275390625 153.2254180908203125 151.839080810546875 150.6664276123046875 149.9838714599609375 149.6095123291015625 148.9052276611328125 147.72503662109375 146.48114013671875 145.3478851318359375 144.3552703857421875 143.896392822265625 143.3835296630859375 142.36956787109375 141.1590118408203125 139.7285919189453125 138.0745086669921875 136.714263916015625 135.826263427734375 135.5359649658203125 136.1301422119140625 137.209503173828125 137.874786376953125 137.94293212890625 137.374786376953125 136.7513275146484375 136.272735595703125 135.880706787109375 135.6115264892578125 135.1901092529296875 134.185638427734375 132.939788818359375 131.310150146484375 128.6475830078125 124.4327850341796875 118.29093170166015625 110.60588836669921875 102.96916961669921875 95.79571533203125 91.359375 90.08232879638671875 89.78521728515625 89.9373779296875 89.79925537109375 88.8369293212890625 87.81439208984375 87.44924163818359375 87.6617431640625 87.772918701171875 87.74086761474609375 87.30680084228515625 86.5055084228515625 85.6455841064453125 84.473419189453125 83.15048980712890625 81.870513916015625 80.5582427978515625 79.33060455322265625 78.235595703125 77.15081787109375 75.98490142822265625 74.9181365966796875 73.80410003662109375 72.56571197509765625 71.2205657958984375 69.631317138671875 68.09685516357421875 66.815155029296875 65.8068084716796875 65.51596832275390625 65.17724609375 65.0547027587890625 54.279621124267578125 31.3593902587890625 11.598459243774414062 -1e100 -1e100 -1e100 -1e100 -1e100
 -1e100 -1e100 90.23648834228515625 90.713104248046875 92.0473785400390625 94.06238555908203125 96.36296844482421875 98.21817779541015625 98.74442291259765625 98.82781219482421875 99.47834014892578125 101.06829833984375 104.28163909912109375 109.3778839111328125 116.10158538818359375 123.59494781494140625 130.447845458984375 135.506103515625 138.3788299560546875 139.509735107421875 139.908294677734375 140.60455322265625 141.8986968994140625 143.7017059326171875 145.80108642578125 148.0292205810546875 150.2368621826171875 152.4464569091796875 154.6773223876953125 157.1511383056640625 159.3796844482421875 161.4134368896484375 163.1866912841796875 164.1322784423828125 164.5199432373046875 164.4696807861328125 163.7672576904296875 162.9878387451171875 163.1399993896484375 164.0633544921875 165.4176177978515625 167.061309814453125 168.0491180419921875 167.7690582275390625 166.788421630859375 165.548309326171875 163.7549591064453125 161.5535125732421875 158.985870361328125 156.3997039794921875 154.1636505126953125 152.8596954345703125 152.640869140625 152.3255767822265625 151.7629852294921875 151.3917999267578125 151.7540740966796875 154.222747802734375 158.0023651123046875 160.448272705078125 159.4200897216796875 153.045684814453125 142.6365509033203125 132.5574493408203125 126.97869110107421875 126.79740142822265625 130.4165802001953125 136.1070404052734375 142.004302978515625 146.47088623046875 150.382080078125 153.5114898681640625 154.8150482177734375 154.1798095703125 152.653167724609375 151.1755828857421875 150.1184539794921875 149.300811767578125 148.184722900390625 146.6632080078125 145.0363006591796875 143.5247039794921875 142.2628326416015625 141.6746368408203125 141.2338409423828125 140.5132293701171875 139.6812896728515625 138.644073486328125 137.5205535888671875 136.6660003662109375 136.18646240234375 136.150482177734375 136.492401123046875 136.5885467529296875 136.2081756591796875 135.606658935546875 134.9061737060546875 134.6429595947265625 134.7989959716796875 134.9362030029296875 134.9696044921875 134.6766815185546875 133.8461151123046875 132.7236328125 131.0083160400390625 127.90059661865234375 123.574737548828125 117.7163238525390625 110.88689422607421875 104.706939697265625 99.1609344482421875 95.5324249267578125 94.20523834228515625 93.24017333984375 92.20972442626953125 91.0040130615234375 89.67000579833984375 88.6834259033203125 88.4742584228515625 88.9596099853515625 89.1887054443359375 88.9032440185546875 88.2646484375 87.3924407958984375 86.466217041015625 85.35504913330078125 84.0529022216796875 82.666015625 81.169189453125 79.66661834716796875 78.2892913818359375 77.01544952392578125 75.77044677734375 74.5377044677734375 73.2364501953125 71.7739105224609375 70.1424407958984375 68.37938690185546875 66.7630615234375 65.42951202392578125 64.46772003173828125 64.19275665283203125 63.954532623291015625 64.436248779296875 57.57239532470703125 40.077320098876953125 21.355510711669921875 -1e100 -1e100 -1e100 -1e100 -1e100
 -1e100 -1e100 87.2025146484375 87.94123077392578125 89.45499420166015625 91.60616302490234375 93.994781494140625 95.882171630859375 96.652099609375 97.01082611083984375 98.04558563232421875 99.93750762939453125 103.23929595947265625 108.11031341552734375 114.30078887939453125 121.1723175048828125 127.60495758056640625 132.6891632080078125 136.05682373046875 137.9948272705078125 139.134552001953125 140.2259063720703125 141.63043212890625 143.410003662109375 145.4933624267578125 147.860107421875 150.3373565673828125 152.89593505859375 155.439422607421875 157.9516754150390625 160.1851959228515625 162.1312103271484375 163.8376312255859375 165.067718505859375 166.0216064453125 166.586639404296875 165.53228759765625 163.5897216796875 162.545745849609375 162.277862548828125 163.2611083984375 165.6917572021484375 167.402618408203125 167.637298583984375 166.78936767578125 165.2654876708984375 163.2231903076171875 160.729400634765625 157.9615020751953125 155.51190185546875 153.5216217041015625 152.4541015625 152.3093109130859375 151.8619537353515625 150.7433624267578125 149.4747772216796875 148.7543182373046875 149.8909759521484375 152.6512908935546875 155.066864013671875 155.183990478515625 150.73089599609375 141.8889312744140625 132.6517791748046875 127.1035003662109375 126.47852325439453125 130.17645263671875 136.372589111328125 142.6320648193359375 147.2113800048828125 151.129974365234375 154.2121124267578125 155.5019378662109375 154.95947265625 153.238800048828125 151.2066802978515625 149.6638946533203125 148.4807281494140625 147.2238006591796875 145.852264404296875 144.37017822265625 142.8190765380859375 141.5256805419921875 140.6461639404296875 139.9969329833984375 139.3558807373046875 138.6622314453125 137.942596435546875 137.2868194580078125 136.8064117431640625 136.6436767578125 136.7233428955078125 136.6969757080078125 135.941131591796875 134.6392059326171875 133.337371826171875 132.376373291015625 132.22454833984375 132.70025634765625 133.2090301513671875 133.47125244140625 133.2686309814453125 132.6387939453125 131.928070068359375 130.663970947265625 128.1212310791015625 124.74616241455078125 119.4678955078125 112.8632354736328125 106.92426300048828125 101.8438720703125 98.642333984375 97.67571258544921875 96.95084381103515625 95.5146484375 93.439208984375 91.79553985595703125 90.84197235107421875 90.68286895751953125 91.20928192138671875 91.231109619140625 90.38469696044921875 89.2740478515625 88.22891998291015625 87.27475738525390625 86.17010498046875 84.86075592041015625 83.4010467529296875 81.7345733642578125 79.99295806884765625 78.356781005859375 76.8732452392578125 75.49800872802734375 74.08522796630859375 72.5926513671875 70.92090606689453125 69.093353271484375 67.2447662353515625 65.6657257080078125 64.42395782470703125 63.6303253173828125 63.48934173583984375 63.41492462158203125 63.875911712646484375 58.951084136962890625 45.514324188232421875 29.04798126220703125 -1e100 -1e100 -1e100 -1e100 -1e100
 -1e100 -1e100 83.6622772216796875 84.800994873046875 86.633575439453125 89.0545501708984375 91.690185546875 93.81334686279296875 94.45847320556640625 95.07274627685546875 96.43300628662109375 98.514495849609375 101.75473785400390625 106.314056396484375 112.07160186767578125 118.5633544921875 124.86301422119140625 130.2630767822265625 134.2869720458984375 137.0265045166015625 138.8548583984375 140.3228607177734375 141.8394622802734375 143.6302032470703125 145.73260498046875 148.2168731689453125 150.8745269775390625 153.57000732421875 156.15106201171875 158.5492706298828125 160.703033447265625 162.562652587890625 164.3052520751953125 165.94415283203125 167.43524169921875 168.48272705078125 166.9472503662109375 163.8934783935546875 161.880126953125 160.8127899169921875 161.6468505859375 164.84429931640625 167.04925537109375 167.541015625 166.7929229736328125 165.23773193359375 163.1432647705078125 160.4587554931640625 157.5932159423828125 155.362213134765625 153.696868896484375 152.97674560546875 153.0002593994140625 152.388946533203125 150.7543792724609375 148.808135986328125 147.3985443115234375 147.6139068603515625 149.6216278076171875 152.0862579345703125 153.3425750732421875 150.7437744140625 143.6597442626953125 135.698944091796875 130.613525390625 129.3270416259765625 132.656463623046875 138.7254638671875 144.3606414794921875 148.3855438232421875 151.8623504638671875 154.5911407470703125 155.6186370849609375 155.1049041748046875 153.330780029296875 150.7739105224609375 148.7263336181640625 147.339752197265625 146.0000152587890625 144.85272216796875 143.7935638427734375 142.6220550537109375 141.6246795654296875 140.90185546875 140.1107177734375 139.2466583251953125 138.3533935546875 137.6022491455078125 137.113037109375 137.0293121337890625 137.1569366455078125 137.248046875 136.70660400390625 135.1064605712890625 132.9569244384765625 131.0655364990234375 129.9485015869140625 129.901458740234375 130.4989471435546875 131.069122314453125 131.2654876708984375 130.9382781982421875 130.2513427734375 129.989410400390625 129.305938720703125 127.8003692626953125 125.69886016845703125 121.08272552490234375 114.3572998046875 107.82961273193359375 102.63465118408203125 99.88250732421875 99.68448638916015625 100.07659149169921875 99.3218841552734375 96.9327545166015625 95.32810211181640625 94.3780975341796875 94.0222015380859375 93.9969940185546875 93.3723297119140625 91.70477294921875 89.95915985107421875 88.6762847900390625 87.67716217041015625 86.56400299072265625 85.2633514404296875 83.85589599609375 82.12953948974609375 80.19690704345703125 78.34716033935546875 76.62746429443359375 75.07868194580078125 73.57588958740234375 72.04558563232421875 70.41042327880859375 68.68621826171875 67.00853729248046875 65.6431732177734375 64.60564422607421875 63.971836090087890625 63.94956207275390625 63.916904449462890625 64.32224273681640625 60.477825164794921875 49.548748016357421875 35.17778778076171875 -1e100 -1e100 -1e100 -1e100 -1e100
 -1e100 -1e100 79.7154388427734375 81.3709716796875 83.6281585693359375 86.38527679443359375 89.25934600830078125 91.50565338134765625 92.2315673828125 92.97927093505859375 94.53121185302734375 96.690093994140625 99.7842559814453125 104.0927581787109375 109.616912841796875 116.0024261474609375 122.48040771484375 128.4179840087890625 133.173583984375 136.6721649169921875 139.10650634765625 140.924835205078125 142.5691375732421875 144.379241943359375 146.506134033203125 149.071380615234375 151.7925262451171875 154.465057373046875 156.941680908203125 159.1678466796875 161.1230316162109375 162.848907470703125 164.553192138671875 166.3478240966796875 168.022979736328125 168.8803253173828125 167.3166046142578125 164.19580078125 161.8782806396484375 160.8039093017578125 161.736663818359375 164.695587158203125 166.777496337890625 167.249847412109375 166.5032958984375 164.990234375 163.005859375 160.3348846435546875 157.76068115234375 156.0920257568359375 154.963714599609375 154.7388458251953125 155.0332489013671875 154.2470703125 152.32598876953125 150.0643157958984375 148.394989013671875 148.1356964111328125 149.52850341796875 151.6420745849609375 153.3086090087890625 151.841766357421875 146.284912109375 140.1572418212890625 136.4239654541015625 135.05657958984375 137.8618621826171875 143.1964111328125 147.2213287353515625 149.8376922607421875 152.365386962890625 154.2753753662109375 155.1068115234375 154.808441162109375 153.277679443359375 150.75225830078125 148.367156982421875 146.834564208984375 145.3660430908203125 144.280731201171875 143.5207061767578125 142.60186767578125 141.781707763671875 141.20660400390625 140.255828857421875 139.1324920654296875 137.9140472412109375 136.8515777587890625 136.1570892333984375 135.9900970458984375 135.957733154296875 135.96319580078125 135.374725341796875 133.859405517578125 131.649322509765625 129.5632781982421875 128.0404510498046875 127.25739288330078125 127.11341094970703125 127.11705780029296875 126.884918212890625 126.2283477783203125 125.37677001953125 125.62778472900390625 125.901947021484375 125.88616943359375 125.6005401611328125 122.18944549560546875 115.704498291015625 108.67608642578125 103.29540252685546875 100.68735504150390625 101.0364990234375 102.4381103515625 102.55062103271484375 100.138214111328125 98.73943328857421875 97.75970458984375 97.0876922607421875 96.48201751708984375 95.08449554443359375 92.67803192138671875 90.38274383544921875 88.75885772705078125 87.64034271240234375 86.44747161865234375 85.03952789306640625 83.68074798583984375 81.9741058349609375 79.99404144287109375 78.13654327392578125 76.38919830322265625 74.88162994384765625 73.5247802734375 72.17771148681640625 70.76239013671875 69.30236053466796875 67.92365264892578125 66.8402252197265625 66.01519012451171875 65.47400665283203125 65.47699737548828125 65.3873748779296875 65.46450042724609375 62.409488677978515625 52.908977508544921875 40.211505889892578125 -1e100 -1e100 -1e100 -1e100 -1e100
 -1e100 -1e100 75.4434051513671875 77.72162628173828125 80.49627685546875 83.64678192138671875 86.76548004150390625 89.12641143798828125 89.92549896240234375 90.763824462890625 92.39154815673828125 94.54711151123046875 97.52020263671875 101.70410919189453125 107.19899749755859375 113.71024322509765625 120.5710906982421875 127.1311187744140625 132.6096038818359375 136.783935546875 139.7686309814453125 141.9023895263671875 143.666717529296875 145.514556884765625 147.6916961669921875 150.322845458984375 153.0506134033203125 155.6283111572265625 157.928924560546875 159.8708343505859375 161.5135040283203125 163.053985595703125 164.609100341796875 166.326385498046875 167.8806915283203125 168.477203369140625 167.0076446533203125 164.2755126953125 162.1603546142578125 161.38623046875 162.3898773193359375 164.8380126953125 166.4899139404296875 166.7076873779296875 165.80633544921875 164.3632049560546875 162.657989501953125 160.454833984375 158.780303955078125 158.00482177734375 157.496337890625 157.638824462890625 157.8898773193359375 156.8195648193359375 154.9099884033203125 152.86883544921875 151.4861297607421875 151.284515380859375 152.2255859375 153.4176788330078125 154.5016937255859375 153.170379638671875 148.4697113037109375 144.1155853271484375 142.3331756591796875 141.75506591796875 144.37640380859375 148.699798583984375 150.8529815673828125 151.61865234375 152.837158203125 154.0355682373046875 155.04119873046875 155.1291046142578125 153.998992919921875 151.661773681640625 148.8764801025390625 146.8987884521484375 145.2251739501953125 144.0767059326171875 143.4832763671875 142.746734619140625 141.98455810546875 141.4215240478515625 140.316436767578125 138.9748382568359375 137.53057861328125 136.21002197265625 135.28363037109375 134.942718505859375 134.7579803466796875 134.7394561767578125 134.3001251220703125 133.2047271728515625 131.3545989990234375 129.3256072998046875 127.53261566162109375 126.1523895263671875 125.27318572998046875 124.6027984619140625 123.7356109619140625 122.43834686279296875 120.976776123046875 120.9054107666015625 121.3770904541015625 122.0588531494140625 122.73918914794921875 120.44618988037109375 114.92110443115234375 108.60748291015625 103.89532470703125 101.83301544189453125 102.52629852294921875 104.19478607177734375 104.605682373046875 102.22980499267578125 100.82492828369140625 99.77752685546875 98.84288787841796875 97.81450653076171875 95.95192718505859375 92.867645263671875 89.9267730712890625 87.740509033203125 86.222930908203125 85.02851104736328125 83.9220123291015625 83.0747833251953125 81.8488616943359375 80.2457427978515625 78.53433990478515625 76.78449249267578125 75.304931640625 74.08498382568359375 72.9660491943359375 71.8803863525390625 70.79648590087890625 69.7741546630859375 68.965301513671875 68.28769683837890625 67.770721435546875 67.643707275390625 67.43982696533203125 67.35205078125 63.404155731201171875 55.488006591796875 44.37639617919921875 -1e100 -1e100 -1e100 -1e100 -1e100
 -1e100 -1e100 70.9215240478515625 73.92366790771484375 77.3079833984375 80.908966064453125 84.24249267578125 86.52968597412109375 87.4290924072265625 88.470794677734375 90.20953369140625 92.41533660888671875 95.39534759521484375 99.62306976318359375 105.2458038330078125 111.96121978759765625 119.2330474853515625 126.3795928955078125 132.4911346435546875 137.2108154296875 140.4953765869140625 142.7166595458984375 144.4981536865234375 146.410797119140625 148.7637481689453125 151.6217803955078125 154.4251861572265625 156.9045867919921875 158.966888427734375 160.558868408203125 161.851654052734375 163.1027069091796875 164.36566162109375 165.7989654541015625 166.972442626953125 167.1647491455078125 166.00396728515625 164.1957855224609375 162.8890838623046875 162.8192901611328125 164.001251220703125 165.6885528564453125 166.5599517822265625 166.304168701171875 165.2313232421875 163.979583740234375 162.6727142333984375 161.1501617431640625 160.4354095458984375 160.509429931640625 160.4999542236328125 160.80712890625 160.8863983154296875 159.6036834716796875 157.8338165283203125 156.3280792236328125 155.5887908935546875 155.754150390625 156.3839263916015625 156.54974365234375 156.47772216796875 154.3046417236328125 149.483856201171875 145.9084625244140625 145.3314971923828125 145.65032958984375 148.5144805908203125 152.3967437744140625 153.4857330322265625 153.040679931640625 153.097259521484375 153.6371002197265625 154.67822265625 155.0645751953125 154.3560028076171875 152.3708953857421875 149.5310516357421875 147.3384246826171875 145.5457916259765625 144.3447113037109375 143.7767333984375 143.025115966796875 142.1645050048828125 141.495086669921875 140.293212890625 138.8760528564453125 137.3582916259765625 135.92083740234375 134.83203125 134.30975341796875 133.981292724609375 133.9187469482421875 133.5183868408203125 132.6517181396484375 131.1353302001953125 129.3002166748046875 127.5572509765625 126.05902099609375 124.77555084228515625 123.561248779296875 122.08678436279296875 120.09818267822265625 117.83094024658203125 116.84629058837890625 116.6082916259765625 116.91229248046875 117.2566375732421875 115.58675384521484375 111.67572021484375 107.16535186767578125 104.2386932373046875 103.4409637451171875 104.31247711181640625 105.53820037841796875 105.63300323486328125 103.296630859375 101.9365386962890625 100.88516998291015625 99.94470977783203125 98.58869171142578125 96.12667083740234375 92.413116455078125 88.90206146240234375 86.2576141357421875 84.740692138671875 84.02750396728515625 83.58037567138671875 83.3547515869140625 82.6522979736328125 81.42706298828125 79.92772674560546875 78.2542877197265625 76.82415771484375 75.74698638916015625 74.8546142578125 74.132598876953125 73.440460205078125 72.72838592529296875 72.07247161865234375 71.37252044677734375 70.71770477294921875 70.3965911865234375 70.11933135986328125 69.910919189453125 66.12896728515625 58.540805816650390625 48.231876373291015625 -1e100 -1e100 -1e100 -1e100 -1e100
 -1e100 -1e100 66.2214813232421875 70.04264068603515625 74.13250732421875 78.28167724609375 81.95941925048828125 84.2403717041015625 85.1455535888671875 86.37433624267578125 88.3313446044921875 90.73099517822265625 93.92243194580078125 98.37784576416015625 104.2076263427734375 111.14202117919921875 118.7468109130859375 126.3317108154296875 132.934051513671875 138.0153045654296875 141.3161163330078125 143.381683349609375 145.0762786865234375 147.0470733642578125 149.6773681640625 152.9113006591796875 155.8628692626953125 158.2794189453125 160.12554931640625 161.3318634033203125 162.2479400634765625 163.108001708984375 163.9118499755859375 164.9121246337890625 165.6606597900390625 165.48602294921875 165.2339935302734375 164.97723388671875 164.8251190185546875 165.6085968017578125 166.7579345703125 167.176788330078125 167.0750579833984375 166.3280029296875 165.1162109375 164.015625 163.130157470703125 162.3344879150390625 162.4507293701171875 163.1346893310546875 163.3465576171875 163.361846923828125 163.063507080078125 161.6802978515625 160.1065826416015625 159.21368408203125 159.16455078125 159.609466552734375 160.027099609375 159.3507080078125 158.0216827392578125 154.70281982421875 149.27349853515625 145.6950531005859375 145.581207275390625 146.7436676025390625 150.0391387939453125 153.9595184326171875 154.8029937744140625 153.78570556640625 153.1092376708984375 153.1004791259765625 154.1707305908203125 154.81182861328125 154.4142608642578125 152.9365692138671875 150.3634033203125 148.0877685546875 146.3062896728515625 145.0647125244140625 144.29150390625 143.3913116455078125 142.3339385986328125 141.46282958984375 140.244110107421875 138.8656005859375 137.399139404296875 135.97607421875 134.79840087890625 134.1139068603515625 133.687713623046875 133.595672607421875 133.246856689453125 132.4790191650390625 131.1797637939453125 129.5463409423828125 127.91318511962890625 126.48171234130859375 125.12900543212890625 123.66402435302734375 121.84168243408203125 119.40943145751953125 116.5339202880859375 114.4802093505859375 113.203155517578125 113.03725433349609375 113.52545928955078125 113.1369781494140625 111.47069549560546875 109.114715576171875 107.32230377197265625 106.4808349609375 106.486907958984375 106.49199676513671875 105.917449951171875 103.96038818359375 102.99814605712890625 102.26971435546875 101.51569366455078125 100.00664520263671875 97.10546875 93.0452423095703125 89.19721221923828125 86.23178863525390625 84.707183837890625 84.341766357421875 84.40473175048828125 84.6574554443359375 84.40023040771484375 83.57877349853515625 82.4099578857421875 81.0389251708984375 79.85015869140625 79.00226593017578125 78.34844207763671875 77.811920166015625 77.26244354248046875 76.62816619873046875 75.904937744140625 75.033111572265625 74.17655181884765625 73.55010986328125 73.112457275390625 72.4184112548828125 68.59488677978515625 61.43885040283203125 -1e100 -1e100 -1e100 -1e100 -1e100 -1e100
 -1e100 56.886898040771484375 61.411235809326171875 66.1259002685546875 70.98218536376953125 75.7126617431640625 79.708831787109375 82.20928955078125 83.18709564208984375 84.63553619384765625 86.93210601806640625 89.654815673828125 93.22461700439453125 98.013427734375 104.08077239990234375 111.2416534423828125 119.10587310791015625 126.97324371337890625 133.923004150390625 139.233001708984375 142.3206634521484375 144.0067138671875 145.5661773681640625 147.599761962890625 150.5732421875 154.3150787353515625 157.457794189453125 159.760284423828125 161.302886962890625 162.1146087646484375 162.649566650390625 163.067901611328125 163.39849853515625 164.0038299560546875 164.5569610595703125 164.80218505859375 165.346649169921875 166.1215972900390625 166.8126678466796875 167.8298492431640625 168.6750946044921875 168.5316619873046875 167.849822998046875 166.714263916015625 165.399078369140625 164.3819732666015625 163.874267578125 163.873260498046875 164.6230926513671875 165.5902862548828125 165.7817230224609375 165.29669189453125 164.471343994140625 162.9816741943359375 161.4866180419921875 160.9049530029296875 161.218902587890625 161.73052978515625 161.9271240234375 160.875152587890625 158.918426513671875 155.0792388916015625 149.36810302734375 145.4978179931640625 145.1484222412109375 146.5099334716796875 149.8934478759765625 153.93450927734375 154.997528076171875 153.992034912109375 153.193389892578125 153.075469970703125 154.2122650146484375 155.02685546875 154.705810546875 153.5738067626953125 151.3196563720703125 148.90521240234375 147.2004852294921875 145.8848876953125 144.7332763671875 143.6910858154296875 142.4255828857421875 141.216156005859375 139.8854522705078125 138.5294342041015625 137.2024078369140625 135.9393310546875 134.909912109375 134.2486419677734375 133.8918914794921875 133.831268310546875 133.5640411376953125 132.865447998046875 131.7091217041015625 130.1883697509765625 128.6367950439453125 127.3191986083984375 126.0120697021484375 124.527313232421875 122.6392364501953125 120.0666961669921875 117.03833770751953125 114.3386383056640625 112.48268890380859375 112.25885772705078125 113.39855194091796875 114.59337615966796875 114.8809356689453125 114.07378387451171875 112.16292572021484375 110.07009124755859375 108.54225921630859375 107.1679534912109375 105.94010162353515625 104.45961761474609375 103.6807861328125 103.1536865234375 102.49340057373046875 101.14617156982421875 98.45514678955078125 94.5457611083984375 90.73020172119140625 87.6774139404296875 86.02451324462890625 85.797027587890625 86.2652740478515625 86.9408416748046875 87.1992950439453125 86.92038726806640625 86.13864898681640625 85.07330322265625 84.02402496337890625 83.1857147216796875 82.53989410400390625 82.0150909423828125 81.47670745849609375 80.835235595703125 80.0233001708984375 78.9775848388671875 77.92828369140625 77.08229827880859375 76.5240020751953125 75.578460693359375 71.3410797119140625 64.2071685791015625 -1e100 -1e100 -1e100 -1e100 -1e100 -1e100
 -1e100 50.99106597900390625 56.564067840576171875 62.230297088623046875 67.90335845947265625 73.23955535888671875 77.56845855712890625 80.2084808349609375 81.37183380126953125 83.24692535400390625 85.974639892578125 89.1284332275390625 93.10691070556640625 98.1980743408203125 104.46376800537109375 111.7901153564453125 119.8238067626953125 127.89618682861328125 135.068756103515625 140.5123291015625 143.0359649658203125 144.0863189697265625 145.5577239990234375 147.7382354736328125 151.215423583984375 155.7425079345703125 159.055267333984375 161.09619140625 162.3123931884765625 162.8311004638671875 163.0901947021484375 163.1235198974609375 163.0277557373046875 163.2861175537109375 163.83111572265625 164.5992431640625 165.6332550048828125 166.86083984375 168.0207672119140625 169.0683441162109375 169.7492218017578125 169.6923065185546875 169.0002899169921875 167.782012939453125 166.4649505615234375 165.4969482421875 165.070892333984375 165.314056396484375 166.089996337890625 166.9732818603515625 167.008544921875 166.1450958251953125 165.029510498046875 163.6420135498046875 162.1628570556640625 161.6902313232421875 162.09783935546875 162.452728271484375 162.49700927734375 161.6068572998046875 159.688140869140625 155.9067535400390625 150.1402740478515625 145.562408447265625 143.9419097900390625 144.4958343505859375 147.5612030029296875 151.710784912109375 153.6125640869140625 153.5497589111328125 153.217132568359375 153.2853546142578125 154.1623382568359375 154.7901763916015625 154.421142578125 153.4007568359375 151.55889892578125 149.3543853759765625 147.7443695068359375 146.42529296875 145.07861328125 143.890472412109375 142.476470947265625 141.0294342041015625 139.66204833984375 138.35821533203125 137.1035003662109375 135.9725189208984375 135.06787109375 134.4618072509765625 134.209197998046875 134.223663330078125 134.0656890869140625 133.45758056640625 132.41632080078125 131.0228118896484375 129.5670623779296875 128.319366455078125 127.1096038818359375 125.74460601806640625 123.95379638671875 121.46302032470703125 118.50048828125 115.7106475830078125 113.889617919921875 113.9112701416015625 115.4907379150390625 117.45330047607421875 118.561004638671875 118.113037109375 115.90674591064453125 112.96057891845703125 110.40839385986328125 108.31174468994140625 106.83733367919921875 105.8435516357421875 105.3427276611328125 104.84496307373046875 104.08575439453125 102.67819976806640625 100.20258331298828125 96.75592041015625 93.4288787841796875 90.73636627197265625 89.2358856201171875 89.1051788330078125 89.74704742431640625 90.5119781494140625 90.92032623291015625 90.80474853515625 90.2484588623046875 89.40258026123046875 88.457275390625 87.59287261962890625 86.92554473876953125 86.39412689208984375 85.8437957763671875 85.17852783203125 84.27707672119140625 83.07056427001953125 81.84311676025390625 80.86347198486328125 80.2402191162109375 78.518341064453125 73.9388275146484375 66.68697357177734375 -1e100 -1e100 -1e100 -1e100 -1e100 -1e100
 -1e100 45.090259552001953125 51.757320404052734375 58.42433929443359375 64.979949951171875 71.0061187744140625 75.682891845703125 78.289520263671875 79.69556427001953125 82.095428466796875 85.28194427490234375 88.88475799560546875 93.23394012451171875 98.57297515869140625 104.97252655029296875 112.37789154052734375 120.4452972412109375 128.570465087890625 135.8800506591796875 141.5462493896484375 143.849700927734375 144.708587646484375 146.360443115234375 148.7407073974609375 152.472930908203125 157.3735198974609375 160.51177978515625 161.9956207275390625 162.633453369140625 162.7776641845703125 162.8009490966796875 162.5341644287109375 162.2638092041015625 162.521636962890625 163.3152313232421875 164.6710357666015625 166.3136444091796875 167.914764404296875 169.2515411376953125 170.148529052734375 170.6290130615234375 170.5810394287109375 170.042999267578125 168.9046478271484375 167.694427490234375 166.8206024169921875 166.299224853515625 166.3806915283203125 166.948822021484375 167.431365966796875 167.1972198486328125 166.1126556396484375 164.90313720703125 163.745025634765625 162.4841766357421875 162.14727783203125 162.4520416259765625 162.5334625244140625 162.5102996826171875 162.06298828125 160.5955963134765625 157.1497802734375 151.254608154296875 145.700836181640625 142.6132659912109375 142.131134033203125 144.8058624267578125 149.0872802734375 151.6884765625 152.592498779296875 152.842803955078125 153.218536376953125 154.0921173095703125 154.6650848388671875 154.361053466796875 153.5905303955078125 151.9757080078125 149.858489990234375 148.1979217529296875 146.771820068359375 145.2776031494140625 144.0672149658203125 142.674835205078125 141.163360595703125 139.7242889404296875 138.3948211669921875 137.0478668212890625 135.864288330078125 135.0713958740234375 134.62432861328125 134.5365142822265625 134.6952667236328125 134.57440185546875 133.9535369873046875 132.92083740234375 131.5706634521484375 130.19512939453125 129.00457763671875 127.8561553955078125 126.609100341796875 124.9620819091796875 122.63558197021484375 119.86510467529296875 117.28649139404296875 115.81368255615234375 116.13085174560546875 117.9382171630859375 120.11103057861328125 121.19200897216796875 120.38134765625 117.758697509765625 114.3314056396484375 111.3671112060546875 109.23656463623046875 107.98822784423828125 107.34051513671875 107.06975555419921875 106.526519775390625 105.43553924560546875 104.04117584228515625 102.26488494873046875 99.9275970458984375 97.69718170166015625 95.86456298828125 94.4009857177734375 93.7147064208984375 93.7794189453125 94.13567352294921875 94.3185882568359375 94.2304534912109375 93.8978424072265625 93.3070220947265625 92.5036468505859375 91.64197540283203125 90.9754486083984375 90.45623016357421875 89.9058380126953125 89.25734710693359375 88.3071441650390625 86.98736572265625 85.61907196044921875 84.6056060791015625 83.94788360595703125 81.43668365478515625 76.3412628173828125 68.7709808349609375 -1e100 -1e100 -1e100 -1e100 -1e100 -1e100
 -1e100 39.275875091552734375 47.059841156005859375 54.75374603271484375 62.24806976318359375 69.10630035400390625 74.40670013427734375 76.51746368408203125 78.15970611572265625 81.02469635009765625 84.617645263671875 88.59804534912109375 93.2337493896484375 98.72591400146484375 105.1558990478515625 112.4661712646484375 120.31723785400390625 128.172698974609375 135.3106536865234375 141.0352783203125 143.555419921875 145.1859283447265625 147.614501953125 150.5354766845703125 154.536102294921875 159.2226715087890625 161.6985931396484375 162.42864990234375 162.346893310546875 161.9813690185546875 161.641204833984375 161.1663970947265625 160.98486328125 161.5190277099609375 162.963897705078125 165.137847900390625 167.434783935546875 169.3679046630859375 170.606658935546875 171.1256866455078125 171.2861480712890625 171.097442626953125 170.5737152099609375 169.43890380859375 168.3096160888671875 167.51177978515625 166.9239654541015625 166.9265289306640625 167.309906005859375 167.377105712890625 166.9177398681640625 165.779754638671875 164.6047210693359375 163.634307861328125 162.6696319580078125 162.358428955078125 162.456787109375 162.2578887939453125 162.0339813232421875 162.1218414306640625 161.3919525146484375 158.3334503173828125 152.622711181640625 146.79119873046875 142.9774322509765625 141.8046112060546875 144.3466644287109375 148.2865753173828125 150.7106170654296875 152.0160064697265625 152.5214080810546875 153.3734283447265625 154.7081298828125 155.5445709228515625 155.56463623046875 155.272430419921875 153.52935791015625 151.082061767578125 149.0097808837890625 147.1665802001953125 145.3910064697265625 144.300628662109375 143.1420440673828125 141.7581634521484375 140.3151702880859375 139.0574951171875 137.4809112548828125 136.0191497802734375 135.300994873046875 134.9884796142578125 134.9765625 135.36749267578125 135.2065582275390625 134.34393310546875 133.1577301025390625 131.7366180419921875 130.3260955810546875 129.1546173095703125 127.99259185791015625 126.8166351318359375 125.3290557861328125 123.2075347900390625 120.7771759033203125 118.3505859375 117.2277679443359375 117.44550323486328125 118.9817962646484375 121.00200653076171875 121.72054290771484375 120.510986328125 117.84751129150390625 114.4226837158203125 111.5871734619140625 109.81888580322265625 108.88721466064453125 108.39215087890625 107.8873443603515625 107.00792694091796875 105.39046478271484375 104.0262603759765625 103.16545867919921875 102.09267425537109375 101.0214691162109375 100.21016693115234375 98.81536865234375 97.64533233642578125 97.1572723388671875 97.1330108642578125 96.99770355224609375 96.82016754150390625 96.67002105712890625 96.26010894775390625 95.59560394287109375 94.76587677001953125 94.139312744140625 93.68529510498046875 93.16457366943359375 92.5866546630859375 91.61249542236328125 90.20636749267578125 88.77428436279296875 87.92803955078125 87.19237518310546875 84.1697235107421875 78.31565093994140625 70.2293701171875 -1e100 -1e100 -1e100 -1e100 -1e100 -1e100
 -1e100 33.640350341796875 42.533527374267578125 51.22057342529296875 59.568881988525390625 67.0621490478515625 72.63507080078125 74.920440673828125 76.69482421875 79.931793212890625 83.821502685546875 88.05498504638671875 92.8434600830078125 98.34261322021484375 104.60720062255859375 111.5449371337890625 118.8231658935546875 125.9376678466796875 132.32611083984375 137.4527587890625 139.791351318359375 142.3397369384765625 146.0363922119140625 150.181182861328125 155.267852783203125 160.2481842041015625 162.246002197265625 162.378265380859375 161.68829345703125 160.8276214599609375 160.1113128662109375 159.5823211669921875 159.7124786376953125 160.8207550048828125 163.1169891357421875 166.089080810546875 168.869598388671875 170.883056640625 171.80364990234375 171.895660400390625 171.7429962158203125 171.3791351318359375 170.8920440673828125 169.8648223876953125 168.8525238037109375 168.13409423828125 167.5455780029296875 167.376007080078125 167.4384918212890625 167.098052978515625 166.3259124755859375 165.0789642333984375 163.8795013427734375 163.0583953857421875 162.4521636962890625 162.280029296875 162.255401611328125 161.818878173828125 161.3615264892578125 162.1115570068359375 161.9446563720703125 158.8085479736328125 152.899932861328125 146.8181610107421875 143.0301055908203125 142.07861328125 145.3590545654296875 149.0442352294921875 150.6016387939453125 151.82440185546875 152.3798065185546875 153.6316680908203125 155.44732666015625 156.5677642822265625 156.81793212890625 156.9085693359375 155.0822296142578125 152.4351806640625 149.949005126953125 147.66009521484375 145.74560546875 144.7748870849609375 143.8680267333984375 142.7592010498046875 141.490814208984375 140.509735107421875 138.7683563232421875 136.91717529296875 136.1663360595703125 135.8288726806640625 135.6333465576171875 136.108123779296875 135.712890625 134.3330841064453125 132.8300018310546875 131.2841796875 129.8291473388671875 128.71441650390625 127.47583770751953125 126.2363128662109375 124.8560791015625 122.95233154296875 120.97666168212890625 118.709442138671875 117.711517333984375 117.31626129150390625 117.569549560546875 118.45824432373046875 118.6060638427734375 117.3543243408203125 115.60811614990234375 113.55389404296875 111.640777587890625 110.29094696044921875 109.3220977783203125 108.47420501708984375 107.52321624755859375 106.44095611572265625 104.814056396484375 104.09706878662109375 104.12752532958984375 103.9294891357421875 103.6316986083984375 103.279052734375 101.8418121337890625 100.45758056640625 99.62244415283203125 99.28591156005859375 98.833984375 98.4702606201171875 98.36562347412109375 98.043731689453125 97.4948272705078125 96.76886749267578125 96.22341156005859375 95.844512939453125 95.37854766845703125 94.8542938232421875 93.85329437255859375 92.36786651611328125 90.952423095703125 90.1450042724609375 89.1612701416015625 85.55785369873046875 79.202117919921875 70.6453399658203125 -1e100 -1e100 -1e100 -1e100 -1e100 -1e100
 -1e100 28.294809341430664062 38.27555084228515625 47.91597747802734375 57.06572723388671875 65.1595458984375 71.09234619140625 73.4808197021484375 75.33209228515625 78.817901611328125 82.884735107421875 87.23708343505859375 92.037933349609375 97.39318084716796875 103.308563232421875 109.644439697265625 116.04886627197265625 122.04788970947265625 127.26061248779296875 131.442169189453125 133.9004058837890625 137.70904541015625 143.0020294189453125 148.7842864990234375 155.0962371826171875 160.312103271484375 162.07568359375 161.8685760498046875 160.7629241943359375 159.4151458740234375 158.3741302490234375 157.95367431640625 158.6226043701171875 160.5173492431640625 163.549102783203125 166.9577178955078125 169.861328125 171.721649169921875 172.3828887939453125 172.2886810302734375 172.058563232421875 171.6125640869140625 171.1291656494140625 170.24884033203125 169.387786865234375 168.7894287109375 168.319183349609375 167.947052001953125 167.6610870361328125 166.923095703125 165.7240447998046875 164.201690673828125 162.9905548095703125 162.3039703369140625 162.0755615234375 162.09735107421875 161.8861846923828125 161.23406982421875 161.146484375 162.6071624755859375 162.337371826171875 158.50433349609375 151.371917724609375 144.291656494140625 141.078369140625 141.499908447265625 146.0272979736328125 150.0386962890625 150.72601318359375 151.3401336669921875 151.723663330078125 152.9449462890625 155.00494384765625 156.3365936279296875 156.7243194580078125 157.1607666015625 155.6009063720703125 153.0792694091796875 150.5302734375 148.11871337890625 146.245025634765625 145.428924560546875 144.73712158203125 143.9025726318359375 142.8577880859375 142.095611572265625 140.2987060546875 138.1847076416015625 137.3267669677734375 136.8692169189453125 136.4181976318359375 136.7183074951171875 135.9813079833984375 134.0753021240234375 132.1752166748046875 130.4373321533203125 128.904876708984375 127.77976226806640625 126.47905731201171875 125.1600189208984375 123.80550384521484375 122.124664306640625 120.53105926513671875 118.42731475830078125 117.20154571533203125 116.079681396484375 115.195648193359375 115.1031036376953125 114.90641021728515625 113.994903564453125 113.1810302734375 112.264739990234375 111.16829681396484375 110.09427642822265625 108.9916839599609375 107.8054046630859375 106.60167694091796875 105.581451416015625 104.2291259765625 103.92397308349609375 104.39288330078125 104.58736419677734375 104.63561248779296875 104.5979766845703125 103.38353729248046875 102.0722503662109375 101.13771820068359375 100.61167144775390625 99.92350006103515625 99.3770599365234375 99.2032623291015625 98.89104461669921875 98.4267730712890625 97.81868743896484375 97.35770416259765625 97.026641845703125 96.59146881103515625 96.072540283203125 95.0382537841796875 93.496429443359375 92.17119598388671875 91.4096221923828125 90.35025787353515625 85.95632171630859375 78.90589141845703125 69.74072265625 -1e100 -1e100 -1e100 -1e100 -1e100 -1e100
 -1e100 23.37554168701171875 34.408458709716796875 44.956607818603515625 54.8539276123046875 63.502422332763671875 69.767425537109375 72.2591705322265625 74.1728668212890625 77.762115478515625 81.9064788818359375 86.26763916015625 90.97521209716796875 96.09323883056640625 101.5777435302734375 107.233123779296875 112.66571807861328125 117.408905029296875 121.260833740234375 124.30661773681640625 126.91403961181640625 131.9550628662109375 138.783843994140625 146.2174224853515625 153.7230987548828125 159.22760009765625 161.1357574462890625 161.0008697509765625 159.8073272705078125 158.1715545654296875 156.9089813232421875 156.709716796875 157.9825897216796875 160.610321044921875 164.136810302734375 167.6011810302734375 170.350372314453125 171.998809814453125 172.5348663330078125 172.53448486328125 172.4444580078125 171.975372314453125 171.3250579833984375 170.3273773193359375 169.4162445068359375 168.78729248046875 168.431976318359375 168.0852508544921875 167.5801239013671875 166.5546112060546875 165.0427398681640625 163.3817901611328125 162.4983673095703125 162.2192230224609375 162.2934722900390625 162.28424072265625 161.538116455078125 160.1503143310546875 159.6762542724609375 160.5400238037109375 159.298614501953125 154.948272705078125 147.6619873046875 141.0809173583984375 139.5488739013671875 141.6007080078125 146.9343109130859375 150.861907958984375 150.808868408203125 150.801605224609375 150.963348388671875 152.0652923583984375 154.154266357421875 155.5550689697265625 155.8756103515625 156.34332275390625 155.0919036865234375 152.970977783203125 150.7303466796875 148.5294036865234375 146.8625946044921875 146.202239990234375 145.6903228759765625 145.078155517578125 144.2085418701171875 143.563629150390625 141.781707763671875 139.566131591796875 138.588958740234375 137.9444122314453125 137.1680908203125 137.0822906494140625 135.92303466796875 133.58380126953125 131.3459625244140625 129.4356536865234375 127.82602691650390625 126.6328887939453125 125.2777557373046875 123.89888763427734375 122.54518890380859375 121.05661773681640625 119.77938079833984375 117.80401611328125 116.32257843017578125 114.6483917236328125 113.11602020263671875 112.5350799560546875 112.25464630126953125 111.71319580078125 111.45758819580078125 111.02411651611328125 110.247406005859375 109.19347381591796875 107.8705902099609375 106.415130615234375 105.11505126953125 104.35825347900390625 103.55146026611328125 103.64659881591796875 104.26042938232421875 104.52789306640625 104.57968902587890625 104.647430419921875 103.781890869140625 102.76894378662109375 101.92435455322265625 101.326324462890625 100.4835052490234375 99.77179718017578125 99.46527862548828125 99.0958709716796875 98.68292999267578125 98.19240570068359375 97.79611968994140625 97.47103118896484375 97.02103424072265625 96.45371246337890625 95.37967681884765625 93.8322906494140625 92.616851806640625 91.865509033203125 90.16480255126953125 85.05930328369140625 77.1561431884765625 67.2052459716796875 -1e100 -1e100 -1e100 -1e100 -1e100 -1e100
 -1e100 19.045892715454101562 31.067632675170898438 42.4568634033203125 53.035655975341796875 62.182033538818359375 68.73947906494140625 71.3050689697265625 73.2503509521484375 76.88846588134765625 81.04099273681640625 85.342681884765625 89.906280517578125 94.77605438232421875 99.87599945068359375 104.96051025390625 109.58542633056640625 113.2570037841796875 115.87247467041015625 117.76119232177734375 119.9706573486328125 125.2611846923828125 132.968719482421875 141.64019775390625 150.3402557373046875 156.797393798828125 159.484832763671875 160.0132598876953125 159.39642333984375 158.045440673828125 156.994537353515625 157.1304931640625 158.7156982421875 161.5816192626953125 165.0771331787109375 168.21673583984375 170.6016998291015625 171.9676055908203125 172.4693756103515625 172.7128143310546875 172.8719940185546875 172.564208984375 171.9469451904296875 170.9674072265625 169.9569244384765625 169.1097259521484375 168.6503448486328125 168.1478729248046875 167.29290771484375 165.8727874755859375 164.0216522216796875 162.218475341796875 161.605804443359375 161.90106201171875 162.414398193359375 162.42724609375 161.16455078125 158.7883758544921875 157.1932220458984375 156.5764312744140625 154.15850830078125 149.665985107421875 143.1332550048828125 138.189239501953125 138.6386260986328125 142.06439208984375 147.845001220703125 151.5987701416015625 151.263336181640625 150.9152984619140625 150.95001220703125 151.717742919921875 153.25860595703125 154.186676025390625 154.170501708984375 154.41302490234375 153.6154632568359375 152.1531524658203125 150.504241943359375 148.7869110107421875 147.5054168701171875 147.01171875 146.6551055908203125 146.2313385009765625 145.51348876953125 144.870880126953125 143.17144775390625 140.992950439453125 139.829681396484375 138.93255615234375 137.82049560546875 137.2219085693359375 135.7052154541015625 133.124267578125 130.6688079833984375 128.61492919921875 126.872406005859375 125.5020294189453125 124.04135894775390625 122.56993865966796875 121.20420074462890625 119.89371490478515625 118.89112091064453125 117.21132659912109375 115.601531982421875 113.67267608642578125 111.882171630859375 111.015167236328125 110.6548004150390625 110.3427886962890625 110.2322540283203125 109.83592987060546875 109.0392303466796875 107.8138885498046875 106.22757720947265625 104.5690765380859375 103.2588958740234375 102.766815185546875 102.6897430419921875 103.39516448974609375 104.1488800048828125 104.43488311767578125 104.40024566650390625 104.1890106201171875 103.487823486328125 102.78533172607421875 102.1145782470703125 101.52386474609375 100.67767333984375 99.88541412353515625 99.42162322998046875 98.99024200439453125 98.61688995361328125 98.24706268310546875 97.88820648193359375 97.5124664306640625 97.00443267822265625 96.3307037353515625 95.2279510498046875 93.7345428466796875 92.66564178466796875 91.92331695556640625 89.59104156494140625 83.0636138916015625 73.7725372314453125 62.728244781494140625 -1e100 -1e100 -1e100 -1e100 -1e100 -1e100
 -1e100 15.488189697265625 28.378324508666992188 40.503387451171875 51.681072235107421875 61.267772674560546875 68.08405303955078125 70.7023162841796875 72.66143035888671875 76.31490325927734375 80.43768310546875 84.6470489501953125 89.0581817626953125 93.7249603271484375 98.57208251953125 103.32903289794921875 107.5132904052734375 110.606170654296875 112.54018402099609375 113.86798858642578125 115.9878387451171875 121.01180267333984375 128.7320556640625 137.6957244873046875 146.6396636962890625 153.6642913818359375 157.313446044921875 158.8159332275390625 159.2089385986328125 158.6819915771484375 158.257781982421875 158.817352294921875 160.514923095703125 163.1639251708984375 166.1295928955078125 168.694061279296875 170.6550140380859375 171.7916717529296875 172.406158447265625 172.945343017578125 173.366302490234375 173.2455902099609375 172.7273712158203125 171.765869140625 170.562225341796875 169.4651641845703125 168.7652740478515625 168.0366363525390625 167.008819580078125 165.37445068359375 163.300628662109375 161.4024810791015625 161.0497589111328125 161.8101654052734375 162.6291961669921875 162.66802978515625 160.942413330078125 157.608978271484375 154.9194488525390625 152.403839111328125 148.3812713623046875 143.6523895263671875 138.19329833984375 135.438873291015625 138.042449951171875 142.94146728515625 148.7069091796875 152.0426025390625 151.4349822998046875 150.6150360107421875 150.4239959716796875 150.563873291015625 151.4630126953125 152.05303955078125 151.8760833740234375 151.9422149658203125 151.6145782470703125 150.7794036865234375 149.74212646484375 148.6585693359375 147.917938232421875 147.6459808349609375 147.455810546875 147.16583251953125 146.5034942626953125 145.6684112548828125 144.093475341796875 142.10028076171875 140.734832763671875 139.620452880859375 138.344146728515625 137.2205352783203125 135.4563446044921875 132.92144775390625 130.3976287841796875 128.184356689453125 126.258026123046875 124.591400146484375 122.96628570556640625 121.40964508056640625 120.019073486328125 118.88535308837890625 117.9946136474609375 116.68926239013671875 115.022247314453125 113.10285186767578125 111.306640625 110.179168701171875 109.65676116943359375 109.35107421875 109.03497314453125 108.48012542724609375 107.562164306640625 106.16715240478515625 104.41443634033203125 102.63784027099609375 101.33235931396484375 100.98061370849609375 101.41823577880859375 102.43224334716796875 103.3387298583984375 103.7423858642578125 103.7537689208984375 103.48441314697265625 102.99147796630859375 102.496673583984375 101.97369384765625 101.4055633544921875 100.65732574462890625 99.87458038330078125 99.2786407470703125 98.82854461669921875 98.50176239013671875 98.21465301513671875 97.86932373046875 97.404296875 96.7876129150390625 95.9871063232421875 94.8874969482421875 93.536346435546875 92.60767364501953125 91.81037139892578125 88.10921478271484375 79.57425689697265625 68.35773468017578125 55.952915191650390625 -1e100 -1e100 -1e100 -1e100 -1e100 -1e100
 -1e100 12.864632606506347656 26.417390823364257812 39.13593292236328125 50.823604583740234375 60.799167633056640625 67.8449554443359375 70.5077667236328125 72.4750518798828125 76.1347503662109375 80.2143402099609375 84.322662353515625 88.590667724609375 93.11084747314453125 97.84593963623046875 102.5308837890625 106.66480255126953125 109.70703125 111.56961822509765625 112.8299407958984375 114.848114013671875 119.307525634765625 126.30046844482421875 134.6738433837890625 143.1631317138671875 150.28704833984375 154.674346923828125 157.1134033203125 158.6290130615234375 159.1804351806640625 159.5904388427734375 160.6541595458984375 162.3639068603515625 164.523284912109375 166.918609619140625 169.0230560302734375 170.78924560546875 171.952362060546875 172.7041778564453125 173.3830413818359375 173.855987548828125 173.8196563720703125 173.3970947265625 172.478424072265625 171.1672210693359375 169.8483123779296875 168.8194580078125 167.8571929931640625 166.742218017578125 165.027069091796875 162.8852081298828125 160.8372039794921875 160.398223876953125 161.234161376953125 162.12567138671875 162.3392486572265625 160.8093109130859375 157.206298828125 153.4398345947265625 148.81976318359375 143.3922576904296875 138.676025390625 135.101531982421875 135.12603759765625 139.3990631103515625 144.7757110595703125 149.6953582763671875 151.94488525390625 151.2891998291015625 150.43670654296875 150.24224853515625 150.307708740234375 150.8807525634765625 151.235748291015625 150.8911285400390625 150.6065521240234375 150.422088623046875 149.9169921875 149.18719482421875 148.58642578125 148.0792388916015625 147.7906494140625 147.775238037109375 147.618255615234375 147.05126953125 146.211181640625 144.8397979736328125 143.100433349609375 141.5665283203125 140.1683197021484375 138.7242279052734375 137.2553253173828125 135.3730010986328125 133.077880859375 130.7032470703125 128.42596435546875 126.31142425537109375 124.294586181640625 122.37410736083984375 120.67609405517578125 119.258331298828125 118.21234130859375 117.37052154541015625 116.2347869873046875 114.6977081298828125 112.953155517578125 111.331817626953125 110.16196441650390625 109.42757415771484375 108.79083251953125 107.9833526611328125 107.071075439453125 106.0234832763671875 104.58036041259765625 102.8349761962890625 101.0453948974609375 99.69860076904296875 99.44200897216796875 100.27268218994140625 101.62317657470703125 102.7918853759765625 103.40186309814453125 103.47542572021484375 103.26621246337890625 102.955230712890625 102.55072021484375 102.0522918701171875 101.42847442626953125 100.6024169921875 99.73708343505859375 99.0433502197265625 98.5906829833984375 98.33827972412109375 98.1390228271484375 97.81615447998046875 97.2697906494140625 96.5100860595703125 95.59075164794921875 94.49806976318359375 93.3335418701171875 92.55556488037109375 91.8743438720703125 85.760894775390625 74.374237060546875 60.57054901123046875 46.64768218994140625 -1e100 -1e100 -1e100 -1e100 -1e100 -1e100
 -1e100 11.254781723022460938 25.20426177978515625 38.366374969482421875 50.4655609130859375 60.8006134033203125 68.100006103515625 70.81946563720703125 72.8063812255859375 76.40826416015625 80.459686279296875 84.482025146484375 88.63236236572265625 93.06005096435546875 97.79169464111328125 102.58443450927734375 106.93944549560546875 110.29947662353515625 112.483489990234375 113.93963623046875 115.7838592529296875 119.43671417236328125 125.21489715576171875 132.4200897216796875 140.1050872802734375 147.0500030517578125 151.9735107421875 155.3138885498046875 157.7950286865234375 159.3607177734375 160.5754852294921875 162.09136962890625 163.8245086669921875 165.6137847900390625 167.5939483642578125 169.4269256591796875 170.998809814453125 172.1357421875 172.931976318359375 173.577423095703125 174.0347900390625 174.1525726318359375 173.8763275146484375 173.08636474609375 171.814361572265625 170.3891448974609375 169.1402435302734375 168.0292205810546875 166.80584716796875 164.98541259765625 162.7387847900390625 160.387054443359375 159.2149505615234375 159.5988922119140625 160.406890869140625 160.9381561279296875 160.376953125 157.798187255859375 154.0437164306640625 149.0178680419921875 143.70855712890625 139.2196807861328125 137.10302734375 138.4870147705078125 142.66131591796875 147.1644134521484375 150.8688812255859375 152.027679443359375 151.4693756103515625 150.9375457763671875 150.877288818359375 151.090179443359375 151.41802978515625 151.3204193115234375 150.6716766357421875 150.1150970458984375 149.90972900390625 149.5089874267578125 148.9369354248046875 148.6860198974609375 148.2467498779296875 147.726898193359375 147.5570831298828125 147.287445068359375 146.7345123291015625 146.13720703125 145.1723480224609375 143.7764129638671875 142.205108642578125 140.5565338134765625 138.919952392578125 137.3766937255859375 135.678314208984375 133.7783203125 131.7389373779296875 129.5255126953125 127.18044281005859375 124.78000640869140625 122.4737548828125 120.53179168701171875 119.02666473388671875 117.98419952392578125 117.1756439208984375 116.176483154296875 114.83843994140625 113.31667327880859375 111.86058807373046875 110.6519775390625 109.68750762939453125 108.566986083984375 107.070098876953125 105.77996826171875 104.6859588623046875 103.307220458984375 101.75994873046875 100.15276336669921875 98.87946319580078125 98.801727294921875 100.0080108642578125 101.791961669921875 103.2124786376953125 103.8995208740234375 103.9283294677734375 103.6248321533203125 103.28504180908203125 102.83228302001953125 102.24471282958984375 101.5250091552734375 100.565338134765625 99.564727783203125 98.78501129150390625 98.3643646240234375 98.23187255859375 98.17035675048828125 97.90660858154296875 97.288787841796875 96.36339569091796875 95.315277099609375 94.2024383544921875 93.16083526611328125 92.5266571044921875 91.1617889404296875 83.047943115234375 67.43685150146484375 50.249958038330078125 34.866542816162109375 -1e100 -1e100 -1e100 -1e100 -1e100 -1e100
 -1e100 10.606679916381835938 24.788288116455078125 38.199718475341796875 50.55571746826171875 61.20708465576171875 68.85433197021484375 71.6508331298828125 73.68172454833984375 77.15149688720703125 81.22183990478515625 85.20549774169921875 89.29517364501953125 93.68892669677734375 98.461578369140625 103.41287994384765625 108.06700897216796875 111.85710906982421875 114.49017333984375 116.2512054443359375 118.009918212890625 120.8722686767578125 125.32106781005859375 131.1779937744140625 137.8576202392578125 144.4086456298828125 149.7629547119140625 153.9730987548828125 157.4022216796875 159.786163330078125 161.539947509765625 163.285919189453125 164.8780975341796875 166.317047119140625 167.998077392578125 169.54156494140625 170.8584442138671875 171.8896942138671875 172.6841888427734375 173.354461669921875 173.9101715087890625 174.203643798828125 174.096649169921875 173.455047607421875 172.2991943359375 170.9525909423828125 169.7105712890625 168.5889434814453125 167.4078521728515625 165.6591339111328125 163.3614654541015625 160.7353057861328125 158.938873291015625 158.58673095703125 159.0428314208984375 159.847015380859375 160.4308319091796875 159.56866455078125 157.4433441162109375 154.0008392333984375 149.8897705078125 148.9342498779296875 143.635955810546875 144.6895751953125 147.424285888671875 150.6063079833984375 152.79345703125 152.3038330078125 151.131317138671875 150.5770721435546875 150.53363037109375 151.26287841796875 152.0269927978515625 151.8513946533203125 151.0135650634765625 150.26416015625 149.87689208984375 149.3447265625 148.689544677734375 148.519439697265625 147.9487457275390625 147.11480712890625 146.6172637939453125 146.083892822265625 145.5256195068359375 145.212066650390625 144.702392578125 143.7107391357421875 142.2607269287109375 140.479461669921875 138.6568145751953125 137.09765625 135.595062255859375 134.1008453369140625 132.506591796875 130.596527099609375 128.29071044921875 125.7531280517578125 123.2917022705078125 121.2322540283203125 119.607666015625 118.49493408203125 117.62610626220703125 116.55867767333984375 115.2456817626953125 113.855255126953125 112.50418853759765625 111.2350921630859375 110.20894622802734375 108.8659515380859375 106.67746734619140625 105.1256103515625 104.01425933837890625 102.6466064453125 101.3499908447265625 100.3001251220703125 99.47666168212890625 99.81075286865234375 101.33388519287109375 103.361328125 104.566802978515625 104.97513580322265625 104.76476287841796875 104.20464324951171875 103.73677825927734375 103.1765594482421875 102.4402008056640625 101.6689910888671875 100.64189910888671875 99.5503387451171875 98.72011566162109375 98.39642333984375 98.4040985107421875 98.49857330322265625 98.31154632568359375 97.637725830078125 96.54186248779296875 95.36539459228515625 94.216400146484375 93.23935699462890625 92.6783294677734375 90.46697235107421875 78.07421112060546875 58.192249298095703125 37.39697265625 21.2109832763671875 -1e100 -1e100 -1e100 -1e100 -1e100 -1e100
 -1e100 11.970014572143554688 25.552248001098632812 38.653076171875 50.937862396240234375 61.732448577880859375 69.76819610595703125 72.9453582763671875 75.03899383544921875 78.35530853271484375 82.49372100830078125 86.528717041015625 90.65203094482421875 95.08294677734375 99.92449188232421875 105.012939453125 109.89679718017578125 114.03922271728515625 117.0705413818359375 119.08118438720703125 120.69588470458984375 122.77945709228515625 125.9649200439453125 130.493499755859375 136.1604156494140625 142.30517578125 148.0332489013671875 152.9296112060546875 156.988128662109375 159.8688812255859375 161.8566436767578125 163.6153717041015625 165.144378662109375 166.41802978515625 167.8683929443359375 169.1169281005859375 170.1001129150390625 170.982757568359375 171.8297271728515625 172.650848388671875 173.4375152587890625 173.9294891357421875 173.9371337890625 173.4127349853515625 172.525909423828125 171.4536895751953125 170.4615631103515625 169.525848388671875 168.4316253662109375 166.821044921875 164.51153564453125 161.64599609375 159.21038818359375 158.072113037109375 158.09130859375 159.1201171875 160.9474639892578125 162.29296875 162.5736236572265625 161.4176483154296875 158.80755615234375 155.270111083984375 153.0087127685546875 152.269561767578125 152.89202880859375 154.2044830322265625 154.7565460205078125 152.6868743896484375 150.6497344970703125 149.9723968505859375 149.8682708740234375 150.947174072265625 152.520111083984375 152.637542724609375 151.6398468017578125 150.77886962890625 150.2488861083984375 149.5833587646484375 148.7290802001953125 148.345123291015625 147.6295928955078125 146.5483245849609375 145.7910308837890625 145.1509246826171875 144.5694122314453125 144.2255401611328125 143.8875885009765625 143.0942840576171875 141.737335205078125 139.8765869140625 137.90087890625 136.339691162109375 135.019134521484375 133.83538818359375 132.6966552734375 131.2481536865234375 129.26483154296875 126.917327880859375 124.64957427978515625 122.7093963623046875 120.936431884765625 119.55699920654296875 118.4310760498046875 117.0029449462890625 115.46266937255859375 114.139007568359375 112.9490814208984375 111.838836669921875 111.0735931396484375 109.95365142822265625 107.48274993896484375 105.800628662109375 104.54894256591796875 103.0211944580078125 101.874908447265625 101.51486968994140625 101.4269256591796875 102.33586883544921875 104.08880615234375 106.00601959228515625 106.587005615234375 106.3964996337890625 105.77545166015625 105.0084686279296875 104.493377685546875 103.87854766845703125 103.05532073974609375 102.2136688232421875 101.061798095703125 99.91907501220703125 99.0946502685546875 98.873199462890625 98.98667144775390625 99.17403411865234375 99.02745819091796875 98.312408447265625 97.1055450439453125 95.84694671630859375 94.67412567138671875 93.78427886962890625 93.285491943359375 90.44669342041015625 74.19899749755859375 48.946895599365234375 23.548030853271484375 7.651947021484375 -1e100 -1e100 -1e100 -1e100 -1e100 -1e100
 -1e100 14.035979270935058594 26.827610015869140625 39.3755035400390625 51.321506500244140625 61.968990325927734375 70.16045379638671875 74.61878204345703125 76.92391204833984375 80.14490509033203125 84.2640380859375 88.39064788818359375 92.672088623046875 97.24240875244140625 102.199554443359375 107.37950897216796875 112.3797454833984375 116.7422027587890625 120.021270751953125 122.16634368896484375 123.60201263427734375 124.92394256591796875 126.93758392333984375 130.2386474609375 134.93414306640625 140.687713623046875 146.66259765625 152.0806121826171875 156.49462890625 159.5939483642578125 161.65618896484375 163.3435211181640625 164.852935791015625 166.0824127197265625 167.386749267578125 168.4351959228515625 169.2601165771484375 170.14642333984375 171.119049072265625 172.0908660888671875 172.949127197265625 173.3914947509765625 173.313720703125 172.816986083984375 172.2392730712890625 171.440338134765625 170.799163818359375 170.206329345703125 169.2077178955078125 167.727996826171875 165.5236663818359375 162.67584228515625 159.862274169921875 158.2825775146484375 158.1950225830078125 159.526611328125 162.4318389892578125 165.9228515625 168.519073486328125 169.4112396240234375 168.236053466796875 165.242889404296875 161.7220458984375 158.7915496826171875 157.0397796630859375 156.21087646484375 154.929931640625 151.4131927490234375 148.309600830078125 147.6487274169921875 147.9756317138671875 149.9188690185546875 152.87384033203125 153.602874755859375 152.444793701171875 151.339324951171875 150.565399169921875 149.78155517578125 148.835601806640625 148.3240966796875 147.680572509765625 146.58447265625 145.7665252685546875 145.0086517333984375 144.1689453125 143.4762115478515625 142.8298492431640625 141.9243927001953125 140.641998291015625 138.860687255859375 136.88153076171875 135.355621337890625 134.1718597412109375 133.223876953125 132.485992431640625 131.5258331298828125 130.021728515625 128.1293792724609375 126.26869964599609375 124.58205413818359375 122.7499542236328125 121.06443023681640625 119.51618194580078125 117.58002471923828125 115.65413665771484375 114.22597503662109375 113.15151214599609375 112.33873748779296875 112.05621337890625 111.4603271484375 109.23595428466796875 107.5335235595703125 106.088287353515625 104.34386444091796875 103.23946380615234375 103.38134765625 103.9786224365234375 105.36972808837890625 107.18350982666015625 108.75432586669921875 108.6732635498046875 107.78893280029296875 106.66034698486328125 105.6317901611328125 105.02458953857421875 104.41082763671875 103.6293487548828125 102.8251190185546875 101.71700286865234375 100.65444183349609375 99.9196319580078125 99.78391265869140625 99.946502685546875 100.141265869140625 99.98360443115234375 99.2457122802734375 98.00798797607421875 96.72748565673828125 95.54456329345703125 94.68839263916015625 94.09595489501953125 92.95067596435546875 73.63525390625 43.150146484375 12.381258964538574219 -1.6775761842727661133 -1e100 -1e100 -1e100 -1e100 -1e100 -1e100
 -1e100 16.220170974731445312 28.152036666870117188 40.0644989013671875 51.559539794921875 61.998470306396484375 70.482208251953125 75.98746490478515625 79.159454345703125 82.36110687255859375 86.56333160400390625 90.70230865478515625 95.18121337890625 99.9964599609375 105.12378692626953125 110.403594970703125 115.47978973388671875 119.95079803466796875 123.27762603759765625 125.29657745361328125 126.32861328125 126.82526397705078125 127.7637176513671875 130.0477447509765625 133.92425537109375 139.328948974609375 145.4251861572265625 151.2544097900390625 156.0634307861328125 159.4177398681640625 161.58636474609375 163.177490234375 164.525177001953125 165.6816864013671875 166.915679931640625 167.905914306640625 168.7608795166015625 169.798126220703125 170.865814208984375 171.9185028076171875 172.6630096435546875 172.7811431884765625 172.25970458984375 171.4673004150390625 171.0330657958984375 170.5552215576171875 170.30859375 170.2270050048828125 169.5533599853515625 168.2890625 166.3884124755859375 163.9421234130859375 161.450897216796875 160.012115478515625 160.14251708984375 161.9533538818359375 165.656402587890625 170.5089569091796875 174.4989776611328125 176.1988983154296875 175.206939697265625 171.6960906982421875 166.940948486328125 162.6187744140625 159.3979644775390625 156.865386962890625 153.747833251953125 148.4732513427734375 144.0478515625 143.2585601806640625 144.3249053955078125 147.559417724609375 152.1320343017578125 153.8564300537109375 152.959136962890625 151.767730712890625 150.6346435546875 149.549072265625 148.4515228271484375 147.81787109375 147.428985595703125 146.757049560546875 146.13604736328125 145.3512420654296875 144.207427978515625 142.9004058837890625 141.66925048828125 140.479736328125 139.24957275390625 137.6905975341796875 135.87469482421875 134.4019622802734375 133.2798614501953125 132.4429931640625 131.9452362060546875 131.398162841796875 130.4060821533203125 129.047393798828125 127.6934051513671875 126.31926727294921875 124.4996185302734375 122.55054473876953125 120.55077362060546875 118.0751953125 115.706878662109375 114.05748748779296875 113.03887939453125 112.57303619384765625 112.87300872802734375 113.03723907470703125 111.50550079345703125 110.050994873046875 108.47679901123046875 106.532958984375 105.33776092529296875 105.6871337890625 106.7099151611328125 108.32452392578125 109.94847869873046875 111.0060882568359375 110.29718780517578125 108.80710601806640625 107.22016143798828125 105.89666748046875 105.13941192626953125 104.5524444580078125 103.90334320068359375 103.27237701416015625 102.40252685546875 101.57396697998046875 101.02288818359375 100.983978271484375 101.146209716796875 101.2777862548828125 101.06494903564453125 100.323822021484375 99.12641143798828125 97.878173828125 96.71248626708984375 95.8349456787109375 95.18968963623046875 94.60259246826171875 75.4833526611328125 45.56964111328125 16.055604934692382812 0.60114371776580810547 -1e100 -1e100 -1e100 -1e100 -1e100 -1e100
 -1e100 -1e100 29.192230224609375 40.4475860595703125 51.413120269775390625 61.47185516357421875 69.87934112548828125 76.12490081787109375 80.71030426025390625 84.80812835693359375 89.1464385986328125 93.3773040771484375 97.93881988525390625 102.94332122802734375 108.26209259033203125 113.6532135009765625 118.77790069580078125 123.24710845947265625 126.4521026611328125 128.2115478515625 128.742279052734375 128.502593994140625 128.6387176513671875 130.1311492919921875 133.272186279296875 138.230010986328125 144.1136016845703125 150.0014190673828125 155.1132049560546875 158.83782958984375 161.2958221435546875 162.98858642578125 164.2918853759765625 165.385833740234375 166.6233978271484375 167.81622314453125 169.0015106201171875 170.382781982421875 171.5958099365234375 172.53802490234375 172.87664794921875 172.32440185546875 171.0363922119140625 169.5444488525390625 168.5496063232421875 168.0733489990234375 168.2518157958984375 168.872955322265625 169.12139892578125 168.6554718017578125 167.2696075439453125 165.31182861328125 163.23626708984375 162.166900634765625 162.714935302734375 165.1074371337890625 169.4821319580078125 174.96697998046875 179.1103515625 180.20611572265625 178.23529052734375 173.73004150390625 168.1568603515625 163.4061279296875 159.73455810546875 156.044952392578125 151.2816619873046875 144.491363525390625 138.7027435302734375 137.616424560546875 139.532135009765625 143.984222412109375 150.068389892578125 153.18487548828125 153.010833740234375 152.1192169189453125 150.9405364990234375 149.6216583251953125 148.2242889404296875 147.2970428466796875 146.9913177490234375 146.7320098876953125 146.50262451171875 145.9037322998046875 144.5045013427734375 142.5867156982421875 140.7822113037109375 139.282135009765625 138.145477294921875 136.90289306640625 135.323333740234375 133.882965087890625 132.7577972412109375 131.88519287109375 131.4201202392578125 131.1053314208984375 130.5158233642578125 129.594451904296875 128.6370391845703125 127.4715118408203125 125.65103912353515625 123.4649200439453125 121.09909820556640625 118.2520751953125 115.56308746337890625 113.722442626953125 112.73980712890625 112.6201019287109375 113.422332763671875 114.31748199462890625 113.7743682861328125 112.78820037841796875 111.2473602294921875 109.2639617919921875 107.9404144287109375 108.191680908203125 109.25522613525390625 110.72216796875 111.94582366943359375 112.378265380859375 111.21126556396484375 109.3725128173828125 107.5014495849609375 106.00252532958984375 105.10689544677734375 104.52323150634765625 104.01318359375 103.5427398681640625 102.93065643310546875 102.40093994140625 102.1075286865234375 102.1806640625 102.34454345703125 102.39324188232421875 102.1088104248046875 101.3730010986328125 100.25632476806640625 99.061279296875 97.92235565185546875 96.99646759033203125 96.3323211669921875 95.8114166259765625 78.712860107421875 53.188282012939453125 27.993425369262695312 11.328496932983398438 -1e100 -1e100 -1e100 -1e100 -1e100 -1e100
 -1e100 -1e100 29.669826507568359375 40.30666351318359375 50.775043487548828125 60.490642547607421875 68.900970458984375 75.73110198974609375 81.3030548095703125 86.700347900390625 91.732421875 96.10797119140625 100.797637939453125 105.78852081298828125 111.05028533935546875 116.49338531494140625 121.60189056396484375 126.01100921630859375 129.129119873046875 130.825836181640625 131.1013641357421875 130.59820556640625 130.3556365966796875 131.1917266845703125 133.541656494140625 137.6947021484375 142.77020263671875 148.096954345703125 152.910369873046875 156.767333984375 159.6664581298828125 161.845458984375 163.6291961669921875 165.16851806640625 166.7011566162109375 168.2915191650390625 170.09210205078125 171.973724365234375 173.3313751220703125 174.04095458984375 173.746307373046875 172.336456298828125 170.2676544189453125 168.1254730224609375 166.574462890625 165.8813629150390625 166.2760009765625 167.4473114013671875 168.4424591064453125 168.787841796875 168.1080322265625 166.7006683349609375 165.0985107421875 164.481658935546875 165.46624755859375 168.31634521484375 172.9816436767578125 178.3550262451171875 181.775238037109375 181.5979156494140625 178.3705596923828125 173.0639495849609375 167.3439178466796875 162.9410247802734375 159.2916259765625 154.6913299560546875 148.1866455078125 139.887725830078125 132.9967041015625 131.58148193359375 134.4185791015625 140.16436767578125 147.4112701416015625 151.7764739990234375 152.5194244384765625 152.00115966796875 150.893798828125 149.463714599609375 147.9412689208984375 146.9627685546875 146.712310791015625 146.6504669189453125 146.6417694091796875 146.14581298828125 144.7379150390625 142.744110107421875 140.7311248779296875 139.1121673583984375 137.980499267578125 136.885955810546875 135.48822021484375 134.017974853515625 132.68450927734375 131.6285858154296875 131.058837890625 130.7896270751953125 130.4772491455078125 129.9251251220703125 129.118194580078125 127.9449920654296875 126.12884521484375 123.83776092529296875 121.27264404296875 118.36544036865234375 115.62264251708984375 113.63828277587890625 112.603668212890625 112.625457763671875 113.61898040771484375 114.8957672119140625 115.2987518310546875 114.83319854736328125 113.624053955078125 111.91146087646484375 110.563873291015625 110.31688690185546875 110.899139404296875 111.84471893310546875 112.56554412841796875 112.572235107421875 111.4689788818359375 109.64605712890625 107.706817626953125 106.122100830078125 105.04813385009765625 104.35010528564453125 103.86095428466796875 103.4511871337890625 103.06591796875 102.84250640869140625 102.85855865478515625 103.098876953125 103.346466064453125 103.384490966796875 103.071197509765625 102.34063720703125 101.27379608154296875 100.08010101318359375 98.916259765625 97.968170166015625 97.31690216064453125 96.87689208984375 82.76346588134765625 62.144672393798828125 41.174800872802734375 25.237150192260742188 -1e100 -1e100 -1e100 -1e100 -1e100 -1e100
 -1e100 -1e100 -1e100 39.42552947998046875 49.48976898193359375 59.010402679443359375 67.59081268310546875 75.09670257568359375 81.75244140625 88.0421600341796875 93.8662872314453125 98.76081085205078125 103.46648406982421875 108.32696533203125 113.24721527099609375 118.3807525634765625 123.392242431640625 127.68902587890625 130.750213623046875 132.5007171630859375 132.8821563720703125 132.68353271484375 132.5318603515625 133.04302978515625 134.676605224609375 137.710113525390625 141.5981903076171875 146.0619354248046875 150.406524658203125 154.3753814697265625 157.8598175048828125 160.729461669921875 163.1680145263671875 165.3186187744140625 167.2068939208984375 169.0386810302734375 171.056549072265625 173.1439971923828125 174.53546142578125 175.099639892578125 174.56475830078125 172.803741455078125 170.2977294921875 167.7720489501953125 165.981109619140625 165.1368408203125 165.4812469482421875 166.7821807861328125 168.0691070556640625 168.8029022216796875 168.817352294921875 168.19232177734375 167.2732391357421875 167.2067413330078125 168.5069427490234375 171.4365386962890625 175.804168701171875 180.324432373046875 182.503753662109375 181.029541015625 176.864593505859375 171.39617919921875 166.3147125244140625 162.752960205078125 159.3892669677734375 154.14019775390625 146.1607818603515625 136.565704345703125 128.930145263671875 126.9520721435546875 130.0065765380859375 136.470611572265625 144.187255859375 149.4051971435546875 151.12847900390625 151.0740509033203125 150.001373291015625 148.44061279296875 146.881622314453125 146.00787353515625 145.79278564453125 145.8046722412109375 145.7570037841796875 145.234100341796875 144.01507568359375 142.35516357421875 140.651580810546875 139.2960052490234375 138.346893310546875 137.4218902587890625 136.16058349609375 134.583831787109375 132.9548797607421875 131.6622772216796875 130.9270782470703125 130.636993408203125 130.4685211181640625 130.0321502685546875 129.1431121826171875 127.7882843017578125 125.9192962646484375 123.65087127685546875 121.13245391845703125 118.42547607421875 115.84589385986328125 113.82129669189453125 112.7205657958984375 112.66701507568359375 113.5296630859375 114.99082183837890625 116.06243896484375 116.19699859619140625 115.57562255859375 114.32643890380859375 112.9958953857421875 112.2591094970703125 112.19928741455078125 112.485565185546875 112.65758514404296875 112.3763275146484375 111.4046173095703125 109.8215179443359375 108.033935546875 106.41992950439453125 105.137939453125 104.1775360107421875 103.48188018798828125 103.007659912109375 102.76660919189453125 102.828399658203125 103.1840667724609375 103.7054901123046875 104.14373016357421875 104.28231048583984375 104.00806427001953125 103.2800140380859375 102.1826934814453125 100.8968963623046875 99.61789703369140625 98.5561370849609375 97.8787689208984375 97.47021484375 87.12746429443359375 71.00994873046875 54.020053863525390625 39.763671875 -1e100 -1e100 -1e100 -1e100 -1e100 -1e100
 -1e100 -1e100 -1e100 37.5917816162109375 47.34867095947265625 56.7849884033203125 65.59820556640625 73.69399261474609375 81.17981719970703125 88.22838592529296875 94.78376007080078125 100.63123321533203125 105.7283935546875 110.3729095458984375 114.90209197998046875 119.5128173828125 123.92893218994140625 127.94069671630859375 130.9312286376953125 132.7825164794921875 133.429168701171875 133.75726318359375 134.019561767578125 134.5488433837890625 135.748260498046875 137.835052490234375 140.6176300048828125 144.25836181640625 148.3266448974609375 152.59295654296875 156.760223388671875 160.3920440673828125 163.438140869140625 166.020294189453125 168.08465576171875 169.9416656494140625 171.8677215576171875 173.8010406494140625 175.1048431396484375 175.63177490234375 175.1579437255859375 173.5345458984375 171.0863189697265625 168.4031524658203125 166.115203857421875 164.9513702392578125 165.0871124267578125 166.280548095703125 167.84259033203125 168.9453277587890625 169.458953857421875 169.5467071533203125 169.30718994140625 169.77435302734375 171.2480316162109375 173.750732421875 177.246368408203125 180.38385009765625 181.2467498779296875 179.0811004638671875 174.951202392578125 170.2748565673828125 166.346343994140625 163.6258697509765625 160.5630340576171875 155.066650390625 146.6853485107421875 136.96661376953125 129.11279296875 126.3941192626953125 128.7843475341796875 134.7764739990234375 142.0115966796875 147.4788360595703125 149.8707122802734375 150.2124481201171875 149.1106414794921875 147.4536590576171875 145.9093170166015625 145.0547027587890625 144.85247802734375 144.8521881103515625 144.6134185791015625 143.990203857421875 142.914093017578125 141.595916748046875 140.3550262451171875 139.4173583984375 138.77593994140625 138.1249237060546875 137.0500335693359375 135.4286346435546875 133.5220947265625 131.95391845703125 131.0383758544921875 130.6353912353515625 130.43695068359375 129.950164794921875 128.8347320556640625 127.225250244140625 125.2183837890625 122.98281097412109375 120.6870574951171875 118.34403228759765625 116.08504486083984375 114.14642333984375 112.94486236572265625 112.54442596435546875 112.8847198486328125 114.41033935546875 116.00717926025390625 116.71784210205078125 116.8960113525390625 116.2211761474609375 114.92334747314453125 113.9034576416015625 113.3610076904296875 113.06252288818359375 112.7294769287109375 112.19879913330078125 111.31861114501953125 110.05348968505859375 108.5791778564453125 107.06170654296875 105.59651947021484375 104.27117919921875 103.1913299560546875 102.46167755126953125 102.2217254638671875 102.51311492919921875 103.2206268310546875 104.0986328125 104.80847930908203125 105.12033843994140625 104.934844970703125 104.201171875 103.021087646484375 101.58274078369140625 100.1288909912109375 98.9636993408203125 98.25438690185546875 97.84537506103515625 91.00949859619140625 78.93178558349609375 65.521820068359375 53.217926025390625 -1e100 -1e100 -1e100 -1e100 -1e100 -1e100
 -1e100 -1e100 -1e100 -1e100 44.109954833984375 53.474430084228515625 62.447967529296875 70.93338775634765625 78.95941925048828125 86.58989715576171875 93.8175048828125 100.5880584716796875 106.83624267578125 112.06427764892578125 115.98647308349609375 119.95847320556640625 123.6394805908203125 126.93792724609375 129.8384246826171875 131.92474365234375 132.9608306884765625 133.9360198974609375 134.768096923828125 135.4713897705078125 136.47601318359375 137.86236572265625 139.71112060546875 142.535064697265625 146.198455810546875 150.722137451171875 155.6101837158203125 160.1135711669921875 163.975250244140625 167.02783203125 169.1596527099609375 170.7672119140625 172.216705322265625 173.702972412109375 174.7972564697265625 175.3027191162109375 175.126190185546875 174.106689453125 172.20050048828125 169.8644866943359375 167.803924560546875 166.3118133544921875 165.9550018310546875 166.7163543701171875 167.91656494140625 169.004180908203125 169.937957763671875 170.5744171142578125 170.9104156494140625 171.758636474609375 173.155792236328125 174.973297119140625 177.3071746826171875 179.0362396240234375 179.0435943603515625 177.0832672119140625 173.9481201171875 170.623382568359375 167.86834716796875 165.7191314697265625 162.762481689453125 157.5657196044921875 150.1075439453125 141.5574493408203125 134.0328521728515625 130.9084014892578125 132.29156494140625 136.927581787109375 142.95257568359375 148.05316162109375 150.3197174072265625 150.489532470703125 149.2664794921875 147.5359344482421875 146.01373291015625 145.0569915771484375 144.694122314453125 144.420318603515625 143.8504486083984375 143.0523223876953125 142.1089630126953125 141.0919342041015625 140.2006683349609375 139.5952301025390625 139.142791748046875 138.6862030029296875 137.819549560546875 136.1521453857421875 133.9176177978515625 132.0424957275390625 130.9273529052734375 130.3357086181640625 130.0754852294921875 129.5574493408203125 128.2292327880859375 126.44773101806640625 124.326934814453125 122.16570281982421875 120.22437286376953125 118.32700347900390625 116.52071380615234375 114.78458404541015625 113.44374847412109375 112.53076171875 112.00525665283203125 113.63864898681640625 115.6554718017578125 116.7690582275390625 117.8163299560546875 117.57688140869140625 116.19405364990234375 115.02521514892578125 114.18310546875 113.4408721923828125 112.72595977783203125 112.02889251708984375 111.2738800048828125 110.3638763427734375 109.2960052490234375 107.98165130615234375 106.3817596435546875 104.69817352294921875 103.20020294189453125 102.0877838134765625 101.77297210693359375 102.22479248046875 103.2288970947265625 104.45124053955078125 105.42749786376953125 105.92247772216796875 105.855438232421875 105.12822723388671875 103.87598419189453125 102.3001861572265625 100.66194915771484375 99.41534423828125 98.66463470458984375 98.25201416015625 93.930328369140625 85.357086181640625 75.05417633056640625 64.6942291259765625 -1e100 -1e100 -1e100 -1e100 -1e100 -1e100
 -1e100 -1e100 -1e100 -1e100 39.511684417724609375 48.686710357666015625 57.615909576416015625 66.20316314697265625 74.45720672607421875 82.42920684814453125 90.16310882568359375 97.68112945556640625 104.91365814208984375 111.4604949951171875 116.50605010986328125 120.00817108154296875 122.973907470703125 125.64051055908203125 128.079071044921875 130.127899169921875 131.62591552734375 133.1881561279296875 134.5261688232421875 135.5797576904296875 136.577880859375 137.4775543212890625 138.71759033203125 141.0352935791015625 144.6662139892578125 149.70428466796875 155.4011993408203125 160.7575225830078125 165.22723388671875 168.4114227294921875 170.3131103515625 171.4059906005859375 172.1782989501953125 173.017059326171875 173.750335693359375 174.24072265625 174.4979705810546875 174.2974853515625 173.117767333984375 171.351043701171875 169.660736083984375 167.8914031982421875 166.9473114013671875 167.0805206298828125 167.7568206787109375 168.683135986328125 169.8997650146484375 171.0499267578125 171.8826904296875 172.9272613525390625 174.0836944580078125 175.20263671875 176.490936279296875 177.193023681640625 176.843414306640625 175.422454833984375 173.3819427490234375 171.2992401123046875 169.43804931640625 167.6193695068359375 164.9869232177734375 160.483673095703125 154.6055755615234375 148.02960205078125 141.3585205078125 138.38067626953125 139.39630126953125 142.591094970703125 147.2060394287109375 151.59912109375 152.9125518798828125 152.37396240234375 150.6300506591796875 148.184295654296875 146.3007659912109375 145.008087158203125 144.3598480224609375 144.1683502197265625 143.5748291015625 142.631103515625 141.5808868408203125 140.5873260498046875 139.8274688720703125 139.3974151611328125 139.079803466796875 138.831451416015625 138.1385345458984375 136.417083740234375 133.90118408203125 131.740509033203125 130.4007415771484375 129.5865631103515625 129.2264862060546875 128.7015533447265625 127.22956085205078125 125.36548614501953125 123.24571990966796875 121.25788116455078125 119.76428985595703125 118.43401336669921875 117.19727325439453125 115.82567596435546875 114.4293365478515625 113.0434417724609375 111.85247802734375 113.56459808349609375 115.76201629638671875 117.1296539306640625 118.6983642578125 118.49181365966796875 116.883941650390625 115.5271453857421875 114.45066070556640625 113.4416046142578125 112.52892303466796875 111.80954742431640625 111.26845550537109375 110.701202392578125 110.0236053466796875 108.97026824951171875 107.36287689208984375 105.465911865234375 103.65900421142578125 102.2165374755859375 101.749603271484375 102.24900054931640625 103.41356658935546875 104.85050201416015625 106.01761627197265625 106.6624603271484375 106.7091522216796875 106.0224761962890625 104.75702667236328125 103.121917724609375 101.402069091796875 100.185516357421875 99.52072906494140625 99.1992034912109375 96.40500640869140625 90.47605133056640625 82.61894989013671875 74.033111572265625 -1e100 -1e100 -1e100 -1e100 -1e100 -1e100
 -1e100 -1e100 -1e100 -1e100 33.3343353271484375 42.086200714111328125 50.667827606201171875 59.017383575439453125 67.18344879150390625 75.26813507080078125 83.37062835693359375 91.55224609375 99.78769683837890625 107.77657318115234375 114.8336181640625 119.7165679931640625 122.336151123046875 124.4471893310546875 126.4550933837890625 128.1141357421875 129.6812744140625 131.5016326904296875 133.186798095703125 134.600128173828125 135.7514190673828125 136.582000732421875 137.5850372314453125 139.6765899658203125 143.7582550048828125 149.7140350341796875 156.3242034912109375 162.5125732421875 167.3031005859375 170.0511322021484375 171.37762451171875 171.824005126953125 171.888885498046875 172.0606689453125 172.407196044921875 172.8861236572265625 173.5043792724609375 173.911407470703125 173.3287200927734375 171.9485321044921875 170.3091278076171875 168.3612213134765625 167.051727294921875 166.7512359619140625 167.18603515625 168.0448150634765625 169.364990234375 170.8021240234375 171.9510498046875 173.12554931640625 174.172027587890625 174.8461151123046875 175.4032135009765625 175.357879638671875 174.6981048583984375 173.5438232421875 172.172882080078125 170.962615966796875 169.7216796875 168.2883758544921875 166.2418365478515625 162.651702880859375 158.3863372802734375 153.7501678466796875 148.0337677001953125 145.5884857177734375 146.7669677734375 149.0182952880859375 152.6310882568359375 156.1861572265625 156.379364013671875 154.9633941650390625 152.527435302734375 149.097015380859375 146.4445343017578125 144.555908203125 143.5489044189453125 143.57275390625 143.34295654296875 142.4525146484375 141.218658447265625 140.036041259765625 139.215972900390625 138.8088836669921875 138.584869384765625 138.485626220703125 137.850555419921875 136.059326171875 133.417694091796875 131.0703277587890625 129.5258941650390625 128.5217742919921875 128.0152435302734375 127.43018341064453125 125.96254730224609375 124.15903472900390625 122.1908416748046875 120.48134613037109375 119.42392730712890625 118.65316009521484375 118.019775390625 117.2014923095703125 116.1710968017578125 114.7727203369140625 113.4432373046875 115.034332275390625 116.99356842041015625 118.1730804443359375 119.59288787841796875 119.0918731689453125 117.18239593505859375 115.609832763671875 114.37288665771484375 113.2533416748046875 112.30912017822265625 111.6627960205078125 111.30268096923828125 110.99692535400390625 110.60353851318359375 109.76009368896484375 108.2436981201171875 106.33512115478515625 104.43036651611328125 102.8426361083984375 102.26679229736328125 102.70496368408203125 103.85528564453125 105.3256683349609375 106.55884552001953125 107.28551483154296875 107.41483306884765625 106.7967681884765625 105.58538818359375 103.9911956787109375 102.3217926025390625 101.24225616455078125 100.72660064697265625 100.52683258056640625 99.196380615234375 94.73416900634765625 88.5882110595703125 81.53586578369140625 -1e100 -1e100 -1e100 -1e100 -1e100 -1e100
 -1e100 -1e100 -1e100 -1e100 -1e100 33.572147369384765625 41.473033905029296875 49.25482940673828125 57.066741943359375 65.1048126220703125 73.50809478759765625 82.33914947509765625 91.56774139404296875 100.9438018798828125 109.81683349609375 117.1383209228515625 121.6526336669921875 123.53505706787109375 125.196685791015625 126.67608642578125 128.1548614501953125 130.045623779296875 132.012359619140625 133.66851806640625 134.8587493896484375 135.570953369140625 136.2710723876953125 137.92816162109375 142.2541961669921875 149.191070556640625 156.8228607177734375 163.97967529296875 169.327972412109375 171.566925048828125 172.15704345703125 171.91552734375 171.348876953125 170.9921875 171.0407257080078125 171.4824066162109375 172.2851104736328125 173.006622314453125 172.8039398193359375 171.6685791015625 170.1298828125 168.233367919921875 166.829803466796875 166.322265625 166.5926971435546875 167.3460693359375 168.5304412841796875 169.838623046875 170.9461669921875 172.0157928466796875 172.909515380859375 173.5319671630859375 173.7582550048828125 173.102203369140625 172.0735931396484375 170.8888397216796875 169.6563873291015625 169.0340423583984375 168.404541015625 167.50592041015625 166.2193756103515625 163.79931640625 161.2124176025390625 158.39947509765625 153.8489990234375 152.0211639404296875 153.1540985107421875 154.4760589599609375 156.97283935546875 159.55950927734375 158.854248046875 156.834197998046875 154.0321502685546875 150.0590362548828125 146.912261962890625 144.61773681640625 143.299224853515625 143.3908538818359375 143.388427734375 142.486175537109375 141.1069488525390625 139.7123260498046875 138.7398223876953125 138.23675537109375 137.9652252197265625 137.7650146484375 136.926177978515625 134.891082763671875 132.0386505126953125 129.5200958251953125 127.8338623046875 126.76438140869140625 126.27518463134765625 125.78936767578125 124.5305328369140625 122.9939422607421875 121.32964324951171875 119.95751190185546875 119.269775390625 118.9329681396484375 118.84008026123046875 118.71085357666015625 118.46056365966796875 117.8343048095703125 116.98673248291015625 118.42337799072265625 119.75417327880859375 120.0938873291015625 120.59322357177734375 119.4117584228515625 117.15850067138671875 115.3980865478515625 114.07396697998046875 112.9736785888671875 112.1356658935546875 111.62207794189453125 111.399383544921875 111.255828857421875 111.0390167236328125 110.38729095458984375 109.07375335693359375 107.3493194580078125 105.557281494140625 103.9821014404296875 103.31296539306640625 103.58275604248046875 104.54854583740234375 105.87728118896484375 107.04627227783203125 107.77735137939453125 107.95355987548828125 107.41815185546875 106.30895233154296875 104.821990966796875 103.25746917724609375 102.30926513671875 101.88681793212890625 101.8367767333984375 100.8802032470703125 97.80544281005859375 93.21250152587890625 87.61248779296875 -1e100 -1e100 -1e100 -1e100 -1e100 -1e100
 -1e100 -1e100 -1e100 -1e100 -1e100 23.414270401000976562 30.360301971435546875 37.325672149658203125 44.6097564697265625 52.534366607666015625 61.242557525634765625 70.7334442138671875 80.94557952880859375 91.60655975341796875 102.09470367431640625 111.36040496826171875 118.2901763916015625 122.53199005126953125 124.44611358642578125 125.90280914306640625 127.5243682861328125 129.4727020263671875 131.503265380859375 133.3332977294921875 134.52056884765625 135.0626678466796875 135.4473876953125 136.8191680908203125 141.5415191650390625 149.3416748046875 157.825408935546875 165.7173919677734375 171.17095947265625 172.694549560546875 172.46624755859375 171.5888214111328125 170.6258544921875 169.992340087890625 169.8939208984375 170.30145263671875 171.1066741943359375 171.8184967041015625 171.742584228515625 170.8107147216796875 169.5383453369140625 167.9070587158203125 166.671539306640625 166.108306884765625 166.1025543212890625 166.5688323974609375 167.4246063232421875 168.366424560546875 169.1641693115234375 169.934967041015625 170.633941650390625 171.287933349609375 171.1239013671875 169.8458404541015625 168.479705810546875 167.1353607177734375 166.0302276611328125 166.11474609375 166.253753662109375 165.9351806640625 165.3519287109375 163.9034881591796875 162.366912841796875 160.6222686767578125 157.115570068359375 155.6597137451171875 156.4976959228515625 157.00860595703125 158.4265594482421875 160.075714111328125 158.939849853515625 156.9463653564453125 154.3129119873046875 150.3085174560546875 147.0149993896484375 144.548583984375 142.96868896484375 143.1307525634765625 143.418243408203125 142.670623779296875 141.292816162109375 139.8055419921875 138.6566162109375 137.94622802734375 137.485076904296875 136.9766082763671875 135.67620849609375 133.2483978271484375 130.2143402099609375 127.58350372314453125 125.83074951171875 124.82216644287109375 124.4044342041015625 124.03216552734375 123.06695556640625 121.85585784912109375 120.5621795654296875 119.53487396240234375 119.10736083984375 119.07675933837890625 119.38285064697265625 119.88995361328125 120.45128631591796875 120.74454498291015625 120.8125152587890625 122.04931640625 122.61540985107421875 122.12413787841796875 121.40018463134765625 119.39095306396484375 116.87082672119140625 114.93715667724609375 113.5565643310546875 112.567596435546875 111.93963623046875 111.63822174072265625 111.5780029296875 111.55859375 111.45044708251953125 110.9739532470703125 109.9413604736328125 108.52159881591796875 106.95458984375 105.49468994140625 104.71192169189453125 104.7274322509765625 105.39881134033203125 106.471282958984375 107.5023193359375 108.1945648193359375 108.3881988525390625 107.94348907470703125 106.960845947265625 105.611083984375 104.17244720458984375 103.25444793701171875 102.8260040283203125 102.68418121337890625 102.17438507080078125 100.281097412109375 97.0255889892578125 92.74723052978515625 -1e100 -1e100 -1e100 -1e100 -1e100 -1e100
 -1e100 -1e100 -1e100 -1e100 -1e100 -1e100 18.115345001220703125 24.13903045654296875 30.8052520751953125 38.616485595703125 47.671611785888671875 57.825000762939453125 68.969879150390625 80.83551025390625 92.799285888671875 103.93718719482421875 113.33570098876953125 120.4155731201171875 123.54529571533203125 125.6393585205078125 127.54819488525390625 129.7260894775390625 131.844146728515625 133.7442626953125 135.0824432373046875 135.734222412109375 136.16412353515625 137.61065673828125 142.6424713134765625 150.76806640625 159.4268341064453125 167.29644775390625 172.2910919189453125 173.012939453125 172.0526275634765625 170.689208984375 169.4663543701171875 168.783935546875 168.7355499267578125 169.223114013671875 170.0188751220703125 170.58837890625 170.50567626953125 169.723388671875 168.6339111328125 167.42803955078125 166.5114593505859375 165.9426116943359375 165.687744140625 165.8250579833984375 166.2353668212890625 166.759735107421875 167.218902587890625 167.693817138671875 168.181884765625 168.6069488525390625 167.9788055419921875 166.2981109619140625 164.8082275390625 163.5314483642578125 162.7474517822265625 163.341033935546875 163.8345947265625 163.7653045654296875 163.5126190185546875 162.5851898193359375 161.43096923828125 160.0572357177734375 157.279693603515625 155.8295745849609375 156.00030517578125 155.9227294921875 156.61590576171875 157.507904052734375 156.6534576416015625 155.2465667724609375 153.1289215087890625 149.706146240234375 146.6546173095703125 144.30267333984375 142.715179443359375 142.8822784423828125 143.4517059326171875 143.0262298583984375 141.9450836181640625 140.58056640625 139.3050079345703125 138.34149169921875 137.5591278076171875 136.527435302734375 134.6197967529296875 131.7697601318359375 128.5439605712890625 125.8489990234375 124.1020355224609375 123.20694732666015625 122.87053680419921875 122.558349609375 121.8448638916015625 120.88818359375 119.89398956298828125 119.12804412841796875 118.79736328125 118.87050628662109375 119.336456298828125 120.24150848388671875 121.5817413330078125 122.86643218994140625 123.94934844970703125 124.93491363525390625 124.8185577392578125 123.48557281494140625 121.5570526123046875 118.97191619873046875 116.35033416748046875 114.31113433837890625 112.92304229736328125 112.099365234375 111.73552703857421875 111.71866607666015625 111.88091278076171875 112.01374053955078125 111.99127960205078125 111.65682220458984375 110.89572906494140625 109.77032470703125 108.420501708984375 107.0865631103515625 106.1754302978515625 105.9241790771484375 106.301177978515625 107.1162261962890625 108.00751495361328125 108.65721893310546875 108.86348724365234375 108.5217437744140625 107.69564056396484375 106.5460205078125 105.35511016845703125 104.51267242431640625 104.105316162109375 103.9044952392578125 103.84839630126953125 102.87900543212890625 100.5635223388671875 97.3260650634765625 -1e100 -1e100 -1e100 -1e100 -1e100 -1e100
 -1e100 -1e100 -1e100 -1e100 -1e100 -1e100 5.8044652938842773438 10.888665199279785156 16.868255615234375 24.566541671752929688 33.997783660888671875 44.748546600341796875 56.695526123046875 69.5525665283203125 82.69838714599609375 95.24896240234375 106.3327789306640625 115.14449310302734375 120.93498992919921875 125.04431915283203125 127.859283447265625 130.3946990966796875 132.737457275390625 134.87884521484375 136.6296844482421875 137.85614013671875 138.8168792724609375 140.5743255615234375 145.412261962890625 152.938323974609375 160.8118896484375 167.7648773193359375 171.8926239013671875 171.9803619384765625 170.5504150390625 169.0181121826171875 167.9952850341796875 167.6532745361328125 167.8805694580078125 168.4677276611328125 169.074432373046875 169.3514251708984375 169.225494384765625 168.61328125 167.8546600341796875 167.1183624267578125 166.48822021484375 165.923309326171875 165.452850341796875 165.273040771484375 165.2788848876953125 165.3978424072265625 165.544647216796875 165.746856689453125 165.988800048828125 166.1239166259765625 165.2103729248046875 163.401702880859375 161.940521240234375 160.8629913330078125 160.368438720703125 161.13787841796875 161.615936279296875 161.4832611083984375 161.30902099609375 160.8150177001953125 160.180633544921875 159.30584716796875 157.407379150390625 155.8312225341796875 154.7217864990234375 153.6745147705078125 153.3729705810546875 153.4040985107421875 152.991363525390625 152.4426116943359375 151.178314208984375 149.0393524169921875 146.973052978515625 145.235595703125 143.937042236328125 143.8326263427734375 144.091644287109375 143.6182708740234375 142.64129638671875 141.3568878173828125 140.0518035888671875 138.994873046875 137.991058349609375 136.5157012939453125 134.1162261962890625 130.916107177734375 127.56179046630859375 124.858123779296875 123.1500701904296875 122.3116607666015625 121.9596710205078125 121.58081817626953125 120.91281890869140625 120.07750701904296875 119.20827484130859375 118.5287933349609375 118.18206024169921875 118.14908599853515625 118.48569488525390625 119.39945220947265625 121.13503265380859375 123.3062591552734375 125.13793182373046875 126.192474365234375 125.77947235107421875 123.73738861083984375 120.98516845703125 118.10674285888671875 115.54083251953125 113.6162567138671875 112.37470245361328125 111.77738189697265625 111.72265625 112.01753997802734375 112.421173095703125 112.7235260009765625 112.7968597412109375 112.5662078857421875 111.9787139892578125 111.037506103515625 109.80942535400390625 108.509002685546875 107.493133544921875 107.03919219970703125 107.21677398681640625 107.87482452392578125 108.6827850341796875 109.3252410888671875 109.5847015380859375 109.37653350830078125 108.76055908203125 107.9106903076171875 107.14517974853515625 106.9116668701171875 107.04351806640625 107.2296600341796875 107.29352569580078125 106.29315185546875 104.1219635009765625 101.42462158203125 -1e100 -1e100 -1e100 -1e100 -1e100 -1e100
 -1e100 -1e100 -1e100 -1e100 -1e100 -1e100 -1e100 -1.2003709077835083008 4.0395345687866210938 11.558940887451171875 21.296112060546875 32.45025634765625 44.932720184326171875 58.449817657470703125 72.38794708251953125 85.92499542236328125 98.23636627197265625 108.6388092041015625 116.736328125 123.0408172607421875 127.895751953125 131.4370574951171875 134.1891326904296875 136.8227996826171875 139.3175048828125 141.44818115234375 143.3336944580078125 145.668914794921875 150.0223388671875 156.0208587646484375 162.087646484375 167.21563720703125 169.8265838623046875 169.3148193359375 167.719451904296875 166.376373291015625 165.8218536376953125 166.0577392578125 166.7342071533203125 167.471099853515625 167.9763336181640625 168.137298583984375 168.035125732421875 167.6939239501953125 167.2583160400390625 166.8489837646484375 166.435943603515625 165.8338470458984375 165.2829437255859375 165.0379791259765625 164.832061767578125 164.770111083984375 164.8194732666015625 164.823455810546875 164.890472412109375 164.7919769287109375 163.7057342529296875 162.0072174072265625 160.73931884765625 159.906097412109375 159.6761322021484375 160.275543212890625 160.32940673828125 159.819549560546875 159.4193267822265625 159.0891265869140625 158.92852783203125 158.6617279052734375 157.5684814453125 156.0532684326171875 154.193756103515625 152.3342132568359375 151.0768585205078125 150.25262451171875 149.7625885009765625 149.6680908203125 149.128021240234375 148.250885009765625 147.464691162109375 146.63519287109375 145.842315673828125 145.54290771484375 145.2364654541015625 144.32977294921875 143.0397796630859375 141.652496337890625 140.4337615966796875 139.4987335205078125 138.5197906494140625 136.9440460205078125 134.3619232177734375 131.065093994140625 127.691009521484375 124.99550628662109375 123.25322723388671875 122.26937103271484375 121.71558380126953125 121.1266326904296875 120.23406219482421875 119.25299072265625 118.29437255859375 117.5449676513671875 117.110595703125 116.88307952880859375 116.83454132080078125 117.22368621826171875 118.60889434814453125 120.9444122314453125 123.16429901123046875 124.6021270751953125 124.5257568359375 122.5456695556640625 119.69838714599609375 116.88727569580078125 114.5615692138671875 112.896575927734375 111.86238861083984375 111.5240478515625 111.81925201416015625 112.48133087158203125 113.1917572021484375 113.697357177734375 113.85942840576171875 113.7056732177734375 113.21761322021484375 112.34102630615234375 111.12273406982421875 109.7722320556640625 108.6270599365234375 108.056610107421875 108.17345428466796875 108.80500030517578125 109.62308502197265625 110.3329925537109375 110.6989898681640625 110.67865753173828125 110.33905029296875 109.86483001708984375 109.5635833740234375 109.846435546875 110.79589080810546875 111.37532806396484375 111.61676788330078125 110.10721588134765625 107.30977630615234375 104.57076263427734375 -1e100 -1e100 -1e100 -1e100 -1e100 -1e100
 -1e100 -1e100 -1e100 -1e100 -1e100 -1e100 -1e100 -11.086750984191894531 -5.9689588546752929688 1.1362036466598510742 10.500613212585449219 21.565485000610351562 34.156566619873046875 47.905727386474609375 62.1973724365234375 76.27913665771484375 89.43450164794921875 101.10286712646484375 111.02025604248046875 119.373016357421875 126.397552490234375 132.1847991943359375 136.2435302734375 139.6153717041015625 143.0286712646484375 146.100921630859375 148.898681640625 151.781280517578125 155.2381591796875 159.0101776123046875 162.578094482421875 165.275421142578125 166.1724090576171875 165.2393646240234375 163.796875 162.9330291748046875 163.07940673828125 164.037109375 165.233795166015625 166.1953277587890625 166.7004852294921875 166.822998046875 166.8613433837890625 166.95635986328125 167.070098876953125 167.1141815185546875 166.936767578125 166.326263427734375 165.7125244140625 165.3404388427734375 165.0798187255859375 165.12078857421875 165.41351318359375 165.65679931640625 165.8936004638671875 165.6832122802734375 164.6188201904296875 163.1545562744140625 161.945556640625 161.1719512939453125 160.97491455078125 160.8505706787109375 160.1933746337890625 159.2567901611328125 158.5374298095703125 158.238525390625 158.389739990234375 158.5166168212890625 157.9453887939453125 156.686126708984375 154.7406768798828125 152.618255615234375 150.867431640625 149.5260467529296875 148.6674346923828125 148.672271728515625 148.512542724609375 148.4293060302734375 148.5954742431640625 148.5242462158203125 148.1978302001953125 147.79364013671875 146.7635955810546875 145.2138824462890625 143.320220947265625 141.6463165283203125 140.6128997802734375 139.928619384765625 139.084625244140625 137.674407958984375 135.231109619140625 132.1574554443359375 128.9193267822265625 126.223480224609375 124.29303741455078125 122.9259796142578125 122.0269927978515625 121.11821746826171875 119.81853485107421875 118.5886688232421875 117.42899322509765625 116.52597808837890625 115.97417449951171875 115.487884521484375 114.885162353515625 114.42691802978515625 114.87249755859375 117.09091949462890625 119.50408172607421875 121.40777587890625 122.14818572998046875 120.721038818359375 118.11660003662109375 115.6545257568359375 113.68590545654296875 112.2734832763671875 111.3643341064453125 111.24782562255859375 111.89276123046875 112.95626068115234375 114.0424041748046875 114.77519989013671875 114.95949554443359375 114.74028778076171875 114.209869384765625 113.32234954833984375 112.0865631103515625 110.76324462890625 109.64183807373046875 109.08306884765625 109.26729583740234375 109.97222900390625 110.8675079345703125 111.72792816162109375 112.24227142333984375 112.481201171875 112.4888458251953125 112.4752960205078125 112.64874267578125 113.38524627685546875 115.05136871337890625 115.8327178955078125 116.62567138671875 113.80266571044921875 109.25293731689453125 105.73308563232421875 -1e100 -1e100 -1e100 -1e100 -1e100 -1e100
 -1e100 -1e100 -1e100 -1e100 -1e100 -1e100 -1e100 -1e100 -14.094050407409667969 -7.3071408271789550781 1.4859081506729125977 12.15280914306640625 24.4617767333984375 38.00499725341796875 52.18888092041015625 66.3457794189453125 79.87551116943359375 92.34058380126953125 103.54424285888671875 113.5496063232421875 122.5208587646484375 130.530426025390625 137.247894287109375 141.87249755859375 146.5263824462890625 150.4848480224609375 153.85223388671875 156.83685302734375 158.9985809326171875 160.527435302734375 161.6844024658203125 162.094390869140625 161.6909942626953125 160.6124420166015625 159.4952545166015625 159.197509765625 160.027008056640625 161.634918212890625 163.2910614013671875 164.4948577880859375 165.10699462890625 165.2735595703125 165.494140625 165.951446533203125 166.509429931640625 167.026641845703125 167.177703857421875 166.7677154541015625 166.33416748046875 165.9742279052734375 165.8340606689453125 166.1510772705078125 166.9136810302734375 167.7390594482421875 168.475006103515625 168.604400634765625 167.9410247802734375 166.724945068359375 165.3181915283203125 164.110321044921875 163.21173095703125 162.077911376953125 160.747467041015625 159.4978179931640625 158.6131134033203125 158.345733642578125 158.6539306640625 159.008575439453125 158.6473388671875 157.7844085693359375 156.147064208984375 154.125152587890625 152.3365478515625 150.8676605224609375 149.5664825439453125 149.21954345703125 148.9615936279296875 149.1315155029296875 149.8043212890625 150.5184783935546875 150.91461181640625 150.6749420166015625 148.8716888427734375 146.4405059814453125 143.5980072021484375 141.2925567626953125 140.3665008544921875 139.9420166015625 139.3114166259765625 138.324371337890625 136.307861328125 133.710296630859375 130.7566986083984375 127.9772491455078125 125.69464874267578125 123.8170623779296875 122.51495361328125 121.32558441162109375 119.7027435302734375 118.30689239501953125 116.99639129638671875 115.95050811767578125 115.25150299072265625 114.46289825439453125 113.31911468505859375 112.13979339599609375 111.65778350830078125 113.63484954833984375 116.1683502197265625 118.43498992919921875 119.935760498046875 119.2206573486328125 116.92926788330078125 114.81989288330078125 113.130126953125 111.85882568359375 110.99945831298828125 111.0353851318359375 111.95482635498046875 113.3614501953125 114.78730010986328125 115.71395111083984375 115.894012451171875 115.5556182861328125 114.92427825927734375 114.00669097900390625 112.81252288818359375 111.63268280029296875 110.68044281005859375 110.2599945068359375 110.57819366455078125 111.3938140869140625 112.40473175048828125 113.44501495361328125 114.1729278564453125 114.71678924560546875 115.1241607666015625 115.58043670654296875 116.24457550048828125 117.76482391357421875 120.28627777099609375 121.63105010986328125 122.78043365478515625 116.65523529052734375 108.5224609375 -1e100 -1e100 -1e100 -1e100 -1e100 -1e100 -1e100
 -1e100 -1e100 -1e100 -1e100 -1e100 -1e100 -1e100 -1e100 -20.782649993896484375 -14.346904754638671875 -6.0774374008178710938 4.0168170928955078125 15.732269287109375 28.67353057861328125 42.302165985107421875 56.0498046875 69.436920166015625 82.14581298828125 94.055572509765625 105.23253631591796875 115.8361663818359375 125.9362945556640625 135.2720489501953125 143.309326171875 149.6711273193359375 154.296051025390625 157.7021331787109375 160.3061370849609375 161.2579193115234375 161.1773681640625 160.55792236328125 159.3059539794921875 157.962188720703125 156.730865478515625 155.8082427978515625 155.822540283203125 157.0843963623046875 159.04388427734375 160.9252166748046875 162.3108673095703125 163.073150634765625 163.30072021484375 163.688232421875 164.4215087890625 165.409393310546875 166.337371826171875 166.907623291015625 166.9437255859375 166.85491943359375 166.753753662109375 166.9656524658203125 167.6609039306640625 168.9146728515625 170.3714141845703125 171.749847412109375 172.5022125244140625 172.38287353515625 171.2412567138671875 169.4790496826171875 167.570556640625 165.72021484375 163.6776275634765625 161.819671630859375 160.31494140625 159.221954345703125 158.8260650634765625 159.088623046875 159.40771484375 159.018218994140625 158.46697998046875 157.2806549072265625 155.5644073486328125 154.0549774169921875 152.80450439453125 151.2705078125 150.544647216796875 149.9097900390625 149.759002685546875 150.4857635498046875 151.6626739501953125 152.60284423828125 152.72802734375 150.5040130615234375 147.2643890380859375 143.444061279296875 140.4681854248046875 139.4405975341796875 139.161224365234375 138.8824615478515625 138.47509765625 137.04736328125 135.02410888671875 132.39239501953125 129.5406494140625 126.92407989501953125 124.60753631591796875 122.9670257568359375 121.60204315185546875 119.8663787841796875 118.42772674560546875 117.078277587890625 115.94651031494140625 115.08498382568359375 114.02367401123046875 112.53391265869140625 110.99333953857421875 110.17780303955078125 112.04108428955078125 114.611785888671875 117.0207977294921875 118.81397247314453125 118.42208099365234375 116.37877655029296875 114.5046234130859375 112.97951507568359375 111.78382110595703125 110.96242523193359375 111.0732879638671875 112.12639617919921875 113.714019775390625 115.3270263671875 116.38182830810546875 116.59133148193359375 116.19231414794921875 115.49524688720703125 114.608154296875 113.55042266845703125 112.60410308837890625 111.924224853515625 111.70311737060546875 112.14345550537109375 113.0448455810546875 114.16507720947265625 115.38503265380859375 116.369873046875 117.250701904296875 118.05926513671875 118.92118072509765625 119.9013824462890625 121.67829132080078125 124.3942718505859375 125.84603118896484375 126.557525634765625 116.7700042724609375 102.82674407958984375 -1e100 -1e100 -1e100 -1e100 -1e100 -1e100 -1e100
 -1e100 -1e100 -1e100 -1e100 -1e100 -1e100 -1e100 -1e100 -1e100 -20.150159835815429688 -12.442091941833496094 -3.0642802715301513672 7.8058624267578125 19.813192367553710938 32.49245452880859375 45.378631591796875 58.11309051513671875 70.5074920654296875 82.56255340576171875 94.43323516845703125 106.31179046630859375 118.231903076171875 129.9586334228515625 140.995758056640625 150.59490966796875 156.56427001953125 160.4080352783203125 162.2334747314453125 162.16583251953125 161.2147369384765625 159.80804443359375 157.7357635498046875 155.9144287109375 154.5319061279296875 153.5896759033203125 153.6084442138671875 154.9834747314453125 156.8747406005859375 158.5984954833984375 159.9772491455078125 160.736785888671875 160.9498291015625 161.49639892578125 162.308319091796875 163.3318023681640625 164.4640655517578125 165.4833984375 166.2036590576171875 166.8527984619140625 167.399810791015625 168.15716552734375 169.3003997802734375 170.9631805419921875 172.9506683349609375 174.9289398193359375 176.3244171142578125 176.762481689453125 175.860107421875 173.9646759033203125 171.46917724609375 168.7624664306640625 165.88690185546875 163.4547882080078125 161.5941162109375 160.1422882080078125 159.3628387451171875 159.2198028564453125 159.190093994140625 158.649169921875 158.3375701904296875 157.663421630859375 156.5137786865234375 155.4757537841796875 154.7075347900390625 153.3689117431640625 152.4216156005859375 151.291748046875 150.5919036865234375 150.9010772705078125 151.9181976318359375 153.01702880859375 153.3806304931640625 151.038818359375 147.468841552734375 143.26287841796875 139.8955535888671875 138.6057891845703125 138.2333831787109375 138.064971923828125 137.98236083984375 137.0211944580078125 135.4764556884765625 133.180389404296875 130.37017822265625 127.6019439697265625 125.08380126953125 123.2554779052734375 121.80426788330078125 120.10178375244140625 118.71002197265625 117.38669586181640625 116.2235870361328125 115.255218505859375 114.0884246826171875 112.59686279296875 111.15760040283203125 110.31772613525390625 111.9091339111328125 114.24591827392578125 116.4317169189453125 118.13518524169921875 118.0037689208984375 116.27144622802734375 114.6001129150390625 113.1944427490234375 112.05852508544921875 111.28011322021484375 111.4005126953125 112.4386749267578125 114.02411651611328125 115.6764678955078125 116.82518768310546875 117.16294097900390625 116.87496185302734375 116.28269195556640625 115.5551300048828125 114.7163543701171875 114.02008056640625 113.577728271484375 113.489349365234375 113.9558563232421875 114.8627777099609375 116.05202484130859375 117.44120025634765625 118.70354461669921875 119.9326324462890625 121.10733795166015625 122.2834014892578125 123.4241485595703125 125.0605316162109375 127.479095458984375 128.6540374755859375 130.9823455810546875 115.9686279296875 90.16551971435546875 -1e100 -1e100 -1e100 -1e100 -1e100 -1e100 -1e100
 -1e100 -1e100 -1e100 -1e100 -1e100 -1e100 -1e100 -1e100 -1e100 -1e100 -17.810182571411132812 -9.2798986434936523438 0.54948389530181884766 11.370151519775390625 22.79239654541015625 34.450679779052734375 46.108066558837890625 57.724582672119140625 69.4620513916015625 81.5987701416015625 94.349700927734375 107.67633819580078125 121.20354461669921875 134.217193603515625 145.6233978271484375 154.1008758544921875 160.064697265625 162.9204864501953125 161.818267822265625 160.508056640625 158.99029541015625 156.876953125 155.11676025390625 153.7289886474609375 152.7003326416015625 152.5514373779296875 153.645751953125 155.1113433837890625 156.461212158203125 157.73583984375 158.4708099365234375 158.737548828125 159.377655029296875 160.0833282470703125 160.9806365966796875 162.2244873046875 163.6633148193359375 165.070343017578125 166.432769775390625 167.68963623046875 169.0413055419921875 170.6424713134765625 172.7493133544921875 175.104583740234375 177.5246734619140625 179.4285736083984375 180.316741943359375 179.8155517578125 178.0434112548828125 175.2137451171875 171.8437957763671875 168.3355560302734375 165.3380126953125 162.936614990234375 161.0033721923828125 159.6087493896484375 158.736419677734375 158.1535186767578125 157.414337158203125 157.1491241455078125 156.8388519287109375 156.246673583984375 155.841766357421875 155.7014617919921875 154.9451904296875 154.0321502685546875 152.5352020263671875 151.2308197021484375 150.84246826171875 151.3037872314453125 152.2391510009765625 152.677520751953125 150.5525054931640625 147.1926422119140625 143.0631103515625 139.5757293701171875 137.90472412109375 137.218231201171875 136.9822845458984375 136.9986724853515625 136.3018951416015625 135.0189208984375 132.9467010498046875 130.231231689453125 127.496124267578125 125.043731689453125 123.238616943359375 121.83051300048828125 120.282135009765625 118.94049072265625 117.65093231201171875 116.484527587890625 115.453094482421875 114.33712005615234375 113.1424102783203125 112.20819091796875 111.75554656982421875 113.0695037841796875 115.01206207275390625 116.7021484375 117.90076446533203125 117.8157196044921875 116.38466644287109375 114.90373992919921875 113.61289215087890625 112.56140899658203125 111.8815460205078125 111.9932098388671875 112.9153900146484375 114.3732757568359375 115.96875762939453125 117.2035064697265625 117.80914306640625 117.8699188232421875 117.6116180419921875 117.16748809814453125 116.576629638671875 116.03424835205078125 115.65512847900390625 115.545928955078125 115.8993682861328125 116.7182159423828125 117.94553375244140625 119.49022674560546875 121.063751220703125 122.63336944580078125 124.1121063232421875 125.47515106201171875 126.70401763916015625 128.290618896484375 130.279876708984375 131.2754974365234375 133.307037353515625 113.47527313232421875 66.28924560546875 -1e100 -1e100 -1e100 -1e100 -1e100 -1e100 -1e100
 -1e100 -1e100 -1e100 -1e100 -1e100 -1e100 -1e100 -1e100 -1e100 -1e100 -22.362018585205078125 -14.77976226806640625 -6.1191411018371582031 3.3579866886138916016 13.332958221435546875 23.534280776977539062 33.848804473876953125 44.396240234375 55.512470245361328125 67.59981536865234375 80.8742523193359375 95.18804931640625 109.99221038818359375 124.35594940185546875 137.1915283203125 147.6160888671875 155.5546112060546875 160.5260009765625 160.8466033935546875 160.1679229736328125 158.6424102783203125 156.636810302734375 155.05035400390625 153.66802978515625 152.42877197265625 152.163238525390625 152.9794921875 154.0018768310546875 154.995819091796875 156.1090087890625 156.7237091064453125 157.007537841796875 157.6548919677734375 158.2357025146484375 159.093292236328125 160.40771484375 162.08447265625 163.9217529296875 165.76202392578125 167.5844573974609375 169.4667205810546875 171.4670257568359375 173.8252716064453125 176.339935302734375 178.9983062744140625 181.243927001953125 182.58599853515625 182.6106109619140625 181.2015380859375 178.4868011474609375 174.950225830078125 171.162506103515625 167.64190673828125 164.5870361328125 161.9345550537109375 159.671661376953125 157.9117279052734375 156.6107177734375 155.5391998291015625 155.0891571044921875 154.8799285888671875 154.658447265625 154.780914306640625 155.1096954345703125 154.969268798828125 154.2200927734375 152.516693115234375 150.7769317626953125 149.8771514892578125 149.8865966796875 150.5827484130859375 151.0589752197265625 149.47528076171875 146.5323486328125 142.770477294921875 139.430938720703125 137.329345703125 136.251922607421875 135.90234375 135.8444061279296875 135.26708984375 134.1041259765625 132.171356201171875 129.67572021484375 127.17076873779296875 124.94876861572265625 123.23494720458984375 121.8593292236328125 120.44557952880859375 119.08307647705078125 117.79550933837890625 116.60186004638671875 115.48619842529296875 114.42383575439453125 113.53345489501953125 113.09832763671875 113.37725830078125 114.60599517822265625 116.1807403564453125 117.4051055908203125 117.92894744873046875 117.5325927734375 116.40460968017578125 115.16361236572265625 114.07596588134765625 113.23365020751953125 112.7501068115234375 112.86785125732421875 113.64788818359375 114.92536163330078125 116.39434814453125 117.712646484375 118.6585235595703125 119.19460296630859375 119.38643646240234375 119.28200531005859375 118.9158935546875 118.41379547119140625 117.94573974609375 117.68166351318359375 117.80890655517578125 118.4688873291015625 119.7296295166015625 121.45178985595703125 123.358642578125 125.264678955078125 126.964080810546875 128.3599395751953125 129.5368194580078125 130.8542327880859375 132.1470184326171875 132.8318328857421875 134.5034027099609375 120.5664825439453125 27.695056915283203125 -1e100 -1e100 -1e100 -1e100 -1e100 -1e100 -1e100
 -1e100 -1e100 -1e100 -1e100 -1e100 -1e100 -1e100 -1e100 -1e100 -1e100 -1e100 -19.66750335693359375 -12.222432136535644531 -4.1352710723876953125 4.3419179916381835938 13.027163505554199219 21.926397323608398438 31.310220718383789062 41.674602508544921875 53.5280609130859375 67.046661376953125 81.93182373046875 97.48059844970703125 112.6794281005859375 126.50760650634765625 138.25714111328125 147.670989990234375 154.3255615234375 157.738311767578125 159.4757537841796875 158.3592376708984375 156.300567626953125 154.7500457763671875 153.3240814208984375 152.0679931640625 151.8338470458984375 152.570068359375 153.3494873046875 154.13165283203125 155.0865631103515625 155.5342559814453125 155.847412109375 156.5327301025390625 157.0813751220703125 157.7998046875 159.001953125 160.6651458740234375 162.60479736328125 164.7637481689453125 167.071929931640625 169.3554840087890625 171.6764984130859375 174.151153564453125 176.68017578125 179.420013427734375 181.84930419921875 183.5122833251953125 184.078857421875 183.200897216796875 180.95587158203125 177.7888946533203125 174.133453369140625 170.4049530029296875 166.8983001708984375 163.5771484375 160.4970245361328125 157.85955810546875 155.8460845947265625 154.4206695556640625 153.59454345703125 153.142822265625 152.9163970947265625 153.06072998046875 153.5122222900390625 153.9065093994140625 153.6416168212890625 152.262969970703125 150.5629119873046875 149.3333587646484375 148.7952880859375 149.030029296875 149.2037353515625 147.943389892578125 145.500640869140625 142.16864013671875 139.002044677734375 136.70703125 135.35150146484375 134.864715576171875 134.6838836669921875 134.128326416015625 133.042388916015625 131.3175048828125 129.1864013671875 127.05223846435546875 125.10523223876953125 123.4514007568359375 121.98139190673828125 120.51320648193359375 119.0894012451171875 117.726898193359375 116.435211181640625 115.215240478515625 114.11814117431640625 113.32430267333984375 113.09445953369140625 113.611419677734375 114.71344757080078125 116.005340576171875 116.9481353759765625 117.21471405029296875 116.85346221923828125 116.10595703125 115.25252532958984375 114.5133209228515625 113.96671295166015625 113.6785888671875 113.8188934326171875 114.502349853515625 115.65737152099609375 117.0607147216796875 118.49132537841796875 119.75286102294921875 120.7159271240234375 121.32166290283203125 121.5369110107421875 121.3383026123046875 120.82053375244140625 120.2119293212890625 119.72906494140625 119.57396697998046875 120.017791748046875 121.32244110107421875 123.287628173828125 125.5301361083984375 127.7872161865234375 129.6349945068359375 130.8998565673828125 131.817596435546875 132.6209716796875 133.2199249267578125 133.5438385009765625 134.97137451171875 113.41017913818359375 -29.267328262329101562 -1e100 -1e100 -1e100 -1e100 -1e100 -1e100 -1e100
 -1e100 -1e100 -1e100 -1e100 -1e100 -1e100 -1e100 -1e100 -1e100 -1e100 -1e100 -1e100 -17.724622726440429688 -10.95977783203125 -3.8884472846984863281 3.3895263671875 10.979256629943847656 19.263031005859375 28.856901168823242188 40.378124237060546875 53.91365814208984375 68.972930908203125 84.79325103759765625 100.3900146484375 114.82845306396484375 127.4801483154296875 138.0227508544921875 146.2492218017578125 152.0339813232421875 155.835723876953125 156.9172821044921875 155.175384521484375 153.5474853515625 152.139129638671875 151.0002288818359375 150.9893798828125 151.71954345703125 152.4378814697265625 153.24212646484375 154.1371612548828125 154.6440582275390625 155.237335205078125 156.1031951904296875 156.8581390380859375 157.7272491455078125 158.92144775390625 160.415374755859375 162.117828369140625 164.1430511474609375 166.4613494873046875 168.869873046875 171.3697662353515625 173.9267730712890625 176.444122314453125 179.1788330078125 181.6469268798828125 183.438201904296875 184.442840576171875 184.1579132080078125 182.5935516357421875 180.133575439453125 177.0036468505859375 173.4214630126953125 169.7189178466796875 166.0213165283203125 162.4764404296875 159.2962493896484375 156.7838592529296875 154.9017333984375 153.403106689453125 152.340118408203125 151.5881805419921875 151.34783935546875 151.6444244384765625 152.1893463134765625 152.1992340087890625 151.2832489013671875 149.9152069091796875 148.636932373046875 147.86260986328125 147.7918243408203125 147.650054931640625 146.5733642578125 144.5570068359375 141.6046905517578125 138.60345458984375 136.21661376953125 134.6351165771484375 133.9542388916015625 133.59912109375 132.9736328125 131.95037841796875 130.3871917724609375 128.576385498046875 126.810791015625 125.101409912109375 123.53240966796875 122.03389739990234375 120.44036865234375 118.86467742919921875 117.3489532470703125 115.87752532958984375 114.5019073486328125 113.30097198486328125 112.433013916015625 112.1219635009765625 112.5878753662109375 113.63817596435546875 114.83567047119140625 115.73255157470703125 116.074249267578125 115.950164794921875 115.604766845703125 115.22794342041015625 114.9170379638671875 114.6612396240234375 114.5154266357421875 114.6802520751953125 115.32657623291015625 116.4760894775390625 117.93914031982421875 119.50397491455078125 121.0092926025390625 122.27256011962890625 123.1834869384765625 123.634124755859375 123.54917144775390625 122.9968414306640625 122.234771728515625 121.56688690185546875 121.1510162353515625 121.29602813720703125 122.69872283935546875 124.97206878662109375 127.5118408203125 130.1323699951171875 132.1021728515625 133.03948974609375 133.5817718505859375 133.959136962890625 134.1721343994140625 134.260986328125 134.807220458984375 124.23947906494140625 23.750885009765625 -1e100 -1e100 -1e100 -1e100 -1e100 -1e100 -1e100
 -1e100 -1e100 -1e100 -1e100 -1e100 -1e100 -1e100 -1e100 -1e100 -1e100 -1e100 -1e100 -22.554126739501953125 -16.94577789306640625 -11.070384025573730469 -4.9576239585876464844 1.5579377412796020508 8.8935346603393554688 17.713197708129882812 28.830013275146484375 42.2106781005859375 57.1246185302734375 72.85195159912109375 88.50135040283203125 103.216033935546875 116.39937591552734375 127.74654388427734375 137.105865478515625 144.4216766357421875 149.662841796875 152.4542694091796875 152.833740234375 151.9875030517578125 150.72052001953125 149.89605712890625 150.1589508056640625 150.9221954345703125 151.728057861328125 152.6052093505859375 153.4357147216796875 154.0608673095703125 154.92401123046875 155.9854736328125 157.0135345458984375 158.1309661865234375 159.3819122314453125 160.697662353515625 162.10943603515625 163.87310791015625 165.9577789306640625 168.257080078125 170.7183074951171875 173.2291717529296875 175.7625885009765625 178.417938232421875 180.86383056640625 182.814453125 184.146270751953125 184.4209442138671875 183.5618438720703125 181.9038543701171875 179.459320068359375 176.2831268310546875 172.7623748779296875 169.0476531982421875 165.3844451904296875 162.12103271484375 159.46478271484375 157.1786041259765625 154.9722747802734375 153.01806640625 151.2878570556640625 150.2056427001953125 150.0202484130859375 150.3386688232421875 150.4730072021484375 150.0192413330078125 149.0113677978515625 147.8939208984375 147.1173553466796875 146.691009521484375 146.283294677734375 145.2670135498046875 143.49365234375 140.90997314453125 138.1760406494140625 135.810638427734375 134.088043212890625 133.1392669677734375 132.4553985595703125 131.5771331787109375 130.57415771484375 129.1347808837890625 127.55852508544921875 126.13277435302734375 124.67424774169921875 123.22005462646484375 121.79897308349609375 120.2230987548828125 118.617462158203125 117.03295135498046875 115.3279876708984375 113.7472076416015625 112.2999114990234375 111.1620635986328125 110.56647491455078125 110.91290283203125 111.88184356689453125 113.076690673828125 114.11138916015625 114.67226409912109375 114.945831298828125 115.08180999755859375 115.19481658935546875 115.32562255859375 115.39124298095703125 115.39012908935546875 115.59287261962890625 116.24376678466796875 117.435821533203125 118.9581298828125 120.6202239990234375 122.25 123.57866668701171875 124.52584075927734375 125.07357025146484375 125.06879425048828125 124.55738067626953125 123.8036346435546875 123.13286590576171875 122.60440826416015625 122.34918975830078125 123.9639739990234375 126.54659271240234375 129.2428741455078125 132.1767120361328125 134.2921142578125 134.744049072265625 134.9516754150390625 135.07177734375 135.1007537841796875 135.025115966796875 134.6814117431640625 135.33453369140625 107.40505218505859375 -1e100 -1e100 -1e100 -1e100 -1e100 -1e100 -1e100
 -1e100 -1e100 -1e100 -1e100 -1e100 -1e100 -1e100 -1e100 -1e100 -1e100 -1e100 -1e100 -1e100 -21.963819503784179688 -17.00531768798828125 -11.739744186401367188 -5.9813103675842285156 0.63834834098815917969 8.6888294219970703125 19.315664291381835938 32.394153594970703125 46.896045684814453125 62.24444580078125 77.6624603271484375 92.36865234375 105.79058837890625 117.6251220703125 127.74395751953125 136.0596160888671875 142.4595947265625 146.773468017578125 149.0612335205078125 149.541748046875 149.2347259521484375 148.7267608642578125 149.202392578125 150.052734375 150.935943603515625 151.9735107421875 152.8958587646484375 153.64837646484375 154.6738739013671875 155.8704986572265625 157.04852294921875 158.070831298828125 159.2283935546875 160.3931884765625 161.6361236572265625 163.385009765625 165.430938720703125 167.5580596923828125 169.87591552734375 172.213623046875 174.642608642578125 177.1787567138671875 179.6197967529296875 181.7882232666015625 183.5055389404296875 184.298736572265625 184.0590667724609375 183.1484222412109375 181.3805999755859375 178.73211669921875 175.653289794921875 172.2146148681640625 168.752166748046875 165.7423858642578125 163.2450103759765625 160.750579833984375 158.0513153076171875 155.3240966796875 152.4653778076171875 150.0219268798828125 148.858978271484375 148.4278411865234375 148.2601776123046875 148.2580108642578125 147.7383575439453125 146.9536590576171875 146.2094268798828125 145.5247344970703125 144.933563232421875 143.8037567138671875 142.1276092529296875 139.793304443359375 137.2808837890625 135.03704833984375 133.311920166015625 132.20416259765625 131.214874267578125 129.92242431640625 128.784881591796875 127.382659912109375 125.87479400634765625 124.70532989501953125 123.5638275146484375 122.28696441650390625 121.106292724609375 119.73183441162109375 118.2446441650390625 116.665740966796875 114.78702545166015625 113.052947998046875 111.363494873046875 109.93145751953125 109.0347900390625 109.24190521240234375 110.17125701904296875 111.43218231201171875 112.6825714111328125 113.5193023681640625 114.18561553955078125 114.71833038330078125 115.21909332275390625 115.702911376953125 116.021209716796875 116.1407623291015625 116.42943572998046875 117.1427001953125 118.41318511962890625 120.03031158447265625 121.75579833984375 123.3929901123046875 124.60355377197265625 125.3733978271484375 125.86518096923828125 125.9048614501953125 125.51247406005859375 124.9447021484375 124.43056488037109375 123.8922271728515625 123.37322998046875 125.0859832763671875 127.8346710205078125 130.5842742919921875 133.6912689208984375 135.8673248291015625 135.9824676513671875 135.9550323486328125 135.9220428466796875 135.778594970703125 135.5755615234375 135.27618408203125 135.1566925048828125 128.067138671875 -1e100 -1e100 -1e100 -1e100 -1e100 -1e100 -1e100
 -1e100 -1e100 -1e100 -1e100 -1e100 -1e100 -1e100 -1e100 -1e100 -1e100 -1e100 -1e100 -1e100 -1e100 -21.653879165649414062 -16.922285079956054688 -11.571198463439941406 -5.2335834503173828125 2.6155407428741455078 12.686288833618164062 24.82024383544921875 38.5196990966796875 53.21880340576171875 68.17017364501953125 82.63729095458984375 96.0678863525390625 108.1504974365234375 118.73842620849609375 127.7244415283203125 134.9901123046875 140.4399871826171875 144.0647430419921875 146.04730224609375 147.0308074951171875 147.6224517822265625 148.2389678955078125 148.825714111328125 149.7870941162109375 150.8451995849609375 151.9670867919921875 153.18597412109375 154.4240875244140625 155.7082977294921875 156.8634796142578125 157.7295379638671875 158.7960968017578125 159.823211669921875 160.983001708984375 162.763275146484375 164.7437896728515625 166.729248046875 168.9654693603515625 171.23553466796875 173.577056884765625 176.00872802734375 178.457305908203125 180.7662353515625 182.7569122314453125 183.9824066162109375 184.2769317626953125 183.96148681640625 182.737762451171875 180.5675506591796875 177.9199066162109375 174.8271026611328125 171.69683837890625 169.0777435302734375 166.6833648681640625 163.6928253173828125 160.39013671875 156.9471588134765625 152.9599151611328125 149.44488525390625 147.4873046875 146.22882080078125 145.711090087890625 146.0562286376953125 146.096527099609375 145.751922607421875 145.098846435546875 144.31427001953125 143.5957489013671875 142.360870361328125 140.714141845703125 138.4683074951171875 136.1294708251953125 134.030914306640625 132.3504180908203125 131.20855712890625 129.9966278076171875 128.28375244140625 126.8729095458984375 125.34569549560546875 123.83245086669921875 122.83782196044921875 121.970001220703125 120.99002838134765625 120.14644622802734375 119.01999664306640625 117.62006378173828125 116.0208892822265625 114.06390380859375 112.261138916015625 110.51435089111328125 108.99123382568359375 107.94559478759765625 108.034759521484375 108.93743896484375 110.2512969970703125 111.66046905517578125 112.7550201416015625 113.72211456298828125 114.54709625244140625 115.3287353515625 116.05609130859375 116.57654571533203125 116.86864471435546875 117.29264068603515625 118.115264892578125 119.477142333984375 121.15357208251953125 122.90496063232421875 124.50618743896484375 125.59522247314453125 126.20413970947265625 126.59139251708984375 126.638641357421875 126.35162353515625 125.937591552734375 125.5607452392578125 125.0566864013671875 124.44269561767578125 126.07224273681640625 128.7493743896484375 131.4044189453125 134.4514617919921875 136.5656280517578125 136.564239501953125 136.4404144287109375 136.3437652587890625 136.1006622314453125 135.7425689697265625 135.462921142578125 135.1521453857421875 134.04681396484375 -1e100 -1e100 -1e100 -1e100 -1e100 -1e100 -1e100
 -1e100 -1e100 -1e100 -1e100 -1e100 -1e100 -1e100 -1e100 -1e100 -1e100 -1e100 -1e100 -1e100 -1e100 -25.147180557250976562 -20.749767303466796875 -15.646569252014160156 -9.514606475830078125 -1.9157661199569702148 7.5598087310791015625 18.86647796630859375 31.750219345092773438 45.698841094970703125 60.03847503662109375 74.09828948974609375 87.3603057861328125 99.5057830810546875 110.3557586669921875 119.7864532470703125 127.69744110107421875 134.01983642578125 138.7614593505859375 142.091796875 144.420623779296875 146.200531005859375 147.653228759765625 147.522674560546875 148.2455902099609375 149.1818695068359375 150.3403778076171875 152.08599853515625 153.8482208251953125 155.265594482421875 156.2537994384765625 156.8515777587890625 157.75201416015625 158.70623779296875 159.98736572265625 161.8984375 163.9202423095703125 165.820556640625 167.907806396484375 170.1136474609375 172.439971923828125 174.8263702392578125 177.302703857421875 179.7030487060546875 181.8358001708984375 183.3347320556640625 184.0064849853515625 184.073150634765625 183.203155517578125 181.390655517578125 179.070068359375 176.2552032470703125 173.381561279296875 171.0067901611328125 168.680908203125 165.3872833251953125 161.6668243408203125 157.69036865234375 152.9751434326171875 148.7376861572265625 146.2358551025390625 144.417388916015625 143.618072509765625 143.979217529296875 144.28656005859375 144.2277374267578125 143.67974853515625 142.8910064697265625 142.2099151611328125 141.0091705322265625 139.5556488037109375 137.774200439453125 135.8771820068359375 133.982452392578125 132.331207275390625 130.8993682861328125 129.205902099609375 127.00656890869140625 125.2298126220703125 123.5504913330078125 122.01309967041015625 121.12371826171875 120.5039825439453125 119.79795074462890625 119.21739959716796875 118.3386383056640625 117.0608367919921875 115.47507476806640625 113.504547119140625 111.70147705078125 109.98622894287109375 108.5109100341796875 107.4798431396484375 107.5018310546875 108.26612091064453125 109.50812530517578125 110.9639892578125 112.2267913818359375 113.46319580078125 114.55535125732421875 115.53082275390625 116.40514373779296875 117.0655364990234375 117.51822662353515625 118.1114654541015625 119.074951171875 120.53816986083984375 122.29853057861328125 124.09885406494140625 125.6942291259765625 126.743316650390625 127.2814483642578125 127.58592987060546875 127.61263275146484375 127.37020111083984375 126.997283935546875 126.63327789306640625 126.1290283203125 125.4654388427734375 126.83152008056640625 129.172393798828125 131.5400543212890625 134.287078857421875 136.2415313720703125 136.2942657470703125 136.2161102294921875 136.1283416748046875 135.8551177978515625 135.3878936767578125 134.928619384765625 134.587738037109375 133.9621734619140625 -1e100 -1e100 -1e100 -1e100 -1e100 -1e100 -1e100
 -1e100 -1e100 -1e100 -1e100 -1e100 -1e100 -1e100 -1e100 -1e100 -1e100 -1e100 -1e100 -1e100 -1e100 -1e100 -23.52020263671875 -18.61093902587890625 -12.681225776672363281 -5.3859510421752929688 3.5571513175964355469 14.183962821960449219 26.30094146728515625 39.473354339599609375 53.117946624755859375 66.6496124267578125 79.6005096435546875 91.65572357177734375 102.6158447265625 112.34619903564453125 120.74988555908203125 127.7666778564453125 133.399505615234375 137.770751953125 141.14013671875 143.778656005859375 145.7332763671875 146.28564453125 146.808990478515625 147.735076904296875 149.035400390625 150.774658203125 152.7870330810546875 154.3125 155.0940704345703125 155.5225677490234375 156.27166748046875 157.1730804443359375 158.6552734375 160.7158966064453125 162.752410888671875 164.589599609375 166.49395751953125 168.578765869140625 170.8273468017578125 173.164459228515625 175.6486968994140625 178.0436248779296875 180.1834716796875 181.8524169921875 182.8421783447265625 183.21484375 182.6294403076171875 181.1053009033203125 178.9833984375 176.2953033447265625 173.4825592041015625 171.1009979248046875 168.7327423095703125 165.453216552734375 161.76788330078125 157.6995697021484375 152.8409423828125 148.3271942138671875 145.505462646484375 143.530120849609375 142.6573028564453125 142.9511260986328125 143.25238037109375 143.1621246337890625 142.5260772705078125 141.7546234130859375 141.1932373046875 140.165069580078125 139.0278472900390625 137.649993896484375 136.142303466796875 134.4735260009765625 132.825347900390625 131.172943115234375 129.1217193603515625 126.54158782958984375 124.35875701904296875 122.46993255615234375 120.84825897216796875 119.96620941162109375 119.5467529296875 119.0841827392578125 118.6653594970703125 117.94171905517578125 116.73480987548828125 115.1392822265625 113.21219635009765625 111.4510345458984375 109.82982635498046875 108.49139404296875 107.61443328857421875 107.65250396728515625 108.38158416748046875 109.57349395751953125 111.015869140625 112.3482666015625 113.6595306396484375 114.8323211669921875 115.86932373046875 116.794708251953125 117.555694580078125 118.18827056884765625 118.97795867919921875 120.09735107421875 121.64972686767578125 123.487152099609375 125.36374664306640625 127.02130126953125 128.14031982421875 128.6970977783203125 128.948883056640625 128.9204254150390625 128.6274261474609375 128.1815948486328125 127.64667510986328125 126.96016693115234375 126.261199951171875 127.09210968017578125 128.8521270751953125 130.8418121337890625 133.13067626953125 134.8237457275390625 135.13848876953125 135.194244384765625 135.121002197265625 134.8341522216796875 134.340240478515625 133.75994873046875 133.364837646484375 132.8679962158203125 -1e100 -1e100 -1e100 -1e100 -1e100 -1e100 -1e100
 -1e100 -1e100 -1e100 -1e100 -1e100 -1e100 -1e100 -1e100 -1e100 -1e100 -1e100 -1e100 -1e100 -1e100 -1e100 -25.481641769409179688 -20.743738174438476562 -15.015015602111816406 -8.0160369873046875 0.47039183974266052246 10.491456985473632812 21.8825531005859375 34.273799896240234375 47.175029754638671875 60.09328460693359375 72.62145233154296875 84.4650115966796875 95.42041778564453125 105.3409881591796875 114.1137542724609375 121.66158294677734375 127.963836669921875 133.0866546630859375 137.1757965087890625 140.3825836181640625 142.7109222412109375 144.016571044921875 145.0978240966796875 146.524658203125 147.9870147705078125 149.73687744140625 151.5307159423828125 152.815338134765625 153.4430694580078125 153.5858612060546875 154.0042724609375 154.74627685546875 156.347412109375 158.683685302734375 161.009735107421875 162.884765625 164.60015869140625 166.34814453125 168.2521209716796875 170.4142303466796875 172.86083984375 175.2533111572265625 177.46844482421875 179.355865478515625 180.7155303955078125 181.40167236328125 181.1040191650390625 179.828277587890625 177.7899017333984375 175.116546630859375 172.1661376953125 169.4662322998046875 166.80914306640625 163.51580810546875 159.9996337890625 156.214141845703125 151.7478179931640625 147.7089385986328125 145.1563568115234375 143.5153350830078125 143.00567626953125 143.185272216796875 143.2428131103515625 142.7904205322265625 141.824005126953125 140.946746826171875 140.45147705078125 139.752593994140625 139.05535888671875 138.1241455078125 136.917327880859375 135.4247283935546875 133.7849884033203125 132.0203399658203125 129.825836181640625 127.128387451171875 124.57923126220703125 122.3376007080078125 120.5676727294921875 119.62656402587890625 119.31758880615234375 119.12294769287109375 118.8092803955078125 118.07202911376953125 116.78058624267578125 115.06121063232421875 113.161224365234375 111.399627685546875 109.88166046142578125 108.71163177490234375 108.050933837890625 108.16196441650390625 108.97037506103515625 110.222686767578125 111.6481475830078125 112.99643707275390625 114.2276763916015625 115.3359375 116.3527984619140625 117.304595947265625 118.17873382568359375 119.02696990966796875 119.99439239501953125 121.22931671142578125 122.82317352294921875 124.68796539306640625 126.64173126220703125 128.4421844482421875 129.796356201171875 130.5734100341796875 130.891845703125 130.80255126953125 130.3233642578125 129.5588531494140625 128.560760498046875 127.42246246337890625 126.51912689208984375 126.6339111328125 127.699310302734375 129.263671875 131.0728607177734375 132.4910736083984375 133.1260223388671875 133.371063232421875 133.38336181640625 133.16326904296875 132.7202606201171875 132.13470458984375 131.76593017578125 131.31463623046875 -1e100 -1e100 -1e100 -1e100 -1e100 -1e100 -1e100
 -1e100 -1e100 -1e100 -1e100 -1e100 -1e100 -1e100 -1e100 -1e100 -1e100 -1e100 -1e100 -1e100 -1e100 -1e100 -1e100 -22.243167877197265625 -16.707418441772460938 -9.9922437667846679688 -1.927147984504699707 7.5210080146789550781 18.205860137939453125 29.8170013427734375 41.951663970947265625 54.204578399658203125 66.23177337646484375 77.76937103271484375 88.618255615234375 98.618865966796875 107.636505126953125 115.56899261474609375 122.36540985107421875 128.0460968017578125 132.70098876953125 136.44073486328125 139.340484619140625 141.4748077392578125 143.2630462646484375 144.9310150146484375 146.512969970703125 148.32525634765625 150.020172119140625 151.0227508544921875 151.4177093505859375 151.464569091796875 151.72344970703125 152.485687255859375 154.193603515625 156.6797332763671875 159.147735595703125 161.001373291015625 162.49920654296875 163.89044189453125 165.412445068359375 167.3121795654296875 169.543060302734375 171.809234619140625 174.04656982421875 176.104339599609375 177.7413177490234375 178.6815032958984375 178.679473876953125 177.6931915283203125 175.824798583984375 173.2168426513671875 170.0766448974609375 166.957061767578125 163.910247802734375 160.6188812255859375 157.3098602294921875 153.957733154296875 150.4210052490234375 147.455078125 145.6677093505859375 144.7979736328125 144.6436614990234375 144.4617156982421875 143.95965576171875 142.9359588623046875 141.481597900390625 140.3343505859375 139.810211181640625 139.4172210693359375 139.2692718505859375 139.035400390625 138.1862030029296875 136.7922210693359375 135.199462890625 133.3508758544921875 131.1078643798828125 128.5099945068359375 125.71897125244140625 123.02481842041015625 120.9960479736328125 119.97667694091796875 119.780059814453125 119.83542633056640625 119.60025787353515625 118.7828826904296875 117.35460662841796875 115.49762725830078125 113.51226043701171875 111.67121124267578125 110.1142425537109375 108.96431732177734375 108.4156951904296875 108.64736175537109375 109.60302734375 110.9727020263671875 112.42629241943359375 113.73438262939453125 114.84574127197265625 115.85826873779296875 116.8853302001953125 117.9561767578125 119.03029632568359375 120.08834075927734375 121.17995452880859375 122.43033599853515625 123.9594573974609375 125.76297760009765625 127.748870849609375 129.7184906005859375 131.3893585205078125 132.5374908447265625 133.0513153076171875 132.94110107421875 132.2136077880859375 130.915130615234375 129.223052978515625 127.4296417236328125 125.9675750732421875 125.36719512939453125 125.76325225830078125 126.863983154296875 128.289093017578125 129.56341552734375 130.3998565673828125 130.8701629638671875 131.0503692626953125 130.9684906005859375 130.6541900634765625 130.1600799560546875 129.80584716796875 129.439727783203125 -1e100 -1e100 -1e100 -1e100 -1e100 -1e100 -1e100
 -1e100 -1e100 -1e100 -1e100 -1e100 -1e100 -1e100 -1e100 -1e100 -1e100 -1e100 -1e100 -1e100 -1e100 -1e100 -1e100 -1e100 -17.937246322631835938 -11.508557319641113281 -3.8620879650115966797 5.0193319320678710938 15.007916450500488281 25.848127365112304688 37.214374542236328125 48.77816009521484375 60.253070831298828125 71.4067840576171875 82.048614501953125 92.0113372802734375 101.14475250244140625 109.3272552490234375 116.4851226806640625 122.6120452880859375 127.77230072021484375 132.067596435546875 135.5943450927734375 138.47283935546875 140.9213104248046875 143.1011962890625 145.09320068359375 147.1170196533203125 148.41473388671875 149.280059814453125 149.557098388671875 149.7882232666015625 150.4281768798828125 151.4933319091796875 153.3291015625 155.7233428955078125 157.855224609375 159.4290313720703125 160.61956787109375 161.6139068603515625 162.7638702392578125 164.335479736328125 166.22039794921875 168.292205810546875 170.4452056884765625 172.513763427734375 174.277679443359375 175.432464599609375 175.7906341552734375 175.2631988525390625 173.824127197265625 171.49859619140625 168.3855438232421875 165.0508575439453125 161.666595458984375 158.294952392578125 155.1792144775390625 152.2805023193359375 149.6900177001953125 147.899566650390625 147.054168701171875 146.961700439453125 147.090301513671875 146.55126953125 145.4696502685546875 143.9114227294921875 141.9241943359375 140.3893585205078125 139.750457763671875 139.4626312255859375 139.6485443115234375 139.77520751953125 139.011383056640625 137.4777069091796875 136.0027008056640625 134.441253662109375 132.617523193359375 130.52569580078125 127.79058074951171875 124.6694793701171875 122.2808990478515625 121.09473419189453125 120.87767791748046875 121.027099609375 120.83660125732421875 119.90042877197265625 118.3224639892578125 116.31987762451171875 114.18070220947265625 112.207672119140625 110.4947052001953125 109.162841796875 108.55414581298828125 108.8362884521484375 109.8947601318359375 111.38402557373046875 112.897613525390625 114.17960357666015625 115.22441864013671875 116.21697998046875 117.3627471923828125 118.68854522705078125 120.06591033935546875 121.362548828125 122.51975250244140625 123.66741943359375 124.9966583251953125 126.587249755859375 128.483001708984375 130.53021240234375 132.3935089111328125 133.784881591796875 134.4737091064453125 134.383544921875 133.4796600341796875 131.71124267578125 129.317108154296875 126.7663421630859375 124.5660858154296875 123.27188873291015625 123.11951446533203125 123.858734130859375 125.062835693359375 126.29144287109375 127.27738189697265625 127.9782257080078125 128.3773040771484375 128.4888763427734375 128.358856201171875 128.0689697265625 127.80165863037109375 127.5428009033203125 -1e100 -1e100 -1e100 -1e100 -1e100 -1e100 -1e100
 -1e100 -1e100 -1e100 -1e100 -1e100 -1e100 -1e100 -1e100 -1e100 -1e100 -1e100 -1e100 -1e100 -1e100 -1e100 -1e100 -1e100 -18.88158416748046875 -12.755401611328125 -5.5382180213928222656 2.7767338752746582031 12.081499099731445312 22.169370651245117188 32.77972412109375 43.64717864990234375 54.5330810546875 65.2330322265625 75.56729888916015625 85.3693389892578125 94.4857330322265625 102.78974151611328125 110.200836181640625 116.70172882080078125 122.33707427978515625 127.18703460693359375 131.33782958984375 134.887115478515625 137.973358154296875 140.7327423095703125 143.287078857421875 145.671539306640625 147.2465362548828125 147.787139892578125 147.8931427001953125 148.2647247314453125 149.2638092041015625 150.7762298583984375 152.8499908447265625 155.3346099853515625 157.1701812744140625 158.3966217041015625 159.315521240234375 159.898590087890625 160.6118621826171875 161.782196044921875 163.2792816162109375 165.111572265625 167.1244049072265625 169.086090087890625 170.845977783203125 172.175933837890625 172.970794677734375 173.105010986328125 172.419097900390625 170.7105255126953125 167.9556732177734375 164.710113525390625 161.08599853515625 157.2992401123046875 154.2360076904296875 151.670806884765625 149.819366455078125 149.1453857421875 149.20452880859375 149.613250732421875 149.9010467529296875 149.036163330078125 147.6209869384765625 145.8245849609375 143.5471954345703125 141.6889495849609375 140.8838348388671875 140.4286651611328125 140.6247406005859375 140.79217529296875 139.873931884765625 137.9485321044921875 136.7124176025390625 135.476776123046875 134.2514190673828125 133.0055694580078125 130.560791015625 127.08251953125 124.36229705810546875 122.886962890625 122.41405487060546875 122.447509765625 122.2009735107421875 121.10059356689453125 119.3864288330078125 117.23358154296875 114.910369873046875 112.81585693359375 110.8982086181640625 109.27594757080078125 108.504974365234375 108.7704315185546875 109.87500762939453125 111.4735870361328125 113.06262969970703125 114.3574371337890625 115.39209747314453125 116.427734375 117.77191925048828125 119.427154541015625 121.12035369873046875 122.6574249267578125 123.83750152587890625 124.8036956787109375 125.8680877685546875 127.13916778564453125 128.810302734375 130.78399658203125 132.642364501953125 134.1202850341796875 134.8721160888671875 134.782806396484375 133.81341552734375 131.627288818359375 128.6141510009765625 125.37380218505859375 122.44448089599609375 120.56803131103515625 120.0340118408203125 120.5530548095703125 121.6611785888671875 122.90924072265625 124.028411865234375 124.96283721923828125 125.598114013671875 125.93060302734375 126.020904541015625 125.97383880615234375 125.8277130126953125 125.65700531005859375 -1e100 -1e100 -1e100 -1e100 -1e100 -1e100 -1e100
 -1e100 -1e100 -1e100 -1e100 -1e100 -1e100 -1e100 -1e100 -1e100 -1e100 -1e100 -1e100 -1e100 -1e100 -1e100 -1e100 -1e100 -1e100 -13.891269683837890625 -7.1111965179443359375 0.64319187402725219727 9.2831907272338867188 18.643480300903320312 28.515840530395507812 38.68460845947265625 48.948883056640625 59.127887725830078125 69.055328369140625 78.5745849609375 87.54296112060546875 95.84516143798828125 103.4088134765625 110.21274566650390625 116.279693603515625 121.655731201171875 126.3926849365234375 130.5516204833984375 134.2216796875 137.5220184326171875 140.5655670166015625 143.3358612060546875 145.4639739990234375 146.3688201904296875 146.475006103515625 147.099639892578125 148.580718994140625 150.476165771484375 152.874359130859375 155.408721923828125 157.0271453857421875 158.0180206298828125 158.78448486328125 159.2559814453125 159.7540740966796875 160.6110382080078125 161.6875 163.06170654296875 164.681915283203125 166.3313140869140625 167.886932373046875 169.29608154296875 170.5310211181640625 171.4211578369140625 171.730224609375 170.9426422119140625 168.8998870849609375 166.105010986328125 162.436920166015625 157.9846649169921875 154.332061767578125 151.6856689453125 150.1912689208984375 150.350128173828125 151.507904052734375 152.468658447265625 152.7563323974609375 151.5095672607421875 149.9104156494140625 148.17218017578125 146.043670654296875 144.31109619140625 143.2800750732421875 142.345733642578125 142.15863037109375 141.891815185546875 140.8018341064453125 138.7677154541015625 137.895660400390625 136.93853759765625 136.22637939453125 135.628662109375 133.3897705078125 129.6653594970703125 126.6741943359375 124.83423614501953125 123.97183990478515625 123.73131561279296875 123.3441009521484375 122.10301971435546875 120.3484649658203125 118.14916229248046875 115.6995697021484375 113.5113677978515625 111.39141082763671875 109.4698486328125 108.51959991455078125 108.72119903564453125 109.77803802490234375 111.4058685302734375 113.0543212890625 114.39990234375 115.50695037841796875 116.6897735595703125 118.2485504150390625 120.17885589599609375 122.10382080078125 123.805572509765625 124.98650360107421875 125.7902679443359375 126.6062774658203125 127.56336212158203125 128.9287109375 130.65850830078125 132.308868408203125 133.6605987548828125 134.2979278564453125 134.1139068603515625 133.0478363037109375 130.543304443359375 127.07369232177734375 123.33251953125 119.87580108642578125 117.58658599853515625 116.80804443359375 117.19916534423828125 118.27164459228515625 119.56987762451171875 120.821014404296875 121.9713592529296875 122.847259521484375 123.425567626953125 123.78038787841796875 124.05634307861328125 124.1640625 124.1764068603515625 -1e100 -1e100 -1e100 -1e100 -1e100 -1e100 -1e100
 -1e100 -1e100 -1e100 -1e100 -1e100 -1e100 -1e100 -1e100 -1e100 -1e100 -1e100 -1e100 -1e100 -1e100 -1e100 -1e100 -1e100 -1e100 -1e100 -8.6852369308471679688 -1.4776053428649902344 6.5218005180358886719 15.180877685546875 24.332086563110351562 33.797847747802734375 43.406742095947265625 52.998805999755859375 62.424694061279296875 71.5464324951171875 80.24410247802734375 88.4265594482421875 96.038726806640625 103.05926513671875 109.48870086669921875 115.33502197265625 120.60730743408203125 125.32605743408203125 129.5467071533203125 133.36846923828125 136.8860931396484375 140.0883026123046875 142.72625732421875 144.4781494140625 145.35003662109375 146.806304931640625 148.8572845458984375 151.076812744140625 153.399383544921875 155.7190399169921875 157.1539764404296875 158.085235595703125 158.8353424072265625 159.3379974365234375 159.7985687255859375 160.4553680419921875 161.1183013916015625 161.971160888671875 163.0384368896484375 164.239990234375 165.496612548828125 166.91229248046875 168.4991302490234375 170.030364990234375 171.2489471435546875 171.4549102783203125 170.358734130859375 168.234375 164.665283203125 159.6530609130859375 155.2296905517578125 152.2065582275390625 150.7783355712890625 151.452667236328125 153.4428863525390625 154.868316650390625 155.043182373046875 153.3461761474609375 151.49322509765625 149.798553466796875 147.9303741455078125 146.500640869140625 145.3987884521484375 144.0415802001953125 143.3343658447265625 142.51934814453125 141.351470947265625 139.6513671875 139.1685638427734375 138.5617828369140625 138.249542236328125 137.891510009765625 135.6943359375 131.9041595458984375 128.7397308349609375 126.57437896728515625 125.31044769287109375 124.72307586669921875 124.11170196533203125 122.75283050537109375 120.9915313720703125 118.81858062744140625 116.35503387451171875 114.121490478515625 111.90419769287109375 109.84569549560546875 108.795501708984375 108.93216705322265625 109.93856048583984375 111.557373046875 113.23332977294921875 114.63885498046875 115.8422088623046875 117.14568328857421875 118.8536834716796875 120.94463348388671875 123.01038360595703125 124.8099212646484375 126.00514984130859375 126.70993804931640625 127.33173370361328125 128.022705078125 129.0675811767578125 130.4529266357421875 131.73846435546875 132.7251434326171875 133.02423095703125 132.558563232421875 131.264404296875 128.5314788818359375 124.822418212890625 120.8317108154296875 117.11884307861328125 114.60759735107421875 113.6666717529296875 113.95168304443359375 114.98346710205078125 116.3184814453125 117.69130706787109375 119.047149658203125 120.1948089599609375 121.0910491943359375 121.79473876953125 122.45568084716796875 122.920867919921875 123.14508819580078125 -1e100 -1e100 -1e100 -1e100 -1e100 -1e100 -1e100
 -1e100 -1e100 -1e100 -1e100 -1e100 -1e100 -1e100 -1e100 -1e100 -1e100 -1e100 -1e100 -1e100 -1e100 -1e100 -1e100 -1e100 -1e100 -1e100 -10.325033187866210938 -3.6447544097900390625 3.740325927734375 11.72332000732421875 20.167097091674804688 28.922731399536132812 37.84241485595703125 46.786159515380859375 55.625396728515625 64.24774932861328125 72.56420135498046875 80.5149383544921875 88.06749725341796875 95.2046661376953125 101.90924072265625 108.155853271484375 113.91558074951171875 119.17519378662109375 123.96305084228515625 128.35565185546875 132.433990478515625 136.18927001953125 139.4872894287109375 142.1460418701171875 144.2548828125 146.5184478759765625 148.837799072265625 151.183013916015625 153.40301513671875 155.528533935546875 157.0774993896484375 158.2382965087890625 159.13140869140625 159.70550537109375 160.1121368408203125 160.5833892822265625 160.950042724609375 161.3937530517578125 162.019134521484375 162.883514404296875 163.8387451171875 165.1101837158203125 166.7933197021484375 168.6036834716796875 170.403411865234375 171.4305267333984375 171.192047119140625 169.7006378173828125 166.4141693115234375 161.2844390869140625 156.52301025390625 153.2646026611328125 151.754547119140625 152.4754638671875 154.6554718017578125 156.1548309326171875 156.2098388671875 154.3097076416015625 152.2662811279296875 150.499542236328125 148.8305206298828125 147.648162841796875 146.5489501953125 144.9744720458984375 143.7841339111328125 142.5283050537109375 141.3797607421875 140.142913818359375 140.0836181640625 139.757904052734375 139.585784912109375 139.1622161865234375 136.9584808349609375 133.3749542236328125 130.2692108154296875 127.92795562744140625 126.3580780029296875 125.38681793212890625 124.45392608642578125 122.9703521728515625 121.1724853515625 119.02552032470703125 116.626373291015625 114.432525634765625 112.2797393798828125 110.34002685546875 109.34490203857421875 109.47495269775390625 110.4396209716796875 112.0046844482421875 113.66294097900390625 115.10819244384765625 116.39076995849609375 117.78186798095703125 119.54261016845703125 121.649993896484375 123.721923828125 125.533935546875 126.74515533447265625 127.425506591796875 127.953399658203125 128.481201171875 129.2691497802734375 130.311309814453125 131.167144775390625 131.62738037109375 131.3998565673828125 130.4559783935546875 128.7769012451171875 125.847747802734375 122.0806732177734375 118.06856536865234375 114.3381195068359375 111.76660919189453125 110.70775604248046875 110.86441802978515625 111.8135223388671875 113.1501007080078125 114.62343597412109375 116.1764373779296875 117.62542724609375 118.9157257080078125 120.064544677734375 121.17667388916015625 122.13968658447265625 122.63066864013671875 -1e100 -1e100 -1e100 -1e100 -1e100 -1e100 -1e100
 -1e100 -1e100 -1e100 -1e100 -1e100 -1e100 -1e100 -1e100 -1e100 -1e100 -1e100 -1e100 -1e100 -1e100 -1e100 -1e100 -1e100 -1e100 -1e100 -1e100 -5.89575958251953125 0.90136241912841796875 8.2318811416625976562 15.980611801147460938 24.020135879516601562 32.222438812255859375 40.467464447021484375 48.6502227783203125 56.688030242919921875 64.526885986328125 72.14246368408203125 79.52960968017578125 86.68149566650390625 93.5717620849609375 100.1519317626953125 106.36627960205078125 112.1764984130859375 117.58447265625 122.63594818115234375 127.38623809814453125 131.839874267578125 135.9196319580078125 139.5434417724609375 142.7587738037109375 145.8076019287109375 148.5926971435546875 151.0771331787109375 153.25634765625 155.2868804931640625 156.8787994384765625 158.2649993896484375 159.439727783203125 160.148834228515625 160.5402374267578125 160.853363037109375 160.9230499267578125 160.998016357421875 161.32464599609375 161.9189453125 162.5612335205078125 163.5859527587890625 165.1231231689453125 166.8733062744140625 168.8663330078125 170.3383026123046875 170.612335205078125 169.5550994873046875 166.7071685791015625 162.0508575439453125 157.37628173828125 154.1064453125 152.49951171875 152.853271484375 154.7486114501953125 156.1350860595703125 156.051544189453125 154.1354827880859375 151.971588134765625 150.093658447265625 148.5540924072265625 147.6134796142578125 146.543975830078125 144.8326263427734375 143.16619873046875 141.3707427978515625 140.16461181640625 139.476531982421875 139.7906646728515625 139.828582763671875 139.797882080078125 139.1335601806640625 136.929779052734375 133.757568359375 130.88433837890625 128.555450439453125 126.86392974853515625 125.617431640625 124.41550445556640625 122.8727264404296875 121.09825897216796875 119.05445098876953125 116.78961944580078125 114.653411865234375 112.597991943359375 110.846221923828125 109.9652862548828125 110.11356353759765625 111.0429840087890625 112.53289031982421875 114.151092529296875 115.62758636474609375 116.99068450927734375 118.44985198974609375 120.179290771484375 122.17205810546875 124.1341094970703125 125.8549652099609375 127.05216217041015625 127.7552032470703125 128.247161865234375 128.701416015625 129.31365966796875 130.0623626708984375 130.5595703125 130.541473388671875 129.779144287109375 128.281829833984375 126.07157135009765625 122.90244293212890625 119.1222381591796875 115.19727325439453125 111.60958099365234375 109.06790924072265625 107.8941802978515625 107.887451171875 108.71295928955078125 110.02259063720703125 111.58296966552734375 113.31475067138671875 115.0713043212890625 116.7967376708984375 118.46212005615234375 120.097625732421875 121.63750457763671875 122.43857574462890625 -1e100 -1e100 -1e100 -1e100 -1e100 -1e100 -1e100
 -1e100 -1e100 -1e100 -1e100 -1e100 -1e100 -1e100 -1e100 -1e100 -1e100 -1e100 -1e100 -1e100 -1e100 -1e100 -1e100 -1e100 -1e100 -1e100 -1e100 -1e100 -2.0206649303436279297 4.6812429428100585938 11.750050544738769531 19.074802398681640625 26.544557571411132812 34.05864715576171875 41.536182403564453125 48.92484283447265625 56.207012176513671875 63.397289276123046875 70.52446746826171875 77.60097503662109375 84.60082244873046875 91.4624481201171875 98.1122894287109375 104.49005889892578125 110.56674957275390625 116.34793853759765625 121.85312652587890625 127.080810546875 131.9902801513671875 136.5363616943359375 140.7403564453125 144.6900634765625 148.3165130615234375 151.0694580078125 153.205108642578125 155.084442138671875 156.7900848388671875 158.36376953125 159.578521728515625 160.323577880859375 160.69659423828125 160.76043701171875 160.5688018798828125 160.4643707275390625 160.586669921875 160.9764862060546875 161.4001312255859375 162.21832275390625 163.4991455078125 164.96405029296875 166.7071685791015625 168.12603759765625 168.4704437255859375 167.5472564697265625 165.0028228759765625 160.91351318359375 156.585479736328125 153.55535888671875 152.0670928955078125 152.2788848876953125 153.888092041015625 155.0797119140625 154.7561798095703125 152.78375244140625 150.4017333984375 148.25457763671875 146.6442108154296875 145.7636566162109375 144.7745513916015625 143.1679534912109375 141.2318115234375 139.1287078857421875 137.8467864990234375 137.612640380859375 138.0771026611328125 138.563720703125 138.73699951171875 137.9026947021484375 135.8694305419921875 133.2408905029296875 130.72991943359375 128.6089019775390625 126.93672943115234375 125.54163360595703125 124.16217803955078125 122.5995330810546875 120.88214874267578125 118.96050262451171875 116.83860015869140625 114.69589996337890625 112.661865234375 111.02645111083984375 110.22374725341796875 110.38535308837890625 111.35288238525390625 112.8254241943359375 114.439300537109375 115.96674346923828125 117.39691162109375 118.86602020263671875 120.51749420166015625 122.34723663330078125 124.1676177978515625 125.7353057861328125 126.87091064453125 127.56040191650390625 127.9718780517578125 128.33135986328125 128.7860107421875 129.2891387939453125 129.531097412109375 129.182708740234375 128.0350341796875 126.072540283203125 123.34923553466796875 119.9431915283203125 116.13555908203125 112.31279754638671875 108.914398193359375 106.4339141845703125 105.15091705322265625 104.97896575927734375 105.6737823486328125 106.9420318603515625 108.576141357421875 110.474945068359375 112.54947662353515625 114.7400360107421875 116.9552154541015625 119.15013885498046875 121.26087188720703125 122.479583740234375 -1e100 -1e100 -1e100 -1e100 -1e100 -1e100 -1e100
 -1e100 -1e100 -1e100 -1e100 -1e100 -1e100 -1e100 -1e100 -1e100 -1e100 -1e100 -1e100 -1e100 -1e100 -1e100 -1e100 -1e100 -1e100 -1e100 -1e100 -1e100 -5.0418410301208496094 1.0584130287170410156 7.4698839187622070312 14.094651222229003906 20.836559295654296875 27.612554550170898438 34.363704681396484375 41.06571197509765625 47.736331939697265625 54.4325103759765625 61.2266082763671875 68.15938568115234375 75.2122802734375 82.316192626953125 89.38204193115234375 96.3252105712890625 103.07977294921875 109.6048736572265625 115.87932586669921875 121.883056640625 127.5828857421875 132.943145751953125 137.954833984375 142.6164703369140625 146.7892913818359375 150.1628570556640625 152.8153533935546875 154.9091033935546875 156.90020751953125 158.579681396484375 159.5465850830078125 159.9619598388671875 160.1053009033203125 159.81756591796875 159.4041595458984375 159.385833740234375 159.52081298828125 159.8792572021484375 160.314697265625 161.069732666015625 162.1133575439453125 163.202117919921875 164.4312744140625 165.3880462646484375 165.456787109375 164.49591064453125 162.342132568359375 159.16668701171875 155.8240509033203125 153.320159912109375 152.0533447265625 152.094024658203125 153.0599212646484375 153.73931884765625 153.1727142333984375 151.2951202392578125 148.8554229736328125 146.5439453125 144.8725433349609375 143.9391021728515625 143.0694427490234375 141.6310272216796875 139.5798797607421875 137.35260009765625 135.798065185546875 135.3770904541015625 135.78729248046875 136.4088897705078125 136.6087493896484375 135.8661041259765625 134.2733917236328125 132.304290771484375 130.322052001953125 128.5280914306640625 126.9120330810546875 125.348388671875 123.7700653076171875 122.1478118896484375 120.417816162109375 118.5166015625 116.4249420166015625 114.21410369873046875 112.11669921875 110.51978302001953125 109.75518035888671875 109.95001983642578125 110.97021484375 112.4864959716796875 114.1510162353515625 115.760467529296875 117.2876434326171875 118.796722412109375 120.37924957275390625 122.06295013427734375 123.72039794921875 125.1187896728515625 126.12909698486328125 126.70977783203125 126.956024169921875 127.11353302001953125 127.34885406494140625 127.6174468994140625 127.65651702880859375 127.13665008544921875 125.81101226806640625 123.5991363525390625 120.59726715087890625 117.036285400390625 113.2065887451171875 109.4683837890625 106.20597076416015625 103.7916259765625 102.452117919921875 102.17470550537109375 102.78499603271484375 104.02667999267578125 105.710693359375 107.75482940673828125 110.10831451416015625 112.7135162353515625 115.4514007568359375 118.1890106201171875 120.88666534423828125 122.537445068359375 -1e100 -1e100 -1e100 -1e100 -1e100 -1e100 -1e100
 -1e100 -1e100 -1e100 -1e100 -1e100 -1e100 -1e100 -1e100 -1e100 -1e100 -1e100 -1e100 -1e100 -1e100 -1e100 -1e100 -1e100 -1e100 -1e100 -1e100 -1e100 -1e100 -2.6369357109069824219 3.1511206626892089844 9.1086111068725585938 15.152152061462402344 21.213808059692382812 27.253198623657226562 33.269397735595703125 39.31067657470703125 45.4766998291015625 51.8943023681640625 58.6380462646484375 65.7003326416015625 73.00611114501953125 80.44905853271484375 87.9156341552734375 95.2992401123046875 102.5133819580078125 109.49777984619140625 116.209259033203125 122.609222412109375 128.6648101806640625 134.3569488525390625 139.649627685546875 144.4322052001953125 148.5358734130859375 151.9654998779296875 154.8137969970703125 157.2519989013671875 158.677825927734375 159.099884033203125 159.04180908203125 158.8052978515625 158.1610565185546875 157.652679443359375 157.707305908203125 157.93829345703125 158.4250640869140625 159.0505828857421875 159.968719482421875 161.04571533203125 161.8966827392578125 162.616729736328125 163.0386810302734375 162.82879638671875 161.9436798095703125 160.4045257568359375 158.1310577392578125 155.570343017578125 153.513702392578125 152.4312591552734375 152.393341064453125 153.000091552734375 153.2719573974609375 152.4181671142578125 150.420623779296875 147.96868896484375 145.7808837890625 144.2804107666015625 143.45672607421875 142.73028564453125 141.35546875 139.1667633056640625 136.7070159912109375 134.7658233642578125 133.854248046875 133.8888702392578125 134.2816009521484375 134.333587646484375 133.692657470703125 132.5004119873046875 130.9781951904296875 129.464691162109375 128.009796142578125 126.4402923583984375 124.7920074462890625 123.176361083984375 121.55117034912109375 119.86914825439453125 117.99596405029296875 115.862335205078125 113.4912567138671875 111.16165924072265625 109.402679443359375 108.597747802734375 108.83583831787109375 109.96933746337890625 111.60821533203125 113.37115478515625 115.0791015625 116.7058563232421875 118.25041961669921875 119.7643280029296875 121.31101226806640625 122.8069915771484375 124.04657745361328125 124.913116455078125 125.3264007568359375 125.31870269775390625 125.1591033935546875 125.0812530517578125 125.08341217041015625 124.9592742919921875 124.43361663818359375 123.15644073486328125 120.94704437255859375 117.90956878662109375 114.31352996826171875 110.4633636474609375 106.77120208740234375 103.58727264404296875 101.2278289794921875 99.883514404296875 99.584228515625 100.19074249267578125 101.45156097412109375 103.1768035888671875 105.33019256591796875 107.91954803466796875 110.9081878662109375 114.1008148193359375 117.31137847900390625 120.473114013671875 122.48465728759765625 -1e100 -1e100 -1e100 -1e100 -1e100 -1e100 -1e100
 -1e100 -1e100 -1e100 -1e100 -1e100 -1e100 -1e100 -1e100 -1e100 -1e100 -1e100 -1e100 -1e100 -1e100 -1e100 -1e100 -1e100 -1e100 -1e100 -1e100 -1e100 -1e100 -1e100 -1.181610107421875 4.1606130599975585938 9.5616693496704101562 14.967565536499023438 20.354419708251953125 25.738719940185546875 31.186115264892578125 36.825733184814453125 42.855030059814453125 49.379825592041015625 56.405048370361328125 63.851734161376953125 71.596099853515625 79.493255615234375 87.396636962890625 95.1800384521484375 102.75030517578125 110.043609619140625 117.0156097412109375 123.63866424560546875 129.8981170654296875 135.7650299072265625 141.1641082763671875 146.00531005859375 150.2781524658203125 154.0226898193359375 157.160186767578125 158.749725341796875 158.2451324462890625 157.4166717529296875 156.8192596435546875 155.8011474609375 155.319671630859375 155.61309814453125 155.908599853515625 156.5494232177734375 157.4491119384765625 158.687835693359375 160.0637664794921875 161.101287841796875 161.6421966552734375 161.82635498046875 161.8043975830078125 161.2964019775390625 160.455963134765625 159.006683349609375 156.8556976318359375 154.94635009765625 153.94183349609375 153.8629913330078125 154.274627685546875 154.2304840087890625 153.141357421875 150.866668701171875 148.47027587890625 146.7539825439453125 145.628753662109375 144.9803314208984375 144.429901123046875 143.056243896484375 140.68121337890625 138.0132293701171875 135.67474365234375 134.097137451171875 133.3795013427734375 133.1484527587890625 132.7755126953125 131.9825439453125 131.0174407958984375 129.687835693359375 128.4800872802734375 127.293243408203125 125.730926513671875 124.0189361572265625 122.44651031494140625 120.8916168212890625 119.3061676025390625 117.46492767333984375 115.274078369140625 112.70196533203125 110.04657745361328125 108.03334808349609375 107.149200439453125 107.41635894775390625 108.7064666748046875 110.5042877197265625 112.362701416015625 114.14234161376953125 115.83770751953125 117.370361328125 118.781768798828125 120.178863525390625 121.52596282958984375 122.6358795166015625 123.381256103515625 123.648895263671875 123.38027191162109375 122.87505340576171875 122.4914703369140625 122.2408599853515625 121.9673309326171875 121.480865478515625 120.35353851318359375 118.28890228271484375 115.370269775390625 111.8910064697265625 108.07782745361328125 104.420318603515625 101.27669525146484375 98.9683837890625 97.645721435546875 97.39600372314453125 98.078948974609375 99.42282867431640625 101.20197296142578125 103.44384002685546875 106.2064666748046875 109.49432373046875 113.0007781982421875 116.543487548828125 120.014617919921875 122.43643951416015625 -1e100 -1e100 -1e100 -1e100 -1e100 -1e100 -1e100
 -1e100 -1e100 -1e100 -1e100 -1e100 -1e100 -1e100 -1e100 -1e100 -1e100 -1e100 -1e100 -1e100 -1e100 -1e100 -1e100 -1e100 -1e100 -1e100 -1e100 -1e100 -1e100 -1e100 -5.4966115951538085938 -0.70112657546997070312 4.1365299224853515625 8.9783353805541992188 13.81920623779296875 18.688097000122070312 23.639804840087890625 28.783281326293945312 34.43494415283203125 40.7115478515625 47.63775634765625 55.1349029541015625 63.0643157958984375 71.2511749267578125 79.5142059326171875 87.69620513916015625 95.68004608154296875 103.38770294189453125 110.77307891845703125 117.81667327880859375 124.51470947265625 130.853240966796875 136.7848663330078125 142.2451324462890625 147.191131591796875 151.5756988525390625 155.193603515625 157.3823394775390625 157.033538818359375 155.7172088623046875 154.885406494140625 153.8717193603515625 153.5122222900390625 153.911773681640625 154.212310791015625 154.800506591796875 155.783233642578125 157.2656402587890625 159.147125244140625 160.7473602294921875 161.7060394287109375 161.8924560546875 162.058990478515625 161.8693695068359375 161.5186614990234375 160.56707763671875 158.9585418701171875 157.27374267578125 156.3617401123046875 156.2967071533203125 156.615234375 156.3068695068359375 155.033905029296875 152.499786376953125 150.205413818359375 148.6409759521484375 147.5484771728515625 146.9700927734375 146.503326416015625 145.3865966796875 143.3902740478515625 140.790863037109375 138.200531005859375 136.05633544921875 134.421844482421875 133.3676300048828125 132.3704833984375 131.086181640625 129.9886932373046875 128.57598876953125 127.422271728515625 126.36711883544921875 124.8365478515625 123.1461334228515625 121.68537139892578125 120.243011474609375 118.72174072265625 116.86573028564453125 114.60726165771484375 111.87662506103515625 108.98981475830078125 106.822021484375 105.88614654541015625 106.16457366943359375 107.56805419921875 109.475006103515625 111.38117218017578125 113.1701507568359375 114.85959625244140625 116.31520843505859375 117.58649444580078125 118.82897186279296875 120.03234100341796875 121.01877593994140625 121.673583984375 121.8497161865234375 121.40343475341796875 120.6798553466796875 120.09975433349609375 119.69065093994140625 119.3472900390625 118.963134765625 118.016571044921875 116.1281280517578125 113.376708984375 110.02535247802734375 106.25647735595703125 102.6418914794921875 99.53754425048828125 97.2768402099609375 95.9932708740234375 95.8205108642578125 96.61391448974609375 98.07131195068359375 99.9443511962890625 102.2815093994140625 105.17220306396484375 108.63788604736328125 112.31085968017578125 116.00537872314453125 119.59479522705078125 122.26732635498046875 -1e100 -1e100 -1e100 -1e100 -1e100 -1e100 -1e100
 -1e100 -1e100 -1e100 -1e100 -1e100 -1e100 -1e100 -1e100 -1e100 -1e100 -1e100 -1e100 -1e100 -1e100 -1e100 -1e100 -1e100 -1e100 -1e100 -1e100 -1e100 -1e100 -1e100 -1e100 -5.43730926513671875 -1.0708603858947753906 3.3178009986877441406 7.7497415542602539062 12.267626762390136719 16.877574920654296875 21.528812408447265625 26.809970855712890625 32.8159942626953125 39.581043243408203125 47.025814056396484375 55.0002593994140625 63.306400299072265625 71.7388763427734375 80.12084197998046875 88.32108306884765625 96.2547607421875 103.8778076171875 111.1797027587890625 118.168304443359375 124.84300994873046875 131.1706390380859375 137.0867462158203125 142.5119781494140625 147.3258056640625 151.2747039794921875 153.8419952392578125 154.5075531005859375 153.6871490478515625 153.20562744140625 152.611114501953125 152.4847259521484375 152.8078460693359375 152.903289794921875 153.2339630126953125 154.128448486328125 155.7121124267578125 158.1067352294921875 160.387481689453125 161.9822235107421875 162.3541107177734375 162.5088348388671875 162.3946075439453125 162.198150634765625 161.436126708984375 160.3625946044921875 159.0720367431640625 158.3367156982421875 158.4118499755859375 158.7765960693359375 158.349395751953125 156.8548736572265625 153.89910888671875 151.5351104736328125 149.8721771240234375 148.6404571533203125 148.2477569580078125 148.00164794921875 147.1736907958984375 145.6765594482421875 143.197296142578125 140.4816741943359375 137.99346923828125 135.7135009765625 134.050994873046875 132.568572998046875 130.7794189453125 129.2828521728515625 127.58094024658203125 126.272796630859375 125.20758819580078125 123.7584991455078125 122.2178955078125 120.94142913818359375 119.64238739013671875 118.19147491455078125 116.337432861328125 114.03411865234375 111.2325439453125 108.264434814453125 106.0343780517578125 105.0587615966796875 105.3164520263671875 106.746002197265625 108.67462921142578125 110.55391693115234375 112.27679443359375 113.84906768798828125 115.13231658935546875 116.23430633544921875 117.32032012939453125 118.396392822265625 119.3006744384765625 119.90171051025390625 120.044189453125 119.5636749267578125 118.79407501220703125 118.17154693603515625 117.730804443359375 117.38751220703125 117.0956878662109375 116.27422332763671875 114.5308074951171875 111.960906982421875 108.7692108154296875 105.1193084716796875 101.627349853515625 98.61901092529296875 96.4270172119140625 95.19727325439453125 95.08807373046875 95.966278076171875 97.52469635009765625 99.5042266845703125 101.9431304931640625 104.92321014404296875 108.45322418212890625 112.13686370849609375 115.78836822509765625 119.2824554443359375 122.034912109375 -1e100 -1e100 -1e100 -1e100 -1e100 -1e100 -1e100
 -1e100 -1e100 -1e100 -1e100 -1e100 -1e100 -1e100 -1e100 -1e100 -1e100 -1e100 -1e100 -1e100 -1e100 -1e100 -1e100 -1e100 -1e100 -1e100 -1e100 -1e100 -1e100 -1e100 -1e100 -1e100 -6.0437059402465820312 -2.0067694187164306641 2.1330325603485107422 6.4415197372436523438 10.885205268859863281 14.94641876220703125 19.927137374877929688 25.69134521484375 32.25868988037109375 39.55825042724609375 47.437137603759765625 55.687778472900390625 64.09551239013671875 72.47662353515625 80.69573974609375 88.66796875 96.3543243408203125 103.75274658203125 110.88045501708984375 117.746002197265625 124.32431793212890625 130.5518035888671875 136.3325958251953125 141.519287109375 145.8568267822265625 149.018829345703125 150.798248291015625 151.499481201171875 151.7718353271484375 151.9704132080078125 152.1241302490234375 152.17706298828125 152.0385284423828125 152.1339874267578125 152.7826080322265625 154.383880615234375 157.1017303466796875 159.87347412109375 162.13006591796875 162.9056243896484375 163.1834716796875 163.0817413330078125 162.7777099609375 161.9926605224609375 161.105743408203125 160.0211639404296875 159.3568115234375 159.3624420166015625 159.63922119140625 159.15826416015625 157.6513519287109375 154.6580963134765625 152.3594207763671875 150.6969146728515625 149.3389739990234375 148.8778228759765625 148.5915069580078125 147.814453125 146.5457611083984375 144.225616455078125 141.62994384765625 139.147918701171875 136.659912109375 134.7194976806640625 132.9301300048828125 130.7205963134765625 128.7678070068359375 126.72878265380859375 125.18792724609375 124.04019927978515625 122.71340179443359375 121.377349853515625 120.273529052734375 119.10715484619140625 117.7214813232421875 115.8825531005859375 113.5821685791015625 110.82482147216796875 107.93054962158203125 105.7274169921875 104.7045440673828125 104.8370361328125 106.0828399658203125 107.8253631591796875 109.55169677734375 111.1328887939453125 112.55286407470703125 113.6844482421875 114.63544464111328125 115.5699462890625 116.50905609130859375 117.3244171142578125 117.89511871337890625 118.09481048583984375 117.77146148681640625 117.19963836669921875 116.74625396728515625 116.38846588134765625 116.0135345458984375 115.61402130126953125 114.72985076904296875 113.07324981689453125 110.7538604736328125 107.92510986328125 104.65775299072265625 101.4684906005859375 98.657867431640625 96.57866668701171875 95.40718841552734375 95.32393646240234375 96.223663330078125 97.82946014404296875 99.8885498046875 102.3978271484375 105.3896636962890625 108.84290313720703125 112.3563995361328125 115.7767486572265625 119.00209808349609375 121.743377685546875 -1e100 -1e100 -1e100 -1e100 -1e100 -1e100 -1e100
 -1e100 -1e100 -1e100 -1e100 -1e100 -1e100 -1e100 -1e100 -1e100 -1e100 -1e100 -1e100 -1e100 -1e100 -1e100 -1e100 -1e100 -1e100 -1e100 -1e100 -1e100 -1e100 -1e100 -1e100 -1e100 -10.79965972900390625 -7.0499949455261230469 -3.1701719760894775391 0.8887856602668762207 5.0182824134826660156 8.9444494247436523438 13.712100982666015625 19.253538131713867188 25.590444564819335938 32.66194915771484375 40.318309783935546875 48.35512542724609375 56.562419891357421875 64.761474609375 72.821746826171875 80.6640777587890625 88.2565155029296875 95.60427093505859375 102.73093414306640625 109.6519927978515625 116.352691650390625 122.7805633544921875 128.84326171875 134.3946075439453125 139.226043701171875 143.1267852783203125 146.02093505859375 148.07916259765625 149.6467437744140625 150.9980926513671875 152.18231201171875 152.009735107421875 151.74285888671875 151.6149444580078125 152.141510009765625 153.68072509765625 156.4423065185546875 159.47015380859375 162.1284637451171875 163.1944580078125 163.4395599365234375 163.1968231201171875 162.6721954345703125 161.7391815185546875 160.9641265869140625 160.0002899169921875 159.234405517578125 158.87554931640625 158.7910614013671875 158.1856536865234375 156.7842864990234375 154.17132568359375 152.1922454833984375 150.53033447265625 149.0335540771484375 148.375762939453125 147.826385498046875 147.010498046875 145.9517364501953125 143.8636932373046875 141.55743408203125 139.3883819580078125 137.0717315673828125 135.1465911865234375 133.2288970947265625 130.6927642822265625 128.241424560546875 125.874786376953125 124.06095123291015625 122.79431915283203125 121.65712738037109375 120.59960174560546875 119.66141510009765625 118.5973968505859375 117.213226318359375 115.36498260498046875 113.0900726318359375 110.4603424072265625 107.78009033203125 105.700958251953125 104.609039306640625 104.522308349609375 105.4273223876953125 106.8292694091796875 108.3068695068359375 109.6929931640625 110.9212188720703125 111.8971099853515625 112.7140655517578125 113.5075531005859375 114.29656219482421875 114.998626708984375 115.55527496337890625 115.8876190185546875 115.8896331787109375 115.75384521484375 115.67230987548828125 115.5430755615234375 115.2043914794921875 114.58118438720703125 113.528350830078125 111.946136474609375 109.920806884765625 107.58321380615234375 104.925384521484375 102.17343902587890625 99.6443939208984375 97.712066650390625 96.59814453125 96.48708343505859375 97.32077789306640625 98.87490081787109375 100.9337921142578125 103.4215087890625 106.3002471923828125 109.49239349365234375 112.67998504638671875 115.7373809814453125 118.60813140869140625 121.19840240478515625 -1e100 -1e100 -1e100 -1e100 -1e100 -1e100 -1e100
 -1e100 -1e100 -1e100 -1e100 -1e100 -1e100 -1e100 -1e100 -1e100 -1e100 -1e100 -1e100 -1e100 -1e100 -1e100 -1e100 -1e100 -1e100 -1e100 -1e100 -1e100 -1e100 -1e100 -1e100 -1e100 -1e100 -11.857884407043457031 -8.2189540863037109375 -4.4302182197570800781 -0.5398381352424621582 3.4519331455230712891 8.0426607131958007812 13.359505653381347656 19.434635162353515625 26.209360122680664062 33.539947509765625 41.234630584716796875 49.09896087646484375 56.96858978271484375 64.72498321533203125 72.299072265625 79.6673126220703125 86.8411712646484375 93.848968505859375 100.713531494140625 107.43418121337890625 113.97747039794921875 120.27040863037109375 126.1911773681640625 131.579681396484375 136.28857421875 140.2615966796875 143.6073150634765625 146.5638275146484375 149.3406219482421875 151.75836181640625 151.9566497802734375 151.8742218017578125 151.7939300537109375 152.4812164306640625 153.9813079833984375 156.440460205078125 159.183502197265625 161.6496124267578125 162.6956939697265625 162.789764404296875 162.4541473388671875 161.7520751953125 160.69952392578125 159.9056243896484375 158.9253082275390625 157.880279541015625 157.018829345703125 156.402587890625 155.558441162109375 154.1877288818359375 152.133056640625 150.5738677978515625 149.0702972412109375 147.70660400390625 147.0289764404296875 146.31353759765625 145.40325927734375 144.4035797119140625 142.4852142333984375 140.4837188720703125 138.7124176025390625 136.8550872802734375 135.1726531982421875 133.2761383056640625 130.618988037109375 127.70208740234375 124.9770965576171875 122.86467742919921875 121.46250152587890625 120.52916717529296875 119.8035888671875 119.0590362548828125 118.06298828125 116.6744232177734375 114.8332977294921875 112.59754180908203125 110.10480499267578125 107.6372222900390625 105.63791656494140625 104.41063690185546875 104.04467010498046875 104.53141021728515625 105.53829193115234375 106.7276153564453125 107.89751434326171875 108.91255950927734375 109.72309112548828125 110.41735076904296875 111.07976531982421875 111.73339080810546875 112.3578948974609375 112.9364166259765625 113.45633697509765625 113.90323638916015625 114.3448944091796875 114.8014373779296875 115.110626220703125 115.07010650634765625 114.58498382568359375 113.58489990234375 112.12694549560546875 110.3350982666015625 108.28798675537109375 106.0254058837890625 103.6673126220703125 101.43817138671875 99.66327667236328125 98.60274505615234375 98.419342041015625 99.10718536376953125 100.50350189208984375 102.427581787109375 104.74063873291015625 107.34165191650390625 110.1067352294921875 112.84868621826171875 115.48006439208984375 117.992401123046875 -1e100 -1e100 -1e100 -1e100 -1e100 -1e100 -1e100 -1e100
 -1e100 -1e100 -1e100 -1e100 -1e100 -1e100 -1e100 -1e100 -1e100 -1e100 -1e100 -1e100 -1e100 -1e100 -1e100 -1e100 -1e100 -1e100 -1e100 -1e100 -1e100 -1e100 -1e100 -1e100 -1e100 -1e100 -1e100 -13.027237892150878906 -9.448333740234375 -5.7118196487426757812 -1.7408099174499511719 2.7273657321929931641 7.8381242752075195312 13.634765625 20.06383514404296875 26.993999481201171875 34.253940582275390625 41.672084808349609375 49.104709625244140625 56.450164794921875 63.652515411376953125 70.6977996826171875 77.6037139892578125 84.4036407470703125 91.12897491455078125 97.79510498046875 104.39183807373046875 110.8748016357421875 117.15610504150390625 123.10878753662109375 128.601898193359375 133.563201904296875 138.03521728515625 142.1397552490234375 145.918670654296875 149.025848388671875 150.6671600341796875 151.7267608642578125 152.3920135498046875 153.37420654296875 154.889404296875 156.9472503662109375 159.0987701416015625 161.1490478515625 162.4570770263671875 163.0316619873046875 163.0466461181640625 162.5277862548828125 161.4588165283203125 160.1070709228515625 158.5233306884765625 156.759185791015625 154.9931488037109375 153.51715087890625 152.200836181640625 150.8622589111328125 149.393951416015625 148.3329010009765625 147.4911041259765625 146.6955413818359375 146.1302947998046875 145.4343719482421875 144.42572021484375 143.14892578125 141.3809967041015625 139.63671875 138.122894287109375 136.6579132080078125 135.1871795654296875 133.300445556640625 130.6380462646484375 127.48995208740234375 124.4649505615234375 122.1026458740234375 120.5697174072265625 119.70278167724609375 119.141204833984375 118.48101043701171875 117.4711456298828125 116.0490570068359375 114.2146453857421875 112.03553009033203125 109.655364990234375 107.3021697998046875 105.27938079833984375 103.84181976318359375 103.121002197265625 103.1425018310546875 103.70772552490234375 104.57694244384765625 105.52512359619140625 106.38291168212890625 107.10162353515625 107.71744537353515625 108.2921905517578125 108.85248565673828125 109.4162445068359375 110.07494354248046875 110.8684844970703125 111.81897735595703125 112.9274444580078125 114.04949951171875 114.9149017333984375 115.27358245849609375 115.01421356201171875 114.1596527099609375 112.86145782470703125 111.2882080078125 109.5400390625 107.64253997802734375 105.64099884033203125 103.697357177734375 102.09226226806640625 101.0796051025390625 100.81754302978515625 101.33010101318359375 102.50052642822265625 104.16480255126953125 106.15496063232421875 108.329498291015625 110.56696319580078125 112.79164886474609375 114.9815216064453125 117.15836334228515625 -1e100 -1e100 -1e100 -1e100 -1e100 -1e100 -1e100 -1e100
 -1e100 -1e100 -1e100 -1e100 -1e100 -1e100 -1e100 -1e100 -1e100 -1e100 -1e100 -1e100 -1e100 -1e100 -1e100 -1e100 -1e100 -1e100 -1e100 -1e100 -1e100 -1e100 -1e100 -1e100 -1e100 -1e100 -1e100 -17.610624313354492188 -14.190127372741699219 -10.57704925537109375 -6.6803116798400878906 -2.3381123542785644531 2.5660843849182128906 8.0676908493041992188 14.116823196411132812 20.598218917846679688 27.364994049072265625 34.271938323974609375 41.19915008544921875 48.064426422119140625 54.82666778564453125 61.4824371337890625 68.05655670166015625 74.58856201171875 81.11913299560546875 87.6796112060546875 94.2836761474609375 100.91713714599609375 107.52291107177734375 113.99584197998046875 120.20847320556640625 126.06529998779296875 131.5467681884765625 136.6804351806640625 141.405242919921875 145.4822235107421875 148.5830535888671875 151.033203125 153.018951416015625 154.73193359375 156.2822265625 157.998321533203125 159.7186431884765625 161.422027587890625 162.950408935546875 164.1890106201171875 164.918792724609375 164.9283905029296875 164.04949951171875 162.189788818359375 159.7306976318359375 156.9597625732421875 154.109039306640625 151.5916900634765625 149.6286773681640625 148.200897216796875 147.0486602783203125 146.4131011962890625 146.1673431396484375 145.904083251953125 145.64501953125 145.2404327392578125 144.5065155029296875 143.3045196533203125 141.56573486328125 139.7724609375 138.1822662353515625 136.7296295166015625 135.34197998046875 133.574005126953125 131.0016937255859375 127.798828125 124.52944183349609375 121.94071197509765625 120.230010986328125 119.2176666259765625 118.61827850341796875 117.91237640380859375 116.76242828369140625 115.26416778564453125 113.4359588623046875 111.30394744873046875 108.98609161376953125 106.64003753662109375 104.48171234130859375 102.75128936767578125 101.6341094970703125 101.211090087890625 101.37613677978515625 101.954559326171875 102.71524810791015625 103.46636962890625 104.139495849609375 104.7309417724609375 105.29459381103515625 105.87654876708984375 106.53037261962890625 107.3726959228515625 108.4921722412109375 109.9208831787109375 111.5980377197265625 113.31421661376953125 114.72374725341796875 115.50244140625 115.4632720947265625 114.77863311767578125 113.67165374755859375 112.3170318603515625 110.88824462890625 109.383880615234375 107.7144622802734375 106.04051971435546875 104.612640380859375 103.66120147705078125 103.33614349365234375 103.67304229736328125 104.57900238037109375 105.90308380126953125 107.47760772705078125 109.16666412353515625 110.88751220703125 112.62252044677734375 114.4035491943359375 116.2757415771484375 -1e100 -1e100 -1e100 -1e100 -1e100 -1e100 -1e100 -1e100
 -1e100 -1e100 -1e100 -1e100 -1e100 -1e100 -1e100 -1e100 -1e100 -1e100 -1e100 -1e100 -1e100 -1e100 -1e100 -1e100 -1e100 -1e100 -1e100 -1e100 -1e100 -1e100 -1e100 -1e100 -1e100 -1e100 -1e100 -1e100 -18.70294189453125 -15.202295303344726562 -11.409730911254882812 -7.2141513824462890625 -2.5328850746154785156 2.6545040607452392578 8.300567626953125 14.306735038757324219 20.551057815551757812 26.915180206298828125 33.303592681884765625 39.654022216796875 45.940471649169921875 52.17028045654296875 58.37591552734375 64.60363006591796875 70.9029541015625 77.31927490234375 83.88755035400390625 90.62042999267578125 97.48858642578125 104.409637451171875 111.2643585205078125 117.93735504150390625 124.3528900146484375 130.4606475830078125 136.170379638671875 141.3116912841796875 145.7471466064453125 149.5908050537109375 152.95849609375 155.74920654296875 157.797088623046875 159.228790283203125 160.7475433349609375 162.266693115234375 164.1412353515625 166.1385040283203125 167.686248779296875 168.4360504150390625 167.757965087890625 165.3752593994140625 162.1580963134765625 158.4857330322265625 154.8680267333984375 151.7062835693359375 149.154937744140625 147.610382080078125 146.381805419921875 145.8107147216796875 145.9630126953125 145.950958251953125 146.009002685546875 146.0305633544921875 145.7372589111328125 144.7508392333984375 142.93878173828125 140.8617706298828125 138.900177001953125 137.1237945556640625 135.6242218017578125 133.932159423828125 131.5009765625 128.3578338623046875 124.9452056884765625 122.23178863525390625 120.29447174072265625 118.93402099609375 118.1208343505859375 117.215728759765625 115.84177398681640625 114.3077392578125 112.53108978271484375 110.43013763427734375 108.1092987060546875 105.6517333984375 103.2012786865234375 101.08173370361328125 99.550872802734375 98.7440338134765625 98.60680389404296875 98.97412109375 99.61273956298828125 100.30715179443359375 100.96091461181640625 101.58290863037109375 102.21834564208984375 102.91606903076171875 103.74217987060546875 104.82773590087890625 106.2776031494140625 108.123199462890625 110.2696075439453125 112.47447967529296875 114.36779022216796875 115.616424560546875 116.03823089599609375 115.7022705078125 114.8298492431640625 113.64874267578125 112.34722900390625 110.99847412109375 109.5771636962890625 108.1619110107421875 106.9278717041015625 106.0630950927734375 105.697845458984375 105.867462158203125 106.49381256103515625 107.44385528564453125 108.57485198974609375 109.778228759765625 111.01092529296875 112.3164520263671875 113.7454071044921875 115.3489227294921875 -1e100 -1e100 -1e100 -1e100 -1e100 -1e100 -1e100 -1e100
 -1e100 -1e100 -1e100 -1e100 -1e100 -1e100 -1e100 -1e100 -1e100 -1e100 -1e100 -1e100 -1e100 -1e100 -1e100 -1e100 -1e100 -1e100 -1e100 -1e100 -1e100 -1e100 -1e100 -1e100 -1e100 -1e100 -1e100 -1e100 -1e100 -19.631464004516601562 -15.964165687561035156 -11.939625740051269531 -7.5028767585754394531 -2.6468861103057861328 2.5837419033050537109 8.1065235137939453125 13.823155403137207031 19.640695571899414062 25.486721038818359375 31.317668914794921875 37.12148284912109375 42.91522979736328125 48.738063812255859375 54.64180755615234375 60.682903289794921875 66.91803741455078125 73.400146484375 80.16641998291015625 87.2166900634765625 94.4965667724609375 101.90103912353515625 109.30060577392578125 116.5719757080078125 123.6024017333984375 130.27093505859375 136.4454498291015625 142.0426788330078125 147.09521484375 151.618988037109375 155.4848785400390625 158.36822509765625 160.3353271484375 161.8153228759765625 163.3644561767578125 165.41046142578125 167.7786407470703125 169.881561279296875 171.30230712890625 170.8654022216796875 168.2585296630859375 164.6819305419921875 160.546966552734375 156.730743408203125 153.7212982177734375 150.8225860595703125 148.9599609375 147.1587982177734375 146.114166259765625 146.26153564453125 146.4656219482421875 146.9382476806640625 147.4561920166015625 147.531463623046875 146.60845947265625 144.5242767333984375 142.0163116455078125 139.592254638671875 137.417022705078125 135.751617431640625 134.0802459716796875 131.7274932861328125 128.627593994140625 125.14922332763671875 122.341827392578125 120.1749114990234375 118.44620513916015625 117.359283447265625 116.23815155029296875 114.68944549560546875 113.12387847900390625 111.368865966796875 109.24883270263671875 106.83145904541015625 104.16182708740234375 101.35559844970703125 98.793304443359375 96.82735443115234375 95.65825653076171875 95.2707672119140625 95.5024261474609375 96.10697174072265625 96.8395538330078125 97.57387542724609375 98.32513427734375 99.13144683837890625 100.03282928466796875 101.08843231201171875 102.4444732666015625 104.1958465576171875 106.36150360107421875 108.83739471435546875 111.3532562255859375 113.5336761474609375 115.05832672119140625 115.80255126953125 115.769195556640625 115.154693603515625 114.22887420654296875 113.17176055908203125 112.06020355224609375 110.94184112548828125 109.82730865478515625 108.8248748779296875 108.07806396484375 107.69659423828125 107.71099853515625 108.05962371826171875 108.63588714599609375 109.33864593505859375 110.10987091064453125 110.9626617431640625 111.93743896484375 113.08901214599609375 114.468353271484375 -1e100 -1e100 -1e100 -1e100 -1e100 -1e100 -1e100 -1e100
 -1e100 -1e100 -1e100 -1e100 -1e100 -1e100 -1e100 -1e100 -1e100 -1e100 -1e100 -1e100 -1e100 -1e100 -1e100 -1e100 -1e100 -1e100 -1e100 -1e100 -1e100 -1e100 -1e100 -1e100 -1e100 -1e100 -1e100 -1e100 -1e100 -1e100 -20.371524810791015625 -16.540525436401367188 -12.36688995361328125 -7.8527464866638183594 -3.0384423732757568359 2.0088751316070556641 7.2125325202941894531 12.502542495727539062 17.827083587646484375 23.158901214599609375 28.497455596923828125 33.866931915283203125 39.310333251953125 44.88193511962890625 50.642101287841796875 56.656524658203125 62.99503326416015625 69.72019195556640625 76.86293792724609375 84.3985443115234375 92.238800048828125 100.2455291748046875 108.2579345703125 116.11419677734375 123.6633148193359375 130.78118896484375 137.4000244140625 143.510650634765625 149.0891571044921875 153.9808349609375 157.9590606689453125 160.9943389892578125 163.0822296142578125 164.467529296875 166.156219482421875 168.2671966552734375 170.2152862548828125 171.6827545166015625 171.318145751953125 168.8507843017578125 165.47021484375 161.6625823974609375 158.4669342041015625 156.0569610595703125 153.0887603759765625 150.8275909423828125 148.388153076171875 146.5579833984375 146.377044677734375 146.72698974609375 147.4702606201171875 148.3881988525390625 148.7648162841796875 147.7862091064453125 145.2474822998046875 142.2435760498046875 139.428314208984375 136.9759063720703125 135.25054931640625 133.651336669921875 131.3169708251953125 128.236572265625 124.75812530517578125 121.8986053466796875 119.5745849609375 117.5891571044921875 116.2647247314453125 114.980194091796875 113.3450775146484375 111.759765625 109.9867706298828125 107.7754669189453125 105.15755462646484375 102.17426300048828125 98.9582061767578125 95.92767333984375 93.50792694091796875 91.9609832763671875 91.33942413330078125 91.4959259033203125 92.1573944091796875 93.05004119873046875 94.00482177734375 94.9954681396484375 96.06512451171875 97.259429931640625 98.632049560546875 100.28185272216796875 102.29759979248046875 104.677215576171875 107.287353515625 109.88422393798828125 112.09844207763671875 113.62035369873046875 114.32706451416015625 114.388824462890625 114.038360595703125 113.49935150146484375 112.952667236328125 112.390411376953125 111.7161865234375 110.9625091552734375 110.22559356689453125 109.620513916015625 109.24185943603515625 109.11765289306640625 109.20516204833984375 109.4288330078125 109.732940673828125 110.1142730712890625 110.63022613525390625 111.33255767822265625 112.2742767333984375 113.486480712890625 -1e100 -1e100 -1e100 -1e100 -1e100 -1e100 -1e100 -1e100
 -1e100 -1e100 -1e100 -1e100 -1e100 -1e100 -1e100 -1e100 -1e100 -1e100 -1e100 -1e100 -1e100 -1e100 -1e100 -1e100 -1e100 -1e100 -1e100 -1e100 -1e100 -1e100 -1e100 -1e100 -1e100 -1e100 -1e100 -1e100 -1e100 -1e100 -24.6529083251953125 -21.03271484375 -17.133459091186523438 -12.962079048156738281 -8.5530862808227539062 -3.9590582847595214844 0.76271867752075195312 5.5623025894165039062 10.405390739440917969 15.277940750122070312 20.18766021728515625 25.16216278076171875 30.244081497192382812 35.4859161376953125 40.948818206787109375 46.706390380859375 52.8465728759765625 59.45890045166015625 66.6038970947265625 74.281951904296875 82.41918182373046875 90.87387847900390625 99.46234130859375 107.99243927001953125 116.29398345947265625 124.24277496337890625 131.7753143310546875 138.867523193359375 145.4564666748046875 151.387786865234375 156.4637298583984375 160.5494842529296875 163.554290771484375 165.2247161865234375 166.2991943359375 167.6952362060546875 168.68585205078125 169.2090301513671875 168.5606231689453125 166.491851806640625 163.9965667724609375 161.4800262451171875 159.5167999267578125 157.9928436279296875 155.3042449951171875 152.8766632080078125 150.05706787109375 147.482757568359375 146.66278076171875 146.7266387939453125 147.2863006591796875 148.1465301513671875 148.5063018798828125 147.33795166015625 144.512298583984375 141.2515411376953125 138.301177978515625 135.8129425048828125 134.05267333984375 132.3749237060546875 129.9713134765625 126.89295196533203125 123.531494140625 120.7268524169921875 118.3558349609375 116.26441192626953125 114.7622528076171875 113.346649169921875 111.7297821044921875 110.18674468994140625 108.3921966552734375 106.04640960693359375 103.16011810302734375 99.78882598876953125 96.1135711669921875 92.61470794677734375 89.7669525146484375 87.89655303955078125 87.1036224365234375 87.24615478515625 88.0323486328125 89.151641845703125 90.38437652587890625 91.67917633056640625 93.06554412841796875 94.57804107666015625 96.25201416015625 98.18410491943359375 100.431915283203125 102.9646148681640625 105.639251708984375 108.20813751220703125 110.33222198486328125 111.7745208740234375 112.48197174072265625 112.66967010498046875 112.5934906005859375 112.445068359375 112.3483734130859375 112.2484130859375 112.001220703125 111.604827880859375 111.13287353515625 110.6783447265625 110.3172760009765625 110.07994842529296875 109.94060516357421875 109.85414886474609375 109.80670928955078125 109.83754730224609375 110.02332305908203125 110.48186492919921875 111.26187896728515625 112.34841156005859375 -1e100 -1e100 -1e100 -1e100 -1e100 -1e100 -1e100 -1e100
 -1e100 -1e100 -1e100 -1e100 -1e100 -1e100 -1e100 -1e100 -1e100 -1e100 -1e100 -1e100 -1e100 -1e100 -1e100 -1e100 -1e100 -1e100 -1e100 -1e100 -1e100 -1e100 -1e100 -1e100 -1e100 -1e100 -1e100 -1e100 -1e100 -1e100 -1e100 -25.4231414794921875 -21.800397872924804688 -17.962375640869140625 -13.936541557312011719 -9.7617788314819335938 -5.4782862663269042969 -1.1189815998077392578 3.2961478233337402344 7.7630581855773925781 12.294297218322753906 16.917003631591796875 21.669158935546875 26.597433090209960938 31.760824203491210938 37.2398681640625 43.14119720458984375 49.581157684326171875 56.6432037353515625 64.34105682373046875 72.610198974609375 81.31223297119140625 90.26000213623046875 99.2567291259765625 108.13425445556640625 116.77758026123046875 125.1250762939453125 133.1293487548828125 140.6886444091796875 147.6166534423828125 153.67755126953125 158.668060302734375 162.4071502685546875 164.756805419921875 165.859222412109375 165.950531005859375 165.5036468505859375 164.9244232177734375 163.9363250732421875 162.567474365234375 161.4016571044921875 160.5406494140625 159.842010498046875 159.140960693359375 156.860260009765625 154.35986328125 151.4821014404296875 148.4431304931640625 146.8876495361328125 146.4948577880859375 146.536590576171875 146.865081787109375 146.830078125 145.3305511474609375 142.3645477294921875 139.08660888671875 136.2513275146484375 133.943389892578125 132.2140960693359375 130.3980712890625 127.82975006103515625 124.6622161865234375 121.3740081787109375 118.56683349609375 116.196807861328125 114.1615753173828125 112.61153411865234375 111.194610595703125 109.698699951171875 108.16936492919921875 106.29329681396484375 103.793487548828125 100.6334228515625 96.90936279296875 92.87653350830078125 88.997467041015625 85.80230712890625 83.69995880126953125 82.8103179931640625 82.99359130859375 83.95001220703125 85.3275299072265625 86.86460113525390625 88.502410888671875 90.242095947265625 92.09958648681640625 94.10385894775390625 96.319610595703125 98.772308349609375 101.41039276123046875 104.08062744140625 106.54569244384765625 108.54039764404296875 109.90261077880859375 110.6519622802734375 110.995452880859375 111.1714935302734375 111.34593963623046875 111.5857086181640625 111.8210601806640625 111.91501617431640625 111.827056884765625 111.59307861328125 111.27785491943359375 110.9414215087890625 110.61753082275390625 110.29888153076171875 109.97296905517578125 109.6653289794921875 109.45317840576171875 109.4358062744140625 109.7363128662109375 110.37949371337890625 111.33429718017578125 -1e100 -1e100 -1e100 -1e100 -1e100 -1e100 -1e100 -1e100
 -1e100 -1e100 -1e100 -1e100 -1e100 -1e100 -1e100 -1e100 -1e100 -1e100 -1e100 -1e100 -1e100 -1e100 -1e100 -1e100 -1e100 -1e100 -1e100 -1e100 -1e100 -1e100 -1e100 -1e100 -1e100 -1e100 -1e100 -1e100 -1e100 -1e100 -1e100 -1e100 -26.357748031616210938 -22.834381103515625 -19.16059112548828125 -15.362631797790527344 -11.465893745422363281 -7.48911285400390625 -3.4408583641052246094 0.68204224109649658203 4.8941755294799804688 9.2193164825439453125 13.68784332275390625 18.33762359619140625 23.222164154052734375 28.424367904663085938 34.065090179443359375 40.285228729248046875 47.18097686767578125 54.762622833251953125 62.972103118896484375 71.68463897705078125 80.73308563232421875 89.9450531005859375 99.1798858642578125 108.34416961669921875 117.37415313720703125 126.18723297119140625 134.6302490234375 142.46661376953125 149.41650390625 155.209808349609375 159.63409423828125 162.539093017578125 163.843719482421875 163.1837615966796875 161.55035400390625 160.07940673828125 159.1275482177734375 158.6072845458984375 158.5655975341796875 159.0848541259765625 159.44970703125 159.0413970947265625 156.965850830078125 154.314056396484375 151.342559814453125 148.0376129150390625 146.0056304931640625 145.271026611328125 144.903778076171875 144.8287811279296875 144.3642578125 142.60992431640625 139.680877685546875 136.53875732421875 133.93206787109375 131.847412109375 130.1392669677734375 128.1763916015625 125.4162445068359375 122.10877227783203125 118.72625732421875 115.78375244140625 113.38260650634765625 111.43259429931640625 109.91216278076171875 108.589935302734375 107.18932342529296875 105.572265625 103.54492950439453125 100.8689727783203125 97.47719573974609375 93.4940032958984375 89.2244720458984375 85.1042327880859375 81.67864990234375 79.409088134765625 78.4710845947265625 78.7446136474609375 79.91222381591796875 81.60330963134765625 83.526214599609375 85.5563201904296875 87.6887664794921875 89.9212799072265625 92.26224517822265625 94.750335693359375 97.3798675537109375 100.07672882080078125 102.68956756591796875 105.00998687744140625 106.836883544921875 108.08443450927734375 108.828582763671875 109.275634765625 109.64304351806640625 110.0670318603515625 110.57704925537109375 111.084930419921875 111.46176910400390625 111.63916778564453125 111.62056732177734375 111.4525146484375 111.1671142578125 110.8129730224609375 110.3927764892578125 109.9326324462890625 109.49151611328125 109.1766357421875 109.08625030517578125 109.257232666015625 109.7491607666015625 110.527008056640625 -1e100 -1e100 -1e100 -1e100 -1e100 -1e100 -1e100 -1e100
 -1e100 -1e100 -1e100 -1e100 -1e100 -1e100 -1e100 -1e100 -1e100 -1e100 -1e100 -1e100 -1e100 -1e100 -1e100 -1e100 -1e100 -1e100 -1e100 -1e100 -1e100 -1e100 -1e100 -1e100 -1e100 -1e100 -1e100 -1e100 -1e100 -1e100 -1e100 -1e100 -30.79129791259765625 -27.556982040405273438 -24.198457717895507812 -20.730607986450195312 -17.1661834716796875 -13.512211799621582031 -9.7681522369384765625 -5.9255743026733398438 -1.9693439006805419922 2.1200261116027832031 6.3648629188537597656 10.793073654174804688 15.447348594665527344 20.3997650146484375 25.768337249755859375 31.7181549072265625 38.357036590576171875 45.670200347900390625 53.608310699462890625 62.0740966796875 70.94461822509765625 80.09786224365234375 89.4405364990234375 98.90747833251953125 108.4299163818359375 117.88774871826171875 127.0758514404296875 135.7072296142578125 143.4566497802734375 150.01788330078125 155.144500732421875 158.6551055908203125 160.4049072265625 160.2472076416015625 158.1302032470703125 156.449493408203125 155.83642578125 155.85858154296875 156.537841796875 158.0132293701171875 158.928436279296875 158.5777130126953125 156.8103485107421875 154.3239288330078125 151.506072998046875 148.1549224853515625 145.72467041015625 144.4702911376953125 143.6426544189453125 143.1665496826171875 142.44586181640625 140.599395751953125 137.79669189453125 134.826507568359375 132.425872802734375 130.5311431884765625 128.860870361328125 126.832244873046875 124.017547607421875 120.70143890380859375 117.3784027099609375 114.45691680908203125 112.0721893310546875 110.15773773193359375 108.5997314453125 107.24651336669921875 105.8339080810546875 103.964599609375 101.68267822265625 98.78376007080078125 95.219207763671875 91.097442626953125 86.69107818603515625 82.44194793701171875 78.908966064453125 76.5794830322265625 75.64829254150390625 76.0020294189453125 77.317840576171875 79.212921142578125 81.38352203369140625 83.68012237548828125 86.0872955322265625 88.5919036865234375 91.1935882568359375 93.8780975341796875 96.615966796875 99.32659912109375 101.85649871826171875 104.03460693359375 105.72792816162109375 106.88309478759765625 107.59920501708984375 108.09220123291015625 108.56565093994140625 109.1348419189453125 109.8092803955078125 110.4868316650390625 111.03167724609375 111.3621063232421875 111.46340179443359375 111.37096405029296875 111.0999755859375 110.70481109619140625 110.20513916015625 109.649810791015625 109.14752960205078125 108.83399200439453125 108.76360321044921875 108.8984832763671875 109.35321807861328125 109.757171630859375 -1e100 -1e100 -1e100 -1e100 -1e100 -1e100 -1e100 -1e100
 -1e100 -1e100 -1e100 -1e100 -1e100 -1e100 -1e100 -1e100 -1e100 -1e100 -1e100 -1e100 -1e100 -1e100 -1e100 -1e100 -1e100 -1e100 -1e100 -1e100 -1e100 -1e100 -1e100 -1e100 -1e100 -1e100 -1e100 -1e100 -1e100 -1e100 -1e100 -1e100 -1e100 -1e100 -29.030000686645507812 -25.845746994018554688 -22.561275482177734375 -19.173976898193359375 -15.675907135009765625 -12.054409027099609375 -8.293819427490234375 -4.3775157928466796875 -0.28854259848594665527 3.9926242828369140625 8.4918308258056640625 13.245883941650390625 18.32665252685546875 23.928411483764648438 30.208745956420898438 37.089496612548828125 44.535888671875 52.50103759765625 60.92427825927734375 69.74933624267578125 78.93813323974609375 88.455322265625 98.2295684814453125 108.1124725341796875 117.86019134521484375 127.14974212646484375 135.6276092529296875 142.9626312255859375 148.8701324462890625 153.1141815185546875 155.5440521240234375 156.1349334716796875 155.16937255859375 153.786102294921875 153.997467041015625 154.624664306640625 155.8393096923828125 157.7792816162109375 158.760345458984375 158.257843017578125 156.5958099365234375 154.2830810546875 151.6652069091796875 148.5298309326171875 146.01806640625 144.35003662109375 143.02801513671875 141.9828033447265625 140.78167724609375 138.7655029296875 136.1641845703125 133.4319610595703125 131.228790283203125 129.4349517822265625 127.690521240234375 125.5146484375 122.623870849609375 119.27809906005859375 115.91802978515625 112.95175933837890625 110.53339385986328125 108.5954437255859375 107.016815185546875 105.6641998291015625 104.23006439208984375 102.28255462646484375 99.93796539306640625 97.0088653564453125 93.45001983642578125 89.29686737060546875 84.84075927734375 80.53249359130859375 76.95809173583984375 74.63263702392578125 73.74968719482421875 74.1898956298828125 75.62420654296875 77.66043853759765625 79.9999847412109375 82.4886474609375 85.108154296875 87.8354339599609375 90.66527557373046875 93.51384735107421875 96.32421112060546875 99.02313232421875 101.450531005859375 103.482574462890625 105.0614776611328125 106.15875244140625 106.89919281005859375 107.45160675048828125 107.9990386962890625 108.64574432373046875 109.37105560302734375 110.1049652099609375 110.7373809814453125 111.2048187255859375 111.49324798583984375 111.5943145751953125 111.576507568359375 111.4202728271484375 111.1477813720703125 110.75710296630859375 110.27835845947265625 109.91248321533203125 109.70386505126953125 109.65866851806640625 108.9169158935546875 108.49282073974609375 -1e100 -1e100 -1e100 -1e100 -1e100 -1e100 -1e100 -1e100
 -1e100 -1e100 -1e100 -1e100 -1e100 -1e100 -1e100 -1e100 -1e100 -1e100 -1e100 -1e100 -1e100 -1e100 -1e100 -1e100 -1e100 -1e100 -1e100 -1e100 -1e100 -1e100 -1e100 -1e100 -1e100 -1e100 -1e100 -1e100 -1e100 -1e100 -1e100 -1e100 -1e100 -1e100 -1e100 -30.701997756958007812 -27.651567459106445312 -24.483325958251953125 -21.183300018310546875 -17.735139846801757812 -14.121794700622558594 -10.326653480529785156 -6.3332304954528808594 -2.1246907711029052734 2.3097136020660400391 6.9544649124145507812 11.757534027099609375 16.9016876220703125 22.696413040161132812 28.952974319458007812 35.694141387939453125 42.934711456298828125 50.67972564697265625 58.938083648681640625 67.7232208251953125 77.02829742431640625 86.7875213623046875 96.8441009521484375 106.94091796875 116.7428436279296875 125.88259124755859375 133.9992523193359375 140.756744384765625 145.876068115234375 149.2030487060546875 150.799468994140625 151.0466461181640625 150.8353118896484375 151.3466949462890625 152.3192901611328125 153.727508544921875 155.36920166015625 156.259124755859375 155.9486083984375 154.596923828125 152.5531005859375 150.099090576171875 147.354278564453125 144.916351318359375 142.99346923828125 141.3928680419921875 139.968963623046875 138.4160003662109375 136.3939056396484375 134.00244140625 131.5392913818359375 129.3596954345703125 127.418914794921875 125.44689178466796875 123.11666107177734375 120.26860809326171875 117.07041168212890625 113.85245513916015625 110.9336090087890625 108.46727752685546875 106.43633270263671875 104.73844146728515625 103.21836090087890625 101.6215667724609375 99.680206298828125 97.3565521240234375 94.3351898193359375 90.74445343017578125 86.63739013671875 82.2781829833984375 78.087738037109375 74.60717010498046875 72.29962158203125 71.3831329345703125 71.7674102783203125 73.17217254638671875 75.23076629638671875 77.65871429443359375 80.28787994384765625 83.0633087158203125 85.94870758056640625 88.92043304443359375 91.8693695068359375 94.72255706787109375 97.39353179931640625 99.7421417236328125 101.67633819580078125 103.1781005859375 104.2628173828125 105.05176544189453125 105.68354034423828125 106.31458282470703125 107.0456085205078125 107.8822784423828125 108.7189483642578125 109.32464599609375 109.3310089111328125 108.40657806396484375 106.34893035888671875 103.24156951904296875 99.41725921630859375 95.3389739990234375 92.26136016845703125 92.01772308349609375 93.305450439453125 96.34000396728515625 99.96389007568359375 103.2652740478515625 104.89569091796875 -1e100 -1e100 -1e100 -1e100 -1e100 -1e100 -1e100 -1e100
 -1e100 -1e100 -1e100 -1e100 -1e100 -1e100 -1e100 -1e100 -1e100 -1e100 -1e100 -1e100 -1e100 -1e100 -1e100 -1e100 -1e100 -1e100 -1e100 -1e100 -1e100 -1e100 -1e100 -1e100 -1e100 -1e100 -1e100 -1e100 -1e100 -1e100 -1e100 -1e100 -1e100 -1e100 -1e100 -1e100 -1e100 -29.469219207763671875 -26.333982467651367188 -23.029041290283203125 -19.535566329956054688 -15.835282325744628906 -11.909285545349121094 -7.7385625839233398438 -3.3113837242126464844 1.3616824150085449219 6.2167887687683105469 10.821054458618164062 15.729392051696777344 21.115142822265625 26.970794677734375 33.32642364501953125 40.2286834716796875 47.73615264892578125 55.903167724609375 64.7504119873046875 74.23204803466796875 84.21050262451171875 94.44709014892578125 104.61431884765625 114.32938385009765625 123.18824005126953125 130.7976226806640625 136.8385162353515625 141.1496734619140625 143.8040008544921875 145.1769256591796875 145.9410400390625 146.8401031494140625 148.006500244140625 149.40869140625 150.791107177734375 151.5816650390625 151.4455718994140625 150.416412353515625 148.7105865478515625 146.5660400390625 144.199981689453125 141.961334228515625 140.0200042724609375 138.317230224609375 136.720855712890625 135.022369384765625 133.0438079833984375 130.8235321044921875 128.534332275390625 126.3578033447265625 124.27593994140625 122.1163177490234375 119.67913818359375 116.87976837158203125 113.83057403564453125 110.76552581787109375 107.91786956787109375 105.41979217529296875 103.28046417236328125 101.41974639892578125 99.6917877197265625 97.8919219970703125 95.81899261474609375 93.3553314208984375 90.33080291748046875 86.79520416259765625 82.854095458984375 78.75308990478515625 74.8616943359375 71.6200714111328125 69.4054718017578125 68.41301727294921875 68.60594940185546875 69.77761077880859375 71.641815185546875 73.9466705322265625 76.51898956298828125 79.2641448974609375 82.1182403564453125 85.0216522216796875 87.8775482177734375 90.5964202880859375 93.084014892578125 95.23593902587890625 96.98980712890625 98.34759521484375 99.363922119140625 100.15950775146484375 100.87285614013671875 101.62935638427734375 102.477569580078125 103.33106231689453125 103.9245147705078125 103.80426788330078125 102.3737030029296875 99.0442047119140625 93.3284912109375 84.85718536376953125 73.3363037109375 59.07198333740234375 45.97939300537109375 50.91147613525390625 61.33419036865234375 72.2867889404296875 82.29117584228515625 90.7271270751953125 97.124664306640625 -1e100 -1e100 -1e100 -1e100 -1e100 -1e100 -1e100 -1e100
 -1e100 -1e100 -1e100 -1e100 -1e100 -1e100 -1e100 -1e100 -1e100 -1e100 -1e100 -1e100 -1e100 -1e100 -1e100 -1e100 -1e100 -1e100 -1e100 -1e100 -1e100 -1e100 -1e100 -1e100 -1e100 -1e100 -1e100 -1e100 -1e100 -1e100 -1e100 -1e100 -1e100 -1e100 -1e100 -1e100 -1e100 -1e100 -31.18486785888671875 -28.012937545776367188 -24.637334823608398438 -21.039918899536132812 -17.204809188842773438 -13.126229286193847656 -8.8266468048095703125 -4.3790330886840820312 0.079658813774585723877 4.3358020782470703125 8.6630992889404296875 13.258205413818359375 18.22609710693359375 23.654714584350585938 29.640102386474609375 36.282917022705078125 43.6707611083984375 51.85469818115234375 60.826618194580078125 70.49945831298828125 80.68524169921875 91.07163238525390625 101.24251556396484375 110.73491668701171875 119.09661102294921875 125.968994140625 131.1666107177734375 134.74090576171875 137.0124359130859375 138.515838623046875 139.796234130859375 141.10400390625 142.462921142578125 143.6837310791015625 144.4278106689453125 144.466400146484375 143.7800750732421875 142.4914093017578125 140.7795257568359375 138.8470916748046875 136.9250030517578125 135.1461944580078125 133.5044403076171875 131.9076385498046875 130.22015380859375 128.3400421142578125 126.277587890625 124.12577056884765625 121.97510528564453125 119.8143310546875 117.5433197021484375 115.0497283935546875 112.29685211181640625 109.367919921875 106.42644500732421875 103.639739990234375 101.11373138427734375 98.8687286376953125 96.84761810302734375 94.930755615234375 92.9557952880859375 90.76038360595703125 88.223968505859375 85.24755859375 81.85550689697265625 78.16121673583984375 74.383514404296875 70.8308868408203125 67.85167694091796875 65.74561309814453125 64.68133544921875 64.6571044921875 65.5320587158203125 67.0924835205078125 69.12744140625 71.4708099365234375 74.00704193115234375 76.6481170654296875 79.3119354248046875 81.9031829833984375 84.3268890380859375 86.49149322509765625 88.31851959228515625 89.7730865478515625 90.88205718994140625 91.73136138916015625 92.45600128173828125 93.1980438232421875 94.054046630859375 95.00254058837890625 95.83019256591796875 96.08849334716796875 95.122802734375 92.17978668212890625 86.56887054443359375 77.73439788818359375 65.1688232421875 48.411529541015625 27.927244186401367188 9.0463714599609375 14.188845634460449219 31.367801666259765625 48.687358856201171875 64.1551513671875 -1e100 -1e100 -1e100 -1e100 -1e100 -1e100 -1e100 -1e100 -1e100 -1e100
 -1e100 -1e100 -1e100 -1e100 -1e100 -1e100 -1e100 -1e100 -1e100 -1e100 -1e100 -1e100 -1e100 -1e100 -1e100 -1e100 -1e100 -1e100 -1e100 -1e100 -1e100 -1e100 -1e100 -1e100 -1e100 -1e100 -1e100 -1e100 -1e100 -1e100 -1e100 -1e100 -1e100 -1e100 -1e100 -1e100 -1e100 -1e100 -1e100 -1e100 -29.51850128173828125 -26.057018280029296875 -22.365413665771484375 -18.456548690795898438 -14.386380195617675781 -10.264798164367675781 -6.2298216819763183594 -2.3845186233520507812 1.4021142721176147461 5.2992138862609863281 9.45149993896484375 13.995690345764160156 19.069692611694335938 24.806301116943359375 31.320032119750976562 38.694122314453125 46.97238922119140625 56.148929595947265625 66.1240081787109375 76.59607696533203125 87.07663726806640625 97.029449462890625 105.949432373046875 113.44562530517578125 119.30904388427734375 123.5647735595703125 126.48264312744140625 128.5036468505859375 130.0762786865234375 131.480804443359375 132.7997589111328125 133.939971923828125 134.71331787109375 134.9735565185546875 134.682098388671875 133.891876220703125 132.7127532958984375 131.2912445068359375 129.7865753173828125 128.304473876953125 126.862457275390625 125.40720367431640625 123.8529815673828125 122.13433837890625 120.24709320068359375 118.23673248291015625 116.1480865478515625 113.9756622314453125 111.66693115234375 109.1658782958984375 106.46503448486328125 103.62987518310546875 100.7770538330078125 98.0287017822265625 95.47084808349609375 93.13189697265625 90.9791259765625 88.9249267578125 86.8436431884765625 84.60239410400390625 82.0930328369140625 79.24720001220703125 76.080657958984375 72.693450927734375 69.2696380615234375 66.059112548828125 63.336841583251953125 61.341705322265625 60.216888427734375 59.98001861572265625 60.53870391845703125 61.735271453857421875 63.39881134033203125 65.37896728515625 67.5547027587890625 69.8244781494140625 72.0929412841796875 74.26207733154296875 76.2367401123046875 77.9333343505859375 79.2952880859375 80.31589508056640625 81.053192138671875 81.62722015380859375 82.19805145263671875 82.916473388671875 83.85321044921875 84.91131591796875 85.75188446044921875 85.77973175048828125 84.22650909423828125 80.32350921630859375 73.49073028564453125 63.38614654541015625 49.821636199951171875 32.92900848388671875 14.420744895935058594 0.63453006744384765625 2.9493122100830078125 16.64461517333984375 33.911655426025390625 -1e100 -1e100 -1e100 -1e100 -1e100 -1e100 -1e100 -1e100 -1e100 -1e100 -1e100
 -1e100 -1e100 -1e100 -1e100 -1e100 -1e100 -1e100 -1e100 -1e100 -1e100 -1e100 -1e100 -1e100 -1e100 -1e100 -1e100 -1e100 -1e100 -1e100 -1e100 -1e100 -1e100 -1e100 -1e100 -1e100 -1e100 -1e100 -1e100 -1e100 -1e100 -1e100 -1e100 -1e100 -1e100 -1e100 -1e100 -1e100 -1e100 -1e100 -1e100 -1e100 -30.951740264892578125 -27.461305618286132812 -23.792348861694335938 -20.020458221435546875 -16.266328811645507812 -12.651783943176269531 -9.2360315322875976562 -5.951019287109375 -2.6655659675598144531 0.77257341146469116211 4.5250062942504882812 8.7543210983276367188 13.613550186157226562 19.235952377319335938 25.731021881103515625 33.1939849853515625 41.7221527099609375 51.3673095703125 61.826904296875 72.461456298828125 82.6564483642578125 91.87772369384765625 99.72088623046875 105.96591949462890625 110.6203155517578125 113.91656494140625 116.2343292236328125 117.96822357177734375 119.40550994873046875 120.680938720703125 121.7920684814453125 122.65854644775390625 123.19611358642578125 123.35655975341796875 123.13330078125 122.56197357177734375 121.722442626953125 120.720184326171875 119.63982391357421875 118.51117706298828125 117.309814453125 115.98252105712890625 114.4837493896484375 112.802215576171875 110.95781707763671875 108.97412872314453125 106.85160064697265625 104.5674896240234375 102.10004425048828125 99.458526611328125 96.69732666015625 93.904266357421875 91.1741790771484375 88.58282470703125 86.16901397705078125 83.92525482177734375 81.79607391357421875 79.687286376953125 77.48879241943359375 75.10326385498046875 72.470733642578125 69.59603118896484375 66.556640625 63.49918365478515625 60.62213897705078125 58.1430511474609375 56.25299072265625 55.072479248046875 54.62841796875 54.8616790771484375 55.657108306884765625 56.8792877197265625 58.397701263427734375 60.095531463623046875 61.866641998291015625 63.60939788818359375 65.2241668701171875 66.618927001953125 67.72119903564453125 68.49614715576171875 68.96743011474609375 69.22951507568359375 69.44135284423828125 69.795135498046875 70.4559478759765625 71.47402191162109375 72.6830902099609375 73.642425537109375 73.6695404052734375 71.979644775390625 67.902679443359375 61.071971893310546875 51.447086334228515625 39.224460601806640625 25.011829376220703125 10.920633316040039062 1.5907316207885742188 2.5787012577056884766 12.651381492614746094 -1e100 -1e100 -1e100 -1e100 -1e100 -1e100 -1e100 -1e100 -1e100 -1e100 -1e100 -1e100
 -1e100 -1e100 -1e100 -1e100 -1e100 -1e100 -1e100 -1e100 -1e100 -1e100 -1e100 -1e100 -1e100 -1e100 -1e100 -1e100 -1e100 -1e100 -1e100 -1e100 -1e100 -1e100 -1e100 -1e100 -1e100 -1e100 -1e100 -1e100 -1e100 -1e100 -1e100 -1e100 -1e100 -1e100 -1e100 -1e100 -1e100 -1e100 -1e100 -1e100 -1e100 -1e100 -32.484653472900390625 -29.102725982666015625 -25.664394378662109375 -22.282560348510742188 -19.062229156494140625 -16.05278778076171875 -13.217883110046386719 -10.453587532043457031 -7.6140265464782714844 -4.5314211845397949219 -1.0326211452484130859 3.0467724800109863281 7.8510508537292480469 13.501294136047363281 20.11557769775390625 27.878416061401367188 37.11528778076171875 47.5141143798828125 58.130725860595703125 68.31459808349609375 77.539947509765625 85.4146728515625 91.724945068359375 96.47505950927734375 99.8758392333984375 102.26743316650390625 104.01016998291015625 105.3934478759765625 106.59639739990234375 107.694244384765625 108.68939208984375 109.54345703125 110.19719696044921875 110.58702850341796875 110.673736572265625 110.47051239013671875 110.0364990234375 109.4370880126953125 108.7073211669921875 107.84197235107421875 106.80987548828125 105.57918548583984375 104.13697052001953125 102.49097442626953125 100.65512847900390625 98.6343994140625 96.42382049560546875 94.02162933349609375 91.44675445556640625 88.7475128173828125 85.99594879150390625 83.2734527587890625 80.6544189453125 78.1913299560546875 75.90175628662109375 73.75954437255859375 71.69666290283203125 69.61939239501953125 67.43459320068359375 65.07762908935546875 62.536640167236328125 59.862697601318359375 57.16667938232421875 54.603668212890625 52.345478057861328125 50.545040130615234375 49.30310821533203125 48.650299072265625 48.55077362060546875 48.922069549560546875 49.659214019775390625 50.652362823486328125 51.7942352294921875 52.98050689697265625 54.108791351318359375 55.080718994140625 55.810028076171875 56.237232208251953125 56.349964141845703125 56.2033538818359375 55.929866790771484375 55.728099822998046875 55.82469940185546875 56.407123565673828125 57.521106719970703125 58.9439697265625 60.157932281494140625 60.449432373046875 59.092586517333984375 55.562496185302734375 49.6919708251953125 41.671092987060546875 31.932260513305664062 21.25701904296875 11.399336814880371094 5.4334559440612792969 6.3298549652099609375 -1e100 -1e100 -1e100 -1e100 -1e100 -1e100 -1e100 -1e100 -1e100 -1e100 -1e100 -1e100 -1e100
 -1e100 -1e100 -1e100 -1e100 -1e100 -1e100 -1e100 -1e100 -1e100 -1e100 -1e100 -1e100 -1e100 -1e100 -1e100 -1e100 -1e100 -1e100 -1e100 -1e100 -1e100 -1e100 -1e100 -1e100 -1e100 -1e100 -1e100 -1e100 -1e100 -1e100 -1e100 -1e100 -1e100 -1e100 -1e100 -1e100 -1e100 -1e100 -1e100 -1e100 -1e100 -1e100 -1e100 -1e100 -31.19219970703125 -28.164478302001953125 -25.304967880249023438 -22.661146163940429688 -20.21297454833984375 -17.875431060791015625 -15.514197349548339844 -12.964548110961914062 -10.048972129821777344 -6.5926337242126464844 -2.4385688304901123047 2.5384528636932373047 8.4341335296630859375 15.40670013427734375 24.178436279296875 34.434871673583984375 44.794063568115234375 54.66451263427734375 63.56714630126953125 71.1423492431640625 77.19721221923828125 81.74637603759765625 84.99112701416015625 87.24456024169921875 88.84173583984375 90.0726318359375 91.15334320068359375 92.2247772216796875 93.3564300537109375 94.54245758056640625 95.70615386962890625 96.7264556884765625 97.4915313720703125 97.95180511474609375 98.124267578125 98.054901123046875 97.77880096435546875 97.30303955078125 96.61231231689453125 95.68590545654296875 94.5129241943359375 93.09618377685546875 91.44512939453125 89.5674285888671875 87.467987060546875 85.1564483642578125 82.65766143798828125 80.0175933837890625 77.30167388916015625 74.58774566650390625 71.955841064453125 69.47489166259765625 67.1864166259765625 65.08959197998046875 63.13628387451171875 61.2417449951171875 59.309505462646484375 57.262508392333984375 55.0687408447265625 52.753009796142578125 50.394397735595703125 48.11181640625 46.040393829345703125 44.302829742431640625 42.98357391357421875 42.1147918701171875 41.67780303955078125 41.615756988525390625 41.8493804931640625 42.28865814208984375 42.838470458984375 43.4007110595703125 43.876598358154296875 44.17214202880859375 44.20899200439453125 43.94176483154296875 43.380107879638671875 42.60842132568359375 41.792072296142578125 41.16098785400390625 40.970760345458984375 41.44257354736328125 42.657649993896484375 44.35833740234375 45.963104248046875 46.772197723388671875 46.156925201416015625 43.716182708740234375 39.401012420654296875 33.5001068115234375 26.513196945190429688 19.192216873168945312 12.863064765930175781 9.49669647216796875 -1e100 -1e100 -1e100 -1e100 -1e100 -1e100 -1e100 -1e100 -1e100 -1e100 -1e100 -1e100 -1e100 -1e100
 -1e100 -1e100 -1e100 -1e100 -1e100 -1e100 -1e100 -1e100 -1e100 -1e100 -1e100 -1e100 -1e100 -1e100 -1e100 -1e100 -1e100 -1e100 -1e100 -1e100 -1e100 -1e100 -1e100 -1e100 -1e100 -1e100 -1e100 -1e100 -1e100 -1e100 -1e100 -1e100 -1e100 -1e100 -1e100 -1e100 -1e100 -1e100 -1e100 -1e100 -1e100 -1e100 -1e100 -1e100 -1e100 -33.792835235595703125 -31.25461578369140625 -28.926523208618164062 -26.796665191650390625 -24.793674468994140625 -22.7953033447265625 -20.64252471923828125 -18.153451919555664062 -15.136637687683105469 -11.406846046447753906 -6.8041896820068359375 -1.1986414194107055664 5.5672316551208496094 13.924044609069824219 23.336511611938476562 32.954853057861328125 42.13741302490234375 50.389404296875 57.35854339599609375 62.875431060791015625 66.972503662109375 69.84754180908203125 71.79180145263671875 73.1176300048828125 74.111968994140625 75.01990509033203125 76.03984832763671875 77.300811767578125 78.81523895263671875 80.476776123046875 82.10649871826171875 83.527557373046875 84.63684844970703125 85.41473388671875 85.8875579833984375 86.08646392822265625 86.0254974365234375 85.7005462646484375 85.10016632080078125 84.21714019775390625 83.0529632568359375 81.61495208740234375 79.91187286376953125 77.95366668701171875 75.75617218017578125 73.34799957275390625 70.77530670166015625 68.10285186767578125 65.41167449951171875 62.792362213134765625 60.3317108154296875 58.092807769775390625 56.094715118408203125 54.301910400390625 52.631069183349609375 50.975681304931640625 49.24249267578125 47.379917144775390625 45.389827728271484375 43.324554443359375 41.273372650146484375 39.342502593994140625 37.631500244140625 36.212528228759765625 35.118984222412109375 34.345401763916015625 33.855258941650390625 33.590785980224609375 33.480228424072265625 33.44181060791015625 33.386615753173828125 33.222850799560546875 32.8636932373046875 32.240509033203125 31.32232666015625 30.138723373413085938 28.797420501708984375 27.484668731689453125 26.443246841430664062 25.938428878784179688 26.229467391967773438 27.520627975463867188 29.560178756713867188 31.6756744384765625 33.2105255126953125 33.627872467041015625 32.598400115966796875 30.104091644287109375 26.423768997192382812 22.025186538696289062 17.557451248168945312 13.998732566833496094 -1e100 -1e100 -1e100 -1e100 -1e100 -1e100 -1e100 -1e100 -1e100 -1e100 -1e100 -1e100 -1e100 -1e100 -1e100
 -1e100 -1e100 -1e100 -1e100 -1e100 -1e100 -1e100 -1e100 -1e100 -1e100 -1e100 -1e100 -1e100 -1e100 -1e100 -1e100 -1e100 -1e100 -1e100 -1e100 -1e100 -1e100 -1e100 -1e100 -1e100 -1e100 -1e100 -1e100 -1e100 -1e100 -1e100 -1e100 -1e100 -1e100 -1e100 -1e100 -1e100 -1e100 -1e100 -1e100 -1e100 -1e100 -1e100 -1e100 -1e100 -1e100 -1e100 -34.78244781494140625 -32.904376983642578125 -31.15283203125 -29.416767120361328125 -27.543243408203125 -25.345762252807617188 -22.614850997924804688 -19.13714599609375 -14.726832389831542969 -9.2521419525146484375 -2.6410124301910400391 5.1702632904052734375 13.74639129638671875 22.468433380126953125 30.755161285400390625 38.13283538818359375 44.280315399169921875 49.06764984130859375 52.55158233642578125 54.928623199462890625 56.46889495849609375 57.459590911865234375 58.1765899658203125 58.883495330810546875 59.83283233642578125 61.218776702880859375 63.050323486328125 65.16684722900390625 67.33419036865234375 69.3302154541015625 71.01778411865234375 72.349609375 73.3330535888671875 73.99152374267578125 74.34066009521484375 74.38285064697265625 74.11336517333984375 73.52866363525390625 72.6304473876953125 71.42484283447265625 69.9206390380859375 68.1298065185546875 66.07122802734375 63.7758636474609375 61.291473388671875 58.6858062744140625 56.04717254638671875 53.47900390625 51.084865570068359375 48.9447021484375 47.090373992919921875 45.492076873779296875 44.06226348876953125 42.678432464599609375 41.230998992919921875 39.653957366943359375 37.932621002197265625 36.0982818603515625 34.216487884521484375 32.371242523193359375 30.645162582397460938 29.101896286010742188 27.776315689086914062 26.673456192016601562 25.773092269897460938 25.035465240478515625 24.405401229858398438 23.814905166625976562 23.186170578002929688 22.436952590942382812 21.489934921264648438 20.287677764892578125 18.813455581665039062 17.113798141479492188 15.31235504150390625 13.603122711181640625 12.220513343811035156 11.405001640319824219 11.417672157287597656 12.729859352111816406 15.167305946350097656 17.861415863037109375 20.227756500244140625 21.799114227294921875 22.273195266723632812 21.604227066040039062 20.003152847290039062 17.859453201293945312 15.708204269409179688 -1e100 -1e100 -1e100 -1e100 -1e100 -1e100 -1e100 -1e100 -1e100 -1e100 -1e100 -1e100 -1e100 -1e100 -1e100 -1e100
 -1e100 -1e100 -1e100 -1e100 -1e100 -1e100 -1e100 -1e100 -1e100 -1e100 -1e100 -1e100 -1e100 -1e100 -1e100 -1e100 -1e100 -1e100 -1e100 -1e100 -1e100 -1e100 -1e100 -1e100 -1e100 -1e100 -1e100 -1e100 -1e100 -1e100 -1e100 -1e100 -1e100 -1e100 -1e100 -1e100 -1e100 -1e100 -1e100 -1e100 -1e100 -1e100 -1e100 -1e100 -1e100 -1e100 -1e100 -1e100 -38.54737091064453125 -36.979244232177734375 -35.427486419677734375 -33.7457733154296875 -31.744970321655273438 -29.202737808227539062 -25.889921188354492188 -21.617223739624023438 -16.287797927856445312 -9.9196147918701171875 -2.6421132087707519531 5.1581549644470214844 12.970846176147460938 20.287372589111328125 26.692203521728515625 31.927534103393554688 35.9164276123046875 38.742656707763671875 40.600887298583984375 41.738613128662109375 42.412586212158203125 42.874664306640625 43.389068603515625 44.2596588134765625 45.782512664794921875 47.920040130615234375 50.40946197509765625 52.9814300537109375 55.40810394287109375 57.545654296875 59.329616546630859375 60.74939727783203125 61.81662750244140625 62.5427398681640625 62.931415557861328125 62.981231689453125 62.691036224365234375 62.062801361083984375 61.101680755615234375 59.815704345703125 58.217174530029296875 56.32608795166015625 54.1748504638671875 51.81349945068359375 49.314601898193359375 46.775188446044921875 44.310657501220703125 42.036792755126953125 40.04251861572265625 38.364269256591796875 36.9735870361328125 35.7782135009765625 34.63193511962890625 33.412067413330078125 32.0485076904296875 30.518886566162109375 28.839153289794921875 27.056316375732421875 25.237638473510742188 23.45351409912109375 21.761781692504882812 20.19895172119140625 18.778581619262695312 17.493724822998046875 16.319911956787109375 15.217044830322265625 14.130889892578125 12.9959716796875 11.7414703369140625 10.301478385925292969 8.6309680938720703125 6.7270874977111816406 4.6503853797912597656 2.5351164340972900391 0.57726484537124633789 -1.000817418098449707 -1.9877033233642578125 -2.1472573280334472656 -0.86409151554107666016 1.8559170961380004883 5.0290522575378417969 8.1661777496337890625 10.821995735168457031 12.686997413635253906 13.660807609558105469 13.867855072021484375 13.605786323547363281 -1e100 -1e100 -1e100 -1e100 -1e100 -1e100 -1e100 -1e100 -1e100 -1e100 -1e100 -1e100 -1e100 -1e100 -1e100 -1e100 -1e100
 -1e100 -1e100 -1e100 -1e100 -1e100 -1e100 -1e100 -1e100 -1e100 -1e100 -1e100 -1e100 -1e100 -1e100 -1e100 -1e100 -1e100 -1e100 -1e100 -1e100 -1e100 -1e100 -1e100 -1e100 -1e100 -1e100 -1e100 -1e100 -1e100 -1e100 -1e100 -1e100 -1e100 -1e100 -1e100 -1e100 -1e100 -1e100 -1e100 -1e100 -1e100 -1e100 -1e100 -1e100 -1e100 -1e100 -1e100 -1e100 -1e100 -1e100 -40.937408447265625 -39.3907470703125 -37.530452728271484375 -35.129512786865234375 -31.957000732421875 -27.837411880493164062 -22.71280670166015625 -16.666950225830078125 -9.92345428466796875 -2.8592782020568847656 4.0691061019897460938 10.422887802124023438 15.867443084716796875 20.221042633056640625 23.460399627685546875 25.692722320556640625 27.108499526977539062 27.932348251342773438 28.387542724609375 28.687520980834960938 29.064222335815429688 29.845027923583984375 31.523357391357421875 33.93869781494140625 36.65999603271484375 39.45059967041015625 42.12420654296875 44.549884796142578125 46.65374755859375 48.408123016357421875 49.809253692626953125 50.859066009521484375 51.557464599609375 51.9027252197265625 51.894062042236328125 51.533008575439453125 50.823482513427734375 49.77234649658203125 48.39131927490234375 46.700504302978515625 44.733184814453125 42.5418548583984375 40.20418548583984375 37.824832916259765625 35.527095794677734375 33.431079864501953125 31.624202728271484375 30.138036727905273438 28.944425582885742188 27.959117889404296875 26.994274139404296875 25.920972824096679688 24.680246353149414062 23.25225067138671875 21.6429443359375 19.885465621948242188 18.034280776977539062 16.150379180908203125 14.287209510803222656 12.482773780822753906 10.757680892944335938 9.1160869598388671875 7.5467548370361328125 6.0233654975891113281 4.5051898956298828125 2.9397971630096435547 1.2691336870193481445 -0.55982547998428344727 -2.5788187980651855469 -4.7775616645812988281 -7.0844664573669433594 -9.3590869903564453125 -11.40540313720703125 -13.003573417663574219 -13.931497573852539062 -13.920645713806152344 -12.587200164794921875 -9.9450101852416992188 -6.5140380859375 -2.8085994720458984375 0.71709805727005004883 3.7241823673248291016 6.0520367622375488281 7.7422938346862792969 -1e100 -1e100 -1e100 -1e100 -1e100 -1e100 -1e100 -1e100 -1e100 -1e100 -1e100 -1e100 -1e100 -1e100 -1e100 -1e100 -1e100 -1e100
 -1e100 -1e100 -1e100 -1e100 -1e100 -1e100 -1e100 -1e100 -1e100 -1e100 -1e100 -1e100 -1e100 -1e100 -1e100 -1e100 -1e100 -1e100 -1e100 -1e100 -1e100 -1e100 -1e100 -1e100 -1e100 -1e100 -1e100 -1e100 -1e100 -1e100 -1e100 -1e100 -1e100 -1e100 -1e100 -1e100 -1e100 -1e100 -1e100 -1e100 -1e100 -1e100 -1e100 -1e100 -1e100 -1e100 -1e100 -1e100 -1e100 -1e100 -1e100 -44.6335601806640625 -42.883228302001953125 -40.606060028076171875 -37.581180572509765625 -33.6552276611328125 -28.803619384765625 -23.153223037719726562 -16.971210479736328125 -10.634085655212402344 -4.5554227828979492188 0.89944511651992797852 5.4777102470397949219 9.0661325454711914062 11.6840362548828125 13.453474998474121094 14.558772087097167969 15.205740928649902344 15.591191291809082031 15.89101409912109375 16.27359771728515625 16.974706649780273438 18.811216354370117188 21.369537353515625 24.1049957275390625 26.903591156005859375 29.6389312744140625 32.1937713623046875 34.485668182373046875 36.469402313232421875 38.123401641845703125 39.436431884765625 40.401012420654296875 41.012134552001953125 41.267459869384765625 41.16712188720703125 40.713512420654296875 39.912128448486328125 38.7737884521484375 37.31824493408203125 35.579345703125 33.61173248291015625 31.497081756591796875 29.344594955444335938 27.279287338256835938 25.416723251342773438 23.83190155029296875 22.539585113525390625 21.508420944213867188 20.705310821533203125 19.85214996337890625 18.828729629516601562 17.612203598022460938 16.192934036254882812 14.570588111877441406 12.767981529235839844 10.829121589660644531 8.80686187744140625 6.75072479248046875 4.6998906135559082031 2.6809482574462890625 0.7076117396354675293 -1.219693303108215332 -3.1146218776702880859 -5.0047993659973144531 -6.9292836189270019531 -8.9324855804443359375 -11.053536415100097656 -13.310461044311523438 -15.681017875671386719 -18.086297988891601562 -20.386331558227539062 -22.394098281860351562 -23.901674270629882812 -24.687898635864257812 -24.503522872924804688 -23.090349197387695312 -20.433218002319335938 -16.850437164306640625 -12.771548271179199219 -8.6268367767333984375 -4.7691521644592285156 -1e100 -1e100 -1e100 -1e100 -1e100 -1e100 -1e100 -1e100 -1e100 -1e100 -1e100 -1e100 -1e100 -1e100 -1e100 -1e100 -1e100 -1e100 -1e100 -1e100
 -1e100 -1e100 -1e100 -1e100 -1e100 -1e100 -1e100 -1e100 -1e100 -1e100 -1e100 -1e100 -1e100 -1e100 -1e100 -1e100 -1e100 -1e100 -1e100 -1e100 -1e100 -1e100 -1e100 -1e100 -1e100 -1e100 -1e100 -1e100 -1e100 -1e100 -1e100 -1e100 -1e100 -1e100 -1e100 -1e100 -1e100 -1e100 -1e100 -1e100 -1e100 -1e100 -1e100 -1e100 -1e100 -1e100 -1e100 -1e100 -1e100 -1e100 -1e100 -1e100 -1e100 -45.797389984130859375 -42.939357757568359375 -39.253993988037109375 -34.7434539794921875 -29.559183120727539062 -23.982713699340820312 -18.373453140258789062 -13.093504905700683594 -8.4377470016479492188 -4.5906577110290527344 -1.6152570247650146484 0.53367912769317626953 1.9830454587936401367 2.9088311195373535156 3.504009246826171875 3.9558815956115722656 4.4431829452514648438 5.1609516143798828125 6.3651328086853027344 8.24532318115234375 10.27051544189453125 12.660943984985351562 15.265656471252441406 17.919172286987304688 20.483911514282226562 22.861326217651367188 24.987955093383789062 26.824420928955078125 28.345615386962890625 29.535266876220703125 30.383462905883789062 30.884998321533203125 31.03789520263671875 30.842815399169921875 30.303930282592773438 29.431140899658203125 28.243732452392578125 26.775808334350585938 25.083311080932617188 23.249698638916015625 21.384296417236328125 19.607904434204101562 18.025714874267578125 16.695262908935546875 15.605260848999023438 14.694809913635253906 14.054322242736816406 13.213823318481445312 12.133327484130859375 10.848006248474121094 9.3544168472290039062 7.6466655731201171875 5.7386732101440429688 3.6649632453918457031 1.4707990884780883789 -0.79798376560211181641 -3.1011369228363037109 -5.4067363739013671875 -7.6926026344299316406 -9.9478635787963867188 -12.174493789672851562 -14.387526512145996094 -16.612634658813476562 -18.880178451538085938 -21.214906692504882812 -23.621187210083007812 -26.066228866577148438 -28.467393875122070312 -30.691450119018554688 -32.568576812744140625 -33.9105072021484375 -34.510509490966796875 -34.143726348876953125 -32.620281219482421875 -29.921194076538085938 -26.2522125244140625 -21.95381927490234375 -17.41143035888671875 -1e100 -1e100 -1e100 -1e100 -1e100 -1e100 -1e100 -1e100 -1e100 -1e100 -1e100 -1e100 -1e100 -1e100 -1e100 -1e100 -1e100 -1e100 -1e100 -1e100 -1e100
 -1e100 -1e100 -1e100 -1e100 -1e100 -1e100 -1e100 -1e100 -1e100 -1e100 -1e100 -1e100 -1e100 -1e100 -1e100 -1e100 -1e100 -1e100 -1e100 -1e100 -1e100 -1e100 -1e100 -1e100 -1e100 -1e100 -1e100 -1e100 -1e100 -1e100 -1e100 -1e100 -1e100 -1e100 -1e100 -1e100 -1e100 -1e100 -1e100 -1e100 -1e100 -1e100 -1e100 -1e100 -1e100 -1e100 -1e100 -1e100 -1e100 -1e100 -1e100 -1e100 -1e100 -1e100 -48.166164398193359375 -44.766284942626953125 -40.657306671142578125 -35.998493194580078125 -31.059711456298828125 -26.162946701049804688 -21.613691329956054688 -17.645969390869140625 -14.394324302673339844 -11.891477584838867188 -10.081810951232910156 -8.8430662155151367188 -8.0122041702270507812 -7.4116797447204589844 -6.8700313568115234375 -6.2288661003112792969 -5.332210540771484375 -4.0341935157775878906 -2.3132882118225097656 -0.39580506086349487305 1.812424778938293457 4.2502131462097167969 6.7937173843383789062 9.31905364990234375 11.72591400146484375 13.940334320068359375 15.909869194030761719 17.59809112548828125 18.980747222900390625 20.042798995971679688 20.775625228881835938 21.174783706665039062 21.239171981811523438 20.971776962280273438 20.381731033325195312 19.48781585693359375 18.323945999145507812 16.9459075927734375 15.435733795166015625 13.898038864135742188 12.444548606872558594 11.168646812438964844 10.119698524475097656 9.2925367355346679688 8.6381168365478515625 8.0520105361938476562 6.9971833229064941406 5.7524409294128417969 4.3320660591125488281 2.7094526290893554688 0.86701959371566772461 -1.1897313594818115234 -3.4343473911285400391 -5.8278708457946777344 -8.3271017074584960938 -10.890218734741210938 -13.480128288269042969 -16.066892623901367188 -18.630140304565429688 -21.16103363037109375 -23.662616729736328125 -26.1474761962890625 -28.632017135620117188 -31.12677001953125 -33.623149871826171875 -36.07949066162109375 -38.41223907470703125 -40.498443603515625 -42.188953399658203125 -43.31922149658203125 -43.70584869384765625 -43.156223297119140625 -41.521434783935546875 -1e100 -1e100 -1e100 -1e100 -1e100 -1e100 -1e100 -1e100 -1e100 -1e100 -1e100 -1e100 -1e100 -1e100 -1e100 -1e100 -1e100 -1e100 -1e100 -1e100 -1e100 -1e100 -1e100 -1e100 -1e100
 -1e100 -1e100 -1e100 -1e100 -1e100 -1e100 -1e100 -1e100 -1e100 -1e100 -1e100 -1e100 -1e100 -1e100 -1e100 -1e100 -1e100 -1e100 -1e100 -1e100 -1e100 -1e100 -1e100 -1e100 -1e100 -1e100 -1e100 -1e100 -1e100 -1e100 -1e100 -1e100 -1e100 -1e100 -1e100 -1e100 -1e100 -1e100 -1e100 -1e100 -1e100 -1e100 -1e100 -1e100 -1e100 -1e100 -1e100 -1e100 -1e100 -1e100 -1e100 -1e100 -1e100 -1e100 -1e100 -50.2925872802734375 -46.625675201416015625 -42.522312164306640625 -38.2222442626953125 -33.99981689453125 -30.106128692626953125 -26.726718902587890625 -23.9629058837890625 -21.832000732421875 -20.278635025024414062 -19.19178009033203125 -18.42517852783203125 -17.81993865966796875 -17.224742889404296875 -16.506944656372070312 -15.5525054931640625 -14.276598930358886719 -12.673913955688476562 -10.823821067810058594 -8.7130708694458007812 -6.3838486671447753906 -3.9254639148712158203 -1.4396003484725952148 0.98078054189682006836 3.2591066360473632812 5.3359313011169433594 7.167476654052734375 8.7235059738159179688 9.9844636917114257812 10.938292503356933594 11.577991485595703125 11.900759696960449219 11.908590316772460938 11.609998703002929688 11.023211479187011719 10.181313514709472656 9.1380739212036132812 7.9705958366394042969 6.7738375663757324219 5.6445331573486328125 4.6570277214050292969 3.8404893875122070312 3.1684708595275878906 2.5568342208862304688 1.8578741550445556641 0.80580306053161621094 -0.49970585107803344727 -2.0268230438232421875 -3.7841382026672363281 -5.7811117172241210938 -8.0117282867431640625 -10.452755928039550781 -13.068207740783691406 -15.815199851989746094 -18.649072647094726562 -21.527231216430664062 -24.412322998046875 -27.275165557861328125 -30.09686279296875 -32.869159698486328125 -35.59217071533203125 -38.26897430419921875 -40.896793365478515625 -43.455631256103515625 -45.897144317626953125 -48.139156341552734375 -50.07019805908203125 -51.561115264892578125 -1e100 -1e100 -1e100 -1e100 -1e100 -1e100 -1e100 -1e100 -1e100 -1e100 -1e100 -1e100 -1e100 -1e100 -1e100 -1e100 -1e100 -1e100 -1e100 -1e100 -1e100 -1e100 -1e100 -1e100 -1e100 -1e100 -1e100 -1e100 -1e100
 -1e100 -1e100 -1e100 -1e100 -1e100 -1e100 -1e100 -1e100 -1e100 -1e100 -1e100 -1e100 -1e100 -1e100 -1e100 -1e100 -1e100 -1e100 -1e100 -1e100 -1e100 -1e100 -1e100 -1e100 -1e100 -1e100 -1e100 -1e100 -1e100 -1e100 -1e100 -1e100 -1e100 -1e100 -1e100 -1e100 -1e100 -1e100 -1e100 -1e100 -1e100 -1e100 -1e100 -1e100 -1e100 -1e100 -1e100 -1e100 -1e100 -1e100 -1e100 -1e100 -1e100 -1e100 -1e100 -1e100 -1e100 -49.134490966796875 -45.441654205322265625 -41.8381500244140625 -38.528186798095703125 -35.660579681396484375 -33.3146820068359375 -31.500741958618164062 -30.168699264526367188 -29.22100067138671875 -28.528789520263671875 -27.95153045654296875 -27.3567047119140625 -26.632221221923828125 -25.688365936279296875 -24.461748123168945312 -22.93660736083984375 -21.139087677001953125 -19.083963394165039062 -16.81343841552734375 -14.399531364440917969 -11.927734375 -9.4824705123901367188 -7.1388058662414550781 -4.9587035179138183594 -2.9898788928985595703 -1.2666307687759399414 0.18772667646408081055 1.357859492301940918 2.2342374324798583984 2.8124456405639648438 3.0936205387115478516 3.0857567787170410156 2.8064482212066650391 2.2873442173004150391 1.578692317008972168 0.75014203786849975586 -0.11606001853942871094 -0.94120836257934570312 -1.6724002361297607422 -2.3016448020935058594 -2.8740692138671875 -3.4806728363037109375 -4.2442097663879394531 -5.2991948127746582031 -6.6389956474304199219 -8.2510633468627929688 -10.135583877563476562 -12.292714118957519531 -14.712288856506347656 -17.370088577270507812 -20.229154586791992188 -23.243947982788085938 -26.365175247192382812 -29.543973922729492188 -32.73553466796875 -35.902233123779296875 -39.01575469970703125 -42.05735015869140625 -45.01560211181640625 -47.881389617919921875 -50.640239715576171875 -1e100 -1e100 -1e100 -1e100 -1e100 -1e100 -1e100 -1e100 -1e100 -1e100 -1e100 -1e100 -1e100 -1e100 -1e100 -1e100 -1e100 -1e100 -1e100 -1e100 -1e100 -1e100 -1e100 -1e100 -1e100 -1e100 -1e100 -1e100 -1e100 -1e100 -1e100 -1e100 -1e100 -1e100
 -1e100 -1e100 -1e100 -1e100 -1e100 -1e100 -1e100 -1e100 -1e100 -1e100 -1e100 -1e100 -1e100 -1e100 -1e100 -1e100 -1e100 -1e100 -1e100 -1e100 -1e100 -1e100 -1e100 -1e100 -1e100 -1e100 -1e100 -1e100 -1e100 -1e100 -1e100 -1e100 -1e100 -1e100 -1e100 -1e100 -1e100 -1e100 -1e100 -1e100 -1e100 -1e100 -1e100 -1e100 -1e100 -1e100 -1e100 -1e100 -1e100 -1e100 -1e100 -1e100 -1e100 -1e100 -1e100 -1e100 -1e100 -1e100 -52.67429351806640625 -49.6218109130859375 -46.82879638671875 -44.41686248779296875 -42.450138092041015625 -40.93517303466796875 -39.82765960693359375 -39.041797637939453125 -38.463306427001953125 -37.9663848876953125 -37.432003021240234375 -36.759021759033203125 -35.866397857666015625 -34.696666717529296875 -33.226505279541015625 -31.464145660400390625 -29.432435989379882812 -27.176275253295898438 -24.761241912841796875 -22.264307022094726562 -19.76404571533203125 -17.333362579345703125 -15.034761428833007812 -12.918035507202148438 -11.02039337158203125 -9.3683719635009765625 -7.9804201126098632812 -6.8685059547424316406 -6.0386013984680175781 -5.490413665771484375 -5.2165241241455078125 -5.2000584602355957031 -5.4109954833984375 -5.8029723167419433594 -6.3140587806701660156 -6.8743410110473632812 -7.4217348098754882812 -7.921680450439453125 -8.3823595046997070312 -8.8573293685913085938 -9.4305667877197265625 -10.200350761413574219 -11.254354476928710938 -12.620905876159667969 -14.3063507080078125 -16.311845779418945312 -18.63333892822265625 -21.256547927856445312 -24.153444290161132812 -27.282451629638671875 -30.592334747314453125 -34.0270538330078125 -37.530208587646484375 -41.04894256591796875 -44.5371856689453125 -47.957706451416015625 -1e100 -1e100 -1e100 -1e100 -1e100 -1e100 -1e100 -1e100 -1e100 -1e100 -1e100 -1e100 -1e100 -1e100 -1e100 -1e100 -1e100 -1e100 -1e100 -1e100 -1e100 -1e100 -1e100 -1e100 -1e100 -1e100 -1e100 -1e100 -1e100 -1e100 -1e100 -1e100 -1e100 -1e100 -1e100 -1e100 -1e100 -1e100
 -1e100 -1e100 -1e100 -1e100 -1e100 -1e100 -1e100 -1e100 -1e100 -1e100 -1e100 -1e100 -1e100 -1e100 -1e100 -1e100 -1e100 -1e100 -1e100 -1e100 -1e100 -1e100 -1e100 -1e100 -1e100 -1e100 -1e100 -1e100 -1e100 -1e100 -1e100 -1e100 -1e100 -1e100 -1e100 -1e100 -1e100 -1e100 -1e100 -1e100 -1e100 -1e100 -1e100 -1e100 -1e100 -1e100 -1e100 -1e100 -1e100 -1e100 -1e100 -1e100 -1e100 -1e100 -1e100 -1e100 -1e100 -1e100 -1e100 -1e100 -1e100 -1e100 -1e100 -1e100 -1e100 -1e100 -1e100 -47.96030426025390625 -47.55593109130859375 -46.99291229248046875 -46.190326690673828125 -45.09058380126953125 -43.666110992431640625 -41.919460296630859375 -39.87763214111328125 -37.589763641357421875 -35.121623992919921875 -32.548259735107421875 -29.94664764404296875 -27.389337539672851562 -24.939668655395507812 -22.64923095703125 -20.557661056518554688 -18.694391250610351562 -17.0806732177734375 -15.730695724487304688 -14.651919364929199219 -13.845170021057128906 -13.30403900146484375 -13.012671470642089844 -12.942396163940429688 -13.049472808837890625 -13.276769638061523438 -13.562250137329101562 -13.854779243469238281 -14.132081031799316406 -14.412981033325195312 -14.755694389343261719 -15.242508888244628906 -15.962328910827636719 -16.990488052368164062 -18.369466781616210938 -20.118322372436523438 -22.24283599853515625 -24.738178253173828125 -27.586267471313476562 -30.752851486206054688 -34.18851470947265625 -37.833240509033203125 -41.621570587158203125 -1e100 -1e100 -1e100 -1e100 -1e100 -1e100 -1e100 -1e100 -1e100 -1e100 -1e100 -1e100 -1e100 -1e100 -1e100 -1e100 -1e100 -1e100 -1e100 -1e100 -1e100 -1e100 -1e100 -1e100 -1e100 -1e100 -1e100 -1e100 -1e100 -1e100 -1e100 -1e100 -1e100 -1e100 -1e100 -1e100 -1e100 -1e100 -1e100 -1e100 -1e100 -1e100
 -1e100 -1e100 -1e100 -1e100 -1e100 -1e100 -1e100 -1e100 -1e100 -1e100 -1e100 -1e100 -1e100 -1e100 -1e100 -1e100 -1e100 -1e100 -1e100 -1e100 -1e100 -1e100 -1e100 -1e100 -1e100 -1e100 -1e100 -1e100 -1e100 -1e100 -1e100 -1e100 -1e100 -1e100 -1e100 -1e100 -1e100 -1e100 -1e100 -1e100 -1e100 -1e100 -1e100 -1e100 -1e100 -1e100 -1e100 -1e100 -1e100 -1e100 -1e100 -1e100 -1e100 -1e100 -1e100 -1e100 -1e100 -1e100 -1e100 -1e100 -1e100 -1e100 -1e100 -1e100 -1e100 -1e100 -1e100 -1e100 -1e100 -1e100 -1e100 -1e100 -1e100 -1e100 -1e100 -1e100 -1e100 -1e100 -1e100 -1e100 -1e100 -1e100 -1e100 -1e100 -1e100 -1e100 -1e100 -1e100 -1e100 -1e100 -1e100 -1e100 -1e100 -1e100 -1e100 -1e100 -1e100 -1e100 -1e100 -1e100 -1e100 -1e100 -1e100 -1e100 -1e100 -1e100 -1e100 -1e100 -1e100 -1e100 -1e100 -1e100 -1e100 -1e100 -1e100 -1e100 -1e100 -1e100 -1e100 -1e100 -1e100 -1e100 -1e100 -1e100 -1e100 -1e100 -1e100 -1e100 -1e100 -1e100 -1e100 -1e100 -1e100 -1e100 -1e100 -1e100 -1e100 -1e100 -1e100 -1e100 -1e100 -1e100 -1e100 -1e100 -1e100 -1e100 -1e100 -1e100 -1e100 -1e100 -1e100 -1e100
